area_mm2,density_cd4_t,density_cd8_t,density_b_cell,density_dc_candidate,density_macrophage,density_mdsc,density_fibroblast,density_endothelial,septa_frac_cd4_t,septa_dist_median_cd4_t,septa_frac_cd8_t,septa_dist_median_cd8_t,septa_frac_b_cell,septa_dist_median_b_cell,septa_frac_dc_candidate,septa_dist_median_dc_candidate,septa_frac_macrophage,septa_dist_median_macrophage,septa_frac_mdsc,septa_dist_median_mdsc,septa_frac_fibroblast,septa_dist_median_fibroblast,septa_frac_endothelial,septa_dist_median_endothelial,nn_cd4_t_to_cd4_t,nn_cd4_t_to_cd8_t,nn_cd4_t_to_b_cell,nn_cd4_t_to_dc_candidate,nn_cd4_t_to_macrophage,nn_cd4_t_to_fibroblast,nn_cd8_t_to_cd4_t,nn_cd8_t_to_cd8_t,nn_cd8_t_to_b_cell,nn_cd8_t_to_dc_candidate,nn_cd8_t_to_macrophage,nn_cd8_t_to_fibroblast,nn_b_cell_to_cd4_t,nn_b_cell_to_cd8_t,nn_b_cell_to_b_cell,nn_b_cell_to_dc_candidate,nn_b_cell_to_macrophage,nn_b_cell_to_fibroblast,nn_dc_candidate_to_cd4_t,nn_dc_candidate_to_cd8_t,nn_dc_candidate_to_b_cell,nn_dc_candidate_to_dc_candidate,nn_dc_candidate_to_macrophage,nn_dc_candidate_to_fibroblast,nn_macrophage_to_cd4_t,nn_macrophage_to_cd8_t,nn_macrophage_to_b_cell,nn_macrophage_to_dc_candidate,nn_macrophage_to_macrophage,nn_macrophage_to_fibroblast,nn_fibroblast_to_cd4_t,nn_fibroblast_to_cd8_t,nn_fibroblast_to_b_cell,nn_fibroblast_to_dc_candidate,nn_fibroblast_to_macrophage,nn_fibroblast_to_fibroblast,donor,region,roi,nn_cd4_t_to_mdsc,nn_cd8_t_to_mdsc,nn_b_cell_to_mdsc,nn_dc_candidate_to_mdsc,nn_macrophage_to_mdsc,nn_mdsc_to_cd4_t,nn_mdsc_to_cd8_t,nn_mdsc_to_b_cell,nn_mdsc_to_dc_candidate,nn_mdsc_to_macrophage,nn_mdsc_to_mdsc,nn_cd4_t_to_endothelial,nn_cd8_t_to_endothelial,nn_b_cell_to_endothelial,nn_dc_candidate_to_endothelial,nn_macrophage_to_endothelial,nn_endothelial_to_cd4_t,nn_endothelial_to_cd8_t,nn_endothelial_to_b_cell,nn_endothelial_to_dc_candidate,nn_endothelial_to_macrophage,nn_endothelial_to_endothelial,nn_mdsc_to_endothelial,nn_endothelial_to_mdsc,nn_mdsc_to_fibroblast,nn_fibroblast_to_mdsc,nn_fibroblast_to_endothelial,nn_endothelial_to_fibroblast
0.99500394,3.0150634418544913,282.4109423870374,6.0301268837089825,61.30628998437466,72.3615226045078,1.0050211472848305,677.3842532699757,0.0,,,,,,,,,,,,,,,,,245.62822392719553,26.947005874060086,121.8692451175325,65.36735995438384,31.32888245694823,14.910204757990856,192.57325593790765,17.012282245850262,143.15363080940415,48.36816225314176,37.259606193841364,52.584327492232354,176.02268704590134,29.644193805808357,175.79855726451308,45.72202093833498,38.04913895418946,15.818726053587318,256.4244723928004,22.557465784041305,159.30033061265587,35.048908132842826,51.28720291261736,22.432287377523675,219.12090397536798,22.646191986786267,123.47136434389665,47.63638266086424,33.98780538492178,27.869296585918658,295.99068932325093,74.4989046739652,232.01077527869256,74.09578675705127,94.91377805560401,13.396938811807445,HPAP-004,Head of pancreas,ROI1,,,,,,,,,,,,,,,,,,,,,,,,,,,,
0.99161625,5.042273162240271,422.5424909957347,36.30436676812995,150.25974023476007,166.39501435392893,6.050727794688325,0.0,0.0,0.0,278.7758956581433,0.014319809069212411,304.253184042501,0.027777777777777776,248.6408024000512,0.0,303.0264014900352,0.06060606060606061,278.0287754891569,0.16666666666666666,167.5907709050694,,,,,98.93495345276105,41.53734602712541,75.07049700704599,14.369111772985038,14.1918592421393,,216.43014843609402,17.652384978058617,76.41867033191741,41.16845964842778,39.59584663214386,,225.0828496547488,21.31013676800604,84.29187439361883,48.58166318481575,42.17522977377311,,219.4727144940068,22.332225581993953,84.92469780844378,33.309204759235655,29.241065995349828,,220.39575692126053,23.665992088665064,78.27572188611994,27.174743302019216,22.887759431291077,,,,,,,,HPAP-004,Head of pancreas,ROI3,84.7949273280663,225.04415241283988,194.3877046292977,218.11780185604232,208.90079605926672,132.0518187104192,20.492177817365253,79.49370961755318,43.5383482720368,62.63827996218971,131.6745589389471,,,,,,,,,,,,,,,,,
0.99349177,13.085161254248103,97.63543397400508,212.38223266510383,236.53945344217726,152.99573158813166,1.0065508657113926,0.0,118.77300215394432,0.07692307692307693,255.64232826353307,0.030927835051546393,230.15212360523637,0.004739336492890996,348.11061460403647,0.04680851063829787,268.1193763979023,0.1118421052631579,237.82624078923658,,,,,0.0,405.1401393778657,108.04681467553257,32.03269439832273,55.92384836009982,39.990670256999636,28.3185461272842,,143.40598083022414,41.147196305243696,45.96852372135207,32.59201825750756,40.87767572902072,,136.15150524211452,53.67011008533871,16.61252759486006,45.25609772566823,46.63004501690207,,128.79519751280142,51.99083135240417,47.88439711531906,21.827951770051857,35.84992638813825,,124.6831788168576,53.145707295166595,54.59004806009952,26.511792033384843,33.82071131412718,,,,,,,,HPAP-004,Tail of pancreas,ROI1,,,,,,,,,,,,250.6779996824859,309.3531174618722,21.72517925332693,290.54207902606106,269.0593459685298,143.85448719459666,50.18865940661527,14.772812728407441,49.65256362744019,48.926467552837686,12.381806227718185,,,,,,
0.99244463,5.03806441840819,32.24361227781242,4.030451534726552,45.34257976567371,30.22838651044914,302.28386510449144,0.0,52.39586995144518,0.2,61.26989472816156,0.5625,15.083021164397232,0.25,172.66648291352055,0.044444444444444446,185.60711193270586,0.03333333333333333,174.99907599522794,0.22,102.39735989377319,,,0.0,148.34745321078668,53.92557517975669,41.478997069530934,227.4823137237575,51.480630106390514,99.86039832223932,,147.75142734703502,28.706065183913793,170.0185397437367,119.332131451923,79.02484220844448,,302.3602898448277,201.79915487995575,417.7300957389508,66.47631021549427,75.18494524842713,,499.9912570212183,132.74241428943532,230.90011461519248,57.11877510779663,69.54441585047789,,467.1664351708929,103.10475323479699,210.9631624233635,54.17593685390948,86.90936520766945,,,,,,,,HPAP-005,Body of pancreas,ROI1,13.302563811124314,13.215039452758722,18.624501553070132,25.08099477137184,21.01188243913559,180.6051246895342,79.05625412734034,164.25178378419753,65.4365582518586,64.9216040956702,16.959780076789528,194.78224345517225,311.59609872681625,87.66421547371066,110.63309329615737,113.54522995467066,440.19825631165963,226.3915818852284,217.4937401005718,103.91029807106989,88.44340753435065,17.72563626387106,150.75646151800163,56.63604307155477,,,,
0.99422055,1.0058130413249726,5.029065206624863,2.0116260826499452,44.2557738182988,2.0116260826499452,370.13919920758997,0.0,376.1740774555398,,,0.0,54.56189146281496,0.0,56.89027854181421,0.022727272727272728,139.3801805866774,0.0,134.27002658581858,0.07880434782608696,123.37007641734921,,,0.17914438502673796,93.98137929009748,,,,,,,,253.10998191475394,403.9462341675685,72.70081940141655,130.38996915985902,,,260.0884349274723,628.4864061851903,81.24489040182424,230.18132027794766,,,221.4947863212954,360.17485494141044,52.161103006047874,331.2865993018444,,,62.668266096357726,230.18132027794766,98.30200593848483,967.4566872431649,,,,,,,,HPAP-005,Body of pancreas,ROI2,,21.247610322875495,19.561142865351346,23.033650729975278,19.137293909079144,,190.75664422190238,349.98540691913877,62.616192297917245,351.2263293688578,18.254551952399336,,48.045373925936126,18.2393478119952,21.300271280363187,40.58448040197345,,248.89137445330942,332.7725763899581,71.06457199265611,399.39837410956295,20.633287812994936,23.67541676186314,26.21001266446925,,,,
0.9964226,0.0,2.0071805099862137,1.0035902549931068,85.30517167441408,24.086166119834562,175.6282946237937,0.0,462.65510755182225,,,0.0,129.07693306085343,,,0.023529411764705882,113.14592347937243,0.125,133.78380833990593,0.10285714285714286,109.5673308974897,,,0.14316702819956617,113.3225485064645,,,,,,,,519.5815032641779,,34.285104861169415,155.88657494368928,,,,,,,,,355.7496649383204,,36.95862863661866,103.6474440761171,,,304.05849227590886,,50.7551460456248,84.52746587730182,,,,,,,,HPAP-005,Body of pancreas,ROI3,,23.56544381785004,,35.6468330027338,43.10060436560448,,455.2623765949687,,50.224372693968505,141.52014145709973,29.299193631387887,,39.44305170781229,,23.273292548340525,20.097260717762442,,421.21392658679423,,61.40181937144112,116.88844141721583,16.62685985353062,20.78262213724899,33.30034917959438,,,,
0.99616736,0.0,10.038473838944313,10.038473838944313,120.46168606733175,63.24238518534917,33.12696366851623,1024.9281789562144,0.0,,,0.1,370.92113367045334,0.0,330.1807081334136,0.09166666666666666,263.1472600965117,0.14285714285714285,245.93698379869588,0.0,310.84562084739105,0.10479921645445642,279.47450688747983,,,,,,,,,,130.5898544439933,154.73099779290354,44.001846489790495,35.79943167236891,18.035170078907246,,111.520988281532,164.70031225663035,44.92254792628191,80.37320121953479,15.835442162731148,,148.74154583351964,153.49830658234117,42.3751262761749,60.048848937996496,15.08334225691371,,170.9293789943239,135.40807392532608,40.16278957787507,46.42773115973413,16.10938349729756,,165.8166290661147,155.7333522545775,44.529278966437346,63.23096984004002,13.219892799421102,HPAP-005,Head of pancreas,ROI1,,108.42500602547173,61.618894742902135,82.59212792840793,92.18447555438034,,191.81352845328917,134.34319312905174,40.86845647464855,56.195801208352655,80.3558255233084,,,,,,,,,,,,,,17.714870315546822,88.87794871159048,,
0.98001677,2.040781408388651,5.101953520971627,5.101953520971627,6.122344225165952,12.244688450331903,188.77228027595018,0.0,0.0,0.0,283.95058798386356,0.0,115.91807451816995,0.0,213.0539837693724,0.3333333333333333,32.48576492476487,0.16666666666666666,189.8367274185286,0.07567567567567568,198.82907232092595,,,,,589.0968223111967,209.44602932895378,227.405926551938,374.4782704729488,132.0935101913599,,311.04845576315205,302.315477487127,159.97932771698294,492.98236570415594,136.67568801639953,,280.27149606500376,159.97932771698294,101.85901236404649,261.22035572571883,154.8917889708501,,537.4958136835428,206.93419585002226,181.99926864434326,140.33963221096164,115.61946502996275,,210.10909543276415,184.35906237233206,219.88400473143133,343.9907135797363,113.51793081142165,,,,,,,,HPAP-005,Tail of pancreas,ROI1,27.545472677772402,32.54068744518665,28.968419686423523,55.31961568361049,35.934694139137406,305.7065357813068,215.13955413772902,190.91823143671456,212.45392602528256,138.14186551674325,30.297063446541905,,,,,,,,,,,,,,,,,
0.9801602,2.0404828184546444,6.121448455363933,1.0202414092273222,0.0,5.1012070461366115,149.97548715641636,0.0,87.74076119354972,0.0,170.27378485979327,0.16666666666666666,155.7264137065784,,,,,0.0,114.33722053644648,0.061224489795918366,120.65239326262865,,,0.23255813953488372,102.36469131417755,421.94567278204704,222.30002911481648,,,294.88650216349765,,420.9915813672916,208.3617555601011,,,149.68880666349133,,,,,,,,,,,,,,366.4482609231717,219.55397622986024,,,369.0659317920795,,,,,,,,HPAP-005,Tail of pancreas,ROI2,50.58590966558587,30.05548064860662,,,14.162708239295434,345.7308176652816,241.08627257852012,,,198.79017507703136,34.298051330198824,90.6942826343878,68.81132879044821,,,39.3052569994412,339.0980774093713,259.2205840159702,,,174.1126372937869,39.2782921292929,41.12593478229073,32.70164383810165,,,,
0.97944975,14.293739943672394,37.77631270827704,45.94416410466127,35.73434985918099,27.566498462796762,2.0419628490960564,0.0,0.0,0.2857142857142857,121.862836185079,0.21621621621621623,67.11929677819934,0.044444444444444446,166.13849644197458,0.08571428571428572,98.35141076771599,0.25925925925925924,102.25947388873072,0.0,193.47590011563597,,,,,62.38790981431858,40.14286578885399,54.613319619793145,99.76564571753147,99.92360856827463,,78.09972406225388,60.52357478392116,59.408351456030054,71.50380965391642,76.87583268783774,,130.75114693572263,92.26020799922817,30.29483964964113,97.40034848851701,88.95673413448247,,179.16858195592482,89.26303477056071,124.68425815992988,77.94435996710193,96.11870353403937,,214.58506870959317,89.0589127986686,146.077487327653,80.62723074670369,83.84165957273424,,,,,,,,HPAP-006,Body of pancreas,ROI4,414.76959059482397,312.96387841497943,451.1720657826687,342.3940928340784,346.4663698970201,130.16723327503368,193.5447447774221,77.32849613194865,125.53374877030281,177.9013489806486,788.4182455261282,,,,,,,,,,,,,,,,,
0.993387,10.066570392363785,31.206368216327736,255.69088796604015,124.82547286531094,102.67901800211061,2.013314078472757,0.0,0.0,0.5,37.36171871777346,0.22580645161290322,95.58765610684259,0.14173228346456693,122.9125775382227,0.07258064516129033,180.81666065402288,0.17647058823529413,141.00002871983978,0.5,90.24003890829992,,,,,130.9746958001215,74.0848839066652,52.79589246590329,35.083164985653426,57.91954232040996,,144.18319587273334,93.5041766317617,57.12988233078859,45.01458737516829,39.57020246757807,,162.42212611857963,87.30270986855815,13.17350588111727,60.179880471326804,47.59901873126799,,154.79777783681595,83.74704798860941,93.82128868933984,34.81104555894892,53.71805923263376,,146.45521517954444,79.9840176643807,61.21032607660655,46.554819151800906,32.051652591588514,,,,,,,,HPAP-006,Head of pancreas,ROI2,358.94605609104747,327.1475985217238,197.456886018021,324.17914768944945,294.4695767381961,149.68030637851123,25.82434475585066,60.08420131545357,46.82838859502336,37.40018076665019,229.5783229010327,,,,,,,,,,,,,,,,,
0.9751529,0.0,5.127400995247596,183.56095562986394,3.0764405971485576,6.152881194297115,0.0,0.0,105.62446050210048,,,0.4,161.7188919081503,0.0670391061452514,337.0726924566866,0.6666666666666666,8.06225774829855,0.0,618.1244096724877,,,,,0.04854368932038835,435.15744277215344,,,,,,,,203.80562912958152,28.17403457175899,98.61888622522761,170.28377272121344,,,158.5697245690779,20.013160961993044,290.19284303379777,196.15010619722622,,,84.34978141903682,20.53820847244172,55.14886776896798,262.64080536747525,,,59.36828235563796,20.550277496650626,258.3872982685175,94.01883931856104,,,,,,,,HPAP-011,Body of pancreas,ROI1,,,,,,,,,,,,,58.88744002058855,40.051811936881634,14.153934920109753,34.233986771637724,,223.49253075610156,36.06368637834897,317.5911280000165,250.83444523026654,34.417632630332356,,,,,,
0.88284427,0.0,0.0,28.317565022550802,7.928918206314224,7.928918206314224,0.0,0.0,131.39350170463572,,,,,0.04,246.34325645326686,0.0,221.41589825484527,0.0,180.36074961032958,,,,,0.017241379310344827,252.1838796738235,,,,,,,,,,,,,,,75.83066121122374,88.45060959757282,158.33962114791845,,,,45.400183389049275,130.21167055992836,172.98622460726375,,,,65.8411052688525,200.60629756569134,158.88142935887163,,,,,,,,HPAP-011,Body of pancreas,ROI2,,,,,,,,,,,,,,30.85670414614629,31.828428051167077,46.02288883335147,,,78.50293193809961,191.85431185502466,185.43315999801104,36.58423616592641,,,,,,
0.9194254,0.0,0.0,196.8620776681368,6.525814729330502,9.788722093995753,0.0,0.0,0.0,,,,,0.04419889502762431,170.4494059831245,0.0,242.09856394876383,0.5555555555555556,7.0710678118654755,,,,,,,,,,,,,,,,,,,,,14.422585730923805,105.73178497918016,115.63458462806008,,,,31.908012458073337,226.88813002884103,137.93067289715347,,,,18.666125364705465,108.95396828588356,94.7040914464907,,,,,,,,HPAP-011,Body of pancreas,ROI3,,,,,,,,,,,,,,,,,,,,,,,,,,,,
0.9856464,0.0,82.17957049063209,0.0,0.0,227.26202209755047,0.0,102.47082246362767,0.0,,,0.012345679012345678,256.632032295269,,,,,0.03125,214.39910005970077,,,0.07920792079207921,250.44959572736389,,,,,,,,,,27.1802896653324,,,17.51834922436978,34.85529372542088,,,,,,,,,,,,,,35.073200898656765,,,20.096524778185223,33.98903017491709,,46.431686728689705,,,23.526039685994252,35.863821457973266,HPAP-011,Head of pancreas,ROI1,,,,,,,,,,,,,,,,,,,,,,,,,,,,
0.98114073,0.0,16.307548413474183,4.076887103368546,0.0,213.01735115100655,0.0,0.0,61.15330655052819,,,0.0625,175.90718837446803,0.0,203.46393403445921,,,0.0430622009569378,302.39378300487596,,,,,0.05,176.2066938169492,,,,,,,,152.99972459618797,254.40106407801747,,31.50089089631772,,,102.47859546989926,329.18611148473985,,46.60238948208499,,,,,,,,,109.98534465016256,317.84664313509154,,25.837272474086365,,,,,,,,HPAP-011,Head of pancreas,ROI2,,,,,,,,,,,,,64.065346770108,83.40381040718917,,59.67929155458958,,99.11665694534315,272.10030784529056,,27.80297876249474,42.890340126905535,,,,,,
0.97293615,0.0,180.89573440436777,63.72463371062956,0.0,244.62036811499735,0.0,42.14048358283568,0.0,,,0.2159090909090909,59.13715077333406,0.3548387096774194,52.67749768431805,,,0.2815126050420168,69.27455022276186,,,0.34146341463414637,62.03224967708329,,,,,,,,,,29.866633791023276,53.97135650693486,,34.7045996019944,71.67345844053125,,33.7781944941807,52.2079812612495,,27.50161222062853,71.64974033889692,,,,,,,,36.74476402675826,56.3146194710115,,26.085813522301674,67.78657887129467,,30.363413991224476,49.72961419811879,,26.564848318936917,78.43765498735875,HPAP-011,Head of pancreas,ROI3,,,,,,,,,,,,,,,,,,,,,,,,,,,,
0.9709152,1.029956067969718,1.029956067969718,197.75156505018586,9.26960461172746,41.19824271878872,2.059912135939436,0.0,0.0,,,,,0.06770833333333333,222.97609689433781,0.0,188.22327167489146,0.1,252.38381505167985,0.0,222.06678655887205,,,,,,,,,,,,,,,,,,,21.03125837166111,135.5385411424008,73.84350631290745,,,,32.319399520527924,186.78262829221185,127.69843144766457,,,,39.93005406570918,156.20785189008495,36.54967710921346,,,,,,,,HPAP-011,Tail of pancreas,ROI1,,,289.7034425796568,298.0091700043966,364.2217294037348,,,16.714534407835366,123.56986939305308,94.11708437211908,108.02657832279887,,,,,,,,,,,,,,,,,
1.1884537,0.0,18.51144935258357,140.51872917642982,15.145731288477464,98.44725337510351,1.6828590320530517,0.0,0.0,,,0.09090909090909091,117.54287528220016,0.09580838323353294,112.43220179290273,0.05555555555555555,160.75193327869948,0.1452991452991453,131.47243057006287,0.0,299.62260461522504,,,,,,,,,,,,34.406480744140445,19.228246379288528,283.72987099408624,29.864086410740967,,,126.58270913142916,27.506119203129217,155.33690975749363,40.5195400790139,,,177.67115697296305,43.60108457811876,41.825595777945885,30.379555409214046,,,166.47648136433727,30.669616110966707,139.7955377422601,30.296868756174582,,,,,,,,HPAP-011,Tail of pancreas,ROI2,,288.7057362037217,273.7393098521137,386.29189740734114,336.2744491590438,,284.00295647707657,67.8140184682214,211.23107322685644,115.54750586458019,1022.985329470329,,,,,,,,,,,,,,,,,
1.1887643,2.5236288765491004,19.347821386876436,258.2513550335246,19.347821386876436,196.84305237082984,10.094515506196402,0.0,49.631367905465645,0.6666666666666666,12.529964086141668,0.17391304347826086,71.02112361825881,0.11726384364820847,124.48293055676348,0.17391304347826086,76.02631123499285,0.08974358974358974,138.90817751328052,0.5,17.58089399971929,,,0.1016949152542373,98.59513172565875,32.58613838054359,22.617670754409094,11.687830557475918,35.402351594603886,10.952009950305866,,129.47025794934086,48.6397602555476,15.480995145135157,63.596233081880854,25.532686535851546,,198.4539394674743,81.15735094488252,15.992578779352737,60.8625412854334,26.373033536389315,,154.56597337322427,63.596233081880854,13.87618355650886,50.09987292426384,27.634281067743125,,253.29467632050557,99.30731406006458,23.77643725301477,121.87475316349608,15.05061767143737,,,,,,,,HPAP-011,Tail of pancreas,ROI3,27.097682060959855,65.770354985054,393.9537875987876,187.2040134275797,217.17488957146867,121.95215019815512,41.9658527806026,15.485471696229283,26.014991376947165,25.396534530535163,37.28709456945063,134.04512114200313,81.99601671366368,129.262559174456,80.78129806973814,120.54532327567617,257.24788478513466,137.63129688990975,34.9771595502108,95.40026158742126,52.478708367353185,15.887815335103184,51.428232639937605,142.3607129331439,,,,
0.99319315,0.0,0.0,4.027414004763603,66.45233107859946,17.116509520245316,0.0,0.0,0.0,,,,,0.0,413.74338887889974,0.030303030303030304,327.6844587970429,0.11764705882352941,318.12104614438823,,,,,,,,,,,,,,,,,,,,,130.6175185938519,64.19847448777597,108.07502194761943,,,,371.9128892509595,56.49133537897833,103.80484980711168,,,,302.9770049566467,42.109633542834786,144.565793061506,,,,,,,,HPAP-012,Body of pancreas,ROI2,,,,,,,,,,,,,,,,,,,,,,,,,,,,
0.994166,0.0,0.0,1.0058682185108305,3.017604655532492,21.123232588727443,0.0,552.221651962446,0.0,,,,,,,,,,,,,,,,,,,,,,,,,,,,,,,,,,,,,,19.159021391103582,9.022496756936624,14.17813467778886,,,,194.19060126874757,78.42415576498993,21.64835547783056,,,,331.75020613552834,121.01222166117795,15.282911144307187,HPAP-012,Body of pancreas,ROI3,,,,,,,,,,,,,,,,,,,,,,,,,,,,
1.1448538,5.240843713848681,6.114317666156795,226.22975364780143,158.9722593200767,104.81687427697364,0.8734739523081136,727.6038022726586,0.0,0.0,304.7310165336328,0.0,446.4806826728341,0.0,400.9638387685353,0.02197802197802198,261.9581960664003,0.041666666666666664,283.58346108452383,,,0.06362545018007203,172.73389939441535,,,142.67659458862533,226.21450090097306,60.98106916831054,30.195106670686798,32.59564595957365,16.193804273692027,200.64539263462524,139.85212815486045,48.433168833620144,42.59871495330357,63.26656474475771,30.89848260528562,139.0077056723175,140.16995146535743,11.14355394489432,43.70392246789054,44.26647605014343,46.679351624456096,182.75372327655114,215.77826934521457,68.84968403311862,33.577373333951485,50.12321949984333,17.836943968927272,172.51564889352682,203.43421678490347,60.05407407760849,30.137652772923367,33.19073781381631,19.038283977441424,226.85751852229419,328.7235066552515,112.14756942727051,36.60124959114735,54.57277354167236,13.811101978801867,HPAP-012,Head of pancreas,ROI1,,,,,,,,,,,,,,,,,,,,,,,,,,,,
0.9895329,0.0,321.36375038874246,109.14240579240311,0.0,42.44426891926788,0.0,394.12535425034457,0.0,,,0.27672955974842767,62.547854889396774,0.1111111111111111,109.98229724748654,,,0.5238095238095238,16.638197166386696,,,0.08205128205128205,262.6416460432589,,,,,,,,,,17.850554918187534,58.571711651689014,,62.43817384843529,28.588036509892618,,26.721130176532526,28.28368498327127,,94.30309314370103,22.2584015959892,,,,,,,,18.589043578170966,85.61850762646225,,42.08580165756847,34.87682899414515,,30.390795143379798,44.12017640426832,,108.34942719407965,15.500430983912718,HPAP-012,Head of pancreas,ROI2,,,,,,,,,,,,,,,,,,,,,,,,,,,,
0.9977345,4.009082628585691,13.029518542903496,60.136239428785366,351.7970006583944,111.25204294325293,0.0,564.278379973436,0.0,0.5,115.61183105299523,0.23076923076923078,133.01503674397117,0.0,271.9794057347125,0.07122507122507123,209.74746720759228,0.08108108108108109,180.15548839821673,,,0.04440497335701599,199.25109786397664,,,260.91626303989074,76.9198244437209,128.35115750682587,24.615855880560737,52.33046921660999,21.33614100152842,157.99536036473486,176.79067637079544,105.43310202893807,25.45196915539124,36.92061033945773,21.75128700420872,221.69922960633636,139.35535915331081,24.090238009542503,26.80083469219045,56.94306352565999,38.16222975228503,246.22348402378222,133.5988963055544,90.21670616287636,20.682641717290274,46.27232519429087,21.805484481243575,259.6517388960612,126.20434587931749,111.3512434299058,20.512564641486836,34.00513857067338,18.40210343353586,207.6320743095072,128.5609969348628,95.97594792245503,27.298245844294588,45.31799755411356,15.443457502432322,HPAP-012,Head of pancreas,ROI3,,,,,,,,,,,,,,,,,,,,,,,,,,,,
0.99666435,2.006693637133533,12.040161822801197,6.020080911400599,225.75303417752247,71.23762411824042,0.0,0.0,0.0,0.0,185.3902443689701,0.0,168.74956747275377,0.0,275.2137475764474,0.022222222222222223,264.82069405543064,0.04225352112676056,230.16950275829333,,,,,,,603.2056034222494,72.67752048148473,250.49684230499585,22.16283850733733,28.612155928496065,,125.54287352131406,114.43597219273182,265.2852507430905,24.817276442511083,26.891334608052844,,225.11695681181698,127.1807720608503,136.56012265676952,28.873048237403427,27.629544975538224,,407.0258070860695,193.412810828749,231.98051412748424,23.124001425777895,47.59368753418366,,286.33691975304174,129.9275508395113,203.3770586638923,25.463145555217256,44.746904201652555,,,,,,,,HPAP-012,Tail of pancreas,ROI1,,,,,,,,,,,,,,,,,,,,,,,,,,,,
0.97417474,2.05301977368982,6.159059321069461,0.0,23.609727397432934,30.795296605347303,0.0,0.0,21.55670762374311,0.0,122.93018789975551,0.0,72.80244990969291,,,0.391304347826087,35.22782990761707,0.26666666666666666,65.45940283499972,,,,,0.047619047619047616,176.08236708995025,359.21821627807975,169.41232865664654,,143.23082086878034,174.5471915152022,,417.9755843674358,131.4680661218592,,87.67360004642359,72.28419619702058,,,,,,,,424.910197177252,168.34267170017333,,60.11768926917044,50.1074804774277,,466.227502145967,179.81220310863904,,69.98829574798752,39.09393049583011,,,,,,,,HPAP-014,Body of pancreas,ROI1,,,,,,,,,,,,124.95543773805277,239.78966044208238,,295.0019288022223,294.21444438379797,452.5399372665903,263.1992461489364,,103.69019662468916,35.27010040264904,18.120593170584726,,,,,,
0.991995,5.040348102501762,26.20981013300916,3.024208861501057,193.54936713606764,81.65363926052854,0.0,0.0,0.0,,,,,,,,,,,,,,,,,158.9810839804641,97.46083157413327,326.5435473976242,27.719880323066945,32.30954143459699,,188.17976616368412,94.55460816953978,215.6105055319583,34.476599676468595,42.94614248086767,,270.6339382184448,41.302790822857176,171.55543829572875,37.22772797450568,23.734205274245017,,244.35523874065484,99.63308964876532,221.97433098068183,24.751272015987013,40.58307819737804,,224.15780356574248,89.17077413618729,202.43014208672224,22.83127761996964,44.70790613288322,,,,,,,,HPAP-014,Body of pancreas,ROI2,,,,,,,,,,,,,,,,,,,,,,,,,,,,
0.9927291,1.007324125375385,9.065917128378466,0.0,23.168454883633856,23.168454883633856,0.0,0.0,0.0,,,0.0,451.0088690923938,,,0.043478260869565216,628.6811592532418,0.0,378.6357088284199,,,,,,,,,,,,,,175.4592356087077,,163.50442039872684,134.55231519084418,,,,,,,,,210.46857265240297,,81.55374203432734,82.61018168534628,,,138.61886306842297,,93.51475493037589,59.26659360940189,,,,,,,,HPAP-014,Body of pancreas,ROI3,,,,,,,,,,,,,,,,,,,,,,,,,,,,
0.98091346,3.0583737725661613,9.175121317698483,2.038915848377441,72.38151261739915,29.564279801472892,0.0,0.0,32.622653574039056,0.3333333333333333,127.34991166074674,0.1111111111111111,222.4230203913255,0.0,277.5837864621758,0.15492957746478872,128.80993750483694,0.2413793103448276,69.46221994724903,,,,,0.0,361.6722925173884,209.494729849371,311.6598670268533,388.51681756985073,81.96660089996007,33.356561760200485,,352.735837909749,84.85228289109793,120.35935051925642,52.8727854025094,107.17736316269477,,315.22332815254646,14.321424866629219,177.20968887411823,64.00321783654283,92.17308715116373,,295.19249910973303,217.1479351457857,363.5497814634352,50.766071861432344,66.22391134846511,,360.06872359934647,240.12575711197726,364.0131337931383,39.23181620590046,85.38505145347801,,,,,,,,HPAP-014,Head of pancreas,ROI1,,,,,,,,,,,,364.5463420459067,172.22534403973228,136.3462512946764,268.17913380157114,248.84852029621067,405.48046035212917,191.27004228151824,224.76147634896176,90.72972685297924,153.4397705700143,17.464409228871894,,,,,,
0.97030866,0.0,11.336598792634325,1.0305998902394842,30.91799670718452,10.30599890239484,0.0,0.0,0.0,,,0.09090909090909091,240.35390573069537,,,0.03333333333333333,288.3868280167607,0.0,271.36431618329766,,,,,,,,,,,,,,29.300595180570102,,76.55618153202877,109.55389816243053,,,,,,,,,211.50842937604983,,79.28511444705597,157.09508496092946,,,83.16350398974689,,89.66896853983818,188.43381590953408,,,,,,,,HPAP-014,Head of pancreas,ROI2,,,,,,,,,,,,,,,,,,,,,,,,,,,,
0.9913321,1.008743675441367,49.428440096626986,1.008743675441367,54.47215847383382,219.90612124621802,0.0,0.0,514.4592744750972,,,0.16326530612244897,210.459022139703,,,0.07407407407407407,153.02278301763147,0.0871559633027523,208.62046589989995,,,,,0.13529411764705881,140.92763841328366,,,,,,,,45.00174463627024,,68.56779219651168,25.4811375726868,,,,,,,,,86.75203486686314,,40.067865010198446,30.816293604392136,,,67.97827938565118,,61.220088904835706,18.170442926457884,,,,,,,,HPAP-014,Tail of pancreas,ROI1,,,,,,,,,,,,,23.595549363357787,,22.17128839721495,21.812255889298704,,82.87317399193185,,72.30960232452568,39.77403076005068,13.371202652086907,,,,,,
0.990694,0.0,19.17847515027146,6.056360573769934,41.38513058742789,72.67632688523922,0.0,0.0,467.3491576092466,,,0.0,267.0674072214728,0.0,370.69194034309083,0.17073170731707318,144.4714504668656,0.19444444444444445,173.17696392820756,,,,,0.04967602591792657,240.7072911234722,,,,,,,,111.70638332577828,217.59167993872305,68.97176635699932,59.96604629500734,,,100.58429568751794,64.32086789465032,40.993079338007135,42.96626750851536,,,136.04904278688787,315.8294709109778,79.66001213814941,37.89715095933353,,,141.65879411972216,271.1461657089517,49.94085911890073,23.8781483139472,,,,,,,,HPAP-014,Tail of pancreas,ROI2,,,,,,,,,,,,,20.268018318947846,32.7056553353048,22.837733378485172,22.403353673953887,,105.57092990783717,190.96519148859684,71.91751610953047,63.6398404859495,16.73865191929461,,,,,,
0.9922316,18.140925833327127,80.62633703700945,2.015658425925236,8.062633703700945,140.0882606018039,0.0,0.0,0.0,0.3888888888888889,24.421012981932243,0.5375,19.56978538113181,0.0,34.316169172464186,0.75,12.780109889280517,0.6762589928057554,14.7648230602334,,,,,,,46.70618339377668,32.0910392807907,377.03399077159804,139.17485483476705,22.279891000027963,,93.64337362005136,28.495528412378146,342.7804379971807,127.60653771840984,25.978834146251835,,110.57040962977403,46.103699541663985,293.446755943997,185.5785546627539,45.782616367196624,,119.18953172908518,38.33038428890457,368.3478595485778,175.7574068528528,26.694608508456977,,75.19692960555915,35.52747761333899,346.0681745094361,132.3792982001036,20.955683545493397,,,,,,,,HPAP-014,Tail of pancreas,ROI3,,,,,,,,,,,,,,,,,,,,,,,,,,,,
0.9910832,0.0,0.0,0.0,0.0,0.0,0.0,156.39453807481854,0.0,,,,,,,,,,,,,,,,,,,,,,,,,,,,,,,,,,,,,,,,,,,,,,,,,,,,29.056578983675614,HPAP-018,Body of pancreas,ROI3,,,,,,,,,,,,,,,,,,,,,,,,,,,,
0.99301666,0.0,15.105486746592373,1.007032449772825,36.25316819182169,4.0281297990913,0.0,0.0,0.0,,,0.2,84.40379138403677,,,0.027777777777777776,179.53175556397645,0.25,131.80616650138114,,,,,,,,,,,,,,88.12560805068134,,44.79715239602125,316.18624063438676,,,,,,,,,87.20386018878725,,55.39595683851034,294.92581107913077,,,67.86662015337873,,57.1340989947667,95.65621411700918,,,,,,,,HPAP-018,Tail of pancreas,ROI4,,,,,,,,,,,,,,,,,,,,,,,,,,,,
0.9484288,0.0,0.0,0.0,0.0,192.95069713131508,0.0,0.0,0.0,,,,,,,,,0.22950819672131148,120.61509026651682,,,,,,,,,,,,,,,,,,,,,,,,,,,,,,,,,,,28.346619601075457,,,,,,,,HPAP-026,Head of pancreas,ROI1,,,,,,,,,,,,,,,,,,,,,,,,,,,,
0.984723,5.077570182272042,10.155140364544083,6.0930842187264505,11.170654400998492,82.25663695280709,0.0,0.0,107.64448786416729,0.0,310.787708894673,0.0,432.4804611801968,0.0,218.48827341188922,0.18181818181818182,67.80117993073571,0.2222222222222222,199.4041122946064,,,,,0.03773584905660377,151.3309218959837,288.8061656940085,154.6281378471575,345.2861091743377,144.74913374211528,101.3340294714017,,161.75314545574258,98.60043104920489,214.87981766111506,241.36000066924765,79.24247169440513,,275.646050097518,206.27864867104057,191.94268156573395,99.27977097239852,91.41415685753225,,337.9479962645137,223.7872805365355,226.94420231870882,214.21676673784643,55.35949837177022,,290.5660916669324,185.0603929305328,254.1226779090743,126.28326981613517,32.29721992571014,,,,,,,,HPAP-026,Head of pancreas,ROI2,,,,,,,,,,,,104.26827845365922,75.1937803661785,74.58766038888356,113.22324772523669,86.19975304843148,307.2424301577138,282.0634024124432,203.86067433284438,168.95697948830892,73.74755798450025,18.922540258928006,,,,,,
1.4280506,8.403063369761833,18.906892581964122,15.405616177896693,53.21940134182494,275.9005806405135,0.0,0.0,0.0,0.08333333333333333,347.5895399721734,0.07407407407407407,406.6017707782395,0.09090909090909091,269.2610090087033,0.18421052631578946,359.4430418847496,0.09137055837563451,197.2434667985214,,,,,,,142.71636219521565,113.46408861725556,96.19951748274543,58.12749152146365,15.822536388975145,,132.753954209139,84.7386724313472,105.77087705782516,40.982191455844095,25.729644422961616,,142.52640827466143,93.33604341508075,66.70590551661324,54.88826005630415,24.954549017404098,,134.9641694742808,67.50136177622728,88.89912451530688,43.18404877149614,28.47589435078011,,166.42731764192467,113.52120195137235,139.81349690982915,71.24750134402473,20.75572820716952,,,,,,,,HPAP-026,Head of pancreas,ROI3,,,,,,,,,,,,,,,,,,,,,,,,,,,,
0.99141896,14.121174394661296,76.65780385673276,3.025965941713135,6.05193188342627,1543.2426302736988,0.0,0.0,118.01267172681226,0.14285714285714285,183.2307517416616,0.10526315789473684,158.27449433522108,0.0,160.0281225285106,0.0,76.10696826790549,0.10915032679738562,185.28083642956705,,,,,0.06837606837606838,134.07833531186162,134.92207588599774,61.15678300292898,318.74283323725905,401.4986156370267,15.864574408410125,,117.27820919214335,32.074378583514466,147.85048995093342,179.62489500593762,13.423477675250977,,133.66984290940138,33.6708486891818,379.4393660128242,121.25555859724855,15.539719701599509,,105.75761240405127,60.9800560142945,155.82091168465467,93.62658318977985,15.743847980907425,,136.95196161050956,57.392599380280004,262.88973003124966,249.84896055750977,12.665043600076041,,,,,,,,HPAP-026,Tail of pancreas,ROI1,,,,,,,,,,,,114.62691232004312,76.86797273130438,102.84488866234872,81.62539837205611,83.574318780554,133.5217729740744,74.249456864073,267.53897966660605,316.0016959979725,23.541823063199317,15.490429800262358,,,,,,
0.9857134,2.0289872844954386,3.043480926743158,1.0144936422477193,4.057974568990877,676.6672593792289,0.0,0.0,0.0,0.5,48.088460154178364,0.6666666666666666,13.0,,,0.0,136.09411599902432,0.15892053973013492,120.10828447696687,,,,,,,367.24291266289146,365.66814847474336,,201.22292361987365,31.912656959243748,,299.0756441591158,43.160713492789135,,140.0755574824179,46.83478971010282,,,,,,,,249.88636435059007,409.1974143779715,,331.73199182989373,29.87058332057713,,405.9486871363075,576.7539148856652,,288.2007503425732,14.911078813763813,,,,,,,,HPAP-026,Tail of pancreas,ROI2,,,,,,,,,,,,,,,,,,,,,,,,,,,,
1.1949543,16.737042077900416,25.942415220745644,21.75815470127054,15.063337870110374,274.4874900775668,0.8368521038950207,0.0,53.55853464928133,0.1,152.93217454386254,0.06451612903225806,184.0108692441835,0.038461538461538464,237.8507757622328,0.1111111111111111,130.4262697780283,0.14939024390243902,122.03874581298516,,,,,0.0625,156.21917119175015,49.00247317721102,94.8170938866102,73.11313237288084,187.0563370016819,24.820816041192998,,137.36780140915374,118.31532561943217,100.12990719463056,150.94274423215032,26.25664436962321,,149.47251078285004,73.08858593811993,119.29186313511778,131.26469374404377,28.558235216822123,,183.71541744349457,72.87359730862357,68.85907595966135,113.09727461707968,26.95605347041038,,138.07843621885655,84.34001573091221,99.31068987825708,161.0143982891276,22.263599427614253,,,,,,,,HPAP-026,Tail of pancreas,ROI3,,,,,,,,,,,,93.92517073203177,107.93206030622571,79.46525220180871,134.16646643439842,99.37954396561014,135.16144837207958,127.72678895656394,108.41100239616104,145.0549454558639,41.64059684348171,29.61463372523019,,,,,,
0.99432707,9.051347676902825,48.273854276815065,59.33661254858519,13.074168866637415,366.0767282658476,74.42219201008989,0.0,0.0,0.2222222222222222,166.76030702778164,0.2708333333333333,77.55820351940412,0.06779661016949153,98.88377015466189,0.0,82.02438661763951,0.3543956043956044,59.70167623721248,0.08108108108108109,72.18029649101678,,,,,159.95234399400843,33.675046025338894,77.35465787120191,112.7365443073831,24.147721189858512,,113.23636142961118,54.544801444916345,65.09770684740657,142.21877129686425,28.465104915701147,,160.37294825544487,67.29488470023621,35.52512305917783,139.2215535222637,27.186257553896933,,130.66462574232983,67.43718413333902,64.0291640733283,100.24863731055738,27.648331470022107,,281.01573209478397,83.03075507058541,74.28239740718584,171.05119436981101,14.958423675931094,,,,,,,,HPAP-027,Body of pancreas,ROI1,48.04143518637149,47.85436058267287,56.04247532430936,59.89561476212855,75.85590273505038,91.85026809020263,42.899937573702545,54.25739629105766,118.4492299406598,24.17666963968651,23.610334916863703,,,,,,,,,,,,,,,,,
0.9921888,4.031490734863511,29.22830782776046,71.55896054382733,14.11021757202229,116.91323131104184,3.0236180511476336,0.0,0.0,0.75,11.920531143047942,0.3793103448275862,31.38470965295043,0.1267605633802817,89.27485648266257,0.14285714285714285,46.796622626939325,0.5344827586206896,18.360022573334675,0.0,161.54875425084526,,,,,151.8593142610843,42.25495354921969,54.651861712116684,119.58688223085113,29.402496973468253,,206.54433312328212,57.23335984308947,55.90421102288847,144.78052302677668,48.96001995627764,,294.4570105944568,92.99623405543522,30.658961145773684,118.33552357410227,76.20880108837892,,347.53170426701575,106.3091555711874,69.69575071755405,114.26168588864294,66.2591783618103,,237.3315551607402,101.9250199387997,71.06235257897485,182.46775448745223,30.495730384992584,,,,,,,,HPAP-027,Body of pancreas,ROI2,148.62441172515918,332.5293171727827,243.86944003590014,391.8989185839012,265.07275990000824,184.20849219963102,71.48544014065888,63.07390152630609,176.17845554135906,54.736059256761266,456.11193684758314,,,,,,,,,,,,,,,,,
0.99200404,5.040302069342271,31.249872829922083,47.37883945181735,58.46750400437035,133.06397463063595,29.233752002185174,0.0,143.1445787693205,0.2,31.953090617340916,0.41935483870967744,63.34824385884742,0.14893617021276595,104.80935072788114,0.3448275862068966,64.17800560721074,0.24242424242424243,81.44885755159666,0.06896551724137931,108.67382389517726,,,0.176056338028169,82.78790579333815,112.96199684576665,46.894940739370625,75.63241742051791,51.84984581140056,17.172069005460344,,188.13416850301442,47.281062747097366,73.95376835965426,53.05158668131521,28.106419154289167,,291.4668330581168,90.98129399612223,69.84214460058125,71.69978439445134,51.28649400412121,,294.5936297485566,96.42859577880057,72.811977702362,32.332166948715816,30.61492784232091,,234.1277740482758,90.88871374351496,79.77911181200008,55.82330132957857,33.214912307015624,,,,,,,,HPAP-027,Body of pancreas,ROI3,91.02863742764681,111.37542774460341,73.35225383142588,123.33408006190481,104.68304838204108,252.25001780886595,108.12614609306951,65.97238733557101,84.65471492678593,31.352800432335727,57.77135819204482,50.86452160657405,36.62073009969334,36.47230287840117,36.34274569874526,43.38096850440904,248.78337946496845,105.4378612818209,65.77710457698385,66.42462976950534,47.01828554125548,31.597133186727824,38.16517793819931,76.07651212218788,,,,
0.9888935,4.044924922608083,221.45963951279256,2.0224624613040416,0.0,409.54864841406845,0.0,0.0,94.04450445063794,0.25,66.9908159435326,0.0502283105022831,182.70194306574848,0.0,251.4183534377308,,,0.09876543209876543,130.64838307457157,,,,,0.021505376344086023,157.20368952413298,99.9956935729884,15.04404749554191,370.38787981151796,,24.446220454639402,,260.72800918645896,22.268146351775687,350.9997809977491,,24.370377231373013,,374.49482893329935,34.43266653015209,373.7033616976789,,19.47270601579403,,,,,,,,304.9612529239707,33.46452846374194,355.760010824417,,16.104809438133987,,,,,,,,HPAP-027,Head of pancreas,ROI1,,,,,,,,,,,,69.60750370796296,77.18921504239519,27.12348951084499,,82.41420838595967,425.5091517720272,43.21501053104942,358.2894712380878,,32.38702993235346,16.493371351625722,,,,,,
0.98803985,14.16946895730706,289.4620086992728,17.20578373387286,12.145259106263195,112.34364673293454,31.375252691179917,181.16678166842598,0.0,0.35714285714285715,42.748778981097175,0.40559440559440557,32.68831926827863,0.47058823529411764,29.154759474226502,0.4166666666666667,114.12274770047742,0.45045045045045046,36.6742416417845,0.41935483870967744,49.658836071740545,0.3240223463687151,85.44003745317531,,,80.30576272555837,19.55049934255407,77.9156172000005,158.10703969462293,44.66001996568092,29.844188265678735,85.55636423431015,18.361473431428088,68.04580849420262,143.9160054248498,33.86692430888107,30.62267088232681,90.26034182726836,17.036245998423137,149.26247881003826,150.15504460512128,45.26239813344705,35.94376639491349,149.32771266165233,19.05462819604745,81.23274583191474,77.54783608055136,46.80052434462868,29.35250127099181,96.81270816089817,22.97540822489168,82.8858896847218,161.75384231174277,29.077777433662654,32.313495626311095,105.31912843938687,25.343779030752664,109.94719064874145,153.28621643349146,45.42587664476581,29.79538805725688,HPAP-027,Head of pancreas,ROI2,79.01038744863493,61.99040227453325,63.45564470020878,42.767741900490165,66.28993314666948,90.62563794555471,18.975763692215175,78.38707842842105,161.70875340544353,25.976311235256848,48.65342633161993,,,,,,,,,,,,,,40.07731968747301,88.20717481452455,,
0.99278533,55.39969022898056,253.8313079582382,29.210745757098838,20.145341901447477,159.14820102143506,61.4432927994148,0.0,0.0,0.09090909090909091,102.0,0.10714285714285714,108.27044473652518,0.2413793103448276,39.59797974644666,0.15,100.43505559831432,0.2721518987341772,68.03421438643002,0.06557377049180328,128.3160161476345,,,,,56.25675411355158,19.17921832485997,108.16404660762096,88.1951702531405,38.93469011214705,,55.7838066460197,24.770851156937102,107.31323250914946,113.7147222851523,40.249660746215355,,94.54605071164839,33.332320469076265,45.00331044127586,116.1968537832114,37.739883470981766,,57.20177079339008,35.871970608492056,144.38656463480604,73.69068147545681,28.181742589991984,,61.49499592082449,30.04313144967672,154.5520572895744,103.11137731710264,25.578110478818846,,,,,,,,HPAP-027,Head of pancreas,ROI3,45.505322730328295,62.5391053940718,120.58891591347609,50.95044441414409,69.22303088685088,54.830277644196855,24.79679221772487,124.06685976833867,91.66395460491715,36.86555748057718,33.96026146795606,,,,,,,,,,,,,,,,,
0.9663574,1.0348138170198622,8.278510536158898,0.0,73.47178100841022,17.591834889337658,62.08882902119173,0.0,120.03840277430402,,,,,,,,,,,,,,,,,,,,,,,,201.87644156307718,,76.73605162714911,100.68435879472018,,,,,,,,,177.54118147433698,,35.194471114198166,95.89675272267345,,,147.70726598889874,,52.21883223012509,146.78528149494358,,,,,,,,HPAP-034,Body of pancreas,ROI1,,52.632379064269905,,49.75328347888114,63.61023588495202,,175.83218050591182,,46.597052176617275,109.62366313914978,43.79378404521447,,248.92963929624653,,207.2570362876313,180.28092930880265,,216.76678273963137,,84.62943696936712,127.22045077405426,10.094150489520054,238.55694889087727,120.66854365384054,,,,
1.5100503,7.946755168063711,15.23128073878878,0.0,107.94342436619874,25.16472469886842,150.32611859587186,0.0,180.1264504761108,0.0,690.0161757756757,0.0,464.2628565801921,,,0.0,776.2074464986792,0.0,737.9415520288675,0.00881057268722467,1040.3581114212548,,,0.0,546.6041939474248,91.00761482939633,54.57098499096239,,26.045371485748827,67.59162930418384,,162.0831207088903,133.6523005101895,,39.41713971024225,71.94229357683245,,,,,,,,187.13566861432662,128.76226464709737,,40.51959447526876,97.93371133997846,,197.18975597188566,124.6637325282999,,45.86793695113428,73.36602262850523,,,,,,,,HPAP-034,Body of pancreas,ROI2,26.802694294376693,31.553148047930026,,34.203370571834185,37.27779650235706,178.39313035786333,161.03036461104068,,36.40670937604674,89.41709479345695,22.358457042740582,40.53793389495158,77.75333663368713,,102.88935340012394,117.83869624815773,214.9930653724453,108.03794906474934,,49.45793053370795,101.13024518892097,10.750053436595953,102.40899145968858,54.127429115262544,,,,
1.0960549,3.6494521922371015,16.422534865066957,0.0,41.96870021072667,27.370891441778262,71.16431774862347,694.3082795731085,0.0,0.5,45.901040233309736,0.1111111111111111,310.3390377840767,,,0.043478260869565216,423.88508858099954,0.03333333333333333,202.66574363164744,0.1282051282051282,165.16558078122188,0.04467805519053877,334.20053859920694,,,139.74815313761377,74.15471889865734,,116.18947022551097,72.79396545591632,14.039931993487361,342.5809015738474,73.88060729013607,,70.92051027041043,77.4321965671333,17.44885299442962,,,,,,,395.2786906928919,120.47885515502074,,57.97637314963155,82.31986983565292,14.498233815585895,261.826381712527,129.92244778259158,,76.46977356695746,85.58227284837128,18.253834634842928,325.3535026205795,121.28593480754077,,75.87826510008767,101.27335859890584,15.956466442622883,HPAP-034,Body of pancreas,ROI3,68.67610970648806,73.68032028128522,,69.60507011957694,52.076941580419714,297.86052354196534,107.76962230913703,,107.7652730998862,58.78467738290773,17.860617423963483,,,,,,,,,,,,,,22.599166562705715,74.5814237123816,,
0.9944163,9.050535506949156,16.089840901242944,1.005615056327684,115.64573147768365,26.145991464519785,607.3914940219212,0.0,0.0,0.0,641.0779983746128,0.0,677.7159100695465,,,0.0,553.47990026739,0.0,559.7310952659923,0.004966887417218543,696.010416547844,,,,,157.0266456222782,147.28061482993482,,41.02984267438475,104.3133688971121,,150.71732394735795,102.38008987953054,,34.13015143114052,98.19725891551074,,,,,,,,172.42220263009796,119.39932219663588,,38.85188783402088,102.81088996986901,,198.2488101713465,99.95830233386609,,46.380800317906065,70.54373041971364,,,,,,,,HPAP-034,Head of pancreas,ROI1,11.156551139471066,18.54754308937536,,26.222197129648354,22.829825556782225,157.05904398804265,111.63603970162836,,48.25924651793797,98.97116236194887,14.75562120613508,,,,,,,,,,,,,,,,,
1.094358,9.13777785523968,13.706666782859521,0.0,95.94666748001664,42.947555919626495,1159.5840098299154,0.0,201.94489060079692,0.0,725.9769327922713,0.0,472.6489183315667,,,0.02857142857142857,634.6904757438857,0.0,654.9412187364603,0.0031520882584712374,630.1650577428107,,,0.0,724.9668957959391,235.63664101215477,113.93655458553255,,41.21141869258773,86.60002283975143,,120.71049193679818,196.0888137620676,,67.3161697293336,113.71834634981536,,,,,,,,143.3345819917204,141.15365241838091,,50.16637216929405,65.01440518350536,,130.59820912309826,145.2976639393199,,43.660295278292516,64.58729021433598,,,,,,,,HPAP-034,Head of pancreas,ROI2,15.554516686436113,14.501950507372483,,16.049714123611746,14.307186795117534,174.27736514125962,133.93641362871548,,52.572500858773715,78.32818368043571,13.58684090023842,89.61598444041117,117.79511828972959,,125.30147989951905,125.82822448126005,130.99964775470582,144.74254777900498,,84.59992573558513,105.89003708049148,12.826793636569004,96.79137965752626,19.451127510564124,,,,
1.0138118,5.918258045474909,12.822892431862304,0.9863763409124848,50.30519338653673,33.536795591024486,1451.9459738231776,0.0,184.45237575063467,,,,,,,,,,,,,,,,,181.7719793879016,137.2886804397561,,83.17702026246782,89.8916956139933,,200.1859493626015,153.62891466266214,,108.17715328038251,56.698635590802034,,,,,,,,244.78836632324783,148.97372455218192,,54.0067166176964,73.81819131420775,,215.10147574404567,131.9003935448843,,60.57159413920249,99.06622003086139,,,,,,,,HPAP-034,Head of pancreas,ROI3,10.226745338036764,10.896212586235784,,15.170520357891178,11.491298731228959,219.81440140791597,134.74193880245627,,79.31237840384614,81.48885046715336,12.178462064884476,116.15704105064572,79.31256952456037,,151.9835605517174,139.5571211972449,156.7093403334489,118.26471824471396,,133.2054068997291,94.14881187765673,10.384170258491366,112.96383938271237,22.691650715189265,,,,
0.9919237,9.073278612220205,6.048852408146803,0.0,9.073278612220205,39.31754065295422,491.97332919594,130.05032677515626,0.0,0.1111111111111111,193.05180651835403,0.0,185.88595037442138,,,0.0,175.30829986055994,0.15384615384615385,209.30360723121808,0.0389344262295082,223.36918202174115,0.023255813953488372,268.54422354614144,,,87.98262768018999,161.3033122943193,,149.02979135871843,79.08887173028539,36.02765647398269,133.2655769962712,143.70602745594962,,214.69380946356148,34.69365535623686,30.36543299090463,,,,,,,149.02979135871843,217.75619626022802,,121.15344673776137,66.84098814517488,37.957078810415986,148.86454977564205,174.22109196745956,,166.07912434880126,106.3429390081939,39.27611610442177,167.2125562803501,185.4972936774226,,129.1040445644811,59.59499323880962,26.277571807031606,HPAP-034,Tail of pancreas,ROI1,19.008607010149642,21.141010875391128,,20.729181929453706,17.137393812035615,128.51033639904114,203.15004086228032,,133.66929534299916,60.93405048874982,13.92748639125772,,,,,,,,,,,,,,36.552034197104945,18.91869574988029,,
0.994586,8.043547841161992,22.119756563195477,0.0,131.71309589902762,123.66954805786563,735.9846274663222,387.09573985592084,67.36471316973169,0.0,232.01832495441107,0.09090909090909091,223.2588157162051,,,0.0,372.3237838226293,0.032520325203252036,270.1740179958095,0.0273224043715847,284.3580461931489,0.012987012987012988,334.43235489408016,0.0,211.0852908186641,99.2239597817105,95.62115241702773,,57.53976472018377,22.43661628803905,24.606675993699998,169.1399861783847,62.33077856241363,,35.61767513409369,35.163795928467366,34.2050470580176,,,,,,,192.68490056920402,106.90433233373143,,32.004346606584406,48.441129172712174,18.734585210000297,206.10643575389628,109.6118401518394,,52.932718750136786,35.95358414654158,28.50742053248961,222.1532240594344,127.8106858157645,,40.4770189657209,50.27815918097785,18.63619206257383,HPAP-034,Tail of pancreas,ROI2,19.380783457945096,20.56240291781311,,21.076002996904815,16.01126391732719,196.2168777264462,124.93560876670861,,51.19789480823508,44.32092086714417,13.784131655480996,186.74040703141046,130.92490812416565,,170.29020145866258,167.34847997772457,279.12681941288275,65.66858563911443,,60.754418193466854,36.170534312171625,11.834182248922149,148.07434581868984,23.30688020684854,29.71959668824975,23.441439226293706,151.52354078574825,44.218240749736346
1.0125726,8.888251163310896,10.863418088491095,0.0,52.341923517275276,47.40400620432478,499.7172320705904,272.57303567486747,0.0,,,,,,,,,,,,,,,,,162.0026864404342,256.2045487467159,,94.77389200707077,85.80327094802585,33.0148701267386,121.57426972108237,89.22268696752671,,56.64921194927374,70.47202591981286,32.62609478176254,,,,,,,189.57938194166724,171.49311675214224,,54.712516960761185,94.18832614184909,25.382444249302974,162.09764433444195,255.7000763768919,,74.90532208294502,60.203674835409856,53.317812530081056,159.39513138867247,206.53330526513128,,61.90800215705552,94.30807536898257,17.263624231967434,HPAP-034,Tail of pancreas,ROI3,15.884996588160725,25.852273195665234,,22.124506248266044,18.776577467717246,168.995426735666,275.5014658366541,,75.08651460075653,60.77517369626343,14.120220497775321,,,,,,,,,,,,,,49.70659622617132,35.355701822072675,,
0.99179095,7.0579389718110965,13.10760094764918,0.0,35.28969485905549,52.43040379059672,357.9383335704199,0.0,56.46351177448877,0.14285714285714285,120.41594578792295,0.0,559.6713321227022,,,0.0,628.245970938135,0.07692307692307693,516.6992095274653,0.028169014084507043,380.2959373961284,,,0.03571428571428571,741.594010886253,172.94046674581935,140.1770061506581,,99.5519303050457,42.27154725325706,,254.0611492069753,171.00931816253495,,61.39806288610132,28.83990138441269,,,,,,,,262.1791842278166,142.91291959449254,,61.51806438222499,68.86422843512196,,194.44018368759447,136.89406374914842,,77.3594340803302,61.31846990008906,,,,,,,,HPAP-034,Tail of pancreas,ROI4,14.717205206889693,30.24083773093926,,27.125272339886717,18.915014376349717,209.07465288096785,123.51683377931118,,93.54215700107797,51.431584389918804,15.996692453552125,70.5127903675712,101.89817806849518,,147.44053550174002,101.31993806111744,378.6892989504829,136.0487285242132,,102.27321942324525,86.84259477448275,15.163449126936916,116.12744019202837,33.118288323167704,,,,
0.9974612,291.74067128615155,665.6900540687444,47.119627321131006,22.05599576733792,74.18834939922755,481.2217258328273,0.0,387.985016452717,0.10309278350515463,190.85072700935672,0.09036144578313253,199.35971841834595,0.1276595744680851,144.9310180741169,0.22727272727272727,106.24570201293074,0.14864864864864866,193.15543347185766,0.035416666666666666,180.8272292337129,,,0.1111111111111111,196.65706191235543,21.080328208248666,15.700697254316735,110.92743095437807,181.1312344859155,61.914532616609975,,22.625032134109773,14.878925640585875,108.96344201147292,174.98819332948068,60.88601182959497,,49.892010425526855,28.571518057391742,57.00453605727412,107.65295760554477,61.19754019200746,,45.94513783619904,22.97404554669302,75.65301031597187,71.9613444206679,52.383293580995094,,30.563586406925275,16.526493351281005,81.08087124166255,143.5755589778775,28.238688448797667,,,,,,,,HPAP-035,Body of pancreas,ROI1,19.98745608160024,24.588039239576474,25.934567412733983,19.37303963283652,31.088457683078964,30.005871026842073,21.550677019231607,82.88959772991956,140.3356564387718,73.22583206038561,17.794397397443902,21.24308118706259,23.02407702611195,27.486211800815333,24.31899629956029,22.628575195980446,29.543543707768755,18.845930482522274,87.6067282809657,151.34992477370258,54.78152585011793,15.678957372491107,26.300347313070333,23.75336171327392,,,,
0.9945694,75.40951735533743,778.2262191070822,7.038221619831494,8.043681851235993,158.86271656191084,27.147426247921473,612.3252809253399,0.0,0.05333333333333334,142.03168660548954,0.07622739018087855,166.1896497202439,0.0,176.0454486773231,0.0,193.53924908969074,0.1518987341772152,157.92285467010282,0.07407407407407407,204.02205763103166,0.06568144499178982,162.5607578722491,,,43.6637962709206,20.853674602804695,200.83993999631596,194.9143491364403,35.20299498476732,19.095564200473508,71.1595946840066,12.483123427818974,219.09380012385793,329.17400998977587,38.04413099718529,22.669036122622582,62.09591622566204,36.4029593614703,149.54640654366327,183.64446913322948,22.29452029337321,20.085403718406486,99.3205908190385,40.93625514045934,157.9139560438503,37.31187131082591,16.326772791167663,18.580383319444724,75.63238710038134,15.270655000643325,202.57392533013393,244.93535801202518,30.399842143304486,21.872564401600922,49.9497990789391,21.839976822662255,195.9312258200078,183.94307761793047,41.043004784659445,15.891135010563055,HPAP-035,Body of pancreas,ROI2,116.16973640333964,212.22848276324953,147.77175707985967,49.92882966571132,176.36112222049542,68.52900336499626,40.7357864011932,218.79926079049224,186.0795209665979,57.13147965870937,39.79430920559007,,,,,,,,,,,,,,17.436168676659534,100.62201581065105,,
0.99480665,52.27146414943578,178.9292426653763,168.87703802125407,17.088747895007852,12.062645572946717,285.4826118930723,612.1792628270459,365.9002490460505,0.038461538461538464,385.69932507760166,0.0449438202247191,341.1962324324482,0.05357142857142857,342.36807312579344,0.0,276.68212808202844,0.08333333333333333,284.5958841448679,0.04225352112676056,405.6051593478704,0.06568144499178982,318.6628312182015,0.07417582417582418,322.20618673475366,38.93576191874617,22.703457570194146,57.69860805005335,148.0409168420797,125.16271725499618,28.45313671750393,52.4212535480494,22.909013603817478,47.68142456607232,132.34273304820687,140.1257049567983,25.460903785908883,89.99739237383825,47.53088166295545,31.857338438226233,108.80879843233762,144.07342637169427,20.91631259368537,92.86601446343457,51.49156867038779,28.59623519790623,97.97395361837232,144.06123441862258,18.322726547079736,69.96209526407873,32.385382836794165,42.452258423157105,117.57473276473198,158.34128168807914,19.138231461137398,90.059095345545,43.852856481966626,37.40392613082819,123.20422960598357,153.56850489268757,15.156344236372892,HPAP-035,Body of pancreas,ROI3,17.957707826602764,26.09426180327018,32.1309621839944,25.947452839745605,31.455837570186127,54.803266743416174,34.20476842674053,44.58518842119729,113.34633153506002,141.20665940762035,21.382003053761643,27.61231888852657,26.141752055080953,27.649564423234192,18.822400584622237,21.200515176545565,86.49178866070403,41.85062637472815,39.114881618785404,121.31190510542766,143.27734804915585,18.317593671329696,26.85627879933193,33.60186399209638,20.719447061722928,33.13753074021903,25.82545076287834,19.40870648870365
0.99674815,79.2577343112719,79.2577343112719,143.46653172799853,155.50568124363477,83.27078414981732,205.66880422545242,0.0,0.0,0.0759493670886076,271.3595400939499,0.06329113924050633,203.5313243704762,0.11888111888111888,131.03434664239754,0.1032258064516129,201.6382900145704,0.10843373493975904,209.46837470128995,0.09268292682926829,169.0266251216062,,,,,31.1338062496921,41.44016878907344,48.216732603761486,36.44418846934026,51.958873421230734,,54.53137880797872,35.07385968986254,44.338289218753275,37.2890433052046,49.47282412619718,,62.73094818080796,59.28071744198815,29.38878361549273,41.03232641767659,57.703713853023615,,65.4318128611102,53.7349216543468,43.5808131471149,29.34185373000755,52.29912875253935,,67.77406330166697,48.78966378245379,41.55854477741903,37.072694712680466,40.95853536629033,,,,,,,,HPAP-035,Head of pancreas,ROI1,18.686235068408475,32.7040352485643,30.378722137726303,33.828170821321834,32.62863050794367,43.90516548887588,55.59566512154293,33.34289709417739,35.225717742044935,51.20024573041495,22.630680271176423,,,,,,,,,,,,,,,,,
0.99694127,41.12579276007825,105.3221521904443,318.9756609196313,95.2914710294496,18.05522608979045,225.69032612238064,0.0,297.9112304815424,0.0,366.4887447112121,0.047619047619047616,289.3751889848195,0.015723270440251572,341.69022292602784,0.021052631578947368,392.1849053699033,0.1111111111111111,330.68171107224214,0.05333333333333334,326.0552100488505,,,0.05387205387205387,301.2308085173228,40.25196116059914,47.535675854209394,23.467225352395857,55.007154086455586,106.48706452422033,,78.90757733994927,21.611718301939753,29.292357479678,51.01619266578065,118.36221928823782,,72.19303761011966,52.93503621706051,24.102814382344057,47.799152456836914,115.69516455353349,,74.55132874614198,45.56954498967368,24.817477403392257,39.93518445006619,96.76524649229208,,79.9946509562661,53.113826397068564,29.404179629220742,46.51957658536374,116.90550028644266,,,,,,,,HPAP-035,Head of pancreas,ROI2,21.729802816454388,31.229951593676248,31.69391202225318,26.610693236590613,30.963332327453124,64.17867440147035,49.937365646474,29.15378032286005,49.50304940109074,106.33178050780857,24.074214688300472,29.22449281800446,25.351957467111074,27.956997351602894,24.93575473651555,24.994101458919523,90.72106053574569,51.10218162701753,27.329377251726637,56.604416222640886,118.27507049578264,21.62902285010676,26.388169484526205,32.67517361038894,,,,
0.9964359,14.050076148113764,80.28614941779294,206.73683475081683,174.62237498369964,63.225342666511935,120.4292241266894,513.8313562738748,846.015299489993,0.07142857142857142,142.39458874221503,0.2,105.97554276073964,0.0970873786407767,170.1616857598646,0.14367816091954022,138.93730699305124,0.2222222222222222,171.2103968805633,0.08333333333333333,208.71732378432594,0.27734375,77.91661972509831,0.11387900355871886,120.33287165193059,109.78709082647738,34.129915881927985,38.031925849700755,59.878962510184365,49.201063798734125,38.81370798326795,251.68809957160897,53.64407068843401,39.07000563550247,37.95068098399747,58.373536986722854,25.63544506300211,218.62465494598837,61.92074841664076,31.121416902918504,39.946236413565984,62.51245675319505,22.114819253075687,196.69818774638108,56.19628379389604,32.09990873784799,26.281354607874697,57.63443805416985,22.083503490453772,132.8151595289333,60.16385591479943,33.895877770502416,27.448019956241563,52.52221816252955,21.248667883930167,247.62040273950456,50.83610586926051,34.323404626522446,38.32022793650982,61.04229286042606,16.137004527931737,HPAP-035,Head of pancreas,ROI3,43.307820394964764,47.489170552149005,43.423179695574234,46.679739164414876,39.06101971157979,159.00988983598313,54.767960961122256,31.097600165977294,36.42915153349661,55.772455455571475,34.51513633646435,24.338020081359566,21.34633465735199,20.431127371326788,19.269576837346516,22.210585292381342,203.6673814355867,58.66669446445841,36.31525414030442,41.34447817899353,66.67008016240496,13.796443753663794,21.469789577305036,58.374029797083416,21.695376254274606,52.82992430532826,17.55625325796279,23.193275214594685
0.9911673,25.222785120092407,24.21387371528871,3.0267342144110887,18.160405286466535,41.36536759695155,0.0,120.06045717163985,0.0,0.48,20.8806130178211,0.625,12.902019706710776,1.0,7.280109889280518,0.5,19.287514588277276,0.6585365853658537,12.041594578792296,,,0.5042016806722689,19.1049731745428,,,47.72484161257464,65.58437967909765,203.04236794334673,89.62377027049791,32.888844349484394,39.35808841538831,83.4872952171432,55.5183723479814,150.69393182679846,89.88398343476197,47.89652847138534,32.925275847572486,55.120738531211316,76.03345472401445,111.81918842812473,106.50409994646523,22.628618602231796,21.046745673099473,56.42492019316589,67.036305540488,270.76877824543556,27.268345836869194,72.9587652644417,24.363821024922135,49.272477354607,74.8308368160058,202.05485300310974,112.2689365373111,43.135955143352206,36.70941612302636,129.4399639802396,91.52734410119196,247.7900063459667,124.98206708438767,82.55901600373478,22.46189590177809,HPAP-035,Tail of pancreas,ROI1,,,,,,,,,,,,,,,,,,,,,,,,,,,,
0.99131465,30.2628433995731,24.21027471965848,2.017522893304873,1.0087614466524366,21.183990379701168,0.0,0.0,213.85742669031657,0.5333333333333333,14.562822602497734,0.75,13.446221994724901,1.0,5.216990566028302,,,0.5714285714285714,14.317821063276353,,,,,0.5801886792452831,15.394256109366886,49.103638096353585,53.101431941601064,471.1822943189153,,62.97817830269566,,22.868168454321825,27.19986648022976,443.9716738040945,,67.66466515480928,,88.91509983633362,139.2561284869769,227.30608915898225,,167.3412926008353,,,,,,,,55.08736958020624,111.26284221219844,531.1145636137821,,113.56558552922955,,,,,,,,HPAP-035,Tail of pancreas,ROI2,,,,,,,,,,,,26.394814285058274,28.375793865009207,37.05308302799966,,20.27459745213831,104.92029855322137,137.54588664700137,507.8609137672146,,102.37462885099592,23.29790084745795,,,,,,
0.99454004,21.115288722086508,24.131758539527436,2.010979878293953,18.098818904645576,45.24704726161394,0.0,38.208617687585104,74.40625549687626,0.42857142857142855,27.65863337187866,0.375,25.652946437965905,0.0,46.22033901376084,0.3333333333333333,33.409704155313136,0.4222222222222222,22.825424421026653,,,0.8157894736842105,7.9362537121026016,0.3783783783783784,26.438581077317814,81.85633118998176,70.0421763637171,348.19384865511284,126.06264654288383,105.49931991121221,210.4760812405183,83.40774591832731,109.72399550045512,300.76215409646636,134.52494474980352,73.05618930717188,326.6349923345114,84.8461231821072,112.98596799317497,459.0949601558788,77.07874676926407,64.4163960257744,173.0006005768633,109.39215212541419,112.64220484458855,303.58355750928047,90.4876379644509,81.14895308374537,255.77495745605313,104.75760290338859,103.75857192710431,280.51418820185495,135.92026896082533,54.46562323372068,299.1689093647455,177.77426726265338,148.8995910382959,360.92828713690534,120.23177487820254,127.06950852308589,27.22877659396239,HPAP-035,Tail of pancreas,ROI3,,,,,,,,,,,,58.08647482263692,57.35136110542421,79.44531143770453,48.618847420731754,42.5120031289048,119.22790890404607,106.75001888204943,346.04272883373005,117.08197369952802,58.10916376831934,42.40880352562565,,,,,132.9083853061,410.73821923046285
0.99581164,36.15141509696535,9.037853774241338,41.172444971543875,184.77389938448957,145.60986636277713,34.143003147133946,753.1544811867782,49.20609277086951,0.3611111111111111,36.84807682497076,0.2222222222222222,125.09996003196804,0.36585365853658536,45.17742799230607,0.483695652173913,20.759142264341598,0.3724137931034483,37.57658845611187,0.38235294117647056,49.728680647200875,0.4,38.04601057340798,0.3469387755102041,40.311288741492746,51.08497272728633,130.35495953769063,55.58275617059342,38.51144478303408,36.38995658760069,15.1037204223229,97.56810787548132,188.12875637973733,54.97278050658208,58.1721706088609,31.57878624830352,19.543501661395343,77.90299977552401,155.90071339365699,69.23807609160733,36.67707739170522,62.87024492296354,24.044160544840985,83.16754814651307,167.94648669766133,86.89136643561923,27.265240998911295,37.05836817263466,15.870066540789528,67.5888982738776,139.12704433478177,77.43719864643954,31.04145526502644,22.71117284574187,19.21304327792988,97.28063277493733,170.0515457958862,84.17846036993248,33.97165422039397,48.87875820091728,15.437957950931711,HPAP-036,Head of pancreas,ROI1,61.7922776310684,50.45014953057397,82.75126507539858,83.57094708936924,67.91986450456162,71.93194844319098,115.03828588590044,64.98305806807541,39.86269631256795,54.49039468557132,63.156453132405346,94.73169707604573,69.04712564607301,86.30007963602081,79.04825534918483,75.29838779122133,115.22982377103371,148.42643892191091,93.14444427876623,42.14644623391282,49.22067531744453,55.675386767541184,63.14781221872934,75.24556464786654,15.004166342985211,88.28695962349313,73.38743180548147,20.524847019135574
0.99500763,12.060208975276423,32.160557267403796,9.045156731457316,213.06369189655013,164.82285599544446,11.055191560670053,592.9602746177575,0.0,0.5,32.302843268015764,0.28125,70.71599528599997,0.1111111111111111,61.29437168288782,0.21226415094339623,60.463092423455635,0.31097560975609756,56.69653176433802,0.2727272727272727,78.77182237323191,0.19152542372881357,75.07993847632906,,,90.51876569281299,62.61861049351707,166.6712365271792,32.2476171399894,40.359603401824884,22.921408590476304,120.18638746158814,61.157120702263654,190.55737909740026,30.457485951912716,32.06827176240841,22.62844875759836,127.52050616619202,70.08127666764145,142.10850249030807,41.508260383117815,32.585505897987076,34.53432886956209,142.3551960645313,90.9031143023616,210.27496026770928,28.625560535454607,31.803246931753257,21.90741420028269,135.57543570862015,77.79541661976187,226.29695692611998,28.05201806339712,27.753392406966192,23.245338723465835,159.25512106991647,91.78388861753223,235.76000293983074,32.851741285708755,42.67622107282769,15.483380354955708,HPAP-036,Head of pancreas,ROI2,114.9862006699433,115.66288110420162,110.70951884176661,154.33898540514292,146.6286159712534,132.34110712244592,67.18276010233745,131.69943816050036,26.572238173833377,33.58637678299874,122.39135250150045,,,,,,,,,,,,,,24.269257486260393,200.81081549816315,,
0.99429023,9.051683004002896,14.080395784004505,10.057425560003217,150.86138340004828,139.79821528404472,6.034455336001931,0.0,486.77939710415575,0.2222222222222222,59.80802621722272,0.35714285714285715,34.801928806630045,0.2,115.08618560014519,0.17333333333333334,73.72655535104647,0.2302158273381295,71.02112361825881,0.16666666666666666,222.29842735787742,,,0.16322314049586778,101.43944561737912,238.488314322532,150.27167578400662,155.06521126238792,31.861636984479414,29.718779248396306,,102.39765398049983,71.77353967636199,112.54113750727822,24.15875341757885,40.47945720385772,,135.45138265888787,180.90982591902684,170.09346612904721,66.05103241718135,59.244982104551596,,123.6133406765387,110.40692533976315,166.3434417873492,29.558974346467153,32.295737957287045,,129.7302194611327,139.18417688893277,160.95026159967063,32.248918951166374,23.48485797430573,,,,,,,,HPAP-036,Head of pancreas,ROI3,303.0041406995716,176.27113035866478,211.61568857971477,245.3652346101913,217.76819988907934,390.03675991882847,430.680981509306,163.62622560568457,33.49243745602849,21.49949122725088,186.22901911660986,20.172991032255865,27.814486359562107,32.58184022107006,20.39208616602165,23.126137278938188,142.31947720705926,185.1547859018209,173.92653184251859,40.50685847487637,44.15623238957876,16.091416569403794,14.38202460922296,230.9250393083447,,,,
0.9929075,5.035715692141011,121.86431974981247,82.58573735111258,27.192864737561457,93.6643118738228,6.042858830569213,591.1930222573546,0.0,0.4,63.56099432828282,0.2231404958677686,71.34423592694787,0.14634146341463414,96.75092619752095,0.14814814814814814,108.74741376235114,0.2903225806451613,70.34912934784623,0.16666666666666666,133.51194403530047,0.20442930153321975,91.92388155425118,,,124.99259271954892,40.04771247454882,67.41143329811472,205.10406384893565,50.162953381342675,13.106777353978792,240.9069058467892,32.37926622123745,55.69382692628687,93.01977461933346,48.23460092104902,23.244113285358576,316.95649631042147,49.82849687406728,40.82383915358176,99.71561804668242,60.09474074481119,18.616025947001297,317.686026417023,44.84666772256733,63.1458749345861,90.41842035609781,69.6253377944816,16.08525608258002,228.96175929126548,43.31956988149997,66.4572628273682,103.19302771870498,45.46611217933012,16.948214799245342,285.7550349155901,45.99400696870664,56.798524356052496,84.92830586413845,46.8864748970758,15.98167743031339,HPAP-036,Tail of pancreas,ROI1,171.7642591548943,232.508708117353,258.69686591072275,204.37156712218342,195.7095545469989,270.64882653995494,27.971069941946716,94.20872152439964,91.42476107439857,31.09371239178737,64.47352972912357,,,,,,,,,,,,,,21.83231274406809,232.32350416525327,,
0.99055463,19.181173264004407,226.1359374282625,71.67701588127963,5.047677174738002,41.39095283285162,9.085818914528405,0.0,315.98459113859894,0.15789473684210525,83.24061508662703,0.22767857142857142,104.25301188499012,0.09859154929577464,111.35977729862789,0.2,150.86417732516887,0.14634146341463414,125.29964086141668,0.0,104.00480758118829,,,0.16932907348242812,102.48902380255166,112.18646228893928,26.12755018046679,55.8076125521177,264.1689413892525,80.91463079854024,,122.94835009802787,30.330894634642547,60.402265437333995,253.411852638163,72.4209969780804,,108.0551048027325,33.08109181111354,44.716844528663565,225.81034525231786,76.30806307672825,,151.18939429867453,30.37026787867044,18.38163241624407,365.08017678968946,71.65446654715151,,101.13535087587246,28.92760964688288,65.89523454736481,227.80348745994644,77.0576651079202,,,,,,,,HPAP-036,Tail of pancreas,ROI2,192.43730381840916,180.06524181290635,142.16768530488304,188.01330720979996,149.1837374734647,99.57389694928968,32.38177296413932,34.47951259440104,318.9296053947584,82.12916622256796,120.24442546437113,24.098376130021162,28.215279455359713,24.8949068773771,16.86370571554067,22.537538633945523,104.5910912256795,33.95910024150098,57.15093819570672,260.41031293124445,62.67573309373774,20.737145168567164,33.46108412377884,161.85070980531262,,,,
1.2021902,1.663630318476441,18.29993350324085,0.0,69.87247337601052,28.281715414099494,128.09953452268596,0.0,199.6356382171729,0.5,167.58202121974267,0.045454545454545456,545.2913546338309,,,0.0,668.1080458370868,0.029411764705882353,635.1979920471781,0.012987012987012988,604.637074388937,,,0.0,666.3204876723621,355.80051093842206,92.15252906826812,,112.70754603063875,72.36168052883805,,382.37893506954174,102.40390376596712,,47.19494712450468,85.85607088900979,,,,,,,,482.40662679312976,128.95042666135822,,42.06335534120073,70.34455031871565,,484.58510966684935,153.21019983502896,,41.01367615558891,74.34871547271571,,,,,,,,HPAP-037,Body of pancreas,ROI1,67.58788822004439,38.09858284080443,,34.81852449001636,40.0088643017237,388.3500319707015,123.2312891795458,,58.442717684363345,100.26479947446668,33.110737544023635,33.02419455087864,134.87926679314566,,139.13744079379893,141.47220700725472,415.58645189865797,94.92191580790848,,70.51608595330603,146.71888260434537,11.183503853729121,97.28276422233688,43.380019129834764,,,,
1.3130759,6.854135392681118,30.462823967471635,0.0,44.17109475283387,22.847117975603727,15.231411983735818,470.65063029743675,167.545531821094,0.1111111111111111,345.85835250865347,0.025,405.7704273975898,,,0.05172413793103448,333.74522255061305,0.13333333333333333,222.5197908947835,0.05,356.4004045947164,0.05825242718446602,320.65370903225255,0.0,368.48201038804245,253.84591162336605,108.4237016678459,,59.0006096073961,88.04812816905975,18.261913913051142,177.58000835980164,77.16552390951223,,69.38041140804864,95.12283803088887,20.855027306294474,,,,,,,180.9589796871815,78.53730216713785,,60.1892101180851,70.19827207787868,22.73197854047197,192.24612555958856,94.02813104454972,,68.12411429788409,103.32999072195477,22.06302302118811,164.69730968415803,87.3235893715692,,72.59640277119894,90.56873689045341,17.224207670299585,HPAP-037,Body of pancreas,ROI3,164.10715276588692,111.61446137638984,,128.22196608027105,126.15897897346237,183.29279685328996,69.06289711935156,,53.532793095357334,95.11207787818248,129.42147507161357,160.42070746275613,131.08256532353346,,147.9576943774303,130.69464689307193,212.47357354612768,113.31953288257475,,143.82032881175337,146.67466365019746,10.469024969235914,114.3279582827621,133.2884244815718,20.31693605353872,115.59254390990695,135.0706790153625,59.20825869052324
1.8307315,2.184918965840911,16.93312198526706,0.0,12.017054312125012,21.302959916948883,127.27152976023308,501.98513240194933,144.75088148696037,0.25,280.60416881559644,0.0967741935483871,170.79227148791014,,,0.13636363636363635,208.79673878485806,0.1794871794871795,162.19741058352318,0.12875536480686695,172.96531444194238,0.06311207834602829,216.34232133357543,0.06037735849056604,241.7788245483876,216.19746559194556,66.0613151485723,,173.27657576280285,96.7622691111162,38.05868356964778,270.5415031994461,107.00449930441056,,193.90970209686208,99.10428830574139,25.443802134237902,,,,,,,340.60462163067325,148.45964487084476,,105.78833163851328,93.98732983189541,19.03013529454921,314.6054628131748,133.11759886853892,,148.37656404318548,126.64782830507045,19.13305642036907,344.3413224189339,135.25894960270526,,166.39267390277712,98.40065598984458,16.76600190490143,HPAP-037,Head of pancreas,ROI2,55.467920307825906,43.32407238593919,,40.45988006032138,41.51686888025547,342.3111541963014,127.47422385962403,,151.27841547215428,98.23909346852595,20.597696907991548,87.46386903359885,76.52910968489415,,112.8117637165216,99.08732422882088,271.34925219353426,97.87424776964163,,178.65808414635154,104.37959728765367,11.727538371286618,101.91569950566706,69.38274416350622,26.750291982760693,54.56924313952896,96.98213551916635,33.999911904440886
0.9918102,4.033029696125209,21.173405904657347,0.0,1.0082574240313023,43.355069233346,458.75712793424253,245.00655403960644,0.0,0.5,140.3563934098912,0.19047619047619047,261.2374398894615,,,,,0.09302325581395349,194.0,0.1076923076923077,186.48860555004427,0.00823045267489712,244.00819658363937,,,312.0922524826037,107.04404476806275,,,64.99827950652639,163.52244851777107,289.1368880332954,37.71666543838998,,,69.1929917605303,38.863872498874706,,,,,,,,,,,,,312.9430330872335,102.81401552879883,,,62.23998601544103,43.27734930487924,383.42832899260003,113.23028098498958,,,92.10401410079021,17.38920811355251,HPAP-037,Tail of pancreas,ROI1,19.617634908890928,36.07696014598904,,,14.64912345424553,229.28163203373546,108.24179308057805,,,57.704698972316635,14.725979115446966,,,,,,,,,,,,,,78.9963705676268,30.308590678371,,
1.2746818,1.5690190208257777,21.181756781148,0.0,7.845095104128888,43.14802307270889,433.04924974791464,0.0,120.02995509317199,0.0,406.3857382862829,0.037037037037037035,514.6571674425608,,,0.0,466.27141491306554,0.01818181818181818,462.91359884972053,0.021739130434782608,516.8938728562892,,,0.0,527.1366046861098,635.2820533128576,68.70136659589207,,111.13184915325131,47.43121084446885,,288.2406674322906,82.62071833280184,,155.89470189254953,43.272672713674204,,,,,,,,274.2221779995493,101.63304321759975,,147.53095430823515,86.44397630422003,,257.59041183810734,56.419594467789324,,146.63386014043556,33.13193225738373,,,,,,,,HPAP-037,Tail of pancreas,ROI2,30.36650708827853,15.849475773919885,,25.51551985471243,13.867890683733904,325.16497668362445,63.717566190101046,,136.49665470710437,44.75461951960823,13.379545829966903,109.44904044918133,36.20494772666418,,45.43910987772443,33.466695080422284,396.9850303308365,65.123983860011,,115.78487470047412,52.15079045337994,17.638112492609835,28.651089188813398,14.220946491940337,,,,
2.316274,1.72691146422029,13.383563847707247,0.4317278660550725,31.08440635596522,20.72293757064348,394.5992695743363,0.0,0.0,0.25,278.79929035308305,0.0,276.39102735074454,,,0.013888888888888888,340.36629267116933,0.08333333333333333,240.2998957787552,0.016411378555798686,310.27567782565336,,,,,173.75639764937455,88.50737138551415,,62.43625659349735,70.75530235188096,,309.93704285286873,80.73890090580869,,50.57197147637645,76.27668534072995,,,,,,,,290.2175724405084,120.72103679617065,,57.37957743698933,87.85868229442949,,261.0382428040508,92.35531728163923,,63.48121675598401,62.243181675977006,,,,,,,,HPAP-037,Tail of pancreas,ROI3,13.203369013426236,16.877076613093955,,17.47588793793539,14.828816567626621,331.90392117700355,96.0915528395341,,69.53295014249957,80.84587502484985,14.353076073072808,,,,,,,,,,,,,,,,,
0.98363465,106.7469511413651,125.04642847988484,1.0166376299177629,23.382665488108547,78.28109750366774,0.0,0.0,504.2522644392104,0.1619047619047619,186.48860555004427,0.10569105691056911,174.62244987400675,,,0.08695652173913043,246.9109151090733,0.22077922077922077,169.72919607421701,,,,,0.10887096774193548,197.11290559805838,35.31547053594059,38.7333082548003,,107.24337849067611,55.516943714514625,,38.49831199530516,28.0660397128711,,99.04152760845847,56.441383632860585,,,,,,,,32.4925275953151,40.16077632573074,,87.92270060133676,47.014966305290834,,38.78461215102472,53.454579563004856,,107.18763072535532,41.84640659383063,,,,,,,,HPAP-039,Body of pancreas,ROI3,,,,,,,,,,,,21.454968498446494,22.147376218693076,,18.44253019173505,21.02680476111036,43.89147167225988,45.44841608243861,,107.24996011721325,55.457221196193906,15.492169380373065,,,,,,
0.9931353,136.94005603753922,142.98152909801888,1.0069121767466118,25.172804418665297,155.06447521897823,0.0,0.0,348.3916131543277,0.09558823529411764,268.9961192877075,0.176056338028169,257.9183338856068,,,0.0,259.3067681338071,0.11038961038961038,167.69489411736026,,,,,0.02601156069364162,155.95798493090308,33.11146124622996,37.40587267938126,,100.8450693215148,40.48209706138758,,35.77361176104518,27.246776893747942,,86.51421603111879,33.950559628221654,,,,,,,,39.38823667145571,30.51383565365713,,51.81462980218776,28.679798813820526,,39.97251711080604,36.58804108602163,,87.36982685460447,29.82415250576993,,,,,,,,HPAP-039,Body of pancreas,ROI4,,,,,,,,,,,,26.215593946664846,28.27660777036687,,25.406098633681985,27.27928046465091,38.80218317668852,49.84815500895031,,98.55819928207478,37.572348745662836,18.540794274156383,,,,,,
0.9950989,134.6599835435651,226.10818132315032,0.0,14.068953504551576,71.34969277308299,0.0,721.5363297334308,489.3985969083298,0.11194029850746269,164.72096008950547,0.19555555555555557,144.00347218036097,,,0.14285714285714285,210.3705804273789,0.28169014084507044,141.90489773083945,,,0.09192200557103064,167.47789316648917,0.04722792607802875,178.89941307897016,36.969705224471866,34.21391521030619,,131.8775408651167,58.39955280883638,21.59275918132003,38.854892145898994,22.82916198726164,,128.50249916665354,50.08475374847888,20.987596104314093,,,,,,,41.971045343683954,39.91455511056239,,158.69915292660116,51.058906750467614,16.034298563721997,36.958170040552346,27.605574438406766,,109.74334670965813,51.95314870820365,19.4595102566297,43.280642416656335,36.539857565857105,,127.83116509122124,63.45783369848793,15.965967136720362,HPAP-039,Body of pancreas,ROI5,,,,,,,,,,,,20.536746221022142,22.27663421851784,,20.594888398725942,26.735321971830988,40.48185026549248,33.65535880087306,,122.67538465397205,65.31860590124191,18.84096570607143,,,,,23.76345209921812,19.61092977204234
0.99428135,149.8569793804106,235.34586023500725,7.040260776260901,53.30483159168968,365.08780882610097,0.0,0.0,34.195552341838656,0.006711409395973154,498.16162036030033,0.017094017094017096,599.6461060127533,0.0,579.9284438618268,0.03773584905660377,507.98622028555064,0.0027548209366391185,464.4620544242554,,,,,0.0,469.87266685836596,32.429197868011705,32.27685973663092,211.51595181722587,76.3398079845178,26.921875562759904,,44.43618720290831,24.356262153296164,175.9004729723771,70.08484847148277,23.689523735878524,,28.012868210776112,17.237189431243074,240.68450814634278,50.77938575051647,22.799961151338476,,40.21710670538512,28.02207132028074,157.08702096207583,50.47732440799977,26.607488566331632,,37.94966225064301,29.264302282895404,207.4452618855715,62.328155271837964,21.50495455195805,,,,,,,,HPAP-039,Head of pancreas,ROI1,,,,,,,,,,,,105.46101271135173,111.3353955837402,94.92329368612882,117.49955293568443,116.97235546479843,44.81037879190957,32.91368333185155,169.19563280292505,71.53353661711216,28.737124171580426,22.977884631059368,,,,,,
1.038703,103.975827220819,123.23061003948918,0.0,73.1681747109467,237.7965678105768,0.0,170.40482794523115,98.19939237521794,0.06481481481481481,132.28914758892662,0.15625,150.2666413570082,,,0.09210526315789473,186.10611057354475,0.06477732793522267,152.73833834371774,,,0.2542372881355932,96.60745312862771,0.058823529411764705,139.5540029630495,44.52506678518934,42.345326344175795,,61.204964268856614,27.255410395617808,58.35539271199064,42.405452363098945,28.843501036521076,,58.87163700488296,33.193207013919675,57.108205668923794,,,,,,,49.52826978633102,42.923628639260805,,34.713417082188656,28.941708992890266,65.63269677626633,44.97467203171576,48.04443459248383,,54.511260013980475,25.283595889019125,60.71723709249954,51.30712320164778,48.32019420207823,,63.950649448077534,40.01466573071295,16.7679414665622,HPAP-039,Head of pancreas,ROI2,,,,,,,,,,,,53.92200074721816,52.18821807723328,,42.21748081393449,48.46174423572369,47.04102082281321,50.85683369150318,,59.68980080585396,31.06136312666107,38.70370800903303,,,,,47.156228690406444,42.303457158515904
0.9922481,92.71874477576087,82.64062034361294,0.0,21.164061307510632,165.28124068722587,0.0,385.99216575126536,0.0,0.043478260869565216,299.20048213252863,0.06097560975609756,292.500424915002,,,0.047619047619047616,380.0907786305792,0.024390243902439025,333.3490370814022,,,0.12010443864229765,173.65770930194836,,,35.82154449547209,54.238926751200445,,93.48985395804281,34.13562062561306,34.32977738656439,48.31104383941807,43.588656991929696,,102.1003317167615,32.29392751931892,22.615850284416336,,,,,,,57.05699044253295,66.03191089308734,,117.81962537736078,29.96183070457826,25.321109251624648,43.92832915811331,45.734989282410424,,87.0665222756241,31.598647570620223,35.10067471457778,52.749677166025755,51.93711363150066,,95.21180214072203,41.048995499515385,15.23148447315795,HPAP-039,Head of pancreas,ROI4,,,,,,,,,,,,,,,,,,,,,,,,,,,,
0.9947803,88.46174358182834,213.11238226531376,4.020988344628561,7.036729603099983,29.152165498557068,0.0,0.0,0.0,0.20454545454545456,200.6802808394828,0.2028301886792453,154.81940683113055,0.5,18.42297357074367,0.2857142857142857,108.67382389517726,0.27586206896551724,198.2952344359289,,,,,,,42.42101911577998,31.18925465599569,232.70460439594007,156.21320543686738,83.3588828469659,,47.23241466319459,20.61317845950631,193.34135034230127,122.04655597769012,79.57835476371542,,56.63451086355169,12.079147581646419,351.2838044551029,107.90996850438498,70.78147294134475,,33.93459381000169,17.566687780588072,153.76828349408675,163.9856481151494,79.09293368714555,,43.05133990140864,29.333729961444146,206.24256307763062,177.36606513310628,91.44721041907249,,,,,,,,HPAP-039,Tail of pancreas,ROI2,,,,,,,,,,,,,,,,,,,,,,,,,,,,
0.99402964,114.68470886637624,141.84687675578115,6.036037308756645,80.48049745008859,106.63665912136739,0.0,393.348431287308,0.0,0.11403508771929824,298.7129010013237,0.1773049645390071,261.7728022541685,0.16666666666666666,188.35145476926112,0.05,261.902464994525,0.03773584905660377,331.2824292433845,,,0.11253196930946291,195.68597292601225,,,40.47982639470585,44.191338695811666,223.78611529280022,53.21895572691796,48.44999863554123,25.927965718044277,41.65524212901495,25.57304804617502,181.73508145478013,54.125789178808674,43.65220995554219,25.281420657233824,37.413516824336526,32.071168813598156,256.9123163520096,35.24981736433321,46.22825309174473,29.045752540956713,44.43050767613718,41.18246256980085,198.46924518189502,34.97099339626487,50.987229432767535,22.83991408519698,41.50949332062005,33.97444675738097,199.09646090336037,50.82063568875437,32.58398794031544,28.286019124790716,49.057674615992866,51.29349611206399,167.3015599285111,52.89127383508391,60.995597320438826,19.36200432677431,HPAP-039,Tail of pancreas,ROI3,,,,,,,,,,,,,,,,,,,,,,,,,,,,
1.0965827,5.471543794507154,12.766935520516693,0.9119239657511924,46.50812225331081,32.82926276704293,135.87667089692766,263.5460261020946,0.0,0.5,29.507013713173215,0.21428571428571427,77.3503835404867,,,0.0,175.0,0.19444444444444445,140.4423484075047,0.21476510067114093,137.78606605894515,0.11418685121107267,167.72596698186004,,,44.43495387433276,36.392427659689304,,132.65199308633925,67.5573244083271,35.001010187718876,205.481576828034,113.75081134378334,,96.32967365028458,60.018585530176175,44.21339848940748,,,,,,,384.823896186398,137.17235167034133,,56.40874631838178,79.00908039792685,29.650195019166635,262.6064742369407,146.73962692305105,,65.54428206254173,64.50927602728022,33.612506005665324,378.88010847508053,161.04464918968543,,66.03862153002619,86.39492158932674,20.29222697376988,HPAP-040,Body of pancreas,ROI2,19.720766364779728,17.383731849655703,,55.173321932130655,37.58286310965535,210.84442252961892,96.08931085721194,,93.51339519134095,71.42675390018293,18.99576044162833,,,,,,,,,,,,,,41.22815478353705,64.32563011859041,,
0.9921516,3.023731399073698,18.142388394442186,0.0,46.36388145246337,39.308508187958076,199.56627233886405,277.1753782484223,0.0,0.0,79.2464510246358,0.2222222222222222,108.22758722782112,,,0.13043478260869565,174.01889714917897,0.20512820512820512,119.21828718783037,0.29797979797979796,67.69785453805129,0.02181818181818182,186.27130750601393,,,47.472940910238485,124.9593690407727,,79.48240124477448,39.823350542964,21.607169091235754,345.10729198287174,99.06225168333872,,87.63509427580578,94.91267403392061,39.09314806425599,,,,,,,363.57156097872803,98.01481055596335,,55.83188568822855,85.5341419659416,24.219931200902327,248.3399528911954,94.21405054467007,,59.19085515772278,57.11292860001425,43.32072085853679,354.15046417268104,134.4223184071527,,59.71479645493602,115.50504437820652,21.681115628621566,HPAP-040,Body of pancreas,ROI3,29.024939031783966,43.68878446125534,,48.90089903885081,26.920348610212535,310.94673839512313,98.47007737726622,,61.68800670279772,48.41539670000941,17.065677302451004,,,,,,,,,,,,,,54.568804927580004,102.47550032785426,,
1.6021312,1.2483371778032033,23.094237789359262,0.6241685889016017,23.718406378260863,36.8259467451945,573.6109332005719,0.0,0.0,0.0,221.97598146212596,0.10810810810810811,196.60366222428308,,,0.07894736842105263,170.43917783620293,0.2033898305084746,153.57408635573907,0.056583242655059846,235.83468786419016,,,,,1092.3625042578233,130.75228964935854,,99.25645544884458,107.69515621703229,,462.17335297650726,83.21252495799837,,137.91322590032289,77.45192687799695,,,,,,,,525.3965472283309,105.47646324207948,,68.0031889263143,66.78875084589315,,512.1058914165682,105.06077163388134,,84.1192295946023,72.9935914065826,,,,,,,,HPAP-040,Head of pancreas,ROI1,15.232435173594158,20.771572958017984,,22.797119105513588,18.576347613979856,436.30163785462537,100.72243475078737,,119.61730731955136,87.23811574696992,17.489649983994017,,,,,,,,,,,,,,,,,
0.99441606,2.011230594862611,37.2077660049583,0.0,57.32007195358441,49.27514957413397,757.228318965773,0.0,0.0,0.0,503.99961287430153,0.08108108108108109,512.0703076726867,,,0.10526315789473684,302.00165562460086,0.08163265306122448,439.110464461962,0.02656042496679947,366.5528611264684,,,,,686.1322865467163,86.68415617316072,,132.6755844177826,130.37593908054555,,367.22084802301737,70.99087617480653,,79.52997078159545,70.26244708756609,,,,,,,,548.1984918969974,78.73893578474069,,53.95168645857312,76.0779495555518,,322.81843503299586,72.9051088098138,,73.39156991405348,51.92748196735261,,,,,,,,HPAP-040,Head of pancreas,ROI2,10.783980094827658,18.815506781889706,,20.274995022552435,19.070377528001067,352.84044379008026,85.45349875485405,,70.25149650842796,78.23706456960541,15.466495962370386,,,,,,,,,,,,,,,,,
0.9939022,0.0,24.147244914995653,0.0,56.34357146832319,68.41719392582102,1035.3131257304387,0.0,178.08593124809295,,,0.041666666666666664,183.32096065145075,,,0.07142857142857142,161.4202364765054,0.08823529411764706,178.56003573022957,0.062196307094266275,187.25650856512306,,,0.0,286.6251907980176,,,,,,,,80.91446278653777,,67.24366526552866,57.93499876242611,,,,,,,,,110.303157321467,,56.504677123587214,61.51701699496938,,,93.03012560296533,,70.38531280042008,54.17185451050837,,,,,,,,HPAP-040,Head of pancreas,ROI3,,15.975418226262143,,13.855914709633009,13.69422985199033,,103.99587934806347,,66.47455819835349,56.160143526237285,14.287961561069569,,140.35865330748013,,167.66531911861287,113.84801251154167,,131.40626195933567,,148.41605118304867,52.54587799440004,13.653029420522035,173.0439710003337,37.46506820785383,,,,
0.99436486,1.005667077112458,18.102007388024244,0.0,53.30035508696028,45.25501847006061,63.35702585808486,0.0,0.0,,,0.16666666666666666,60.25889489530157,,,0.39622641509433965,34.713109915419565,0.37777777777777777,46.17358552246078,0.2222222222222222,72.44308110509934,,,,,,,,,,,,94.87530699570982,,56.21044218744943,77.74543177321767,,,,,,,,,99.2154710411704,,61.86806818507719,73.4089096092954,,,106.87335846336373,,59.91653826081294,51.80121371421888,,,,,,,,HPAP-040,Tail of pancreas,ROI1,,72.31851548202701,,52.17661240885206,65.01591916156406,,112.12275873032935,,57.380389328017884,75.72872346865222,41.98125567887319,,,,,,,,,,,,,,,,,
0.99293274,1.007117564829845,45.32029041734302,0.0,96.6832862236651,51.36299580632208,87.6192281401965,0.0,0.0,,,0.022222222222222223,642.0669746996804,,,0.0,576.4710867266824,0.0,452.92162677443434,0.0,532.0939766620179,,,,,,,,,,,,69.83444186171505,,44.862019895426855,90.94444423443673,,,,,,,,,59.73735335514587,,48.71220307207614,62.11119384853496,,,84.56803377376416,,43.45748630846914,52.024183445056146,,,,,,,,HPAP-040,Tail of pancreas,ROI2,,53.612637674834716,,45.397997462612906,40.82183773277042,,66.42634428274324,,42.61413905222498,60.057289958791245,46.022927792049224,,,,,,,,,,,,,,,,,
0.9929309,2.0142388779476037,28.199344291266453,0.0,39.27765811997828,50.3559719486901,94.66922726353738,0.0,112.79737716506581,0.5,180.70780122429142,0.42857142857142855,38.401619888993594,,,0.4358974358974359,23.706539182259394,0.32,69.63021132648572,0.30851063829787234,53.75939964415504,,,0.23214285714285715,58.40995827644777,413.02736300071456,45.42571747579376,,127.81141328062145,91.74991820385276,,602.8805110376019,50.66694135577357,,69.70175456941391,41.84993098016385,,,,,,,,429.59549420083596,87.84112080679118,,75.35742816446152,76.44098831745686,,452.1741048104147,97.9588902540657,,75.83981745297845,39.51378438482115,,,,,,,,HPAP-040,Tail of pancreas,ROI3,105.62666744222304,42.20404237038394,,40.68545758400239,44.29883330669726,530.9996704623136,89.76100391090097,,76.71449649668259,70.03275768468899,28.15912515841027,75.79033886706475,78.31769462267695,,115.18077120862378,135.04349451491504,281.10862202917593,135.35191728034704,,107.16606646594448,91.26007861858272,13.754625344702044,110.08678523388932,69.39761800920806,,,,
0.99507034,0.0,0.0,3.0148622511232737,54.26752052021892,20.099081674155155,5.024770418538789,318.57044453535923,36.17834701347928,,,,,0.3333333333333333,86.09297300012354,0.14814814814814814,121.51607162157637,0.2,221.4960243297249,0.0,432.09836843015273,0.0914826498422713,294.7829710142701,0.4444444444444444,89.53113678618601,,,,,,,,,,,,,,,434.8637227600046,107.82023492693712,193.9483137988683,45.6487970229068,,,259.24481349217217,33.01232292276415,76.34267397620604,27.242746205187764,,,241.30861246159122,48.51218759393255,64.64081765198141,31.28261284556578,,,291.210330272385,77.99100108346694,115.59578314699,20.566602057090225,HPAP-042,Body of pancreas,ROI1,,,514.374750021905,295.8498451209838,323.93800578678963,,,423.04800590750114,69.64949616888816,109.12911809987135,39.380009283582844,,,200.36586875223082,121.87228588273891,129.7949349481852,,,357.56192970903874,35.18989808959287,61.3212216328801,13.239004841551704,128.22577415482942,272.4536259836107,21.10906411020735,239.2196801814259,138.1719554375063,45.24076280701682
0.99497294,0.0,0.0,0.0,0.0,0.0,0.0,0.0,398.0007720658801,,,,,,,,,,,,,,,0.10353535353535354,125.86533850948028,,,,,,,,,,,,,,,,,,,,,,,,,,,,,,,,,,,,,HPAP-042,Body of pancreas,ROI2,,,,,,,,,,,,,,,,,,,,,,17.00090682605689,,,,,,
1.1526042,2.602801501125534,0.867600500375178,1.735201000750356,42.51242451838372,13.014007505627669,25.160414510880162,0.0,0.0,0.3333333333333333,246.84002916869053,,,0.5,152.62328512527355,0.061224489795918366,157.54364474646383,0.06666666666666667,177.81451009408653,0.3448275862068966,80.05623023850174,,,,,291.7257050210146,,265.5292343435012,73.14839360630808,114.97684109750297,,,,,,,,219.26879727475813,,542.0298239980581,88.67262498995004,204.3461452751958,,321.2244225028411,,279.2531554295287,52.67318753433087,125.19048730175345,,308.2586656165834,,305.65098869193974,81.95229141663265,103.19985038204564,,,,,,,,HPAP-042,Body of pancreas,ROI3,49.597707729092434,,143.55942039677245,103.04070349589588,111.33169606356083,229.84331350662129,,301.4682155707255,57.27546774053301,127.45555248754523,27.550522557668053,,,,,,,,,,,,,,,,,
0.9915868,1.0084845780246363,2.0169691560492726,1.0084845780246363,56.47513636937963,18.152722404443455,13.110299514320273,0.0,188.586616090607,,,0.0,464.89916699929336,,,0.07142857142857142,706.6650351600586,0.2222222222222222,585.4148167164255,0.07692307692307693,752.5370422776542,,,0.0106951871657754,642.3153431142681,,,,,,,,1027.0355852643277,,62.84273098390044,70.490155123747,,,,,,,,,396.9922826040424,,47.8945419906899,103.74244809469624,,,295.5490893723714,,55.260346118296596,108.39223485372348,,,,,,,,HPAP-042,Tail of pancreas,ROI1,,143.40602389436404,,86.4770451543382,120.22110979075666,,291.685685121125,,30.47848325013942,123.9728314880391,137.992393582445,,88.24612711557332,,52.66980371974218,46.80955515169835,,355.05174586769783,,71.71328916668067,96.02881510611071,16.245613109577967,36.10593267206924,124.4641894490213,,,,
0.9946589,0.0,1.0053697932843217,11.05906772612754,75.40273449632413,27.144984418676685,11.05906772612754,0.0,0.0,,,,,0.09090909090909091,267.0880004792428,0.04,295.5757094214611,0.07407407407407407,291.49442533262965,0.0,334.43983016381287,,,,,,,,,,,,,,,,,,,227.16411738944277,50.929484223745554,67.80789553882568,,,,136.18534326883474,57.5100367305868,90.65471293588055,,,,119.68538088930892,43.871176543631535,71.8750037509461,,,,,,,,HPAP-042,Tail of pancreas,ROI2,,,121.03338409117606,152.04331714035843,137.20672764810388,,,131.7614949055109,57.72229139323439,115.61745187324608,187.02248525239645,,,,,,,,,,,,,,,,,
0.99397,15.090999072981855,24.14559851677097,2.012133209730914,74.44892876004383,78.47319517950565,144.87359110062582,0.0,0.0,0.26666666666666666,136.5283853270081,0.041666666666666664,187.80271708160092,0.0,244.5347625115046,0.0945945945945946,169.9416923946232,0.08974358974358974,199.40284291162428,0.0625,195.71805819397866,,,,,59.39473739555791,61.652388142625014,213.29599140057056,34.96856215037053,45.56113342087155,,83.16969195238882,79.10684090421162,205.06182389910353,51.76399580737089,45.15344213653506,,80.24357309304261,71.59309306617907,602.0295191257327,114.93931133987542,46.93271589356463,,170.4570280055445,108.66154593194204,317.3192584554801,44.812581719691174,59.41332789545042,,108.39463439702614,88.48487827164979,267.9382057561263,49.40673788288904,32.14671865284343,,,,,,,,HPAP-046,Body of pancreas,ROI2,25.01847280315226,33.924402082767855,59.932540136094076,36.335344374974184,26.471332217530296,136.043631487271,96.5069895365975,309.97083116828344,49.542503430506784,53.47433580468211,32.06621900952544,,,,,,,,,,,,,,,,,
0.9934606,1.0065824496926745,23.151396342931513,0.0,223.46130383177373,66.43444167971651,139.91496050728173,0.0,0.0,,,0.08695652173913043,125.87692401707312,,,0.1036036036036036,134.6222022880946,0.24242424242424243,133.93785689115452,0.16546762589928057,163.1349134918703,,,,,,,,,,,,98.30669832002951,,23.49044617500475,68.14175377466617,,,,,,,,,116.94433785120404,,28.34350652238939,62.10305964151142,,,131.82047695725015,,26.76173749645761,44.36056822852504,,,,,,,,HPAP-046,Head of pancreas,ROI1,,58.11304279167829,,43.830173906554435,27.636212095016266,,118.29452686715786,,30.401531541739175,51.105465493389445,25.04216733672721,,,,,,,,,,,,,,,,,
0.98718154,6.077909412529454,5.0649245104412115,0.0,14.181788629235394,23.298652748029575,19.246713139676604,114.46729393597138,98.25953550255952,0.6666666666666666,18.880980094533108,0.2,41.23105625617661,,,0.7857142857142857,3.802775637731995,0.4782608695652174,20.396078054371138,0.5263157894736842,9.219544457292887,0.21238938053097345,49.24428900898052,0.28865979381443296,44.28317965096906,30.05619546802244,253.01312886077903,,144.94453425897635,30.922007725449653,71.15416975575086,226.8276583933819,59.02908195056619,,101.36346423887824,34.89226038298612,102.55454922746989,,,,,,,357.7460295647726,289.6215573292774,,37.2231587391739,161.7047032720098,109.49060342095909,233.18385815755204,254.25964257713807,,186.99211615968886,63.570585143645125,116.30898434073335,286.78207554217875,281.3114704102742,,202.32101460835926,202.3221846415686,15.665299195552548,HPAP-046,Head of pancreas,ROI3,197.3875110829061,80.24102680369553,,155.99604393632848,144.13526068128576,213.96183728646523,216.0260426780456,,147.2039885660267,87.76251694167759,114.07966768558991,123.98478161078165,155.58167344351506,,141.8385207839437,275.6798398755998,312.88803609014093,254.5506042966464,,194.29271462310797,180.27249198650702,19.11696350989506,239.92863234689773,101.62413323862766,36.122569948787955,104.25583628611311,19.814988880237465,20.662023569155025
0.9947175,2.0106211489406833,9.047795170233075,0.0,64.33987676610187,61.323945042690845,23.12214321281786,0.0,136.72223812796648,0.0,299.13915575729004,0.0,404.534300152657,,,0.015625,353.9814921534013,0.04918032786885246,352.42304124446804,0.0,417.2792829748441,,,0.0,418.9341911590893,223.27127905598783,330.58577318672997,,108.94503923040072,26.861357434659134,,370.72752139188856,148.30576175378394,,113.76056090085206,88.95970562516068,,,,,,,,396.1461416494237,173.48827878597234,,45.196563511799006,70.15912469920588,,359.9709521516871,163.51427519345552,,78.98045531717136,49.485336802614896,,,,,,,,HPAP-046,Tail of pancreas,ROI2,99.35180718312982,98.40072080373514,,95.11838512620896,97.77418371541545,515.617839121101,162.6747709719472,,83.52045300628818,42.670383800481034,103.5611873670834,40.342198745662955,107.8765378452321,,135.30062668193548,90.88442553875441,498.88834978887223,253.39649236913374,,93.50425335575197,46.51638324626647,10.464023536674667,99.72298559711204,87.58143118569339,,,,
0.99401855,2.0120348765811125,20.120348765811126,1.0060174382905562,87.5235171312784,28.168488272135576,24.144418518973353,0.0,154.92668549674568,0.0,451.96986497579474,0.05,668.5053740873734,,,0.022988505747126436,416.2703448481527,0.03571428571428571,637.5269461855421,0.08333333333333333,338.5337892785408,,,0.0,510.2572631964425,474.74495806675014,84.13469102467137,,56.34490399212097,101.29208139477485,,446.1942277719158,91.90869043329519,,44.475359380530094,98.8340935401495,,,,,,,,265.3005897236897,106.78763647168968,,51.763727549113234,95.4010029088706,,341.9427428629597,107.74967961206144,,42.0170921580178,105.77088224276213,,,,,,,,HPAP-046,Tail of pancreas,ROI3,53.06642221618356,72.71963302730629,,81.79779919402351,82.30826329232968,333.61302324539633,91.36950881375736,,58.20094899218774,90.0561972473596,115.54079468786819,450.6751399516072,170.0080667717308,,300.2832262737133,281.7508292362454,468.0159114586451,192.1746224489614,,81.96024266545466,100.90662392206234,11.419656639416287,208.9813305640707,94.67519768694123,,,,
0.9951816,0.0,3.0145251272177194,173.83761566955513,151.73109806995853,318.53482177600563,8.038733672580584,0.0,141.6826809792328,,,1.0,9.899494936611665,0.7456647398843931,9.848857801796104,0.7152317880794702,12.041594578792296,0.7570977917981072,10.44030650891055,1.0,4.23606797749979,,,0.7375886524822695,12.0,,,,,,,,266.364997054508,104.29932477301409,75.14459455904972,14.431469098131876,,,349.10558297698395,29.853854328614936,36.58249160395333,32.82938051660049,,,337.43714664866104,32.82495735871694,34.938156860908435,32.270275928693344,,,282.9181194553522,47.59871989859118,42.750390126513025,18.782094296188156,,,,,,,,HPAP-047,Body of pancreas,ROI1,,157.5082444476556,150.66064012665575,165.70646830783716,233.193857207079,,338.25738399565944,28.469875788563037,47.726493265431245,27.076787764595316,219.76211655244379,,58.55394627697491,38.57840650188475,34.134738712842584,41.1824857409329,,288.7704008788936,34.60705657974807,34.134738712842584,32.1873105965986,36.51302771304892,48.72887431377811,183.03299858179773,,,,
0.9919325,0.0,3.024399307145004,160.29316327868523,121.98410538818183,226.8299480358753,0.0,0.0,107.87024195483848,,,0.0,71.0,0.18867924528301888,60.802960454241045,0.2644628099173554,49.73932046178355,0.11555555555555555,66.0,,,,,0.19626168224299065,45.254833995939045,,,,,,,,134.53709409989045,38.43450241538556,44.89983419895877,17.66080091165629,,,242.89889533282548,23.985217014484085,33.781247975182325,29.966125739834425,,,283.79645906962065,34.46361226569133,34.5777478421388,33.21440609599661,,,165.077166457656,29.966125739834425,38.17206148534152,18.690561096628212,,,,,,,,HPAP-047,Body of pancreas,ROI2,,,,,,,,,,,,,19.790229190862078,51.030898970732764,40.018414557950045,40.83016143746192,,263.90777551683396,40.54589268775883,38.015755542859985,41.20839944035495,35.52628897790895,,,,,,
0.99354506,0.0,3.019490644864814,6.038981289729628,94.61070687243085,47.30535343621543,1.0064968816216047,0.0,0.0,,,0.3333333333333333,74.09453421137081,0.5,25.046982509871846,0.6276595744680851,13.377208473350674,0.40425531914893614,22.47220505424423,,,,,,,,,,,,,,40.492095471715395,186.73920378797004,45.08370291001446,121.18477952865055,,,300.4506034799009,201.1679147788316,32.62921814664007,60.986908650639876,,,284.3142776833178,139.3724439791701,30.13365774587185,52.60856992791817,,,232.07712554615506,142.23182119206035,36.61894452519998,41.760618739046784,,,,,,,,HPAP-047,Body of pancreas,ROI3,,,,,,,,,,,,,,,,,,,,,,,,,,,,
