target,source,bin_left,bin_right,count
Endothelial,Endothelial,0.0,0.025,22863
Endothelial,Endothelial,0.025,0.05,16970
Endothelial,Endothelial,0.05,0.07500000000000001,17837
Endothelial,Endothelial,0.07500000000000001,0.1,15548
Endothelial,Endothelial,0.1,0.125,13018
Endothelial,Endothelial,0.125,0.15000000000000002,9956
Endothelial,Endothelial,0.15000000000000002,0.17500000000000002,7808
Endothelial,Endothelial,0.17500000000000002,0.2,6048
Endothelial,Endothelial,0.2,0.225,4503
Endothelial,Endothelial,0.225,0.25,3594
Endothelial,Endothelial,0.25,0.275,2871
Endothelial,Endothelial,0.275,0.30000000000000004,2357
Endothelial,Endothelial,0.30000000000000004,0.325,1951
Endothelial,Endothelial,0.325,0.35000000000000003,1776
Endothelial,Endothelial,0.35000000000000003,0.375,1488
Endothelial,Endothelial,0.375,0.4,1295
Endothelial,Endothelial,0.4,0.42500000000000004,1111
Endothelial,Endothelial,0.42500000000000004,0.45,1005
Endothelial,Endothelial,0.45,0.47500000000000003,901
Endothelial,Endothelial,0.47500000000000003,0.5,781
Endothelial,Endothelial,0.5,0.525,731
Endothelial,Endothelial,0.525,0.55,675
Endothelial,Endothelial,0.55,0.5750000000000001,605
Endothelial,Endothelial,0.5750000000000001,0.6000000000000001,497
Endothelial,Endothelial,0.6000000000000001,0.625,479
Endothelial,Endothelial,0.625,0.65,417
Endothelial,Endothelial,0.65,0.675,375
Endothelial,Endothelial,0.675,0.7000000000000001,334
Endothelial,Endothelial,0.7000000000000001,0.7250000000000001,316
Endothelial,Endothelial,0.7250000000000001,0.75,299
Endothelial,Endothelial,0.75,0.775,328
Endothelial,Endothelial,0.775,0.8,333
Endothelial,Endothelial,0.8,0.8250000000000001,303
Endothelial,Endothelial,0.8250000000000001,0.8500000000000001,334
Endothelial,Endothelial,0.8500000000000001,0.875,372
Endothelial,Endothelial,0.875,0.9,416
Endothelial,Endothelial,0.9,0.925,473
Endothelial,Endothelial,0.925,0.9500000000000001,577
Endothelial,Endothelial,0.9500000000000001,0.9750000000000001,647
Endothelial,Endothelial,0.9750000000000001,1.0,1453
Endothelial,Fibroblast,0.0,0.025,42527
Endothelial,Fibroblast,0.025,0.05,11930
Endothelial,Fibroblast,0.05,0.07500000000000001,10226
Endothelial,Fibroblast,0.07500000000000001,0.1,9362
Endothelial,Fibroblast,0.1,0.125,8515
Endothelial,Fibroblast,0.125,0.15000000000000002,7809
Endothelial,Fibroblast,0.15000000000000002,0.17500000000000002,7295
Endothelial,Fibroblast,0.17500000000000002,0.2,6655
Endothelial,Fibroblast,0.2,0.225,5862
Endothelial,Fibroblast,0.225,0.25,5379
Endothelial,Fibroblast,0.25,0.275,4739
Endothelial,Fibroblast,0.275,0.30000000000000004,4271
Endothelial,Fibroblast,0.30000000000000004,0.325,3674
Endothelial,Fibroblast,0.325,0.35000000000000003,3032
Endothelial,Fibroblast,0.35000000000000003,0.375,2559
Endothelial,Fibroblast,0.375,0.4,1989
Endothelial,Fibroblast,0.4,0.42500000000000004,1663
Endothelial,Fibroblast,0.42500000000000004,0.45,1424
Endothelial,Fibroblast,0.45,0.47500000000000003,1085
Endothelial,Fibroblast,0.47500000000000003,0.5,819
Endothelial,Fibroblast,0.5,0.525,715
Endothelial,Fibroblast,0.525,0.55,538
Endothelial,Fibroblast,0.55,0.5750000000000001,394
Endothelial,Fibroblast,0.5750000000000001,0.6000000000000001,299
Endothelial,Fibroblast,0.6000000000000001,0.625,231
Endothelial,Fibroblast,0.625,0.65,170
Endothelial,Fibroblast,0.65,0.675,121
Endothelial,Fibroblast,0.675,0.7000000000000001,85
Endothelial,Fibroblast,0.7000000000000001,0.7250000000000001,48
Endothelial,Fibroblast,0.7250000000000001,0.75,62
Endothelial,Fibroblast,0.75,0.775,39
Endothelial,Fibroblast,0.775,0.8,36
Endothelial,Fibroblast,0.8,0.8250000000000001,21
Endothelial,Fibroblast,0.8250000000000001,0.8500000000000001,14
Endothelial,Fibroblast,0.8500000000000001,0.875,13
Endothelial,Fibroblast,0.875,0.9,5
Endothelial,Fibroblast,0.9,0.925,11
Endothelial,Fibroblast,0.925,0.9500000000000001,12
Endothelial,Fibroblast,0.9500000000000001,0.9750000000000001,4
Endothelial,Fibroblast,0.9750000000000001,1.0,12
Endothelial,Macrophage,0.0,0.025,106089
Endothelial,Macrophage,0.025,0.05,15436
Endothelial,Macrophage,0.05,0.07500000000000001,8942
Endothelial,Macrophage,0.07500000000000001,0.1,4694
Endothelial,Macrophage,0.1,0.125,2844
Endothelial,Macrophage,0.125,0.15000000000000002,1755
Endothelial,Macrophage,0.15000000000000002,0.17500000000000002,1171
Endothelial,Macrophage,0.17500000000000002,0.2,735
Endothelial,Macrophage,0.2,0.225,516
Endothelial,Macrophage,0.225,0.25,337
Endothelial,Macrophage,0.25,0.275,233
Endothelial,Macrophage,0.275,0.30000000000000004,180
Endothelial,Macrophage,0.30000000000000004,0.325,166
Endothelial,Macrophage,0.325,0.35000000000000003,132
Endothelial,Macrophage,0.35000000000000003,0.375,83
Endothelial,Macrophage,0.375,0.4,89
Endothelial,Macrophage,0.4,0.42500000000000004,56
Endothelial,Macrophage,0.42500000000000004,0.45,39
Endothelial,Macrophage,0.45,0.47500000000000003,36
Endothelial,Macrophage,0.47500000000000003,0.5,31
Endothelial,Macrophage,0.5,0.525,31
Endothelial,Macrophage,0.525,0.55,16
Endothelial,Macrophage,0.55,0.5750000000000001,12
Endothelial,Macrophage,0.5750000000000001,0.6000000000000001,9
Endothelial,Macrophage,0.6000000000000001,0.625,3
Endothelial,Macrophage,0.625,0.65,4
Endothelial,Macrophage,0.65,0.675,3
Endothelial,Macrophage,0.675,0.7000000000000001,1
Endothelial,Macrophage,0.7000000000000001,0.7250000000000001,0
Endothelial,Macrophage,0.7250000000000001,0.75,1
Endothelial,Macrophage,0.75,0.775,0
Endothelial,Macrophage,0.775,0.8,0
Endothelial,Macrophage,0.8,0.8250000000000001,1
Endothelial,Macrophage,0.8250000000000001,0.8500000000000001,0
Endothelial,Macrophage,0.8500000000000001,0.875,0
Endothelial,Macrophage,0.875,0.9,0
Endothelial,Macrophage,0.9,0.925,0
Endothelial,Macrophage,0.925,0.9500000000000001,0
Endothelial,Macrophage,0.9500000000000001,0.9750000000000001,0
Endothelial,Macrophage,0.9750000000000001,1.0,0
Endothelial,CD8 T,0.0,0.025,127031
Endothelial,CD8 T,0.025,0.05,8934
Endothelial,CD8 T,0.05,0.07500000000000001,3860
Endothelial,CD8 T,0.07500000000000001,0.1,1680
Endothelial,CD8 T,0.1,0.125,862
Endothelial,CD8 T,0.125,0.15000000000000002,449
Endothelial,CD8 T,0.15000000000000002,0.17500000000000002,289
Endothelial,CD8 T,0.17500000000000002,0.2,163
Endothelial,CD8 T,0.2,0.225,89
Endothelial,CD8 T,0.225,0.25,83
Endothelial,CD8 T,0.25,0.275,48
Endothelial,CD8 T,0.275,0.30000000000000004,42
Endothelial,CD8 T,0.30000000000000004,0.325,25
Endothelial,CD8 T,0.325,0.35000000000000003,26
Endothelial,CD8 T,0.35000000000000003,0.375,13
Endothelial,CD8 T,0.375,0.4,11
Endothelial,CD8 T,0.4,0.42500000000000004,5
Endothelial,CD8 T,0.42500000000000004,0.45,5
Endothelial,CD8 T,0.45,0.47500000000000003,5
Endothelial,CD8 T,0.47500000000000003,0.5,5
Endothelial,CD8 T,0.5,0.525,2
Endothelial,CD8 T,0.525,0.55,1
Endothelial,CD8 T,0.55,0.5750000000000001,1
Endothelial,CD8 T,0.5750000000000001,0.6000000000000001,2
Endothelial,CD8 T,0.6000000000000001,0.625,2
Endothelial,CD8 T,0.625,0.65,1
Endothelial,CD8 T,0.65,0.675,1
Endothelial,CD8 T,0.675,0.7000000000000001,2
Endothelial,CD8 T,0.7000000000000001,0.7250000000000001,0
Endothelial,CD8 T,0.7250000000000001,0.75,0
Endothelial,CD8 T,0.75,0.775,1
Endothelial,CD8 T,0.775,0.8,0
Endothelial,CD8 T,0.8,0.8250000000000001,1
Endothelial,CD8 T,0.8250000000000001,0.8500000000000001,1
Endothelial,CD8 T,0.8500000000000001,0.875,0
Endothelial,CD8 T,0.875,0.9,2
Endothelial,CD8 T,0.9,0.925,1
Endothelial,CD8 T,0.925,0.9500000000000001,1
Endothelial,CD8 T,0.9500000000000001,0.9750000000000001,0
Endothelial,CD8 T,0.9750000000000001,1.0,1
Endothelial,CD4 T,0.0,0.025,133870
Endothelial,CD4 T,0.025,0.05,5378
Endothelial,CD4 T,0.05,0.07500000000000001,2231
Endothelial,CD4 T,0.07500000000000001,0.1,998
Endothelial,CD4 T,0.1,0.125,467
Endothelial,CD4 T,0.125,0.15000000000000002,256
Endothelial,CD4 T,0.15000000000000002,0.17500000000000002,143
Endothelial,CD4 T,0.17500000000000002,0.2,101
Endothelial,CD4 T,0.2,0.225,72
Endothelial,CD4 T,0.225,0.25,47
Endothelial,CD4 T,0.25,0.275,20
Endothelial,CD4 T,0.275,0.30000000000000004,17
Endothelial,CD4 T,0.30000000000000004,0.325,7
Endothelial,CD4 T,0.325,0.35000000000000003,10
Endothelial,CD4 T,0.35000000000000003,0.375,7
Endothelial,CD4 T,0.375,0.4,5
Endothelial,CD4 T,0.4,0.42500000000000004,3
Endothelial,CD4 T,0.42500000000000004,0.45,3
Endothelial,CD4 T,0.45,0.47500000000000003,2
Endothelial,CD4 T,0.47500000000000003,0.5,2
Endothelial,CD4 T,0.5,0.525,2
Endothelial,CD4 T,0.525,0.55,3
Endothelial,CD4 T,0.55,0.5750000000000001,0
Endothelial,CD4 T,0.5750000000000001,0.6000000000000001,0
Endothelial,CD4 T,0.6000000000000001,0.625,0
Endothelial,CD4 T,0.625,0.65,0
Endothelial,CD4 T,0.65,0.675,0
Endothelial,CD4 T,0.675,0.7000000000000001,0
Endothelial,CD4 T,0.7000000000000001,0.7250000000000001,0
Endothelial,CD4 T,0.7250000000000001,0.75,0
Endothelial,CD4 T,0.75,0.775,0
Endothelial,CD4 T,0.775,0.8,1
Endothelial,CD4 T,0.8,0.8250000000000001,0
Endothelial,CD4 T,0.8250000000000001,0.8500000000000001,0
Endothelial,CD4 T,0.8500000000000001,0.875,0
Endothelial,CD4 T,0.875,0.9,0
Endothelial,CD4 T,0.9,0.925,0
Endothelial,CD4 T,0.925,0.9500000000000001,0
Endothelial,CD4 T,0.9500000000000001,0.9750000000000001,0
Endothelial,CD4 T,0.9750000000000001,1.0,0
Endothelial,Treg,0.0,0.025,140794
Endothelial,Treg,0.025,0.05,1653
Endothelial,Treg,0.05,0.07500000000000001,614
Endothelial,Treg,0.07500000000000001,0.1,275
Endothelial,Treg,0.1,0.125,118
Endothelial,Treg,0.125,0.15000000000000002,58
Endothelial,Treg,0.15000000000000002,0.17500000000000002,43
Endothelial,Treg,0.17500000000000002,0.2,16
Endothelial,Treg,0.2,0.225,11
Endothelial,Treg,0.225,0.25,9
Endothelial,Treg,0.25,0.275,9
Endothelial,Treg,0.275,0.30000000000000004,9
Endothelial,Treg,0.30000000000000004,0.325,4
Endothelial,Treg,0.325,0.35000000000000003,4
Endothelial,Treg,0.35000000000000003,0.375,9
Endothelial,Treg,0.375,0.4,4
Endothelial,Treg,0.4,0.42500000000000004,4
Endothelial,Treg,0.42500000000000004,0.45,2
Endothelial,Treg,0.45,0.47500000000000003,3
Endothelial,Treg,0.47500000000000003,0.5,2
Endothelial,Treg,0.5,0.525,1
Endothelial,Treg,0.525,0.55,0
Endothelial,Treg,0.55,0.5750000000000001,1
Endothelial,Treg,0.5750000000000001,0.6000000000000001,1
Endothelial,Treg,0.6000000000000001,0.625,0
Endothelial,Treg,0.625,0.65,1
Endothelial,Treg,0.65,0.675,0
Endothelial,Treg,0.675,0.7000000000000001,0
Endothelial,Treg,0.7000000000000001,0.7250000000000001,0
Endothelial,Treg,0.7250000000000001,0.75,0
Endothelial,Treg,0.75,0.775,0
Endothelial,Treg,0.775,0.8,0
Endothelial,Treg,0.8,0.8250000000000001,0
Endothelial,Treg,0.8250000000000001,0.8500000000000001,0
Endothelial,Treg,0.8500000000000001,0.875,0
Endothelial,Treg,0.875,0.9,0
Endothelial,Treg,0.9,0.925,0
Endothelial,Treg,0.925,0.9500000000000001,0
Endothelial,Treg,0.9500000000000001,0.9750000000000001,0
Endothelial,Treg,0.9750000000000001,1.0,0
Endothelial,B cell,0.0,0.025,138403
Endothelial,B cell,0.025,0.05,2921
Endothelial,B cell,0.05,0.07500000000000001,1164
Endothelial,B cell,0.07500000000000001,0.1,479
Endothelial,B cell,0.1,0.125,241
Endothelial,B cell,0.125,0.15000000000000002,150
Endothelial,B cell,0.15000000000000002,0.17500000000000002,89
Endothelial,B cell,0.17500000000000002,0.2,55
Endothelial,B cell,0.2,0.225,36
Endothelial,B cell,0.225,0.25,29
Endothelial,B cell,0.25,0.275,20
Endothelial,B cell,0.275,0.30000000000000004,13
Endothelial,B cell,0.30000000000000004,0.325,13
Endothelial,B cell,0.325,0.35000000000000003,12
Endothelial,B cell,0.35000000000000003,0.375,6
Endothelial,B cell,0.375,0.4,4
Endothelial,B cell,0.4,0.42500000000000004,4
Endothelial,B cell,0.42500000000000004,0.45,2
Endothelial,B cell,0.45,0.47500000000000003,0
Endothelial,B cell,0.47500000000000003,0.5,0
Endothelial,B cell,0.5,0.525,0
Endothelial,B cell,0.525,0.55,1
Endothelial,B cell,0.55,0.5750000000000001,0
Endothelial,B cell,0.5750000000000001,0.6000000000000001,1
Endothelial,B cell,0.6000000000000001,0.625,0
Endothelial,B cell,0.625,0.65,1
Endothelial,B cell,0.65,0.675,0
Endothelial,B cell,0.675,0.7000000000000001,0
Endothelial,B cell,0.7000000000000001,0.7250000000000001,0
Endothelial,B cell,0.7250000000000001,0.75,0
Endothelial,B cell,0.75,0.775,0
Endothelial,B cell,0.775,0.8,0
Endothelial,B cell,0.8,0.8250000000000001,0
Endothelial,B cell,0.8250000000000001,0.8500000000000001,0
Endothelial,B cell,0.8500000000000001,0.875,0
Endothelial,B cell,0.875,0.9,0
Endothelial,B cell,0.9,0.925,0
Endothelial,B cell,0.925,0.9500000000000001,1
Endothelial,B cell,0.9500000000000001,0.9750000000000001,0
Endothelial,B cell,0.9750000000000001,1.0,0
Endothelial,NK,0.0,0.025,136696
Endothelial,NK,0.025,0.05,4388
Endothelial,NK,0.05,0.07500000000000001,1578
Endothelial,NK,0.07500000000000001,0.1,566
Endothelial,NK,0.1,0.125,208
Endothelial,NK,0.125,0.15000000000000002,112
Endothelial,NK,0.15000000000000002,0.17500000000000002,42
Endothelial,NK,0.17500000000000002,0.2,19
Endothelial,NK,0.2,0.225,14
Endothelial,NK,0.225,0.25,4
Endothelial,NK,0.25,0.275,3
Endothelial,NK,0.275,0.30000000000000004,3
Endothelial,NK,0.30000000000000004,0.325,4
Endothelial,NK,0.325,0.35000000000000003,1
Endothelial,NK,0.35000000000000003,0.375,0
Endothelial,NK,0.375,0.4,1
Endothelial,NK,0.4,0.42500000000000004,0
Endothelial,NK,0.42500000000000004,0.45,1
Endothelial,NK,0.45,0.47500000000000003,0
Endothelial,NK,0.47500000000000003,0.5,1
Endothelial,NK,0.5,0.525,0
Endothelial,NK,0.525,0.55,1
Endothelial,NK,0.55,0.5750000000000001,0
Endothelial,NK,0.5750000000000001,0.6000000000000001,0
Endothelial,NK,0.6000000000000001,0.625,0
Endothelial,NK,0.625,0.65,2
Endothelial,NK,0.65,0.675,0
Endothelial,NK,0.675,0.7000000000000001,0
Endothelial,NK,0.7000000000000001,0.7250000000000001,0
Endothelial,NK,0.7250000000000001,0.75,0
Endothelial,NK,0.75,0.775,0
Endothelial,NK,0.775,0.8,0
Endothelial,NK,0.8,0.8250000000000001,0
Endothelial,NK,0.8250000000000001,0.8500000000000001,0
Endothelial,NK,0.8500000000000001,0.875,0
Endothelial,NK,0.875,0.9,0
Endothelial,NK,0.9,0.925,0
Endothelial,NK,0.925,0.9500000000000001,0
Endothelial,NK,0.9500000000000001,0.9750000000000001,1
Endothelial,NK,0.9750000000000001,1.0,0
Endothelial,Monocyte,0.0,0.025,122464
Endothelial,Monocyte,0.025,0.05,10930
Endothelial,Monocyte,0.05,0.07500000000000001,5132
Endothelial,Monocyte,0.07500000000000001,0.1,2215
Endothelial,Monocyte,0.1,0.125,1183
Endothelial,Monocyte,0.125,0.15000000000000002,579
Endothelial,Monocyte,0.15000000000000002,0.17500000000000002,347
Endothelial,Monocyte,0.17500000000000002,0.2,229
Endothelial,Monocyte,0.2,0.225,150
Endothelial,Monocyte,0.225,0.25,134
Endothelial,Monocyte,0.25,0.275,73
Endothelial,Monocyte,0.275,0.30000000000000004,74
Endothelial,Monocyte,0.30000000000000004,0.325,36
Endothelial,Monocyte,0.325,0.35000000000000003,22
Endothelial,Monocyte,0.35000000000000003,0.375,19
Endothelial,Monocyte,0.375,0.4,14
Endothelial,Monocyte,0.4,0.42500000000000004,17
Endothelial,Monocyte,0.42500000000000004,0.45,6
Endothelial,Monocyte,0.45,0.47500000000000003,6
Endothelial,Monocyte,0.47500000000000003,0.5,4
Endothelial,Monocyte,0.5,0.525,2
Endothelial,Monocyte,0.525,0.55,4
Endothelial,Monocyte,0.55,0.5750000000000001,0
Endothelial,Monocyte,0.5750000000000001,0.6000000000000001,2
Endothelial,Monocyte,0.6000000000000001,0.625,2
Endothelial,Monocyte,0.625,0.65,1
Endothelial,Monocyte,0.65,0.675,0
Endothelial,Monocyte,0.675,0.7000000000000001,0
Endothelial,Monocyte,0.7000000000000001,0.7250000000000001,0
Endothelial,Monocyte,0.7250000000000001,0.75,0
Endothelial,Monocyte,0.75,0.775,0
Endothelial,Monocyte,0.775,0.8,0
Endothelial,Monocyte,0.8,0.8250000000000001,0
Endothelial,Monocyte,0.8250000000000001,0.8500000000000001,0
Endothelial,Monocyte,0.8500000000000001,0.875,0
Endothelial,Monocyte,0.875,0.9,0
Endothelial,Monocyte,0.9,0.925,0
Endothelial,Monocyte,0.925,0.9500000000000001,0
Endothelial,Monocyte,0.9500000000000001,0.9750000000000001,0
Endothelial,Monocyte,0.9750000000000001,1.0,0
Endothelial,DC,0.0,0.025,139649
Endothelial,DC,0.025,0.05,2630
Endothelial,DC,0.05,0.07500000000000001,876
Endothelial,DC,0.07500000000000001,0.1,289
Endothelial,DC,0.1,0.125,112
Endothelial,DC,0.125,0.15000000000000002,44
Endothelial,DC,0.15000000000000002,0.17500000000000002,25
Endothelial,DC,0.17500000000000002,0.2,10
Endothelial,DC,0.2,0.225,5
Endothelial,DC,0.225,0.25,0
Endothelial,DC,0.25,0.275,0
Endothelial,DC,0.275,0.30000000000000004,0
Endothelial,DC,0.30000000000000004,0.325,0
Endothelial,DC,0.325,0.35000000000000003,0
Endothelial,DC,0.35000000000000003,0.375,1
Endothelial,DC,0.375,0.4,2
Endothelial,DC,0.4,0.42500000000000004,2
Endothelial,DC,0.42500000000000004,0.45,0
Endothelial,DC,0.45,0.47500000000000003,0
Endothelial,DC,0.47500000000000003,0.5,0
Endothelial,DC,0.5,0.525,0
Endothelial,DC,0.525,0.55,0
Endothelial,DC,0.55,0.5750000000000001,0
Endothelial,DC,0.5750000000000001,0.6000000000000001,0
Endothelial,DC,0.6000000000000001,0.625,0
Endothelial,DC,0.625,0.65,0
Endothelial,DC,0.65,0.675,0
Endothelial,DC,0.675,0.7000000000000001,0
Endothelial,DC,0.7000000000000001,0.7250000000000001,0
Endothelial,DC,0.7250000000000001,0.75,0
Endothelial,DC,0.75,0.775,0
Endothelial,DC,0.775,0.8,0
Endothelial,DC,0.8,0.8250000000000001,0
Endothelial,DC,0.8250000000000001,0.8500000000000001,0
Endothelial,DC,0.8500000000000001,0.875,0
Endothelial,DC,0.875,0.9,0
Endothelial,DC,0.9,0.925,0
Endothelial,DC,0.925,0.9500000000000001,0
Endothelial,DC,0.9500000000000001,0.9750000000000001,0
Endothelial,DC,0.9750000000000001,1.0,0
Endothelial,Myeloid (other),0.0,0.025,135361
Endothelial,Myeloid (other),0.025,0.05,5001
Endothelial,Myeloid (other),0.05,0.07500000000000001,1738
Endothelial,Myeloid (other),0.07500000000000001,0.1,684
Endothelial,Myeloid (other),0.1,0.125,333
Endothelial,Myeloid (other),0.125,0.15000000000000002,211
Endothelial,Myeloid (other),0.15000000000000002,0.17500000000000002,124
Endothelial,Myeloid (other),0.17500000000000002,0.2,83
Endothelial,Myeloid (other),0.2,0.225,41
Endothelial,Myeloid (other),0.225,0.25,23
Endothelial,Myeloid (other),0.25,0.275,19
Endothelial,Myeloid (other),0.275,0.30000000000000004,8
Endothelial,Myeloid (other),0.30000000000000004,0.325,4
Endothelial,Myeloid (other),0.325,0.35000000000000003,0
Endothelial,Myeloid (other),0.35000000000000003,0.375,1
Endothelial,Myeloid (other),0.375,0.4,2
Endothelial,Myeloid (other),0.4,0.42500000000000004,3
Endothelial,Myeloid (other),0.42500000000000004,0.45,3
Endothelial,Myeloid (other),0.45,0.47500000000000003,0
Endothelial,Myeloid (other),0.47500000000000003,0.5,1
Endothelial,Myeloid (other),0.5,0.525,0
Endothelial,Myeloid (other),0.525,0.55,0
Endothelial,Myeloid (other),0.55,0.5750000000000001,1
Endothelial,Myeloid (other),0.5750000000000001,0.6000000000000001,1
Endothelial,Myeloid (other),0.6000000000000001,0.625,1
Endothelial,Myeloid (other),0.625,0.65,0
Endothelial,Myeloid (other),0.65,0.675,0
Endothelial,Myeloid (other),0.675,0.7000000000000001,0
Endothelial,Myeloid (other),0.7000000000000001,0.7250000000000001,0
Endothelial,Myeloid (other),0.7250000000000001,0.75,0
Endothelial,Myeloid (other),0.75,0.775,0
Endothelial,Myeloid (other),0.775,0.8,0
Endothelial,Myeloid (other),0.8,0.8250000000000001,0
Endothelial,Myeloid (other),0.8250000000000001,0.8500000000000001,0
Endothelial,Myeloid (other),0.8500000000000001,0.875,0
Endothelial,Myeloid (other),0.875,0.9,0
Endothelial,Myeloid (other),0.9,0.925,0
Endothelial,Myeloid (other),0.925,0.9500000000000001,2
Endothelial,Myeloid (other),0.9500000000000001,0.9750000000000001,0
Endothelial,Myeloid (other),0.9750000000000001,1.0,0
Endothelial,Parenchyma,0.0,0.025,4466
Endothelial,Parenchyma,0.025,0.05,771
Endothelial,Parenchyma,0.05,0.07500000000000001,688
Endothelial,Parenchyma,0.07500000000000001,0.1,614
Endothelial,Parenchyma,0.1,0.125,663
Endothelial,Parenchyma,0.125,0.15000000000000002,693
Endothelial,Parenchyma,0.15000000000000002,0.17500000000000002,769
Endothelial,Parenchyma,0.17500000000000002,0.2,876
Endothelial,Parenchyma,0.2,0.225,951
Endothelial,Parenchyma,0.225,0.25,1099
Endothelial,Parenchyma,0.25,0.275,1210
Endothelial,Parenchyma,0.275,0.30000000000000004,1394
Endothelial,Parenchyma,0.30000000000000004,0.325,1652
Endothelial,Parenchyma,0.325,0.35000000000000003,1898
Endothelial,Parenchyma,0.35000000000000003,0.375,2123
Endothelial,Parenchyma,0.375,0.4,2388
Endothelial,Parenchyma,0.4,0.42500000000000004,2669
Endothelial,Parenchyma,0.42500000000000004,0.45,3022
Endothelial,Parenchyma,0.45,0.47500000000000003,3361
Endothelial,Parenchyma,0.47500000000000003,0.5,3692
Endothelial,Parenchyma,0.5,0.525,3947
Endothelial,Parenchyma,0.525,0.55,4411
Endothelial,Parenchyma,0.55,0.5750000000000001,4793
Endothelial,Parenchyma,0.5750000000000001,0.6000000000000001,4924
Endothelial,Parenchyma,0.6000000000000001,0.625,5402
Endothelial,Parenchyma,0.625,0.65,5691
Endothelial,Parenchyma,0.65,0.675,5817
Endothelial,Parenchyma,0.675,0.7000000000000001,6071
Endothelial,Parenchyma,0.7000000000000001,0.7250000000000001,6421
Endothelial,Parenchyma,0.7250000000000001,0.75,6724
Endothelial,Parenchyma,0.75,0.775,6943
Endothelial,Parenchyma,0.775,0.8,6978
Endothelial,Parenchyma,0.8,0.8250000000000001,7091
Endothelial,Parenchyma,0.8250000000000001,0.8500000000000001,6950
Endothelial,Parenchyma,0.8500000000000001,0.875,6574
Endothelial,Parenchyma,0.875,0.9,5971
Endothelial,Parenchyma,0.9,0.925,5247
Endothelial,Parenchyma,0.925,0.9500000000000001,4108
Endothelial,Parenchyma,0.9500000000000001,0.9750000000000001,2825
Endothelial,Parenchyma,0.9750000000000001,1.0,1758
Endothelial,ambiguous,0.0,0.025,135894
Endothelial,ambiguous,0.025,0.05,4320
Endothelial,ambiguous,0.05,0.07500000000000001,1690
Endothelial,ambiguous,0.07500000000000001,0.1,749
Endothelial,ambiguous,0.1,0.125,390
Endothelial,ambiguous,0.125,0.15000000000000002,222
Endothelial,ambiguous,0.15000000000000002,0.17500000000000002,156
Endothelial,ambiguous,0.17500000000000002,0.2,78
Endothelial,ambiguous,0.2,0.225,50
Endothelial,ambiguous,0.225,0.25,27
Endothelial,ambiguous,0.25,0.275,25
Endothelial,ambiguous,0.275,0.30000000000000004,13
Endothelial,ambiguous,0.30000000000000004,0.325,8
Endothelial,ambiguous,0.325,0.35000000000000003,6
Endothelial,ambiguous,0.35000000000000003,0.375,4
Endothelial,ambiguous,0.375,0.4,2
Endothelial,ambiguous,0.4,0.42500000000000004,2
Endothelial,ambiguous,0.42500000000000004,0.45,2
Endothelial,ambiguous,0.45,0.47500000000000003,2
Endothelial,ambiguous,0.47500000000000003,0.5,2
Endothelial,ambiguous,0.5,0.525,1
Endothelial,ambiguous,0.525,0.55,0
Endothelial,ambiguous,0.55,0.5750000000000001,0
Endothelial,ambiguous,0.5750000000000001,0.6000000000000001,2
Endothelial,ambiguous,0.6000000000000001,0.625,0
Endothelial,ambiguous,0.625,0.65,0
Endothelial,ambiguous,0.65,0.675,0
Endothelial,ambiguous,0.675,0.7000000000000001,0
Endothelial,ambiguous,0.7000000000000001,0.7250000000000001,0
Endothelial,ambiguous,0.7250000000000001,0.75,0
Endothelial,ambiguous,0.75,0.775,0
Endothelial,ambiguous,0.775,0.8,0
Endothelial,ambiguous,0.8,0.8250000000000001,0
Endothelial,ambiguous,0.8250000000000001,0.8500000000000001,0
Endothelial,ambiguous,0.8500000000000001,0.875,0
Endothelial,ambiguous,0.875,0.9,0
Endothelial,ambiguous,0.9,0.925,0
Endothelial,ambiguous,0.925,0.9500000000000001,0
Endothelial,ambiguous,0.9500000000000001,0.9750000000000001,0
Endothelial,ambiguous,0.9750000000000001,1.0,0
Fibroblast,Endothelial,0.0,0.025,65963
Fibroblast,Endothelial,0.025,0.05,45603
Fibroblast,Endothelial,0.05,0.07500000000000001,41750
Fibroblast,Endothelial,0.07500000000000001,0.1,30758
Fibroblast,Endothelial,0.1,0.125,21361
Fibroblast,Endothelial,0.125,0.15000000000000002,14545
Fibroblast,Endothelial,0.15000000000000002,0.17500000000000002,9727
Fibroblast,Endothelial,0.17500000000000002,0.2,6297
Fibroblast,Endothelial,0.2,0.225,4287
Fibroblast,Endothelial,0.225,0.25,2853
Fibroblast,Endothelial,0.25,0.275,2054
Fibroblast,Endothelial,0.275,0.30000000000000004,1427
Fibroblast,Endothelial,0.30000000000000004,0.325,1068
Fibroblast,Endothelial,0.325,0.35000000000000003,809
Fibroblast,Endothelial,0.35000000000000003,0.375,662
Fibroblast,Endothelial,0.375,0.4,476
Fibroblast,Endothelial,0.4,0.42500000000000004,384
Fibroblast,Endothelial,0.42500000000000004,0.45,282
Fibroblast,Endothelial,0.45,0.47500000000000003,253
Fibroblast,Endothelial,0.47500000000000003,0.5,174
Fibroblast,Endothelial,0.5,0.525,189
Fibroblast,Endothelial,0.525,0.55,138
Fibroblast,Endothelial,0.55,0.5750000000000001,120
Fibroblast,Endothelial,0.5750000000000001,0.6000000000000001,77
Fibroblast,Endothelial,0.6000000000000001,0.625,83
Fibroblast,Endothelial,0.625,0.65,53
Fibroblast,Endothelial,0.65,0.675,55
Fibroblast,Endothelial,0.675,0.7000000000000001,28
Fibroblast,Endothelial,0.7000000000000001,0.7250000000000001,38
Fibroblast,Endothelial,0.7250000000000001,0.75,28
Fibroblast,Endothelial,0.75,0.775,30
Fibroblast,Endothelial,0.775,0.8,14
Fibroblast,Endothelial,0.8,0.8250000000000001,10
Fibroblast,Endothelial,0.8250000000000001,0.8500000000000001,14
Fibroblast,Endothelial,0.8500000000000001,0.875,7
Fibroblast,Endothelial,0.875,0.9,5
Fibroblast,Endothelial,0.9,0.925,8
Fibroblast,Endothelial,0.925,0.9500000000000001,4
Fibroblast,Endothelial,0.9500000000000001,0.9750000000000001,7
Fibroblast,Endothelial,0.9750000000000001,1.0,3
Fibroblast,Fibroblast,0.0,0.025,9445
Fibroblast,Fibroblast,0.025,0.05,7152
Fibroblast,Fibroblast,0.05,0.07500000000000001,9080
Fibroblast,Fibroblast,0.07500000000000001,0.1,10676
Fibroblast,Fibroblast,0.1,0.125,12697
Fibroblast,Fibroblast,0.125,0.15000000000000002,13889
Fibroblast,Fibroblast,0.15000000000000002,0.17500000000000002,15110
Fibroblast,Fibroblast,0.17500000000000002,0.2,15885
Fibroblast,Fibroblast,0.2,0.225,16010
Fibroblast,Fibroblast,0.225,0.25,16111
Fibroblast,Fibroblast,0.25,0.275,15499
Fibroblast,Fibroblast,0.275,0.30000000000000004,14786
Fibroblast,Fibroblast,0.30000000000000004,0.325,13638
Fibroblast,Fibroblast,0.325,0.35000000000000003,12316
Fibroblast,Fibroblast,0.35000000000000003,0.375,11250
Fibroblast,Fibroblast,0.375,0.4,9788
Fibroblast,Fibroblast,0.4,0.42500000000000004,8500
Fibroblast,Fibroblast,0.42500000000000004,0.45,7211
Fibroblast,Fibroblast,0.45,0.47500000000000003,6069
Fibroblast,Fibroblast,0.47500000000000003,0.5,4980
Fibroblast,Fibroblast,0.5,0.525,4084
Fibroblast,Fibroblast,0.525,0.55,3287
Fibroblast,Fibroblast,0.55,0.5750000000000001,2651
Fibroblast,Fibroblast,0.5750000000000001,0.6000000000000001,2132
Fibroblast,Fibroblast,0.6000000000000001,0.625,1673
Fibroblast,Fibroblast,0.625,0.65,1360
Fibroblast,Fibroblast,0.65,0.675,1092
Fibroblast,Fibroblast,0.675,0.7000000000000001,917
Fibroblast,Fibroblast,0.7000000000000001,0.7250000000000001,707
Fibroblast,Fibroblast,0.7250000000000001,0.75,604
Fibroblast,Fibroblast,0.75,0.775,549
Fibroblast,Fibroblast,0.775,0.8,454
Fibroblast,Fibroblast,0.8,0.8250000000000001,357
Fibroblast,Fibroblast,0.8250000000000001,0.8500000000000001,314
Fibroblast,Fibroblast,0.8500000000000001,0.875,261
Fibroblast,Fibroblast,0.875,0.9,234
Fibroblast,Fibroblast,0.9,0.925,226
Fibroblast,Fibroblast,0.925,0.9500000000000001,183
Fibroblast,Fibroblast,0.9500000000000001,0.9750000000000001,184
Fibroblast,Fibroblast,0.9750000000000001,1.0,283
Fibroblast,Macrophage,0.0,0.025,196829
Fibroblast,Macrophage,0.025,0.05,25231
Fibroblast,Macrophage,0.05,0.07500000000000001,13209
Fibroblast,Macrophage,0.07500000000000001,0.1,6822
Fibroblast,Macrophage,0.1,0.125,3693
Fibroblast,Macrophage,0.125,0.15000000000000002,2138
Fibroblast,Macrophage,0.15000000000000002,0.17500000000000002,1279
Fibroblast,Macrophage,0.17500000000000002,0.2,833
Fibroblast,Macrophage,0.2,0.225,566
Fibroblast,Macrophage,0.225,0.25,348
Fibroblast,Macrophage,0.25,0.275,218
Fibroblast,Macrophage,0.275,0.30000000000000004,151
Fibroblast,Macrophage,0.30000000000000004,0.325,101
Fibroblast,Macrophage,0.325,0.35000000000000003,69
Fibroblast,Macrophage,0.35000000000000003,0.375,53
Fibroblast,Macrophage,0.375,0.4,39
Fibroblast,Macrophage,0.4,0.42500000000000004,27
Fibroblast,Macrophage,0.42500000000000004,0.45,9
Fibroblast,Macrophage,0.45,0.47500000000000003,9
Fibroblast,Macrophage,0.47500000000000003,0.5,8
Fibroblast,Macrophage,0.5,0.525,6
Fibroblast,Macrophage,0.525,0.55,2
Fibroblast,Macrophage,0.55,0.5750000000000001,1
Fibroblast,Macrophage,0.5750000000000001,0.6000000000000001,3
Fibroblast,Macrophage,0.6000000000000001,0.625,0
Fibroblast,Macrophage,0.625,0.65,0
Fibroblast,Macrophage,0.65,0.675,0
Fibroblast,Macrophage,0.675,0.7000000000000001,0
Fibroblast,Macrophage,0.7000000000000001,0.7250000000000001,0
Fibroblast,Macrophage,0.7250000000000001,0.75,0
Fibroblast,Macrophage,0.75,0.775,0
Fibroblast,Macrophage,0.775,0.8,0
Fibroblast,Macrophage,0.8,0.8250000000000001,0
Fibroblast,Macrophage,0.8250000000000001,0.8500000000000001,0
Fibroblast,Macrophage,0.8500000000000001,0.875,0
Fibroblast,Macrophage,0.875,0.9,0
Fibroblast,Macrophage,0.9,0.925,0
Fibroblast,Macrophage,0.925,0.9500000000000001,0
Fibroblast,Macrophage,0.9500000000000001,0.9750000000000001,0
Fibroblast,Macrophage,0.9750000000000001,1.0,0
Fibroblast,CD8 T,0.0,0.025,217683
Fibroblast,CD8 T,0.025,0.05,17913
Fibroblast,CD8 T,0.05,0.07500000000000001,8239
Fibroblast,CD8 T,0.07500000000000001,0.1,3584
Fibroblast,CD8 T,0.1,0.125,1725
Fibroblast,CD8 T,0.125,0.15000000000000002,852
Fibroblast,CD8 T,0.15000000000000002,0.17500000000000002,579
Fibroblast,CD8 T,0.17500000000000002,0.2,363
Fibroblast,CD8 T,0.2,0.225,208
Fibroblast,CD8 T,0.225,0.25,162
Fibroblast,CD8 T,0.25,0.275,96
Fibroblast,CD8 T,0.275,0.30000000000000004,64
Fibroblast,CD8 T,0.30000000000000004,0.325,55
Fibroblast,CD8 T,0.325,0.35000000000000003,34
Fibroblast,CD8 T,0.35000000000000003,0.375,26
Fibroblast,CD8 T,0.375,0.4,11
Fibroblast,CD8 T,0.4,0.42500000000000004,12
Fibroblast,CD8 T,0.42500000000000004,0.45,7
Fibroblast,CD8 T,0.45,0.47500000000000003,8
Fibroblast,CD8 T,0.47500000000000003,0.5,1
Fibroblast,CD8 T,0.5,0.525,4
Fibroblast,CD8 T,0.525,0.55,3
Fibroblast,CD8 T,0.55,0.5750000000000001,2
Fibroblast,CD8 T,0.5750000000000001,0.6000000000000001,4
Fibroblast,CD8 T,0.6000000000000001,0.625,0
Fibroblast,CD8 T,0.625,0.65,0
Fibroblast,CD8 T,0.65,0.675,3
Fibroblast,CD8 T,0.675,0.7000000000000001,1
Fibroblast,CD8 T,0.7000000000000001,0.7250000000000001,0
Fibroblast,CD8 T,0.7250000000000001,0.75,0
Fibroblast,CD8 T,0.75,0.775,3
Fibroblast,CD8 T,0.775,0.8,1
Fibroblast,CD8 T,0.8,0.8250000000000001,0
Fibroblast,CD8 T,0.8250000000000001,0.8500000000000001,1
Fibroblast,CD8 T,0.8500000000000001,0.875,0
Fibroblast,CD8 T,0.875,0.9,0
Fibroblast,CD8 T,0.9,0.925,0
Fibroblast,CD8 T,0.925,0.9500000000000001,0
Fibroblast,CD8 T,0.9500000000000001,0.9750000000000001,0
Fibroblast,CD8 T,0.9750000000000001,1.0,0
Fibroblast,CD4 T,0.0,0.025,230683
Fibroblast,CD4 T,0.025,0.05,10816
Fibroblast,CD4 T,0.05,0.07500000000000001,5070
Fibroblast,CD4 T,0.07500000000000001,0.1,2250
Fibroblast,CD4 T,0.1,0.125,1178
Fibroblast,CD4 T,0.125,0.15000000000000002,636
Fibroblast,CD4 T,0.15000000000000002,0.17500000000000002,366
Fibroblast,CD4 T,0.17500000000000002,0.2,232
Fibroblast,CD4 T,0.2,0.225,130
Fibroblast,CD4 T,0.225,0.25,82
Fibroblast,CD4 T,0.25,0.275,58
Fibroblast,CD4 T,0.275,0.30000000000000004,34
Fibroblast,CD4 T,0.30000000000000004,0.325,29
Fibroblast,CD4 T,0.325,0.35000000000000003,21
Fibroblast,CD4 T,0.35000000000000003,0.375,15
Fibroblast,CD4 T,0.375,0.4,9
Fibroblast,CD4 T,0.4,0.42500000000000004,11
Fibroblast,CD4 T,0.42500000000000004,0.45,5
Fibroblast,CD4 T,0.45,0.47500000000000003,7
Fibroblast,CD4 T,0.47500000000000003,0.5,3
Fibroblast,CD4 T,0.5,0.525,4
Fibroblast,CD4 T,0.525,0.55,1
Fibroblast,CD4 T,0.55,0.5750000000000001,1
Fibroblast,CD4 T,0.5750000000000001,0.6000000000000001,1
Fibroblast,CD4 T,0.6000000000000001,0.625,0
Fibroblast,CD4 T,0.625,0.65,1
Fibroblast,CD4 T,0.65,0.675,0
Fibroblast,CD4 T,0.675,0.7000000000000001,0
Fibroblast,CD4 T,0.7000000000000001,0.7250000000000001,1
Fibroblast,CD4 T,0.7250000000000001,0.75,0
Fibroblast,CD4 T,0.75,0.775,0
Fibroblast,CD4 T,0.775,0.8,0
Fibroblast,CD4 T,0.8,0.8250000000000001,0
Fibroblast,CD4 T,0.8250000000000001,0.8500000000000001,0
Fibroblast,CD4 T,0.8500000000000001,0.875,0
Fibroblast,CD4 T,0.875,0.9,0
Fibroblast,CD4 T,0.9,0.925,0
Fibroblast,CD4 T,0.925,0.9500000000000001,0
Fibroblast,CD4 T,0.9500000000000001,0.9750000000000001,0
Fibroblast,CD4 T,0.9750000000000001,1.0,0
Fibroblast,Treg,0.0,0.025,248184
Fibroblast,Treg,0.025,0.05,2099
Fibroblast,Treg,0.05,0.07500000000000001,729
Fibroblast,Treg,0.07500000000000001,0.1,298
Fibroblast,Treg,0.1,0.125,154
Fibroblast,Treg,0.125,0.15000000000000002,66
Fibroblast,Treg,0.15000000000000002,0.17500000000000002,47
Fibroblast,Treg,0.17500000000000002,0.2,24
Fibroblast,Treg,0.2,0.225,10
Fibroblast,Treg,0.225,0.25,10
Fibroblast,Treg,0.25,0.275,6
Fibroblast,Treg,0.275,0.30000000000000004,8
Fibroblast,Treg,0.30000000000000004,0.325,2
Fibroblast,Treg,0.325,0.35000000000000003,0
Fibroblast,Treg,0.35000000000000003,0.375,1
Fibroblast,Treg,0.375,0.4,0
Fibroblast,Treg,0.4,0.42500000000000004,2
Fibroblast,Treg,0.42500000000000004,0.45,1
Fibroblast,Treg,0.45,0.47500000000000003,0
Fibroblast,Treg,0.47500000000000003,0.5,1
Fibroblast,Treg,0.5,0.525,1
Fibroblast,Treg,0.525,0.55,0
Fibroblast,Treg,0.55,0.5750000000000001,0
Fibroblast,Treg,0.5750000000000001,0.6000000000000001,0
Fibroblast,Treg,0.6000000000000001,0.625,1
Fibroblast,Treg,0.625,0.65,0
Fibroblast,Treg,0.65,0.675,0
Fibroblast,Treg,0.675,0.7000000000000001,0
Fibroblast,Treg,0.7000000000000001,0.7250000000000001,0
Fibroblast,Treg,0.7250000000000001,0.75,0
Fibroblast,Treg,0.75,0.775,0
Fibroblast,Treg,0.775,0.8,0
Fibroblast,Treg,0.8,0.8250000000000001,0
Fibroblast,Treg,0.8250000000000001,0.8500000000000001,0
Fibroblast,Treg,0.8500000000000001,0.875,0
Fibroblast,Treg,0.875,0.9,0
Fibroblast,Treg,0.9,0.925,0
Fibroblast,Treg,0.925,0.9500000000000001,0
Fibroblast,Treg,0.9500000000000001,0.9750000000000001,0
Fibroblast,Treg,0.9750000000000001,1.0,0
Fibroblast,B cell,0.0,0.025,243099
Fibroblast,B cell,0.025,0.05,4748
Fibroblast,B cell,0.05,0.07500000000000001,1928
Fibroblast,B cell,0.07500000000000001,0.1,855
Fibroblast,B cell,0.1,0.125,433
Fibroblast,B cell,0.125,0.15000000000000002,215
Fibroblast,B cell,0.15000000000000002,0.17500000000000002,151
Fibroblast,B cell,0.17500000000000002,0.2,54
Fibroblast,B cell,0.2,0.225,49
Fibroblast,B cell,0.225,0.25,26
Fibroblast,B cell,0.25,0.275,24
Fibroblast,B cell,0.275,0.30000000000000004,16
Fibroblast,B cell,0.30000000000000004,0.325,12
Fibroblast,B cell,0.325,0.35000000000000003,9
Fibroblast,B cell,0.35000000000000003,0.375,9
Fibroblast,B cell,0.375,0.4,5
Fibroblast,B cell,0.4,0.42500000000000004,2
Fibroblast,B cell,0.42500000000000004,0.45,2
Fibroblast,B cell,0.45,0.47500000000000003,1
Fibroblast,B cell,0.47500000000000003,0.5,0
Fibroblast,B cell,0.5,0.525,3
Fibroblast,B cell,0.525,0.55,1
Fibroblast,B cell,0.55,0.5750000000000001,0
Fibroblast,B cell,0.5750000000000001,0.6000000000000001,0
Fibroblast,B cell,0.6000000000000001,0.625,1
Fibroblast,B cell,0.625,0.65,0
Fibroblast,B cell,0.65,0.675,0
Fibroblast,B cell,0.675,0.7000000000000001,0
Fibroblast,B cell,0.7000000000000001,0.7250000000000001,1
Fibroblast,B cell,0.7250000000000001,0.75,0
Fibroblast,B cell,0.75,0.775,0
Fibroblast,B cell,0.775,0.8,0
Fibroblast,B cell,0.8,0.8250000000000001,0
Fibroblast,B cell,0.8250000000000001,0.8500000000000001,0
Fibroblast,B cell,0.8500000000000001,0.875,0
Fibroblast,B cell,0.875,0.9,0
Fibroblast,B cell,0.9,0.925,0
Fibroblast,B cell,0.925,0.9500000000000001,0
Fibroblast,B cell,0.9500000000000001,0.9750000000000001,0
Fibroblast,B cell,0.9750000000000001,1.0,0
Fibroblast,NK,0.0,0.025,243411
Fibroblast,NK,0.025,0.05,5263
Fibroblast,NK,0.05,0.07500000000000001,1890
Fibroblast,NK,0.07500000000000001,0.1,615
Fibroblast,NK,0.1,0.125,266
Fibroblast,NK,0.125,0.15000000000000002,105
Fibroblast,NK,0.15000000000000002,0.17500000000000002,40
Fibroblast,NK,0.17500000000000002,0.2,15
Fibroblast,NK,0.2,0.225,12
Fibroblast,NK,0.225,0.25,5
Fibroblast,NK,0.25,0.275,6
Fibroblast,NK,0.275,0.30000000000000004,2
Fibroblast,NK,0.30000000000000004,0.325,4
Fibroblast,NK,0.325,0.35000000000000003,4
Fibroblast,NK,0.35000000000000003,0.375,0
Fibroblast,NK,0.375,0.4,4
Fibroblast,NK,0.4,0.42500000000000004,2
Fibroblast,NK,0.42500000000000004,0.45,0
Fibroblast,NK,0.45,0.47500000000000003,0
Fibroblast,NK,0.47500000000000003,0.5,0
Fibroblast,NK,0.5,0.525,0
Fibroblast,NK,0.525,0.55,0
Fibroblast,NK,0.55,0.5750000000000001,0
Fibroblast,NK,0.5750000000000001,0.6000000000000001,0
Fibroblast,NK,0.6000000000000001,0.625,0
Fibroblast,NK,0.625,0.65,0
Fibroblast,NK,0.65,0.675,0
Fibroblast,NK,0.675,0.7000000000000001,0
Fibroblast,NK,0.7000000000000001,0.7250000000000001,0
Fibroblast,NK,0.7250000000000001,0.75,0
Fibroblast,NK,0.75,0.775,0
Fibroblast,NK,0.775,0.8,0
Fibroblast,NK,0.8,0.8250000000000001,0
Fibroblast,NK,0.8250000000000001,0.8500000000000001,0
Fibroblast,NK,0.8500000000000001,0.875,0
Fibroblast,NK,0.875,0.9,0
Fibroblast,NK,0.9,0.925,0
Fibroblast,NK,0.925,0.9500000000000001,0
Fibroblast,NK,0.9500000000000001,0.9750000000000001,0
Fibroblast,NK,0.9750000000000001,1.0,0
Fibroblast,Monocyte,0.0,0.025,223107
Fibroblast,Monocyte,0.025,0.05,15630
Fibroblast,Monocyte,0.05,0.07500000000000001,6479
Fibroblast,Monocyte,0.07500000000000001,0.1,2717
Fibroblast,Monocyte,0.1,0.125,1316
Fibroblast,Monocyte,0.125,0.15000000000000002,753
Fibroblast,Monocyte,0.15000000000000002,0.17500000000000002,507
Fibroblast,Monocyte,0.17500000000000002,0.2,318
Fibroblast,Monocyte,0.2,0.225,233
Fibroblast,Monocyte,0.225,0.25,178
Fibroblast,Monocyte,0.25,0.275,137
Fibroblast,Monocyte,0.275,0.30000000000000004,78
Fibroblast,Monocyte,0.30000000000000004,0.325,62
Fibroblast,Monocyte,0.325,0.35000000000000003,36
Fibroblast,Monocyte,0.35000000000000003,0.375,28
Fibroblast,Monocyte,0.375,0.4,21
Fibroblast,Monocyte,0.4,0.42500000000000004,9
Fibroblast,Monocyte,0.42500000000000004,0.45,8
Fibroblast,Monocyte,0.45,0.47500000000000003,5
Fibroblast,Monocyte,0.47500000000000003,0.5,10
Fibroblast,Monocyte,0.5,0.525,3
Fibroblast,Monocyte,0.525,0.55,1
Fibroblast,Monocyte,0.55,0.5750000000000001,1
Fibroblast,Monocyte,0.5750000000000001,0.6000000000000001,4
Fibroblast,Monocyte,0.6000000000000001,0.625,0
Fibroblast,Monocyte,0.625,0.65,2
Fibroblast,Monocyte,0.65,0.675,0
Fibroblast,Monocyte,0.675,0.7000000000000001,0
Fibroblast,Monocyte,0.7000000000000001,0.7250000000000001,1
Fibroblast,Monocyte,0.7250000000000001,0.75,0
Fibroblast,Monocyte,0.75,0.775,0
Fibroblast,Monocyte,0.775,0.8,0
Fibroblast,Monocyte,0.8,0.8250000000000001,0
Fibroblast,Monocyte,0.8250000000000001,0.8500000000000001,0
Fibroblast,Monocyte,0.8500000000000001,0.875,0
Fibroblast,Monocyte,0.875,0.9,0
Fibroblast,Monocyte,0.9,0.925,0
Fibroblast,Monocyte,0.925,0.9500000000000001,0
Fibroblast,Monocyte,0.9500000000000001,0.9750000000000001,0
Fibroblast,Monocyte,0.9750000000000001,1.0,0
Fibroblast,DC,0.0,0.025,245058
Fibroblast,DC,0.025,0.05,4630
Fibroblast,DC,0.05,0.07500000000000001,1305
Fibroblast,DC,0.07500000000000001,0.1,396
Fibroblast,DC,0.1,0.125,135
Fibroblast,DC,0.125,0.15000000000000002,60
Fibroblast,DC,0.15000000000000002,0.17500000000000002,28
Fibroblast,DC,0.17500000000000002,0.2,11
Fibroblast,DC,0.2,0.225,6
Fibroblast,DC,0.225,0.25,4
Fibroblast,DC,0.25,0.275,6
Fibroblast,DC,0.275,0.30000000000000004,2
Fibroblast,DC,0.30000000000000004,0.325,0
Fibroblast,DC,0.325,0.35000000000000003,1
Fibroblast,DC,0.35000000000000003,0.375,0
Fibroblast,DC,0.375,0.4,2
Fibroblast,DC,0.4,0.42500000000000004,0
Fibroblast,DC,0.42500000000000004,0.45,0
Fibroblast,DC,0.45,0.47500000000000003,0
Fibroblast,DC,0.47500000000000003,0.5,0
Fibroblast,DC,0.5,0.525,0
Fibroblast,DC,0.525,0.55,0
Fibroblast,DC,0.55,0.5750000000000001,0
Fibroblast,DC,0.5750000000000001,0.6000000000000001,0
Fibroblast,DC,0.6000000000000001,0.625,0
Fibroblast,DC,0.625,0.65,0
Fibroblast,DC,0.65,0.675,0
Fibroblast,DC,0.675,0.7000000000000001,0
Fibroblast,DC,0.7000000000000001,0.7250000000000001,0
Fibroblast,DC,0.7250000000000001,0.75,0
Fibroblast,DC,0.75,0.775,0
Fibroblast,DC,0.775,0.8,0
Fibroblast,DC,0.8,0.8250000000000001,0
Fibroblast,DC,0.8250000000000001,0.8500000000000001,0
Fibroblast,DC,0.8500000000000001,0.875,0
Fibroblast,DC,0.875,0.9,0
Fibroblast,DC,0.9,0.925,0
Fibroblast,DC,0.925,0.9500000000000001,0
Fibroblast,DC,0.9500000000000001,0.9750000000000001,0
Fibroblast,DC,0.9750000000000001,1.0,0
Fibroblast,Myeloid (other),0.0,0.025,235808
Fibroblast,Myeloid (other),0.025,0.05,9066
Fibroblast,Myeloid (other),0.05,0.07500000000000001,3462
Fibroblast,Myeloid (other),0.07500000000000001,0.1,1504
Fibroblast,Myeloid (other),0.1,0.125,745
Fibroblast,Myeloid (other),0.125,0.15000000000000002,418
Fibroblast,Myeloid (other),0.15000000000000002,0.17500000000000002,260
Fibroblast,Myeloid (other),0.17500000000000002,0.2,156
Fibroblast,Myeloid (other),0.2,0.225,107
Fibroblast,Myeloid (other),0.225,0.25,58
Fibroblast,Myeloid (other),0.25,0.275,26
Fibroblast,Myeloid (other),0.275,0.30000000000000004,22
Fibroblast,Myeloid (other),0.30000000000000004,0.325,5
Fibroblast,Myeloid (other),0.325,0.35000000000000003,4
Fibroblast,Myeloid (other),0.35000000000000003,0.375,1
Fibroblast,Myeloid (other),0.375,0.4,0
Fibroblast,Myeloid (other),0.4,0.42500000000000004,0
Fibroblast,Myeloid (other),0.42500000000000004,0.45,0
Fibroblast,Myeloid (other),0.45,0.47500000000000003,0
Fibroblast,Myeloid (other),0.47500000000000003,0.5,1
Fibroblast,Myeloid (other),0.5,0.525,0
Fibroblast,Myeloid (other),0.525,0.55,1
Fibroblast,Myeloid (other),0.55,0.5750000000000001,0
Fibroblast,Myeloid (other),0.5750000000000001,0.6000000000000001,0
Fibroblast,Myeloid (other),0.6000000000000001,0.625,0
Fibroblast,Myeloid (other),0.625,0.65,0
Fibroblast,Myeloid (other),0.65,0.675,0
Fibroblast,Myeloid (other),0.675,0.7000000000000001,0
Fibroblast,Myeloid (other),0.7000000000000001,0.7250000000000001,0
Fibroblast,Myeloid (other),0.7250000000000001,0.75,0
Fibroblast,Myeloid (other),0.75,0.775,0
Fibroblast,Myeloid (other),0.775,0.8,0
Fibroblast,Myeloid (other),0.8,0.8250000000000001,0
Fibroblast,Myeloid (other),0.8250000000000001,0.8500000000000001,0
Fibroblast,Myeloid (other),0.8500000000000001,0.875,0
Fibroblast,Myeloid (other),0.875,0.9,0
Fibroblast,Myeloid (other),0.9,0.925,0
Fibroblast,Myeloid (other),0.925,0.9500000000000001,0
Fibroblast,Myeloid (other),0.9500000000000001,0.9750000000000001,0
Fibroblast,Myeloid (other),0.9750000000000001,1.0,0
Fibroblast,Parenchyma,0.0,0.025,2430
Fibroblast,Parenchyma,0.025,0.05,852
Fibroblast,Parenchyma,0.05,0.07500000000000001,794
Fibroblast,Parenchyma,0.07500000000000001,0.1,872
Fibroblast,Parenchyma,0.1,0.125,1000
Fibroblast,Parenchyma,0.125,0.15000000000000002,1046
Fibroblast,Parenchyma,0.15000000000000002,0.17500000000000002,1242
Fibroblast,Parenchyma,0.17500000000000002,0.2,1412
Fibroblast,Parenchyma,0.2,0.225,1790
Fibroblast,Parenchyma,0.225,0.25,2077
Fibroblast,Parenchyma,0.25,0.275,2547
Fibroblast,Parenchyma,0.275,0.30000000000000004,3030
Fibroblast,Parenchyma,0.30000000000000004,0.325,3514
Fibroblast,Parenchyma,0.325,0.35000000000000003,4201
Fibroblast,Parenchyma,0.35000000000000003,0.375,5080
Fibroblast,Parenchyma,0.375,0.4,5944
Fibroblast,Parenchyma,0.4,0.42500000000000004,6974
Fibroblast,Parenchyma,0.42500000000000004,0.45,7763
Fibroblast,Parenchyma,0.45,0.47500000000000003,8680
Fibroblast,Parenchyma,0.47500000000000003,0.5,9770
Fibroblast,Parenchyma,0.5,0.525,10803
Fibroblast,Parenchyma,0.525,0.55,11379
Fibroblast,Parenchyma,0.55,0.5750000000000001,12324
Fibroblast,Parenchyma,0.5750000000000001,0.6000000000000001,12992
Fibroblast,Parenchyma,0.6000000000000001,0.625,13051
Fibroblast,Parenchyma,0.625,0.65,13277
Fibroblast,Parenchyma,0.65,0.675,13257
Fibroblast,Parenchyma,0.675,0.7000000000000001,13045
Fibroblast,Parenchyma,0.7000000000000001,0.7250000000000001,12604
Fibroblast,Parenchyma,0.7250000000000001,0.75,12013
Fibroblast,Parenchyma,0.75,0.775,11071
Fibroblast,Parenchyma,0.775,0.8,10047
Fibroblast,Parenchyma,0.8,0.8250000000000001,8841
Fibroblast,Parenchyma,0.8250000000000001,0.8500000000000001,7505
Fibroblast,Parenchyma,0.8500000000000001,0.875,6139
Fibroblast,Parenchyma,0.875,0.9,4674
Fibroblast,Parenchyma,0.9,0.925,3409
Fibroblast,Parenchyma,0.925,0.9500000000000001,2257
Fibroblast,Parenchyma,0.9500000000000001,0.9750000000000001,1278
Fibroblast,Parenchyma,0.9750000000000001,1.0,658
Fibroblast,ambiguous,0.0,0.025,239801
Fibroblast,ambiguous,0.025,0.05,6846
Fibroblast,ambiguous,0.05,0.07500000000000001,2741
Fibroblast,ambiguous,0.07500000000000001,0.1,1098
Fibroblast,ambiguous,0.1,0.125,512
Fibroblast,ambiguous,0.125,0.15000000000000002,252
Fibroblast,ambiguous,0.15000000000000002,0.17500000000000002,141
Fibroblast,ambiguous,0.17500000000000002,0.2,97
Fibroblast,ambiguous,0.2,0.225,43
Fibroblast,ambiguous,0.225,0.25,32
Fibroblast,ambiguous,0.25,0.275,32
Fibroblast,ambiguous,0.275,0.30000000000000004,13
Fibroblast,ambiguous,0.30000000000000004,0.325,9
Fibroblast,ambiguous,0.325,0.35000000000000003,12
Fibroblast,ambiguous,0.35000000000000003,0.375,4
Fibroblast,ambiguous,0.375,0.4,3
Fibroblast,ambiguous,0.4,0.42500000000000004,1
Fibroblast,ambiguous,0.42500000000000004,0.45,2
Fibroblast,ambiguous,0.45,0.47500000000000003,1
Fibroblast,ambiguous,0.47500000000000003,0.5,1
Fibroblast,ambiguous,0.5,0.525,1
Fibroblast,ambiguous,0.525,0.55,0
Fibroblast,ambiguous,0.55,0.5750000000000001,1
Fibroblast,ambiguous,0.5750000000000001,0.6000000000000001,0
Fibroblast,ambiguous,0.6000000000000001,0.625,0
Fibroblast,ambiguous,0.625,0.65,0
Fibroblast,ambiguous,0.65,0.675,0
Fibroblast,ambiguous,0.675,0.7000000000000001,0
Fibroblast,ambiguous,0.7000000000000001,0.7250000000000001,0
Fibroblast,ambiguous,0.7250000000000001,0.75,0
Fibroblast,ambiguous,0.75,0.775,0
Fibroblast,ambiguous,0.775,0.8,0
Fibroblast,ambiguous,0.8,0.8250000000000001,0
Fibroblast,ambiguous,0.8250000000000001,0.8500000000000001,0
Fibroblast,ambiguous,0.8500000000000001,0.875,0
Fibroblast,ambiguous,0.875,0.9,0
Fibroblast,ambiguous,0.9,0.925,0
Fibroblast,ambiguous,0.925,0.9500000000000001,0
Fibroblast,ambiguous,0.9500000000000001,0.9750000000000001,1
Fibroblast,ambiguous,0.9750000000000001,1.0,0
Macrophage,Endothelial,0.0,0.025,15947
Macrophage,Endothelial,0.025,0.05,9928
Macrophage,Endothelial,0.05,0.07500000000000001,7889
Macrophage,Endothelial,0.07500000000000001,0.1,5001
Macrophage,Endothelial,0.1,0.125,3360
Macrophage,Endothelial,0.125,0.15000000000000002,2107
Macrophage,Endothelial,0.15000000000000002,0.17500000000000002,1379
Macrophage,Endothelial,0.17500000000000002,0.2,939
Macrophage,Endothelial,0.2,0.225,639
Macrophage,Endothelial,0.225,0.25,475
Macrophage,Endothelial,0.25,0.275,355
Macrophage,Endothelial,0.275,0.30000000000000004,240
Macrophage,Endothelial,0.30000000000000004,0.325,176
Macrophage,Endothelial,0.325,0.35000000000000003,160
Macrophage,Endothelial,0.35000000000000003,0.375,115
Macrophage,Endothelial,0.375,0.4,90
Macrophage,Endothelial,0.4,0.42500000000000004,72
Macrophage,Endothelial,0.42500000000000004,0.45,78
Macrophage,Endothelial,0.45,0.47500000000000003,55
Macrophage,Endothelial,0.47500000000000003,0.5,38
Macrophage,Endothelial,0.5,0.525,34
Macrophage,Endothelial,0.525,0.55,23
Macrophage,Endothelial,0.55,0.5750000000000001,21
Macrophage,Endothelial,0.5750000000000001,0.6000000000000001,24
Macrophage,Endothelial,0.6000000000000001,0.625,19
Macrophage,Endothelial,0.625,0.65,11
Macrophage,Endothelial,0.65,0.675,11
Macrophage,Endothelial,0.675,0.7000000000000001,7
Macrophage,Endothelial,0.7000000000000001,0.7250000000000001,4
Macrophage,Endothelial,0.7250000000000001,0.75,5
Macrophage,Endothelial,0.75,0.775,3
Macrophage,Endothelial,0.775,0.8,3
Macrophage,Endothelial,0.8,0.8250000000000001,8
Macrophage,Endothelial,0.8250000000000001,0.8500000000000001,9
Macrophage,Endothelial,0.8500000000000001,0.875,2
Macrophage,Endothelial,0.875,0.9,4
Macrophage,Endothelial,0.9,0.925,5
Macrophage,Endothelial,0.925,0.9500000000000001,7
Macrophage,Endothelial,0.9500000000000001,0.9750000000000001,3
Macrophage,Endothelial,0.9750000000000001,1.0,4
Macrophage,Fibroblast,0.0,0.025,25164
Macrophage,Fibroblast,0.025,0.05,4140
Macrophage,Fibroblast,0.05,0.07500000000000001,2701
Macrophage,Fibroblast,0.07500000000000001,0.1,2048
Macrophage,Fibroblast,0.1,0.125,1781
Macrophage,Fibroblast,0.125,0.15000000000000002,1639
Macrophage,Fibroblast,0.15000000000000002,0.17500000000000002,1565
Macrophage,Fibroblast,0.17500000000000002,0.2,1341
Macrophage,Fibroblast,0.2,0.225,1231
Macrophage,Fibroblast,0.225,0.25,1262
Macrophage,Fibroblast,0.25,0.275,1031
Macrophage,Fibroblast,0.275,0.30000000000000004,968
Macrophage,Fibroblast,0.30000000000000004,0.325,771
Macrophage,Fibroblast,0.325,0.35000000000000003,712
Macrophage,Fibroblast,0.35000000000000003,0.375,562
Macrophage,Fibroblast,0.375,0.4,442
Macrophage,Fibroblast,0.4,0.42500000000000004,404
Macrophage,Fibroblast,0.42500000000000004,0.45,321
Macrophage,Fibroblast,0.45,0.47500000000000003,243
Macrophage,Fibroblast,0.47500000000000003,0.5,238
Macrophage,Fibroblast,0.5,0.525,173
Macrophage,Fibroblast,0.525,0.55,133
Macrophage,Fibroblast,0.55,0.5750000000000001,93
Macrophage,Fibroblast,0.5750000000000001,0.6000000000000001,69
Macrophage,Fibroblast,0.6000000000000001,0.625,53
Macrophage,Fibroblast,0.625,0.65,44
Macrophage,Fibroblast,0.65,0.675,27
Macrophage,Fibroblast,0.675,0.7000000000000001,17
Macrophage,Fibroblast,0.7000000000000001,0.7250000000000001,27
Macrophage,Fibroblast,0.7250000000000001,0.75,6
Macrophage,Fibroblast,0.75,0.775,11
Macrophage,Fibroblast,0.775,0.8,6
Macrophage,Fibroblast,0.8,0.8250000000000001,9
Macrophage,Fibroblast,0.8250000000000001,0.8500000000000001,4
Macrophage,Fibroblast,0.8500000000000001,0.875,3
Macrophage,Fibroblast,0.875,0.9,1
Macrophage,Fibroblast,0.9,0.925,3
Macrophage,Fibroblast,0.925,0.9500000000000001,4
Macrophage,Fibroblast,0.9500000000000001,0.9750000000000001,2
Macrophage,Fibroblast,0.9750000000000001,1.0,1
Macrophage,Macrophage,0.0,0.025,13610
Macrophage,Macrophage,0.025,0.05,5530
Macrophage,Macrophage,0.05,0.07500000000000001,5685
Macrophage,Macrophage,0.07500000000000001,0.1,4543
Macrophage,Macrophage,0.1,0.125,3767
Macrophage,Macrophage,0.125,0.15000000000000002,3041
Macrophage,Macrophage,0.15000000000000002,0.17500000000000002,2474
Macrophage,Macrophage,0.17500000000000002,0.2,1946
Macrophage,Macrophage,0.2,0.225,1729
Macrophage,Macrophage,0.225,0.25,1360
Macrophage,Macrophage,0.25,0.275,1148
Macrophage,Macrophage,0.275,0.30000000000000004,867
Macrophage,Macrophage,0.30000000000000004,0.325,692
Macrophage,Macrophage,0.325,0.35000000000000003,607
Macrophage,Macrophage,0.35000000000000003,0.375,444
Macrophage,Macrophage,0.375,0.4,398
Macrophage,Macrophage,0.4,0.42500000000000004,309
Macrophage,Macrophage,0.42500000000000004,0.45,245
Macrophage,Macrophage,0.45,0.47500000000000003,234
Macrophage,Macrophage,0.47500000000000003,0.5,151
Macrophage,Macrophage,0.5,0.525,131
Macrophage,Macrophage,0.525,0.55,103
Macrophage,Macrophage,0.55,0.5750000000000001,72
Macrophage,Macrophage,0.5750000000000001,0.6000000000000001,63
Macrophage,Macrophage,0.6000000000000001,0.625,41
Macrophage,Macrophage,0.625,0.65,22
Macrophage,Macrophage,0.65,0.675,12
Macrophage,Macrophage,0.675,0.7000000000000001,9
Macrophage,Macrophage,0.7000000000000001,0.7250000000000001,5
Macrophage,Macrophage,0.7250000000000001,0.75,4
Macrophage,Macrophage,0.75,0.775,2
Macrophage,Macrophage,0.775,0.8,5
Macrophage,Macrophage,0.8,0.8250000000000001,1
Macrophage,Macrophage,0.8250000000000001,0.8500000000000001,0
Macrophage,Macrophage,0.8500000000000001,0.875,0
Macrophage,Macrophage,0.875,0.9,0
Macrophage,Macrophage,0.9,0.925,0
Macrophage,Macrophage,0.925,0.9500000000000001,0
Macrophage,Macrophage,0.9500000000000001,0.9750000000000001,0
Macrophage,Macrophage,0.9750000000000001,1.0,0
Macrophage,CD8 T,0.0,0.025,39344
Macrophage,CD8 T,0.025,0.05,4468
Macrophage,CD8 T,0.05,0.07500000000000001,2412
Macrophage,CD8 T,0.07500000000000001,0.1,1140
Macrophage,CD8 T,0.1,0.125,670
Macrophage,CD8 T,0.125,0.15000000000000002,376
Macrophage,CD8 T,0.15000000000000002,0.17500000000000002,254
Macrophage,CD8 T,0.17500000000000002,0.2,159
Macrophage,CD8 T,0.2,0.225,106
Macrophage,CD8 T,0.225,0.25,80
Macrophage,CD8 T,0.25,0.275,55
Macrophage,CD8 T,0.275,0.30000000000000004,42
Macrophage,CD8 T,0.30000000000000004,0.325,29
Macrophage,CD8 T,0.325,0.35000000000000003,20
Macrophage,CD8 T,0.35000000000000003,0.375,22
Macrophage,CD8 T,0.375,0.4,13
Macrophage,CD8 T,0.4,0.42500000000000004,17
Macrophage,CD8 T,0.42500000000000004,0.45,11
Macrophage,CD8 T,0.45,0.47500000000000003,8
Macrophage,CD8 T,0.47500000000000003,0.5,9
Macrophage,CD8 T,0.5,0.525,2
Macrophage,CD8 T,0.525,0.55,3
Macrophage,CD8 T,0.55,0.5750000000000001,2
Macrophage,CD8 T,0.5750000000000001,0.6000000000000001,1
Macrophage,CD8 T,0.6000000000000001,0.625,0
Macrophage,CD8 T,0.625,0.65,2
Macrophage,CD8 T,0.65,0.675,0
Macrophage,CD8 T,0.675,0.7000000000000001,1
Macrophage,CD8 T,0.7000000000000001,0.7250000000000001,0
Macrophage,CD8 T,0.7250000000000001,0.75,0
Macrophage,CD8 T,0.75,0.775,1
Macrophage,CD8 T,0.775,0.8,0
Macrophage,CD8 T,0.8,0.8250000000000001,1
Macrophage,CD8 T,0.8250000000000001,0.8500000000000001,1
Macrophage,CD8 T,0.8500000000000001,0.875,0
Macrophage,CD8 T,0.875,0.9,0
Macrophage,CD8 T,0.9,0.925,0
Macrophage,CD8 T,0.925,0.9500000000000001,0
Macrophage,CD8 T,0.9500000000000001,0.9750000000000001,0
Macrophage,CD8 T,0.9750000000000001,1.0,1
Macrophage,CD4 T,0.0,0.025,41838
Macrophage,CD4 T,0.025,0.05,3694
Macrophage,CD4 T,0.05,0.07500000000000001,1760
Macrophage,CD4 T,0.07500000000000001,0.1,905
Macrophage,CD4 T,0.1,0.125,454
Macrophage,CD4 T,0.125,0.15000000000000002,228
Macrophage,CD4 T,0.15000000000000002,0.17500000000000002,134
Macrophage,CD4 T,0.17500000000000002,0.2,86
Macrophage,CD4 T,0.2,0.225,50
Macrophage,CD4 T,0.225,0.25,36
Macrophage,CD4 T,0.25,0.275,13
Macrophage,CD4 T,0.275,0.30000000000000004,19
Macrophage,CD4 T,0.30000000000000004,0.325,8
Macrophage,CD4 T,0.325,0.35000000000000003,6
Macrophage,CD4 T,0.35000000000000003,0.375,3
Macrophage,CD4 T,0.375,0.4,1
Macrophage,CD4 T,0.4,0.42500000000000004,4
Macrophage,CD4 T,0.42500000000000004,0.45,3
Macrophage,CD4 T,0.45,0.47500000000000003,2
Macrophage,CD4 T,0.47500000000000003,0.5,1
Macrophage,CD4 T,0.5,0.525,1
Macrophage,CD4 T,0.525,0.55,0
Macrophage,CD4 T,0.55,0.5750000000000001,1
Macrophage,CD4 T,0.5750000000000001,0.6000000000000001,0
Macrophage,CD4 T,0.6000000000000001,0.625,0
Macrophage,CD4 T,0.625,0.65,0
Macrophage,CD4 T,0.65,0.675,1
Macrophage,CD4 T,0.675,0.7000000000000001,0
Macrophage,CD4 T,0.7000000000000001,0.7250000000000001,0
Macrophage,CD4 T,0.7250000000000001,0.75,1
Macrophage,CD4 T,0.75,0.775,0
Macrophage,CD4 T,0.775,0.8,0
Macrophage,CD4 T,0.8,0.8250000000000001,0
Macrophage,CD4 T,0.8250000000000001,0.8500000000000001,0
Macrophage,CD4 T,0.8500000000000001,0.875,0
Macrophage,CD4 T,0.875,0.9,0
Macrophage,CD4 T,0.9,0.925,1
Macrophage,CD4 T,0.925,0.9500000000000001,0
Macrophage,CD4 T,0.9500000000000001,0.9750000000000001,0
Macrophage,CD4 T,0.9750000000000001,1.0,0
Macrophage,Treg,0.0,0.025,47647
Macrophage,Treg,0.025,0.05,924
Macrophage,Treg,0.05,0.07500000000000001,380
Macrophage,Treg,0.07500000000000001,0.1,155
Macrophage,Treg,0.1,0.125,61
Macrophage,Treg,0.125,0.15000000000000002,37
Macrophage,Treg,0.15000000000000002,0.17500000000000002,14
Macrophage,Treg,0.17500000000000002,0.2,13
Macrophage,Treg,0.2,0.225,2
Macrophage,Treg,0.225,0.25,4
Macrophage,Treg,0.25,0.275,1
Macrophage,Treg,0.275,0.30000000000000004,3
Macrophage,Treg,0.30000000000000004,0.325,2
Macrophage,Treg,0.325,0.35000000000000003,3
Macrophage,Treg,0.35000000000000003,0.375,1
Macrophage,Treg,0.375,0.4,0
Macrophage,Treg,0.4,0.42500000000000004,1
Macrophage,Treg,0.42500000000000004,0.45,0
Macrophage,Treg,0.45,0.47500000000000003,0
Macrophage,Treg,0.47500000000000003,0.5,0
Macrophage,Treg,0.5,0.525,0
Macrophage,Treg,0.525,0.55,0
Macrophage,Treg,0.55,0.5750000000000001,0
Macrophage,Treg,0.5750000000000001,0.6000000000000001,1
Macrophage,Treg,0.6000000000000001,0.625,0
Macrophage,Treg,0.625,0.65,0
Macrophage,Treg,0.65,0.675,0
Macrophage,Treg,0.675,0.7000000000000001,0
Macrophage,Treg,0.7000000000000001,0.7250000000000001,0
Macrophage,Treg,0.7250000000000001,0.75,0
Macrophage,Treg,0.75,0.775,0
Macrophage,Treg,0.775,0.8,0
Macrophage,Treg,0.8,0.8250000000000001,0
Macrophage,Treg,0.8250000000000001,0.8500000000000001,0
Macrophage,Treg,0.8500000000000001,0.875,1
Macrophage,Treg,0.875,0.9,0
Macrophage,Treg,0.9,0.925,0
Macrophage,Treg,0.925,0.9500000000000001,0
Macrophage,Treg,0.9500000000000001,0.9750000000000001,0
Macrophage,Treg,0.9750000000000001,1.0,0
Macrophage,B cell,0.0,0.025,44669
Macrophage,B cell,0.025,0.05,2366
Macrophage,B cell,0.05,0.07500000000000001,1152
Macrophage,B cell,0.07500000000000001,0.1,517
Macrophage,B cell,0.1,0.125,228
Macrophage,B cell,0.125,0.15000000000000002,139
Macrophage,B cell,0.15000000000000002,0.17500000000000002,65
Macrophage,B cell,0.17500000000000002,0.2,35
Macrophage,B cell,0.2,0.225,24
Macrophage,B cell,0.225,0.25,21
Macrophage,B cell,0.25,0.275,11
Macrophage,B cell,0.275,0.30000000000000004,6
Macrophage,B cell,0.30000000000000004,0.325,2
Macrophage,B cell,0.325,0.35000000000000003,3
Macrophage,B cell,0.35000000000000003,0.375,2
Macrophage,B cell,0.375,0.4,2
Macrophage,B cell,0.4,0.42500000000000004,3
Macrophage,B cell,0.42500000000000004,0.45,1
Macrophage,B cell,0.45,0.47500000000000003,1
Macrophage,B cell,0.47500000000000003,0.5,0
Macrophage,B cell,0.5,0.525,0
Macrophage,B cell,0.525,0.55,0
Macrophage,B cell,0.55,0.5750000000000001,0
Macrophage,B cell,0.5750000000000001,0.6000000000000001,0
Macrophage,B cell,0.6000000000000001,0.625,2
Macrophage,B cell,0.625,0.65,0
Macrophage,B cell,0.65,0.675,0
Macrophage,B cell,0.675,0.7000000000000001,0
Macrophage,B cell,0.7000000000000001,0.7250000000000001,0
Macrophage,B cell,0.7250000000000001,0.75,0
Macrophage,B cell,0.75,0.775,0
Macrophage,B cell,0.775,0.8,0
Macrophage,B cell,0.8,0.8250000000000001,0
Macrophage,B cell,0.8250000000000001,0.8500000000000001,0
Macrophage,B cell,0.8500000000000001,0.875,0
Macrophage,B cell,0.875,0.9,0
Macrophage,B cell,0.9,0.925,0
Macrophage,B cell,0.925,0.9500000000000001,1
Macrophage,B cell,0.9500000000000001,0.9750000000000001,0
Macrophage,B cell,0.9750000000000001,1.0,0
Macrophage,NK,0.0,0.025,42391
Macrophage,NK,0.025,0.05,3737
Macrophage,NK,0.05,0.07500000000000001,1740
Macrophage,NK,0.07500000000000001,0.1,670
Macrophage,NK,0.1,0.125,365
Macrophage,NK,0.125,0.15000000000000002,175
Macrophage,NK,0.15000000000000002,0.17500000000000002,79
Macrophage,NK,0.17500000000000002,0.2,40
Macrophage,NK,0.2,0.225,22
Macrophage,NK,0.225,0.25,17
Macrophage,NK,0.25,0.275,6
Macrophage,NK,0.275,0.30000000000000004,5
Macrophage,NK,0.30000000000000004,0.325,0
Macrophage,NK,0.325,0.35000000000000003,2
Macrophage,NK,0.35000000000000003,0.375,1
Macrophage,NK,0.375,0.4,0
Macrophage,NK,0.4,0.42500000000000004,0
Macrophage,NK,0.42500000000000004,0.45,0
Macrophage,NK,0.45,0.47500000000000003,0
Macrophage,NK,0.47500000000000003,0.5,0
Macrophage,NK,0.5,0.525,0
Macrophage,NK,0.525,0.55,0
Macrophage,NK,0.55,0.5750000000000001,0
Macrophage,NK,0.5750000000000001,0.6000000000000001,0
Macrophage,NK,0.6000000000000001,0.625,0
Macrophage,NK,0.625,0.65,0
Macrophage,NK,0.65,0.675,0
Macrophage,NK,0.675,0.7000000000000001,0
Macrophage,NK,0.7000000000000001,0.7250000000000001,0
Macrophage,NK,0.7250000000000001,0.75,0
Macrophage,NK,0.75,0.775,0
Macrophage,NK,0.775,0.8,0
Macrophage,NK,0.8,0.8250000000000001,0
Macrophage,NK,0.8250000000000001,0.8500000000000001,0
Macrophage,NK,0.8500000000000001,0.875,0
Macrophage,NK,0.875,0.9,0
Macrophage,NK,0.9,0.925,0
Macrophage,NK,0.925,0.9500000000000001,0
Macrophage,NK,0.9500000000000001,0.9750000000000001,0
Macrophage,NK,0.9750000000000001,1.0,0
Macrophage,Monocyte,0.0,0.025,30760
Macrophage,Monocyte,0.025,0.05,7099
Macrophage,Monocyte,0.05,0.07500000000000001,4796
Macrophage,Monocyte,0.07500000000000001,0.1,2799
Macrophage,Monocyte,0.1,0.125,1603
Macrophage,Monocyte,0.125,0.15000000000000002,940
Macrophage,Monocyte,0.15000000000000002,0.17500000000000002,568
Macrophage,Monocyte,0.17500000000000002,0.2,289
Macrophage,Monocyte,0.2,0.225,165
Macrophage,Monocyte,0.225,0.25,85
Macrophage,Monocyte,0.25,0.275,45
Macrophage,Monocyte,0.275,0.30000000000000004,32
Macrophage,Monocyte,0.30000000000000004,0.325,25
Macrophage,Monocyte,0.325,0.35000000000000003,10
Macrophage,Monocyte,0.35000000000000003,0.375,11
Macrophage,Monocyte,0.375,0.4,5
Macrophage,Monocyte,0.4,0.42500000000000004,3
Macrophage,Monocyte,0.42500000000000004,0.45,6
Macrophage,Monocyte,0.45,0.47500000000000003,1
Macrophage,Monocyte,0.47500000000000003,0.5,3
Macrophage,Monocyte,0.5,0.525,3
Macrophage,Monocyte,0.525,0.55,0
Macrophage,Monocyte,0.55,0.5750000000000001,1
Macrophage,Monocyte,0.5750000000000001,0.6000000000000001,0
Macrophage,Monocyte,0.6000000000000001,0.625,0
Macrophage,Monocyte,0.625,0.65,0
Macrophage,Monocyte,0.65,0.675,0
Macrophage,Monocyte,0.675,0.7000000000000001,0
Macrophage,Monocyte,0.7000000000000001,0.7250000000000001,0
Macrophage,Monocyte,0.7250000000000001,0.75,0
Macrophage,Monocyte,0.75,0.775,1
Macrophage,Monocyte,0.775,0.8,0
Macrophage,Monocyte,0.8,0.8250000000000001,0
Macrophage,Monocyte,0.8250000000000001,0.8500000000000001,0
Macrophage,Monocyte,0.8500000000000001,0.875,0
Macrophage,Monocyte,0.875,0.9,0
Macrophage,Monocyte,0.9,0.925,0
Macrophage,Monocyte,0.925,0.9500000000000001,0
Macrophage,Monocyte,0.9500000000000001,0.9750000000000001,0
Macrophage,Monocyte,0.9750000000000001,1.0,0
Macrophage,DC,0.0,0.025,45258
Macrophage,DC,0.025,0.05,2548
Macrophage,DC,0.05,0.07500000000000001,901
Macrophage,DC,0.07500000000000001,0.1,312
Macrophage,DC,0.1,0.125,141
Macrophage,DC,0.125,0.15000000000000002,62
Macrophage,DC,0.15000000000000002,0.17500000000000002,15
Macrophage,DC,0.17500000000000002,0.2,7
Macrophage,DC,0.2,0.225,4
Macrophage,DC,0.225,0.25,2
Macrophage,DC,0.25,0.275,0
Macrophage,DC,0.275,0.30000000000000004,0
Macrophage,DC,0.30000000000000004,0.325,0
Macrophage,DC,0.325,0.35000000000000003,0
Macrophage,DC,0.35000000000000003,0.375,0
Macrophage,DC,0.375,0.4,0
Macrophage,DC,0.4,0.42500000000000004,0
Macrophage,DC,0.42500000000000004,0.45,0
Macrophage,DC,0.45,0.47500000000000003,0
Macrophage,DC,0.47500000000000003,0.5,0
Macrophage,DC,0.5,0.525,0
Macrophage,DC,0.525,0.55,0
Macrophage,DC,0.55,0.5750000000000001,0
Macrophage,DC,0.5750000000000001,0.6000000000000001,0
Macrophage,DC,0.6000000000000001,0.625,0
Macrophage,DC,0.625,0.65,0
Macrophage,DC,0.65,0.675,0
Macrophage,DC,0.675,0.7000000000000001,0
Macrophage,DC,0.7000000000000001,0.7250000000000001,0
Macrophage,DC,0.7250000000000001,0.75,0
Macrophage,DC,0.75,0.775,0
Macrophage,DC,0.775,0.8,0
Macrophage,DC,0.8,0.8250000000000001,0
Macrophage,DC,0.8250000000000001,0.8500000000000001,0
Macrophage,DC,0.8500000000000001,0.875,0
Macrophage,DC,0.875,0.9,0
Macrophage,DC,0.9,0.925,0
Macrophage,DC,0.925,0.9500000000000001,0
Macrophage,DC,0.9500000000000001,0.9750000000000001,0
Macrophage,DC,0.9750000000000001,1.0,0
Macrophage,Myeloid (other),0.0,0.025,41904
Macrophage,Myeloid (other),0.025,0.05,4369
Macrophage,Myeloid (other),0.05,0.07500000000000001,1702
Macrophage,Myeloid (other),0.07500000000000001,0.1,699
Macrophage,Myeloid (other),0.1,0.125,282
Macrophage,Myeloid (other),0.125,0.15000000000000002,131
Macrophage,Myeloid (other),0.15000000000000002,0.17500000000000002,79
Macrophage,Myeloid (other),0.17500000000000002,0.2,39
Macrophage,Myeloid (other),0.2,0.225,24
Macrophage,Myeloid (other),0.225,0.25,10
Macrophage,Myeloid (other),0.25,0.275,4
Macrophage,Myeloid (other),0.275,0.30000000000000004,2
Macrophage,Myeloid (other),0.30000000000000004,0.325,4
Macrophage,Myeloid (other),0.325,0.35000000000000003,0
Macrophage,Myeloid (other),0.35000000000000003,0.375,0
Macrophage,Myeloid (other),0.375,0.4,0
Macrophage,Myeloid (other),0.4,0.42500000000000004,0
Macrophage,Myeloid (other),0.42500000000000004,0.45,0
Macrophage,Myeloid (other),0.45,0.47500000000000003,0
Macrophage,Myeloid (other),0.47500000000000003,0.5,0
Macrophage,Myeloid (other),0.5,0.525,0
Macrophage,Myeloid (other),0.525,0.55,0
Macrophage,Myeloid (other),0.55,0.5750000000000001,0
Macrophage,Myeloid (other),0.5750000000000001,0.6000000000000001,1
Macrophage,Myeloid (other),0.6000000000000001,0.625,0
Macrophage,Myeloid (other),0.625,0.65,0
Macrophage,Myeloid (other),0.65,0.675,0
Macrophage,Myeloid (other),0.675,0.7000000000000001,0
Macrophage,Myeloid (other),0.7000000000000001,0.7250000000000001,0
Macrophage,Myeloid (other),0.7250000000000001,0.75,0
Macrophage,Myeloid (other),0.75,0.775,0
Macrophage,Myeloid (other),0.775,0.8,0
Macrophage,Myeloid (other),0.8,0.8250000000000001,0
Macrophage,Myeloid (other),0.8250000000000001,0.8500000000000001,0
Macrophage,Myeloid (other),0.8500000000000001,0.875,0
Macrophage,Myeloid (other),0.875,0.9,0
Macrophage,Myeloid (other),0.9,0.925,0
Macrophage,Myeloid (other),0.925,0.9500000000000001,0
Macrophage,Myeloid (other),0.9500000000000001,0.9750000000000001,0
Macrophage,Myeloid (other),0.9750000000000001,1.0,0
Macrophage,Parenchyma,0.0,0.025,1050
Macrophage,Parenchyma,0.025,0.05,150
Macrophage,Parenchyma,0.05,0.07500000000000001,134
Macrophage,Parenchyma,0.07500000000000001,0.1,127
Macrophage,Parenchyma,0.1,0.125,142
Macrophage,Parenchyma,0.125,0.15000000000000002,199
Macrophage,Parenchyma,0.15000000000000002,0.17500000000000002,221
Macrophage,Parenchyma,0.17500000000000002,0.2,238
Macrophage,Parenchyma,0.2,0.225,281
Macrophage,Parenchyma,0.225,0.25,367
Macrophage,Parenchyma,0.25,0.275,417
Macrophage,Parenchyma,0.275,0.30000000000000004,511
Macrophage,Parenchyma,0.30000000000000004,0.325,606
Macrophage,Parenchyma,0.325,0.35000000000000003,686
Macrophage,Parenchyma,0.35000000000000003,0.375,827
Macrophage,Parenchyma,0.375,0.4,892
Macrophage,Parenchyma,0.4,0.42500000000000004,1020
Macrophage,Parenchyma,0.42500000000000004,0.45,1186
Macrophage,Parenchyma,0.45,0.47500000000000003,1254
Macrophage,Parenchyma,0.47500000000000003,0.5,1387
Macrophage,Parenchyma,0.5,0.525,1557
Macrophage,Parenchyma,0.525,0.55,1653
Macrophage,Parenchyma,0.55,0.5750000000000001,1881
Macrophage,Parenchyma,0.5750000000000001,0.6000000000000001,2008
Macrophage,Parenchyma,0.6000000000000001,0.625,2093
Macrophage,Parenchyma,0.625,0.65,2202
Macrophage,Parenchyma,0.65,0.675,2235
Macrophage,Parenchyma,0.675,0.7000000000000001,2485
Macrophage,Parenchyma,0.7000000000000001,0.7250000000000001,2479
Macrophage,Parenchyma,0.7250000000000001,0.75,2429
Macrophage,Parenchyma,0.75,0.775,2520
Macrophage,Parenchyma,0.775,0.8,2509
Macrophage,Parenchyma,0.8,0.8250000000000001,2327
Macrophage,Parenchyma,0.8250000000000001,0.8500000000000001,2145
Macrophage,Parenchyma,0.8500000000000001,0.875,1960
Macrophage,Parenchyma,0.875,0.9,1704
Macrophage,Parenchyma,0.9,0.925,1372
Macrophage,Parenchyma,0.925,0.9500000000000001,1055
Macrophage,Parenchyma,0.9500000000000001,0.9750000000000001,592
Macrophage,Parenchyma,0.9750000000000001,1.0,349
Macrophage,ambiguous,0.0,0.025,43296
Macrophage,ambiguous,0.025,0.05,2675
Macrophage,ambiguous,0.05,0.07500000000000001,1383
Macrophage,ambiguous,0.07500000000000001,0.1,728
Macrophage,ambiguous,0.1,0.125,433
Macrophage,ambiguous,0.125,0.15000000000000002,266
Macrophage,ambiguous,0.15000000000000002,0.17500000000000002,167
Macrophage,ambiguous,0.17500000000000002,0.2,99
Macrophage,ambiguous,0.2,0.225,69
Macrophage,ambiguous,0.225,0.25,39
Macrophage,ambiguous,0.25,0.275,32
Macrophage,ambiguous,0.275,0.30000000000000004,21
Macrophage,ambiguous,0.30000000000000004,0.325,14
Macrophage,ambiguous,0.325,0.35000000000000003,9
Macrophage,ambiguous,0.35000000000000003,0.375,5
Macrophage,ambiguous,0.375,0.4,1
Macrophage,ambiguous,0.4,0.42500000000000004,3
Macrophage,ambiguous,0.42500000000000004,0.45,0
Macrophage,ambiguous,0.45,0.47500000000000003,0
Macrophage,ambiguous,0.47500000000000003,0.5,0
Macrophage,ambiguous,0.5,0.525,0
Macrophage,ambiguous,0.525,0.55,3
Macrophage,ambiguous,0.55,0.5750000000000001,1
Macrophage,ambiguous,0.5750000000000001,0.6000000000000001,0
Macrophage,ambiguous,0.6000000000000001,0.625,0
Macrophage,ambiguous,0.625,0.65,0
Macrophage,ambiguous,0.65,0.675,0
Macrophage,ambiguous,0.675,0.7000000000000001,0
Macrophage,ambiguous,0.7000000000000001,0.7250000000000001,1
Macrophage,ambiguous,0.7250000000000001,0.75,1
Macrophage,ambiguous,0.75,0.775,0
Macrophage,ambiguous,0.775,0.8,0
Macrophage,ambiguous,0.8,0.8250000000000001,0
Macrophage,ambiguous,0.8250000000000001,0.8500000000000001,3
Macrophage,ambiguous,0.8500000000000001,0.875,0
Macrophage,ambiguous,0.875,0.9,0
Macrophage,ambiguous,0.9,0.925,0
Macrophage,ambiguous,0.925,0.9500000000000001,0
Macrophage,ambiguous,0.9500000000000001,0.9750000000000001,1
Macrophage,ambiguous,0.9750000000000001,1.0,0
CD8 T,Endothelial,0.0,0.025,5035
CD8 T,Endothelial,0.025,0.05,3140
CD8 T,Endothelial,0.05,0.07500000000000001,2607
CD8 T,Endothelial,0.07500000000000001,0.1,1824
CD8 T,Endothelial,0.1,0.125,1269
CD8 T,Endothelial,0.125,0.15000000000000002,837
CD8 T,Endothelial,0.15000000000000002,0.17500000000000002,621
CD8 T,Endothelial,0.17500000000000002,0.2,430
CD8 T,Endothelial,0.2,0.225,277
CD8 T,Endothelial,0.225,0.25,211
CD8 T,Endothelial,0.25,0.275,122
CD8 T,Endothelial,0.275,0.30000000000000004,108
CD8 T,Endothelial,0.30000000000000004,0.325,81
CD8 T,Endothelial,0.325,0.35000000000000003,63
CD8 T,Endothelial,0.35000000000000003,0.375,57
CD8 T,Endothelial,0.375,0.4,40
CD8 T,Endothelial,0.4,0.42500000000000004,42
CD8 T,Endothelial,0.42500000000000004,0.45,27
CD8 T,Endothelial,0.45,0.47500000000000003,25
CD8 T,Endothelial,0.47500000000000003,0.5,15
CD8 T,Endothelial,0.5,0.525,17
CD8 T,Endothelial,0.525,0.55,16
CD8 T,Endothelial,0.55,0.5750000000000001,15
CD8 T,Endothelial,0.5750000000000001,0.6000000000000001,10
CD8 T,Endothelial,0.6000000000000001,0.625,7
CD8 T,Endothelial,0.625,0.65,7
CD8 T,Endothelial,0.65,0.675,7
CD8 T,Endothelial,0.675,0.7000000000000001,7
CD8 T,Endothelial,0.7000000000000001,0.7250000000000001,3
CD8 T,Endothelial,0.7250000000000001,0.75,8
CD8 T,Endothelial,0.75,0.775,5
CD8 T,Endothelial,0.775,0.8,5
CD8 T,Endothelial,0.8,0.8250000000000001,9
CD8 T,Endothelial,0.8250000000000001,0.8500000000000001,6
CD8 T,Endothelial,0.8500000000000001,0.875,3
CD8 T,Endothelial,0.875,0.9,5
CD8 T,Endothelial,0.9,0.925,3
CD8 T,Endothelial,0.925,0.9500000000000001,4
CD8 T,Endothelial,0.9500000000000001,0.9750000000000001,3
CD8 T,Endothelial,0.9750000000000001,1.0,6
CD8 T,Fibroblast,0.0,0.025,5064
CD8 T,Fibroblast,0.025,0.05,1168
CD8 T,Fibroblast,0.05,0.07500000000000001,968
CD8 T,Fibroblast,0.07500000000000001,0.1,905
CD8 T,Fibroblast,0.1,0.125,838
CD8 T,Fibroblast,0.125,0.15000000000000002,826
CD8 T,Fibroblast,0.15000000000000002,0.17500000000000002,800
CD8 T,Fibroblast,0.17500000000000002,0.2,765
CD8 T,Fibroblast,0.2,0.225,707
CD8 T,Fibroblast,0.225,0.25,658
CD8 T,Fibroblast,0.25,0.275,605
CD8 T,Fibroblast,0.275,0.30000000000000004,573
CD8 T,Fibroblast,0.30000000000000004,0.325,450
CD8 T,Fibroblast,0.325,0.35000000000000003,431
CD8 T,Fibroblast,0.35000000000000003,0.375,362
CD8 T,Fibroblast,0.375,0.4,351
CD8 T,Fibroblast,0.4,0.42500000000000004,307
CD8 T,Fibroblast,0.42500000000000004,0.45,209
CD8 T,Fibroblast,0.45,0.47500000000000003,207
CD8 T,Fibroblast,0.47500000000000003,0.5,178
CD8 T,Fibroblast,0.5,0.525,137
CD8 T,Fibroblast,0.525,0.55,115
CD8 T,Fibroblast,0.55,0.5750000000000001,71
CD8 T,Fibroblast,0.5750000000000001,0.6000000000000001,52
CD8 T,Fibroblast,0.6000000000000001,0.625,50
CD8 T,Fibroblast,0.625,0.65,36
CD8 T,Fibroblast,0.65,0.675,34
CD8 T,Fibroblast,0.675,0.7000000000000001,25
CD8 T,Fibroblast,0.7000000000000001,0.7250000000000001,22
CD8 T,Fibroblast,0.7250000000000001,0.75,18
CD8 T,Fibroblast,0.75,0.775,12
CD8 T,Fibroblast,0.775,0.8,7
CD8 T,Fibroblast,0.8,0.8250000000000001,8
CD8 T,Fibroblast,0.8250000000000001,0.8500000000000001,6
CD8 T,Fibroblast,0.8500000000000001,0.875,3
CD8 T,Fibroblast,0.875,0.9,1
CD8 T,Fibroblast,0.9,0.925,1
CD8 T,Fibroblast,0.925,0.9500000000000001,3
CD8 T,Fibroblast,0.9500000000000001,0.9750000000000001,3
CD8 T,Fibroblast,0.9750000000000001,1.0,1
CD8 T,Macrophage,0.0,0.025,9714
CD8 T,Macrophage,0.025,0.05,1982
CD8 T,Macrophage,0.05,0.07500000000000001,1511
CD8 T,Macrophage,0.07500000000000001,0.1,1016
CD8 T,Macrophage,0.1,0.125,660
CD8 T,Macrophage,0.125,0.15000000000000002,523
CD8 T,Macrophage,0.15000000000000002,0.17500000000000002,355
CD8 T,Macrophage,0.17500000000000002,0.2,257
CD8 T,Macrophage,0.2,0.225,186
CD8 T,Macrophage,0.225,0.25,167
CD8 T,Macrophage,0.25,0.275,110
CD8 T,Macrophage,0.275,0.30000000000000004,105
CD8 T,Macrophage,0.30000000000000004,0.325,84
CD8 T,Macrophage,0.325,0.35000000000000003,59
CD8 T,Macrophage,0.35000000000000003,0.375,59
CD8 T,Macrophage,0.375,0.4,45
CD8 T,Macrophage,0.4,0.42500000000000004,48
CD8 T,Macrophage,0.42500000000000004,0.45,18
CD8 T,Macrophage,0.45,0.47500000000000003,19
CD8 T,Macrophage,0.47500000000000003,0.5,12
CD8 T,Macrophage,0.5,0.525,18
CD8 T,Macrophage,0.525,0.55,8
CD8 T,Macrophage,0.55,0.5750000000000001,5
CD8 T,Macrophage,0.5750000000000001,0.6000000000000001,5
CD8 T,Macrophage,0.6000000000000001,0.625,4
CD8 T,Macrophage,0.625,0.65,3
CD8 T,Macrophage,0.65,0.675,1
CD8 T,Macrophage,0.675,0.7000000000000001,1
CD8 T,Macrophage,0.7000000000000001,0.7250000000000001,1
CD8 T,Macrophage,0.7250000000000001,0.75,0
CD8 T,Macrophage,0.75,0.775,0
CD8 T,Macrophage,0.775,0.8,0
CD8 T,Macrophage,0.8,0.8250000000000001,0
CD8 T,Macrophage,0.8250000000000001,0.8500000000000001,0
CD8 T,Macrophage,0.8500000000000001,0.875,1
CD8 T,Macrophage,0.875,0.9,0
CD8 T,Macrophage,0.9,0.925,0
CD8 T,Macrophage,0.925,0.9500000000000001,0
CD8 T,Macrophage,0.9500000000000001,0.9750000000000001,0
CD8 T,Macrophage,0.9750000000000001,1.0,0
CD8 T,CD8 T,0.0,0.025,9391
CD8 T,CD8 T,0.025,0.05,1960
CD8 T,CD8 T,0.05,0.07500000000000001,1519
CD8 T,CD8 T,0.07500000000000001,0.1,902
CD8 T,CD8 T,0.1,0.125,628
CD8 T,CD8 T,0.125,0.15000000000000002,437
CD8 T,CD8 T,0.15000000000000002,0.17500000000000002,338
CD8 T,CD8 T,0.17500000000000002,0.2,249
CD8 T,CD8 T,0.2,0.225,208
CD8 T,CD8 T,0.225,0.25,173
CD8 T,CD8 T,0.25,0.275,145
CD8 T,CD8 T,0.275,0.30000000000000004,112
CD8 T,CD8 T,0.30000000000000004,0.325,105
CD8 T,CD8 T,0.325,0.35000000000000003,93
CD8 T,CD8 T,0.35000000000000003,0.375,75
CD8 T,CD8 T,0.375,0.4,71
CD8 T,CD8 T,0.4,0.42500000000000004,58
CD8 T,CD8 T,0.42500000000000004,0.45,48
CD8 T,CD8 T,0.45,0.47500000000000003,40
CD8 T,CD8 T,0.47500000000000003,0.5,28
CD8 T,CD8 T,0.5,0.525,40
CD8 T,CD8 T,0.525,0.55,23
CD8 T,CD8 T,0.55,0.5750000000000001,22
CD8 T,CD8 T,0.5750000000000001,0.6000000000000001,19
CD8 T,CD8 T,0.6000000000000001,0.625,21
CD8 T,CD8 T,0.625,0.65,11
CD8 T,CD8 T,0.65,0.675,16
CD8 T,CD8 T,0.675,0.7000000000000001,17
CD8 T,CD8 T,0.7000000000000001,0.7250000000000001,8
CD8 T,CD8 T,0.7250000000000001,0.75,16
CD8 T,CD8 T,0.75,0.775,11
CD8 T,CD8 T,0.775,0.8,17
CD8 T,CD8 T,0.8,0.8250000000000001,6
CD8 T,CD8 T,0.8250000000000001,0.8500000000000001,10
CD8 T,CD8 T,0.8500000000000001,0.875,18
CD8 T,CD8 T,0.875,0.9,21
CD8 T,CD8 T,0.9,0.925,25
CD8 T,CD8 T,0.925,0.9500000000000001,41
CD8 T,CD8 T,0.9500000000000001,0.9750000000000001,25
CD8 T,CD8 T,0.9750000000000001,1.0,30
CD8 T,CD4 T,0.0,0.025,13134
CD8 T,CD4 T,0.025,0.05,1327
CD8 T,CD4 T,0.05,0.07500000000000001,872
CD8 T,CD4 T,0.07500000000000001,0.1,525
CD8 T,CD4 T,0.1,0.125,329
CD8 T,CD4 T,0.125,0.15000000000000002,237
CD8 T,CD4 T,0.15000000000000002,0.17500000000000002,163
CD8 T,CD4 T,0.17500000000000002,0.2,111
CD8 T,CD4 T,0.2,0.225,68
CD8 T,CD4 T,0.225,0.25,63
CD8 T,CD4 T,0.25,0.275,33
CD8 T,CD4 T,0.275,0.30000000000000004,23
CD8 T,CD4 T,0.30000000000000004,0.325,23
CD8 T,CD4 T,0.325,0.35000000000000003,17
CD8 T,CD4 T,0.35000000000000003,0.375,13
CD8 T,CD4 T,0.375,0.4,4
CD8 T,CD4 T,0.4,0.42500000000000004,6
CD8 T,CD4 T,0.42500000000000004,0.45,6
CD8 T,CD4 T,0.45,0.47500000000000003,6
CD8 T,CD4 T,0.47500000000000003,0.5,7
CD8 T,CD4 T,0.5,0.525,1
CD8 T,CD4 T,0.525,0.55,4
CD8 T,CD4 T,0.55,0.5750000000000001,1
CD8 T,CD4 T,0.5750000000000001,0.6000000000000001,1
CD8 T,CD4 T,0.6000000000000001,0.625,2
CD8 T,CD4 T,0.625,0.65,0
CD8 T,CD4 T,0.65,0.675,0
CD8 T,CD4 T,0.675,0.7000000000000001,0
CD8 T,CD4 T,0.7000000000000001,0.7250000000000001,0
CD8 T,CD4 T,0.7250000000000001,0.75,1
CD8 T,CD4 T,0.75,0.775,0
CD8 T,CD4 T,0.775,0.8,0
CD8 T,CD4 T,0.8,0.8250000000000001,0
CD8 T,CD4 T,0.8250000000000001,0.8500000000000001,0
CD8 T,CD4 T,0.8500000000000001,0.875,0
CD8 T,CD4 T,0.875,0.9,0
CD8 T,CD4 T,0.9,0.925,0
CD8 T,CD4 T,0.925,0.9500000000000001,0
CD8 T,CD4 T,0.9500000000000001,0.9750000000000001,0
CD8 T,CD4 T,0.9750000000000001,1.0,0
CD8 T,Treg,0.0,0.025,16041
CD8 T,Treg,0.025,0.05,417
CD8 T,Treg,0.05,0.07500000000000001,194
CD8 T,Treg,0.07500000000000001,0.1,86
CD8 T,Treg,0.1,0.125,59
CD8 T,Treg,0.125,0.15000000000000002,29
CD8 T,Treg,0.15000000000000002,0.17500000000000002,14
CD8 T,Treg,0.17500000000000002,0.2,11
CD8 T,Treg,0.2,0.225,13
CD8 T,Treg,0.225,0.25,13
CD8 T,Treg,0.25,0.275,12
CD8 T,Treg,0.275,0.30000000000000004,17
CD8 T,Treg,0.30000000000000004,0.325,8
CD8 T,Treg,0.325,0.35000000000000003,12
CD8 T,Treg,0.35000000000000003,0.375,17
CD8 T,Treg,0.375,0.4,8
CD8 T,Treg,0.4,0.42500000000000004,6
CD8 T,Treg,0.42500000000000004,0.45,3
CD8 T,Treg,0.45,0.47500000000000003,3
CD8 T,Treg,0.47500000000000003,0.5,4
CD8 T,Treg,0.5,0.525,4
CD8 T,Treg,0.525,0.55,0
CD8 T,Treg,0.55,0.5750000000000001,3
CD8 T,Treg,0.5750000000000001,0.6000000000000001,1
CD8 T,Treg,0.6000000000000001,0.625,0
CD8 T,Treg,0.625,0.65,0
CD8 T,Treg,0.65,0.675,0
CD8 T,Treg,0.675,0.7000000000000001,0
CD8 T,Treg,0.7000000000000001,0.7250000000000001,0
CD8 T,Treg,0.7250000000000001,0.75,1
CD8 T,Treg,0.75,0.775,0
CD8 T,Treg,0.775,0.8,0
CD8 T,Treg,0.8,0.8250000000000001,0
CD8 T,Treg,0.8250000000000001,0.8500000000000001,0
CD8 T,Treg,0.8500000000000001,0.875,0
CD8 T,Treg,0.875,0.9,0
CD8 T,Treg,0.9,0.925,1
CD8 T,Treg,0.925,0.9500000000000001,0
CD8 T,Treg,0.9500000000000001,0.9750000000000001,0
CD8 T,Treg,0.9750000000000001,1.0,0
CD8 T,B cell,0.0,0.025,15515
CD8 T,B cell,0.025,0.05,668
CD8 T,B cell,0.05,0.07500000000000001,339
CD8 T,B cell,0.07500000000000001,0.1,170
CD8 T,B cell,0.1,0.125,86
CD8 T,B cell,0.125,0.15000000000000002,60
CD8 T,B cell,0.15000000000000002,0.17500000000000002,31
CD8 T,B cell,0.17500000000000002,0.2,12
CD8 T,B cell,0.2,0.225,10
CD8 T,B cell,0.225,0.25,9
CD8 T,B cell,0.25,0.275,21
CD8 T,B cell,0.275,0.30000000000000004,6
CD8 T,B cell,0.30000000000000004,0.325,12
CD8 T,B cell,0.325,0.35000000000000003,10
CD8 T,B cell,0.35000000000000003,0.375,4
CD8 T,B cell,0.375,0.4,6
CD8 T,B cell,0.4,0.42500000000000004,3
CD8 T,B cell,0.42500000000000004,0.45,5
CD8 T,B cell,0.45,0.47500000000000003,2
CD8 T,B cell,0.47500000000000003,0.5,0
CD8 T,B cell,0.5,0.525,1
CD8 T,B cell,0.525,0.55,2
CD8 T,B cell,0.55,0.5750000000000001,2
CD8 T,B cell,0.5750000000000001,0.6000000000000001,0
CD8 T,B cell,0.6000000000000001,0.625,0
CD8 T,B cell,0.625,0.65,0
CD8 T,B cell,0.65,0.675,3
CD8 T,B cell,0.675,0.7000000000000001,0
CD8 T,B cell,0.7000000000000001,0.7250000000000001,0
CD8 T,B cell,0.7250000000000001,0.75,0
CD8 T,B cell,0.75,0.775,0
CD8 T,B cell,0.775,0.8,0
CD8 T,B cell,0.8,0.8250000000000001,0
CD8 T,B cell,0.8250000000000001,0.8500000000000001,0
CD8 T,B cell,0.8500000000000001,0.875,0
CD8 T,B cell,0.875,0.9,0
CD8 T,B cell,0.9,0.925,0
CD8 T,B cell,0.925,0.9500000000000001,0
CD8 T,B cell,0.9500000000000001,0.9750000000000001,0
CD8 T,B cell,0.9750000000000001,1.0,0
CD8 T,NK,0.0,0.025,15576
CD8 T,NK,0.025,0.05,756
CD8 T,NK,0.05,0.07500000000000001,335
CD8 T,NK,0.07500000000000001,0.1,138
CD8 T,NK,0.1,0.125,62
CD8 T,NK,0.125,0.15000000000000002,46
CD8 T,NK,0.15000000000000002,0.17500000000000002,25
CD8 T,NK,0.17500000000000002,0.2,18
CD8 T,NK,0.2,0.225,2
CD8 T,NK,0.225,0.25,12
CD8 T,NK,0.25,0.275,3
CD8 T,NK,0.275,0.30000000000000004,0
CD8 T,NK,0.30000000000000004,0.325,1
CD8 T,NK,0.325,0.35000000000000003,0
CD8 T,NK,0.35000000000000003,0.375,1
CD8 T,NK,0.375,0.4,1
CD8 T,NK,0.4,0.42500000000000004,0
CD8 T,NK,0.42500000000000004,0.45,0
CD8 T,NK,0.45,0.47500000000000003,0
CD8 T,NK,0.47500000000000003,0.5,0
CD8 T,NK,0.5,0.525,0
CD8 T,NK,0.525,0.55,0
CD8 T,NK,0.55,0.5750000000000001,0
CD8 T,NK,0.5750000000000001,0.6000000000000001,1
CD8 T,NK,0.6000000000000001,0.625,0
CD8 T,NK,0.625,0.65,0
CD8 T,NK,0.65,0.675,0
CD8 T,NK,0.675,0.7000000000000001,0
CD8 T,NK,0.7000000000000001,0.7250000000000001,0
CD8 T,NK,0.7250000000000001,0.75,0
CD8 T,NK,0.75,0.775,0
CD8 T,NK,0.775,0.8,0
CD8 T,NK,0.8,0.8250000000000001,0
CD8 T,NK,0.8250000000000001,0.8500000000000001,0
CD8 T,NK,0.8500000000000001,0.875,0
CD8 T,NK,0.875,0.9,0
CD8 T,NK,0.9,0.925,0
CD8 T,NK,0.925,0.9500000000000001,0
CD8 T,NK,0.9500000000000001,0.9750000000000001,0
CD8 T,NK,0.9750000000000001,1.0,0
CD8 T,Monocyte,0.0,0.025,12900
CD8 T,Monocyte,0.025,0.05,1784
CD8 T,Monocyte,0.05,0.07500000000000001,1070
CD8 T,Monocyte,0.07500000000000001,0.1,531
CD8 T,Monocyte,0.1,0.125,275
CD8 T,Monocyte,0.125,0.15000000000000002,141
CD8 T,Monocyte,0.15000000000000002,0.17500000000000002,85
CD8 T,Monocyte,0.17500000000000002,0.2,58
CD8 T,Monocyte,0.2,0.225,36
CD8 T,Monocyte,0.225,0.25,22
CD8 T,Monocyte,0.25,0.275,14
CD8 T,Monocyte,0.275,0.30000000000000004,11
CD8 T,Monocyte,0.30000000000000004,0.325,8
CD8 T,Monocyte,0.325,0.35000000000000003,11
CD8 T,Monocyte,0.35000000000000003,0.375,7
CD8 T,Monocyte,0.375,0.4,6
CD8 T,Monocyte,0.4,0.42500000000000004,4
CD8 T,Monocyte,0.42500000000000004,0.45,2
CD8 T,Monocyte,0.45,0.47500000000000003,1
CD8 T,Monocyte,0.47500000000000003,0.5,1
CD8 T,Monocyte,0.5,0.525,0
CD8 T,Monocyte,0.525,0.55,2
CD8 T,Monocyte,0.55,0.5750000000000001,2
CD8 T,Monocyte,0.5750000000000001,0.6000000000000001,2
CD8 T,Monocyte,0.6000000000000001,0.625,1
CD8 T,Monocyte,0.625,0.65,0
CD8 T,Monocyte,0.65,0.675,1
CD8 T,Monocyte,0.675,0.7000000000000001,0
CD8 T,Monocyte,0.7000000000000001,0.7250000000000001,2
CD8 T,Monocyte,0.7250000000000001,0.75,0
CD8 T,Monocyte,0.75,0.775,0
CD8 T,Monocyte,0.775,0.8,0
CD8 T,Monocyte,0.8,0.8250000000000001,0
CD8 T,Monocyte,0.8250000000000001,0.8500000000000001,0
CD8 T,Monocyte,0.8500000000000001,0.875,0
CD8 T,Monocyte,0.875,0.9,0
CD8 T,Monocyte,0.9,0.925,0
CD8 T,Monocyte,0.925,0.9500000000000001,0
CD8 T,Monocyte,0.9500000000000001,0.9750000000000001,0
CD8 T,Monocyte,0.9750000000000001,1.0,0
CD8 T,DC,0.0,0.025,15906
CD8 T,DC,0.025,0.05,603
CD8 T,DC,0.05,0.07500000000000001,291
CD8 T,DC,0.07500000000000001,0.1,88
CD8 T,DC,0.1,0.125,32
CD8 T,DC,0.125,0.15000000000000002,29
CD8 T,DC,0.15000000000000002,0.17500000000000002,15
CD8 T,DC,0.17500000000000002,0.2,3
CD8 T,DC,0.2,0.225,4
CD8 T,DC,0.225,0.25,2
CD8 T,DC,0.25,0.275,3
CD8 T,DC,0.275,0.30000000000000004,0
CD8 T,DC,0.30000000000000004,0.325,0
CD8 T,DC,0.325,0.35000000000000003,1
CD8 T,DC,0.35000000000000003,0.375,0
CD8 T,DC,0.375,0.4,0
CD8 T,DC,0.4,0.42500000000000004,0
CD8 T,DC,0.42500000000000004,0.45,0
CD8 T,DC,0.45,0.47500000000000003,0
CD8 T,DC,0.47500000000000003,0.5,0
CD8 T,DC,0.5,0.525,0
CD8 T,DC,0.525,0.55,0
CD8 T,DC,0.55,0.5750000000000001,0
CD8 T,DC,0.5750000000000001,0.6000000000000001,0
CD8 T,DC,0.6000000000000001,0.625,0
CD8 T,DC,0.625,0.65,0
CD8 T,DC,0.65,0.675,0
CD8 T,DC,0.675,0.7000000000000001,0
CD8 T,DC,0.7000000000000001,0.7250000000000001,0
CD8 T,DC,0.7250000000000001,0.75,0
CD8 T,DC,0.75,0.775,0
CD8 T,DC,0.775,0.8,0
CD8 T,DC,0.8,0.8250000000000001,0
CD8 T,DC,0.8250000000000001,0.8500000000000001,0
CD8 T,DC,0.8500000000000001,0.875,0
CD8 T,DC,0.875,0.9,0
CD8 T,DC,0.9,0.925,0
CD8 T,DC,0.925,0.9500000000000001,0
CD8 T,DC,0.9500000000000001,0.9750000000000001,0
CD8 T,DC,0.9750000000000001,1.0,0
CD8 T,Myeloid (other),0.0,0.025,14853
CD8 T,Myeloid (other),0.025,0.05,1165
CD8 T,Myeloid (other),0.05,0.07500000000000001,579
CD8 T,Myeloid (other),0.07500000000000001,0.1,200
CD8 T,Myeloid (other),0.1,0.125,92
CD8 T,Myeloid (other),0.125,0.15000000000000002,41
CD8 T,Myeloid (other),0.15000000000000002,0.17500000000000002,25
CD8 T,Myeloid (other),0.17500000000000002,0.2,6
CD8 T,Myeloid (other),0.2,0.225,5
CD8 T,Myeloid (other),0.225,0.25,4
CD8 T,Myeloid (other),0.25,0.275,2
CD8 T,Myeloid (other),0.275,0.30000000000000004,0
CD8 T,Myeloid (other),0.30000000000000004,0.325,0
CD8 T,Myeloid (other),0.325,0.35000000000000003,2
CD8 T,Myeloid (other),0.35000000000000003,0.375,1
CD8 T,Myeloid (other),0.375,0.4,1
CD8 T,Myeloid (other),0.4,0.42500000000000004,0
CD8 T,Myeloid (other),0.42500000000000004,0.45,0
CD8 T,Myeloid (other),0.45,0.47500000000000003,0
CD8 T,Myeloid (other),0.47500000000000003,0.5,0
CD8 T,Myeloid (other),0.5,0.525,0
CD8 T,Myeloid (other),0.525,0.55,0
CD8 T,Myeloid (other),0.55,0.5750000000000001,0
CD8 T,Myeloid (other),0.5750000000000001,0.6000000000000001,0
CD8 T,Myeloid (other),0.6000000000000001,0.625,0
CD8 T,Myeloid (other),0.625,0.65,1
CD8 T,Myeloid (other),0.65,0.675,0
CD8 T,Myeloid (other),0.675,0.7000000000000001,0
CD8 T,Myeloid (other),0.7000000000000001,0.7250000000000001,0
CD8 T,Myeloid (other),0.7250000000000001,0.75,0
CD8 T,Myeloid (other),0.75,0.775,0
CD8 T,Myeloid (other),0.775,0.8,0
CD8 T,Myeloid (other),0.8,0.8250000000000001,0
CD8 T,Myeloid (other),0.8250000000000001,0.8500000000000001,0
CD8 T,Myeloid (other),0.8500000000000001,0.875,0
CD8 T,Myeloid (other),0.875,0.9,0
CD8 T,Myeloid (other),0.9,0.925,0
CD8 T,Myeloid (other),0.925,0.9500000000000001,0
CD8 T,Myeloid (other),0.9500000000000001,0.9750000000000001,0
CD8 T,Myeloid (other),0.9750000000000001,1.0,0
CD8 T,Parenchyma,0.0,0.025,809
CD8 T,Parenchyma,0.025,0.05,163
CD8 T,Parenchyma,0.05,0.07500000000000001,166
CD8 T,Parenchyma,0.07500000000000001,0.1,166
CD8 T,Parenchyma,0.1,0.125,171
CD8 T,Parenchyma,0.125,0.15000000000000002,192
CD8 T,Parenchyma,0.15000000000000002,0.17500000000000002,183
CD8 T,Parenchyma,0.17500000000000002,0.2,204
CD8 T,Parenchyma,0.2,0.225,210
CD8 T,Parenchyma,0.225,0.25,217
CD8 T,Parenchyma,0.25,0.275,257
CD8 T,Parenchyma,0.275,0.30000000000000004,262
CD8 T,Parenchyma,0.30000000000000004,0.325,328
CD8 T,Parenchyma,0.325,0.35000000000000003,317
CD8 T,Parenchyma,0.35000000000000003,0.375,341
CD8 T,Parenchyma,0.375,0.4,373
CD8 T,Parenchyma,0.4,0.42500000000000004,389
CD8 T,Parenchyma,0.42500000000000004,0.45,416
CD8 T,Parenchyma,0.45,0.47500000000000003,432
CD8 T,Parenchyma,0.47500000000000003,0.5,448
CD8 T,Parenchyma,0.5,0.525,493
CD8 T,Parenchyma,0.525,0.55,531
CD8 T,Parenchyma,0.55,0.5750000000000001,552
CD8 T,Parenchyma,0.5750000000000001,0.6000000000000001,588
CD8 T,Parenchyma,0.6000000000000001,0.625,567
CD8 T,Parenchyma,0.625,0.65,651
CD8 T,Parenchyma,0.65,0.675,649
CD8 T,Parenchyma,0.675,0.7000000000000001,632
CD8 T,Parenchyma,0.7000000000000001,0.7250000000000001,684
CD8 T,Parenchyma,0.7250000000000001,0.75,658
CD8 T,Parenchyma,0.75,0.775,696
CD8 T,Parenchyma,0.775,0.8,725
CD8 T,Parenchyma,0.8,0.8250000000000001,631
CD8 T,Parenchyma,0.8250000000000001,0.8500000000000001,635
CD8 T,Parenchyma,0.8500000000000001,0.875,604
CD8 T,Parenchyma,0.875,0.9,525
CD8 T,Parenchyma,0.9,0.925,397
CD8 T,Parenchyma,0.925,0.9500000000000001,340
CD8 T,Parenchyma,0.9500000000000001,0.9750000000000001,227
CD8 T,Parenchyma,0.9750000000000001,1.0,148
CD8 T,ambiguous,0.0,0.025,14913
CD8 T,ambiguous,0.025,0.05,921
CD8 T,ambiguous,0.05,0.07500000000000001,487
CD8 T,ambiguous,0.07500000000000001,0.1,262
CD8 T,ambiguous,0.1,0.125,127
CD8 T,ambiguous,0.125,0.15000000000000002,99
CD8 T,ambiguous,0.15000000000000002,0.17500000000000002,62
CD8 T,ambiguous,0.17500000000000002,0.2,38
CD8 T,ambiguous,0.2,0.225,23
CD8 T,ambiguous,0.225,0.25,9
CD8 T,ambiguous,0.25,0.275,12
CD8 T,ambiguous,0.275,0.30000000000000004,6
CD8 T,ambiguous,0.30000000000000004,0.325,6
CD8 T,ambiguous,0.325,0.35000000000000003,0
CD8 T,ambiguous,0.35000000000000003,0.375,3
CD8 T,ambiguous,0.375,0.4,3
CD8 T,ambiguous,0.4,0.42500000000000004,2
CD8 T,ambiguous,0.42500000000000004,0.45,0
CD8 T,ambiguous,0.45,0.47500000000000003,0
CD8 T,ambiguous,0.47500000000000003,0.5,0
CD8 T,ambiguous,0.5,0.525,1
CD8 T,ambiguous,0.525,0.55,1
CD8 T,ambiguous,0.55,0.5750000000000001,0
CD8 T,ambiguous,0.5750000000000001,0.6000000000000001,0
CD8 T,ambiguous,0.6000000000000001,0.625,0
CD8 T,ambiguous,0.625,0.65,0
CD8 T,ambiguous,0.65,0.675,1
CD8 T,ambiguous,0.675,0.7000000000000001,0
CD8 T,ambiguous,0.7000000000000001,0.7250000000000001,0
CD8 T,ambiguous,0.7250000000000001,0.75,0
CD8 T,ambiguous,0.75,0.775,0
CD8 T,ambiguous,0.775,0.8,1
CD8 T,ambiguous,0.8,0.8250000000000001,0
CD8 T,ambiguous,0.8250000000000001,0.8500000000000001,0
CD8 T,ambiguous,0.8500000000000001,0.875,0
CD8 T,ambiguous,0.875,0.9,0
CD8 T,ambiguous,0.9,0.925,0
CD8 T,ambiguous,0.925,0.9500000000000001,0
CD8 T,ambiguous,0.9500000000000001,0.9750000000000001,0
CD8 T,ambiguous,0.9750000000000001,1.0,0
CD4 T,Endothelial,0.0,0.025,2690
CD4 T,Endothelial,0.025,0.05,1713
CD4 T,Endothelial,0.05,0.07500000000000001,1500
CD4 T,Endothelial,0.07500000000000001,0.1,1035
CD4 T,Endothelial,0.1,0.125,730
CD4 T,Endothelial,0.125,0.15000000000000002,516
CD4 T,Endothelial,0.15000000000000002,0.17500000000000002,306
CD4 T,Endothelial,0.17500000000000002,0.2,235
CD4 T,Endothelial,0.2,0.225,164
CD4 T,Endothelial,0.225,0.25,141
CD4 T,Endothelial,0.25,0.275,102
CD4 T,Endothelial,0.275,0.30000000000000004,68
CD4 T,Endothelial,0.30000000000000004,0.325,57
CD4 T,Endothelial,0.325,0.35000000000000003,37
CD4 T,Endothelial,0.35000000000000003,0.375,28
CD4 T,Endothelial,0.375,0.4,27
CD4 T,Endothelial,0.4,0.42500000000000004,24
CD4 T,Endothelial,0.42500000000000004,0.45,15
CD4 T,Endothelial,0.45,0.47500000000000003,11
CD4 T,Endothelial,0.47500000000000003,0.5,12
CD4 T,Endothelial,0.5,0.525,5
CD4 T,Endothelial,0.525,0.55,6
CD4 T,Endothelial,0.55,0.5750000000000001,7
CD4 T,Endothelial,0.5750000000000001,0.6000000000000001,3
CD4 T,Endothelial,0.6000000000000001,0.625,8
CD4 T,Endothelial,0.625,0.65,8
CD4 T,Endothelial,0.65,0.675,0
CD4 T,Endothelial,0.675,0.7000000000000001,5
CD4 T,Endothelial,0.7000000000000001,0.7250000000000001,3
CD4 T,Endothelial,0.7250000000000001,0.75,3
CD4 T,Endothelial,0.75,0.775,3
CD4 T,Endothelial,0.775,0.8,2
CD4 T,Endothelial,0.8,0.8250000000000001,5
CD4 T,Endothelial,0.8250000000000001,0.8500000000000001,2
CD4 T,Endothelial,0.8500000000000001,0.875,2
CD4 T,Endothelial,0.875,0.9,0
CD4 T,Endothelial,0.9,0.925,2
CD4 T,Endothelial,0.925,0.9500000000000001,4
CD4 T,Endothelial,0.9500000000000001,0.9750000000000001,0
CD4 T,Endothelial,0.9750000000000001,1.0,2
CD4 T,Fibroblast,0.0,0.025,3017
CD4 T,Fibroblast,0.025,0.05,607
CD4 T,Fibroblast,0.05,0.07500000000000001,458
CD4 T,Fibroblast,0.07500000000000001,0.1,390
CD4 T,Fibroblast,0.1,0.125,354
CD4 T,Fibroblast,0.125,0.15000000000000002,392
CD4 T,Fibroblast,0.15000000000000002,0.17500000000000002,352
CD4 T,Fibroblast,0.17500000000000002,0.2,349
CD4 T,Fibroblast,0.2,0.225,327
CD4 T,Fibroblast,0.225,0.25,354
CD4 T,Fibroblast,0.25,0.275,345
CD4 T,Fibroblast,0.275,0.30000000000000004,327
CD4 T,Fibroblast,0.30000000000000004,0.325,288
CD4 T,Fibroblast,0.325,0.35000000000000003,265
CD4 T,Fibroblast,0.35000000000000003,0.375,229
CD4 T,Fibroblast,0.375,0.4,232
CD4 T,Fibroblast,0.4,0.42500000000000004,218
CD4 T,Fibroblast,0.42500000000000004,0.45,172
CD4 T,Fibroblast,0.45,0.47500000000000003,139
CD4 T,Fibroblast,0.47500000000000003,0.5,138
CD4 T,Fibroblast,0.5,0.525,92
CD4 T,Fibroblast,0.525,0.55,83
CD4 T,Fibroblast,0.55,0.5750000000000001,81
CD4 T,Fibroblast,0.5750000000000001,0.6000000000000001,52
CD4 T,Fibroblast,0.6000000000000001,0.625,34
CD4 T,Fibroblast,0.625,0.65,37
CD4 T,Fibroblast,0.65,0.675,28
CD4 T,Fibroblast,0.675,0.7000000000000001,25
CD4 T,Fibroblast,0.7000000000000001,0.7250000000000001,17
CD4 T,Fibroblast,0.7250000000000001,0.75,21
CD4 T,Fibroblast,0.75,0.775,15
CD4 T,Fibroblast,0.775,0.8,11
CD4 T,Fibroblast,0.8,0.8250000000000001,9
CD4 T,Fibroblast,0.8250000000000001,0.8500000000000001,4
CD4 T,Fibroblast,0.8500000000000001,0.875,8
CD4 T,Fibroblast,0.875,0.9,2
CD4 T,Fibroblast,0.9,0.925,4
CD4 T,Fibroblast,0.925,0.9500000000000001,1
CD4 T,Fibroblast,0.9500000000000001,0.9750000000000001,1
CD4 T,Fibroblast,0.9750000000000001,1.0,3
CD4 T,Macrophage,0.0,0.025,4911
CD4 T,Macrophage,0.025,0.05,1129
CD4 T,Macrophage,0.05,0.07500000000000001,826
CD4 T,Macrophage,0.07500000000000001,0.1,602
CD4 T,Macrophage,0.1,0.125,440
CD4 T,Macrophage,0.125,0.15000000000000002,340
CD4 T,Macrophage,0.15000000000000002,0.17500000000000002,265
CD4 T,Macrophage,0.17500000000000002,0.2,199
CD4 T,Macrophage,0.2,0.225,176
CD4 T,Macrophage,0.225,0.25,127
CD4 T,Macrophage,0.25,0.275,111
CD4 T,Macrophage,0.275,0.30000000000000004,66
CD4 T,Macrophage,0.30000000000000004,0.325,61
CD4 T,Macrophage,0.325,0.35000000000000003,53
CD4 T,Macrophage,0.35000000000000003,0.375,39
CD4 T,Macrophage,0.375,0.4,37
CD4 T,Macrophage,0.4,0.42500000000000004,24
CD4 T,Macrophage,0.42500000000000004,0.45,19
CD4 T,Macrophage,0.45,0.47500000000000003,11
CD4 T,Macrophage,0.47500000000000003,0.5,7
CD4 T,Macrophage,0.5,0.525,10
CD4 T,Macrophage,0.525,0.55,6
CD4 T,Macrophage,0.55,0.5750000000000001,8
CD4 T,Macrophage,0.5750000000000001,0.6000000000000001,7
CD4 T,Macrophage,0.6000000000000001,0.625,4
CD4 T,Macrophage,0.625,0.65,0
CD4 T,Macrophage,0.65,0.675,0
CD4 T,Macrophage,0.675,0.7000000000000001,2
CD4 T,Macrophage,0.7000000000000001,0.7250000000000001,0
CD4 T,Macrophage,0.7250000000000001,0.75,0
CD4 T,Macrophage,0.75,0.775,0
CD4 T,Macrophage,0.775,0.8,0
CD4 T,Macrophage,0.8,0.8250000000000001,0
CD4 T,Macrophage,0.8250000000000001,0.8500000000000001,0
CD4 T,Macrophage,0.8500000000000001,0.875,0
CD4 T,Macrophage,0.875,0.9,0
CD4 T,Macrophage,0.9,0.925,0
CD4 T,Macrophage,0.925,0.9500000000000001,0
CD4 T,Macrophage,0.9500000000000001,0.9750000000000001,0
CD4 T,Macrophage,0.9750000000000001,1.0,1
CD4 T,CD8 T,0.0,0.025,6095
CD4 T,CD8 T,0.025,0.05,1052
CD4 T,CD8 T,0.05,0.07500000000000001,657
CD4 T,CD8 T,0.07500000000000001,0.1,468
CD4 T,CD8 T,0.1,0.125,309
CD4 T,CD8 T,0.125,0.15000000000000002,234
CD4 T,CD8 T,0.15000000000000002,0.17500000000000002,154
CD4 T,CD8 T,0.17500000000000002,0.2,144
CD4 T,CD8 T,0.2,0.225,83
CD4 T,CD8 T,0.225,0.25,59
CD4 T,CD8 T,0.25,0.275,46
CD4 T,CD8 T,0.275,0.30000000000000004,33
CD4 T,CD8 T,0.30000000000000004,0.325,24
CD4 T,CD8 T,0.325,0.35000000000000003,22
CD4 T,CD8 T,0.35000000000000003,0.375,17
CD4 T,CD8 T,0.375,0.4,18
CD4 T,CD8 T,0.4,0.42500000000000004,10
CD4 T,CD8 T,0.42500000000000004,0.45,11
CD4 T,CD8 T,0.45,0.47500000000000003,7
CD4 T,CD8 T,0.47500000000000003,0.5,11
CD4 T,CD8 T,0.5,0.525,5
CD4 T,CD8 T,0.525,0.55,2
CD4 T,CD8 T,0.55,0.5750000000000001,4
CD4 T,CD8 T,0.5750000000000001,0.6000000000000001,3
CD4 T,CD8 T,0.6000000000000001,0.625,1
CD4 T,CD8 T,0.625,0.65,3
CD4 T,CD8 T,0.65,0.675,0
CD4 T,CD8 T,0.675,0.7000000000000001,2
CD4 T,CD8 T,0.7000000000000001,0.7250000000000001,2
CD4 T,CD8 T,0.7250000000000001,0.75,1
CD4 T,CD8 T,0.75,0.775,1
CD4 T,CD8 T,0.775,0.8,0
CD4 T,CD8 T,0.8,0.8250000000000001,0
CD4 T,CD8 T,0.8250000000000001,0.8500000000000001,1
CD4 T,CD8 T,0.8500000000000001,0.875,1
CD4 T,CD8 T,0.875,0.9,0
CD4 T,CD8 T,0.9,0.925,0
CD4 T,CD8 T,0.925,0.9500000000000001,0
CD4 T,CD8 T,0.9500000000000001,0.9750000000000001,0
CD4 T,CD8 T,0.9750000000000001,1.0,1
CD4 T,CD4 T,0.0,0.025,5099
CD4 T,CD4 T,0.025,0.05,1134
CD4 T,CD4 T,0.05,0.07500000000000001,881
CD4 T,CD4 T,0.07500000000000001,0.1,603
CD4 T,CD4 T,0.1,0.125,429
CD4 T,CD4 T,0.125,0.15000000000000002,305
CD4 T,CD4 T,0.15000000000000002,0.17500000000000002,234
CD4 T,CD4 T,0.17500000000000002,0.2,200
CD4 T,CD4 T,0.2,0.225,123
CD4 T,CD4 T,0.225,0.25,88
CD4 T,CD4 T,0.25,0.275,61
CD4 T,CD4 T,0.275,0.30000000000000004,58
CD4 T,CD4 T,0.30000000000000004,0.325,36
CD4 T,CD4 T,0.325,0.35000000000000003,34
CD4 T,CD4 T,0.35000000000000003,0.375,26
CD4 T,CD4 T,0.375,0.4,35
CD4 T,CD4 T,0.4,0.42500000000000004,18
CD4 T,CD4 T,0.42500000000000004,0.45,21
CD4 T,CD4 T,0.45,0.47500000000000003,25
CD4 T,CD4 T,0.47500000000000003,0.5,14
CD4 T,CD4 T,0.5,0.525,13
CD4 T,CD4 T,0.525,0.55,8
CD4 T,CD4 T,0.55,0.5750000000000001,9
CD4 T,CD4 T,0.5750000000000001,0.6000000000000001,7
CD4 T,CD4 T,0.6000000000000001,0.625,7
CD4 T,CD4 T,0.625,0.65,2
CD4 T,CD4 T,0.65,0.675,1
CD4 T,CD4 T,0.675,0.7000000000000001,4
CD4 T,CD4 T,0.7000000000000001,0.7250000000000001,1
CD4 T,CD4 T,0.7250000000000001,0.75,0
CD4 T,CD4 T,0.75,0.775,1
CD4 T,CD4 T,0.775,0.8,1
CD4 T,CD4 T,0.8,0.8250000000000001,0
CD4 T,CD4 T,0.8250000000000001,0.8500000000000001,0
CD4 T,CD4 T,0.8500000000000001,0.875,0
CD4 T,CD4 T,0.875,0.9,0
CD4 T,CD4 T,0.9,0.925,0
CD4 T,CD4 T,0.925,0.9500000000000001,1
CD4 T,CD4 T,0.9500000000000001,0.9750000000000001,2
CD4 T,CD4 T,0.9750000000000001,1.0,0
CD4 T,Treg,0.0,0.025,8699
CD4 T,Treg,0.025,0.05,361
CD4 T,Treg,0.05,0.07500000000000001,184
CD4 T,Treg,0.07500000000000001,0.1,74
CD4 T,Treg,0.1,0.125,44
CD4 T,Treg,0.125,0.15000000000000002,41
CD4 T,Treg,0.15000000000000002,0.17500000000000002,20
CD4 T,Treg,0.17500000000000002,0.2,18
CD4 T,Treg,0.2,0.225,8
CD4 T,Treg,0.225,0.25,5
CD4 T,Treg,0.25,0.275,8
CD4 T,Treg,0.275,0.30000000000000004,8
CD4 T,Treg,0.30000000000000004,0.325,1
CD4 T,Treg,0.325,0.35000000000000003,4
CD4 T,Treg,0.35000000000000003,0.375,2
CD4 T,Treg,0.375,0.4,1
CD4 T,Treg,0.4,0.42500000000000004,2
CD4 T,Treg,0.42500000000000004,0.45,0
CD4 T,Treg,0.45,0.47500000000000003,0
CD4 T,Treg,0.47500000000000003,0.5,0
CD4 T,Treg,0.5,0.525,0
CD4 T,Treg,0.525,0.55,0
CD4 T,Treg,0.55,0.5750000000000001,0
CD4 T,Treg,0.5750000000000001,0.6000000000000001,0
CD4 T,Treg,0.6000000000000001,0.625,0
CD4 T,Treg,0.625,0.65,0
CD4 T,Treg,0.65,0.675,0
CD4 T,Treg,0.675,0.7000000000000001,1
CD4 T,Treg,0.7000000000000001,0.7250000000000001,0
CD4 T,Treg,0.7250000000000001,0.75,0
CD4 T,Treg,0.75,0.775,0
CD4 T,Treg,0.775,0.8,0
CD4 T,Treg,0.8,0.8250000000000001,0
CD4 T,Treg,0.8250000000000001,0.8500000000000001,0
CD4 T,Treg,0.8500000000000001,0.875,0
CD4 T,Treg,0.875,0.9,0
CD4 T,Treg,0.9,0.925,0
CD4 T,Treg,0.925,0.9500000000000001,0
CD4 T,Treg,0.9500000000000001,0.9750000000000001,0
CD4 T,Treg,0.9750000000000001,1.0,0
CD4 T,B cell,0.0,0.025,8200
CD4 T,B cell,0.025,0.05,497
CD4 T,B cell,0.05,0.07500000000000001,292
CD4 T,B cell,0.07500000000000001,0.1,159
CD4 T,B cell,0.1,0.125,105
CD4 T,B cell,0.125,0.15000000000000002,69
CD4 T,B cell,0.15000000000000002,0.17500000000000002,34
CD4 T,B cell,0.17500000000000002,0.2,31
CD4 T,B cell,0.2,0.225,15
CD4 T,B cell,0.225,0.25,16
CD4 T,B cell,0.25,0.275,13
CD4 T,B cell,0.275,0.30000000000000004,9
CD4 T,B cell,0.30000000000000004,0.325,9
CD4 T,B cell,0.325,0.35000000000000003,6
CD4 T,B cell,0.35000000000000003,0.375,4
CD4 T,B cell,0.375,0.4,1
CD4 T,B cell,0.4,0.42500000000000004,1
CD4 T,B cell,0.42500000000000004,0.45,1
CD4 T,B cell,0.45,0.47500000000000003,2
CD4 T,B cell,0.47500000000000003,0.5,1
CD4 T,B cell,0.5,0.525,1
CD4 T,B cell,0.525,0.55,2
CD4 T,B cell,0.55,0.5750000000000001,4
CD4 T,B cell,0.5750000000000001,0.6000000000000001,3
CD4 T,B cell,0.6000000000000001,0.625,3
CD4 T,B cell,0.625,0.65,1
CD4 T,B cell,0.65,0.675,1
CD4 T,B cell,0.675,0.7000000000000001,0
CD4 T,B cell,0.7000000000000001,0.7250000000000001,0
CD4 T,B cell,0.7250000000000001,0.75,1
CD4 T,B cell,0.75,0.775,0
CD4 T,B cell,0.775,0.8,0
CD4 T,B cell,0.8,0.8250000000000001,0
CD4 T,B cell,0.8250000000000001,0.8500000000000001,0
CD4 T,B cell,0.8500000000000001,0.875,0
CD4 T,B cell,0.875,0.9,0
CD4 T,B cell,0.9,0.925,0
CD4 T,B cell,0.925,0.9500000000000001,0
CD4 T,B cell,0.9500000000000001,0.9750000000000001,0
CD4 T,B cell,0.9750000000000001,1.0,0
CD4 T,NK,0.0,0.025,8527
CD4 T,NK,0.025,0.05,492
CD4 T,NK,0.05,0.07500000000000001,249
CD4 T,NK,0.07500000000000001,0.1,113
CD4 T,NK,0.1,0.125,53
CD4 T,NK,0.125,0.15000000000000002,20
CD4 T,NK,0.15000000000000002,0.17500000000000002,12
CD4 T,NK,0.17500000000000002,0.2,8
CD4 T,NK,0.2,0.225,2
CD4 T,NK,0.225,0.25,2
CD4 T,NK,0.25,0.275,1
CD4 T,NK,0.275,0.30000000000000004,1
CD4 T,NK,0.30000000000000004,0.325,0
CD4 T,NK,0.325,0.35000000000000003,1
CD4 T,NK,0.35000000000000003,0.375,0
CD4 T,NK,0.375,0.4,0
CD4 T,NK,0.4,0.42500000000000004,0
CD4 T,NK,0.42500000000000004,0.45,0
CD4 T,NK,0.45,0.47500000000000003,0
CD4 T,NK,0.47500000000000003,0.5,0
CD4 T,NK,0.5,0.525,0
CD4 T,NK,0.525,0.55,0
CD4 T,NK,0.55,0.5750000000000001,0
CD4 T,NK,0.5750000000000001,0.6000000000000001,0
CD4 T,NK,0.6000000000000001,0.625,0
CD4 T,NK,0.625,0.65,0
CD4 T,NK,0.65,0.675,0
CD4 T,NK,0.675,0.7000000000000001,0
CD4 T,NK,0.7000000000000001,0.7250000000000001,0
CD4 T,NK,0.7250000000000001,0.75,0
CD4 T,NK,0.75,0.775,0
CD4 T,NK,0.775,0.8,0
CD4 T,NK,0.8,0.8250000000000001,0
CD4 T,NK,0.8250000000000001,0.8500000000000001,0
CD4 T,NK,0.8500000000000001,0.875,0
CD4 T,NK,0.875,0.9,0
CD4 T,NK,0.9,0.925,0
CD4 T,NK,0.925,0.9500000000000001,0
CD4 T,NK,0.9500000000000001,0.9750000000000001,0
CD4 T,NK,0.9750000000000001,1.0,0
CD4 T,Monocyte,0.0,0.025,6642
CD4 T,Monocyte,0.025,0.05,1100
CD4 T,Monocyte,0.05,0.07500000000000001,661
CD4 T,Monocyte,0.07500000000000001,0.1,400
CD4 T,Monocyte,0.1,0.125,247
CD4 T,Monocyte,0.125,0.15000000000000002,139
CD4 T,Monocyte,0.15000000000000002,0.17500000000000002,90
CD4 T,Monocyte,0.17500000000000002,0.2,59
CD4 T,Monocyte,0.2,0.225,38
CD4 T,Monocyte,0.225,0.25,25
CD4 T,Monocyte,0.25,0.275,19
CD4 T,Monocyte,0.275,0.30000000000000004,15
CD4 T,Monocyte,0.30000000000000004,0.325,10
CD4 T,Monocyte,0.325,0.35000000000000003,11
CD4 T,Monocyte,0.35000000000000003,0.375,8
CD4 T,Monocyte,0.375,0.4,7
CD4 T,Monocyte,0.4,0.42500000000000004,3
CD4 T,Monocyte,0.42500000000000004,0.45,2
CD4 T,Monocyte,0.45,0.47500000000000003,0
CD4 T,Monocyte,0.47500000000000003,0.5,3
CD4 T,Monocyte,0.5,0.525,1
CD4 T,Monocyte,0.525,0.55,0
CD4 T,Monocyte,0.55,0.5750000000000001,0
CD4 T,Monocyte,0.5750000000000001,0.6000000000000001,0
CD4 T,Monocyte,0.6000000000000001,0.625,1
CD4 T,Monocyte,0.625,0.65,0
CD4 T,Monocyte,0.65,0.675,0
CD4 T,Monocyte,0.675,0.7000000000000001,0
CD4 T,Monocyte,0.7000000000000001,0.7250000000000001,0
CD4 T,Monocyte,0.7250000000000001,0.75,0
CD4 T,Monocyte,0.75,0.775,0
CD4 T,Monocyte,0.775,0.8,0
CD4 T,Monocyte,0.8,0.8250000000000001,0
CD4 T,Monocyte,0.8250000000000001,0.8500000000000001,0
CD4 T,Monocyte,0.8500000000000001,0.875,0
CD4 T,Monocyte,0.875,0.9,0
CD4 T,Monocyte,0.9,0.925,0
CD4 T,Monocyte,0.925,0.9500000000000001,0
CD4 T,Monocyte,0.9500000000000001,0.9750000000000001,0
CD4 T,Monocyte,0.9750000000000001,1.0,0
CD4 T,DC,0.0,0.025,8536
CD4 T,DC,0.025,0.05,531
CD4 T,DC,0.05,0.07500000000000001,246
CD4 T,DC,0.07500000000000001,0.1,85
CD4 T,DC,0.1,0.125,32
CD4 T,DC,0.125,0.15000000000000002,23
CD4 T,DC,0.15000000000000002,0.17500000000000002,15
CD4 T,DC,0.17500000000000002,0.2,6
CD4 T,DC,0.2,0.225,5
CD4 T,DC,0.225,0.25,1
CD4 T,DC,0.25,0.275,0
CD4 T,DC,0.275,0.30000000000000004,0
CD4 T,DC,0.30000000000000004,0.325,0
CD4 T,DC,0.325,0.35000000000000003,1
CD4 T,DC,0.35000000000000003,0.375,0
CD4 T,DC,0.375,0.4,0
CD4 T,DC,0.4,0.42500000000000004,0
CD4 T,DC,0.42500000000000004,0.45,0
CD4 T,DC,0.45,0.47500000000000003,0
CD4 T,DC,0.47500000000000003,0.5,0
CD4 T,DC,0.5,0.525,0
CD4 T,DC,0.525,0.55,0
CD4 T,DC,0.55,0.5750000000000001,0
CD4 T,DC,0.5750000000000001,0.6000000000000001,0
CD4 T,DC,0.6000000000000001,0.625,0
CD4 T,DC,0.625,0.65,0
CD4 T,DC,0.65,0.675,0
CD4 T,DC,0.675,0.7000000000000001,0
CD4 T,DC,0.7000000000000001,0.7250000000000001,0
CD4 T,DC,0.7250000000000001,0.75,0
CD4 T,DC,0.75,0.775,0
CD4 T,DC,0.775,0.8,0
CD4 T,DC,0.8,0.8250000000000001,0
CD4 T,DC,0.8250000000000001,0.8500000000000001,0
CD4 T,DC,0.8500000000000001,0.875,0
CD4 T,DC,0.875,0.9,0
CD4 T,DC,0.9,0.925,0
CD4 T,DC,0.925,0.9500000000000001,0
CD4 T,DC,0.9500000000000001,0.9750000000000001,0
CD4 T,DC,0.9750000000000001,1.0,0
CD4 T,Myeloid (other),0.0,0.025,7978
CD4 T,Myeloid (other),0.025,0.05,799
CD4 T,Myeloid (other),0.05,0.07500000000000001,338
CD4 T,Myeloid (other),0.07500000000000001,0.1,167
CD4 T,Myeloid (other),0.1,0.125,85
CD4 T,Myeloid (other),0.125,0.15000000000000002,41
CD4 T,Myeloid (other),0.15000000000000002,0.17500000000000002,26
CD4 T,Myeloid (other),0.17500000000000002,0.2,15
CD4 T,Myeloid (other),0.2,0.225,11
CD4 T,Myeloid (other),0.225,0.25,8
CD4 T,Myeloid (other),0.25,0.275,6
CD4 T,Myeloid (other),0.275,0.30000000000000004,2
CD4 T,Myeloid (other),0.30000000000000004,0.325,2
CD4 T,Myeloid (other),0.325,0.35000000000000003,0
CD4 T,Myeloid (other),0.35000000000000003,0.375,0
CD4 T,Myeloid (other),0.375,0.4,2
CD4 T,Myeloid (other),0.4,0.42500000000000004,0
CD4 T,Myeloid (other),0.42500000000000004,0.45,1
CD4 T,Myeloid (other),0.45,0.47500000000000003,0
CD4 T,Myeloid (other),0.47500000000000003,0.5,0
CD4 T,Myeloid (other),0.5,0.525,0
CD4 T,Myeloid (other),0.525,0.55,0
CD4 T,Myeloid (other),0.55,0.5750000000000001,0
CD4 T,Myeloid (other),0.5750000000000001,0.6000000000000001,0
CD4 T,Myeloid (other),0.6000000000000001,0.625,0
CD4 T,Myeloid (other),0.625,0.65,0
CD4 T,Myeloid (other),0.65,0.675,0
CD4 T,Myeloid (other),0.675,0.7000000000000001,0
CD4 T,Myeloid (other),0.7000000000000001,0.7250000000000001,0
CD4 T,Myeloid (other),0.7250000000000001,0.75,0
CD4 T,Myeloid (other),0.75,0.775,0
CD4 T,Myeloid (other),0.775,0.8,0
CD4 T,Myeloid (other),0.8,0.8250000000000001,0
CD4 T,Myeloid (other),0.8250000000000001,0.8500000000000001,0
CD4 T,Myeloid (other),0.8500000000000001,0.875,0
CD4 T,Myeloid (other),0.875,0.9,0
CD4 T,Myeloid (other),0.9,0.925,0
CD4 T,Myeloid (other),0.925,0.9500000000000001,0
CD4 T,Myeloid (other),0.9500000000000001,0.9750000000000001,0
CD4 T,Myeloid (other),0.9750000000000001,1.0,0
CD4 T,Parenchyma,0.0,0.025,339
CD4 T,Parenchyma,0.025,0.05,122
CD4 T,Parenchyma,0.05,0.07500000000000001,129
CD4 T,Parenchyma,0.07500000000000001,0.1,118
CD4 T,Parenchyma,0.1,0.125,146
CD4 T,Parenchyma,0.125,0.15000000000000002,136
CD4 T,Parenchyma,0.15000000000000002,0.17500000000000002,151
CD4 T,Parenchyma,0.17500000000000002,0.2,172
CD4 T,Parenchyma,0.2,0.225,177
CD4 T,Parenchyma,0.225,0.25,188
CD4 T,Parenchyma,0.25,0.275,198
CD4 T,Parenchyma,0.275,0.30000000000000004,254
CD4 T,Parenchyma,0.30000000000000004,0.325,248
CD4 T,Parenchyma,0.325,0.35000000000000003,276
CD4 T,Parenchyma,0.35000000000000003,0.375,266
CD4 T,Parenchyma,0.375,0.4,272
CD4 T,Parenchyma,0.4,0.42500000000000004,297
CD4 T,Parenchyma,0.42500000000000004,0.45,327
CD4 T,Parenchyma,0.45,0.47500000000000003,343
CD4 T,Parenchyma,0.47500000000000003,0.5,323
CD4 T,Parenchyma,0.5,0.525,369
CD4 T,Parenchyma,0.525,0.55,334
CD4 T,Parenchyma,0.55,0.5750000000000001,352
CD4 T,Parenchyma,0.5750000000000001,0.6000000000000001,359
CD4 T,Parenchyma,0.6000000000000001,0.625,342
CD4 T,Parenchyma,0.625,0.65,336
CD4 T,Parenchyma,0.65,0.675,346
CD4 T,Parenchyma,0.675,0.7000000000000001,332
CD4 T,Parenchyma,0.7000000000000001,0.7250000000000001,312
CD4 T,Parenchyma,0.7250000000000001,0.75,296
CD4 T,Parenchyma,0.75,0.775,295
CD4 T,Parenchyma,0.775,0.8,286
CD4 T,Parenchyma,0.8,0.8250000000000001,244
CD4 T,Parenchyma,0.8250000000000001,0.8500000000000001,206
CD4 T,Parenchyma,0.8500000000000001,0.875,157
CD4 T,Parenchyma,0.875,0.9,155
CD4 T,Parenchyma,0.9,0.925,121
CD4 T,Parenchyma,0.925,0.9500000000000001,81
CD4 T,Parenchyma,0.9500000000000001,0.9750000000000001,48
CD4 T,Parenchyma,0.9750000000000001,1.0,28
CD4 T,ambiguous,0.0,0.025,7200
CD4 T,ambiguous,0.025,0.05,872
CD4 T,ambiguous,0.05,0.07500000000000001,506
CD4 T,ambiguous,0.07500000000000001,0.1,319
CD4 T,ambiguous,0.1,0.125,183
CD4 T,ambiguous,0.125,0.15000000000000002,100
CD4 T,ambiguous,0.15000000000000002,0.17500000000000002,81
CD4 T,ambiguous,0.17500000000000002,0.2,66
CD4 T,ambiguous,0.2,0.225,53
CD4 T,ambiguous,0.225,0.25,27
CD4 T,ambiguous,0.25,0.275,23
CD4 T,ambiguous,0.275,0.30000000000000004,12
CD4 T,ambiguous,0.30000000000000004,0.325,6
CD4 T,ambiguous,0.325,0.35000000000000003,4
CD4 T,ambiguous,0.35000000000000003,0.375,10
CD4 T,ambiguous,0.375,0.4,5
CD4 T,ambiguous,0.4,0.42500000000000004,3
CD4 T,ambiguous,0.42500000000000004,0.45,0
CD4 T,ambiguous,0.45,0.47500000000000003,2
CD4 T,ambiguous,0.47500000000000003,0.5,0
CD4 T,ambiguous,0.5,0.525,2
CD4 T,ambiguous,0.525,0.55,0
CD4 T,ambiguous,0.55,0.5750000000000001,1
CD4 T,ambiguous,0.5750000000000001,0.6000000000000001,0
CD4 T,ambiguous,0.6000000000000001,0.625,1
CD4 T,ambiguous,0.625,0.65,0
CD4 T,ambiguous,0.65,0.675,1
CD4 T,ambiguous,0.675,0.7000000000000001,0
CD4 T,ambiguous,0.7000000000000001,0.7250000000000001,3
CD4 T,ambiguous,0.7250000000000001,0.75,0
CD4 T,ambiguous,0.75,0.775,0
CD4 T,ambiguous,0.775,0.8,1
CD4 T,ambiguous,0.8,0.8250000000000001,0
CD4 T,ambiguous,0.8250000000000001,0.8500000000000001,0
CD4 T,ambiguous,0.8500000000000001,0.875,0
CD4 T,ambiguous,0.875,0.9,0
CD4 T,ambiguous,0.9,0.925,0
CD4 T,ambiguous,0.925,0.9500000000000001,0
CD4 T,ambiguous,0.9500000000000001,0.9750000000000001,0
CD4 T,ambiguous,0.9750000000000001,1.0,0
Treg,Endothelial,0.0,0.025,597
Treg,Endothelial,0.025,0.05,371
Treg,Endothelial,0.05,0.07500000000000001,305
Treg,Endothelial,0.07500000000000001,0.1,234
Treg,Endothelial,0.1,0.125,167
Treg,Endothelial,0.125,0.15000000000000002,128
Treg,Endothelial,0.15000000000000002,0.17500000000000002,91
Treg,Endothelial,0.17500000000000002,0.2,78
Treg,Endothelial,0.2,0.225,40
Treg,Endothelial,0.225,0.25,25
Treg,Endothelial,0.25,0.275,29
Treg,Endothelial,0.275,0.30000000000000004,25
Treg,Endothelial,0.30000000000000004,0.325,14
Treg,Endothelial,0.325,0.35000000000000003,15
Treg,Endothelial,0.35000000000000003,0.375,11
Treg,Endothelial,0.375,0.4,7
Treg,Endothelial,0.4,0.42500000000000004,7
Treg,Endothelial,0.42500000000000004,0.45,6
Treg,Endothelial,0.45,0.47500000000000003,10
Treg,Endothelial,0.47500000000000003,0.5,2
Treg,Endothelial,0.5,0.525,5
Treg,Endothelial,0.525,0.55,5
Treg,Endothelial,0.55,0.5750000000000001,3
Treg,Endothelial,0.5750000000000001,0.6000000000000001,3
Treg,Endothelial,0.6000000000000001,0.625,5
Treg,Endothelial,0.625,0.65,2
Treg,Endothelial,0.65,0.675,3
Treg,Endothelial,0.675,0.7000000000000001,2
Treg,Endothelial,0.7000000000000001,0.7250000000000001,1
Treg,Endothelial,0.7250000000000001,0.75,2
Treg,Endothelial,0.75,0.775,4
Treg,Endothelial,0.775,0.8,5
Treg,Endothelial,0.8,0.8250000000000001,6
Treg,Endothelial,0.8250000000000001,0.8500000000000001,6
Treg,Endothelial,0.8500000000000001,0.875,2
Treg,Endothelial,0.875,0.9,1
Treg,Endothelial,0.9,0.925,0
Treg,Endothelial,0.925,0.9500000000000001,0
Treg,Endothelial,0.9500000000000001,0.9750000000000001,3
Treg,Endothelial,0.9750000000000001,1.0,2
Treg,Fibroblast,0.0,0.025,745
Treg,Fibroblast,0.025,0.05,197
Treg,Fibroblast,0.05,0.07500000000000001,170
Treg,Fibroblast,0.07500000000000001,0.1,127
Treg,Fibroblast,0.1,0.125,143
Treg,Fibroblast,0.125,0.15000000000000002,117
Treg,Fibroblast,0.15000000000000002,0.17500000000000002,95
Treg,Fibroblast,0.17500000000000002,0.2,105
Treg,Fibroblast,0.2,0.225,99
Treg,Fibroblast,0.225,0.25,70
Treg,Fibroblast,0.25,0.275,61
Treg,Fibroblast,0.275,0.30000000000000004,53
Treg,Fibroblast,0.30000000000000004,0.325,53
Treg,Fibroblast,0.325,0.35000000000000003,47
Treg,Fibroblast,0.35000000000000003,0.375,25
Treg,Fibroblast,0.375,0.4,23
Treg,Fibroblast,0.4,0.42500000000000004,18
Treg,Fibroblast,0.42500000000000004,0.45,19
Treg,Fibroblast,0.45,0.47500000000000003,7
Treg,Fibroblast,0.47500000000000003,0.5,5
Treg,Fibroblast,0.5,0.525,7
Treg,Fibroblast,0.525,0.55,8
Treg,Fibroblast,0.55,0.5750000000000001,5
Treg,Fibroblast,0.5750000000000001,0.6000000000000001,4
Treg,Fibroblast,0.6000000000000001,0.625,2
Treg,Fibroblast,0.625,0.65,5
Treg,Fibroblast,0.65,0.675,4
Treg,Fibroblast,0.675,0.7000000000000001,0
Treg,Fibroblast,0.7000000000000001,0.7250000000000001,2
Treg,Fibroblast,0.7250000000000001,0.75,1
Treg,Fibroblast,0.75,0.775,0
Treg,Fibroblast,0.775,0.8,0
Treg,Fibroblast,0.8,0.8250000000000001,0
Treg,Fibroblast,0.8250000000000001,0.8500000000000001,1
Treg,Fibroblast,0.8500000000000001,0.875,2
Treg,Fibroblast,0.875,0.9,1
Treg,Fibroblast,0.9,0.925,0
Treg,Fibroblast,0.925,0.9500000000000001,0
Treg,Fibroblast,0.9500000000000001,0.9750000000000001,1
Treg,Fibroblast,0.9750000000000001,1.0,0
Treg,Macrophage,0.0,0.025,1387
Treg,Macrophage,0.025,0.05,257
Treg,Macrophage,0.05,0.07500000000000001,157
Treg,Macrophage,0.07500000000000001,0.1,105
Treg,Macrophage,0.1,0.125,54
Treg,Macrophage,0.125,0.15000000000000002,46
Treg,Macrophage,0.15000000000000002,0.17500000000000002,26
Treg,Macrophage,0.17500000000000002,0.2,30
Treg,Macrophage,0.2,0.225,16
Treg,Macrophage,0.225,0.25,15
Treg,Macrophage,0.25,0.275,10
Treg,Macrophage,0.275,0.30000000000000004,21
Treg,Macrophage,0.30000000000000004,0.325,14
Treg,Macrophage,0.325,0.35000000000000003,19
Treg,Macrophage,0.35000000000000003,0.375,5
Treg,Macrophage,0.375,0.4,10
Treg,Macrophage,0.4,0.42500000000000004,15
Treg,Macrophage,0.42500000000000004,0.45,12
Treg,Macrophage,0.45,0.47500000000000003,5
Treg,Macrophage,0.47500000000000003,0.5,5
Treg,Macrophage,0.5,0.525,2
Treg,Macrophage,0.525,0.55,1
Treg,Macrophage,0.55,0.5750000000000001,5
Treg,Macrophage,0.5750000000000001,0.6000000000000001,2
Treg,Macrophage,0.6000000000000001,0.625,0
Treg,Macrophage,0.625,0.65,1
Treg,Macrophage,0.65,0.675,0
Treg,Macrophage,0.675,0.7000000000000001,1
Treg,Macrophage,0.7000000000000001,0.7250000000000001,0
Treg,Macrophage,0.7250000000000001,0.75,0
Treg,Macrophage,0.75,0.775,0
Treg,Macrophage,0.775,0.8,0
Treg,Macrophage,0.8,0.8250000000000001,0
Treg,Macrophage,0.8250000000000001,0.8500000000000001,0
Treg,Macrophage,0.8500000000000001,0.875,0
Treg,Macrophage,0.875,0.9,0
Treg,Macrophage,0.9,0.925,0
Treg,Macrophage,0.925,0.9500000000000001,1
Treg,Macrophage,0.9500000000000001,0.9750000000000001,0
Treg,Macrophage,0.9750000000000001,1.0,0
Treg,CD8 T,0.0,0.025,1522
Treg,CD8 T,0.025,0.05,199
Treg,CD8 T,0.05,0.07500000000000001,146
Treg,CD8 T,0.07500000000000001,0.1,56
Treg,CD8 T,0.1,0.125,56
Treg,CD8 T,0.125,0.15000000000000002,43
Treg,CD8 T,0.15000000000000002,0.17500000000000002,36
Treg,CD8 T,0.17500000000000002,0.2,29
Treg,CD8 T,0.2,0.225,19
Treg,CD8 T,0.225,0.25,8
Treg,CD8 T,0.25,0.275,19
Treg,CD8 T,0.275,0.30000000000000004,8
Treg,CD8 T,0.30000000000000004,0.325,11
Treg,CD8 T,0.325,0.35000000000000003,11
Treg,CD8 T,0.35000000000000003,0.375,7
Treg,CD8 T,0.375,0.4,10
Treg,CD8 T,0.4,0.42500000000000004,5
Treg,CD8 T,0.42500000000000004,0.45,7
Treg,CD8 T,0.45,0.47500000000000003,1
Treg,CD8 T,0.47500000000000003,0.5,3
Treg,CD8 T,0.5,0.525,3
Treg,CD8 T,0.525,0.55,2
Treg,CD8 T,0.55,0.5750000000000001,2
Treg,CD8 T,0.5750000000000001,0.6000000000000001,2
Treg,CD8 T,0.6000000000000001,0.625,2
Treg,CD8 T,0.625,0.65,1
Treg,CD8 T,0.65,0.675,2
Treg,CD8 T,0.675,0.7000000000000001,0
Treg,CD8 T,0.7000000000000001,0.7250000000000001,0
Treg,CD8 T,0.7250000000000001,0.75,0
Treg,CD8 T,0.75,0.775,2
Treg,CD8 T,0.775,0.8,2
Treg,CD8 T,0.8,0.8250000000000001,2
Treg,CD8 T,0.8250000000000001,0.8500000000000001,1
Treg,CD8 T,0.8500000000000001,0.875,0
Treg,CD8 T,0.875,0.9,0
Treg,CD8 T,0.9,0.925,0
Treg,CD8 T,0.925,0.9500000000000001,3
Treg,CD8 T,0.9500000000000001,0.9750000000000001,0
Treg,CD8 T,0.9750000000000001,1.0,2
Treg,CD4 T,0.0,0.025,1486
Treg,CD4 T,0.025,0.05,290
Treg,CD4 T,0.05,0.07500000000000001,171
Treg,CD4 T,0.07500000000000001,0.1,87
Treg,CD4 T,0.1,0.125,60
Treg,CD4 T,0.125,0.15000000000000002,47
Treg,CD4 T,0.15000000000000002,0.17500000000000002,20
Treg,CD4 T,0.17500000000000002,0.2,19
Treg,CD4 T,0.2,0.225,9
Treg,CD4 T,0.225,0.25,8
Treg,CD4 T,0.25,0.275,4
Treg,CD4 T,0.275,0.30000000000000004,7
Treg,CD4 T,0.30000000000000004,0.325,3
Treg,CD4 T,0.325,0.35000000000000003,1
Treg,CD4 T,0.35000000000000003,0.375,0
Treg,CD4 T,0.375,0.4,2
Treg,CD4 T,0.4,0.42500000000000004,1
Treg,CD4 T,0.42500000000000004,0.45,3
Treg,CD4 T,0.45,0.47500000000000003,0
Treg,CD4 T,0.47500000000000003,0.5,0
Treg,CD4 T,0.5,0.525,1
Treg,CD4 T,0.525,0.55,1
Treg,CD4 T,0.55,0.5750000000000001,2
Treg,CD4 T,0.5750000000000001,0.6000000000000001,0
Treg,CD4 T,0.6000000000000001,0.625,0
Treg,CD4 T,0.625,0.65,0
Treg,CD4 T,0.65,0.675,0
Treg,CD4 T,0.675,0.7000000000000001,0
Treg,CD4 T,0.7000000000000001,0.7250000000000001,0
Treg,CD4 T,0.7250000000000001,0.75,0
Treg,CD4 T,0.75,0.775,0
Treg,CD4 T,0.775,0.8,0
Treg,CD4 T,0.8,0.8250000000000001,0
Treg,CD4 T,0.8250000000000001,0.8500000000000001,0
Treg,CD4 T,0.8500000000000001,0.875,0
Treg,CD4 T,0.875,0.9,0
Treg,CD4 T,0.9,0.925,0
Treg,CD4 T,0.925,0.9500000000000001,0
Treg,CD4 T,0.9500000000000001,0.9750000000000001,0
Treg,CD4 T,0.9750000000000001,1.0,0
Treg,Treg,0.0,0.025,1247
Treg,Treg,0.025,0.05,214
Treg,Treg,0.05,0.07500000000000001,170
Treg,Treg,0.07500000000000001,0.1,137
Treg,Treg,0.1,0.125,69
Treg,Treg,0.125,0.15000000000000002,46
Treg,Treg,0.15000000000000002,0.17500000000000002,34
Treg,Treg,0.17500000000000002,0.2,34
Treg,Treg,0.2,0.225,20
Treg,Treg,0.225,0.25,22
Treg,Treg,0.25,0.275,20
Treg,Treg,0.275,0.30000000000000004,20
Treg,Treg,0.30000000000000004,0.325,48
Treg,Treg,0.325,0.35000000000000003,17
Treg,Treg,0.35000000000000003,0.375,12
Treg,Treg,0.375,0.4,18
Treg,Treg,0.4,0.42500000000000004,6
Treg,Treg,0.42500000000000004,0.45,10
Treg,Treg,0.45,0.47500000000000003,12
Treg,Treg,0.47500000000000003,0.5,10
Treg,Treg,0.5,0.525,9
Treg,Treg,0.525,0.55,10
Treg,Treg,0.55,0.5750000000000001,7
Treg,Treg,0.5750000000000001,0.6000000000000001,7
Treg,Treg,0.6000000000000001,0.625,2
Treg,Treg,0.625,0.65,5
Treg,Treg,0.65,0.675,3
Treg,Treg,0.675,0.7000000000000001,1
Treg,Treg,0.7000000000000001,0.7250000000000001,0
Treg,Treg,0.7250000000000001,0.75,2
Treg,Treg,0.75,0.775,5
Treg,Treg,0.775,0.8,0
Treg,Treg,0.8,0.8250000000000001,1
Treg,Treg,0.8250000000000001,0.8500000000000001,0
Treg,Treg,0.8500000000000001,0.875,2
Treg,Treg,0.875,0.9,0
Treg,Treg,0.9,0.925,1
Treg,Treg,0.925,0.9500000000000001,0
Treg,Treg,0.9500000000000001,0.9750000000000001,1
Treg,Treg,0.9750000000000001,1.0,0
Treg,B cell,0.0,0.025,1904
Treg,B cell,0.025,0.05,146
Treg,B cell,0.05,0.07500000000000001,95
Treg,B cell,0.07500000000000001,0.1,43
Treg,B cell,0.1,0.125,15
Treg,B cell,0.125,0.15000000000000002,10
Treg,B cell,0.15000000000000002,0.17500000000000002,2
Treg,B cell,0.17500000000000002,0.2,1
Treg,B cell,0.2,0.225,0
Treg,B cell,0.225,0.25,1
Treg,B cell,0.25,0.275,1
Treg,B cell,0.275,0.30000000000000004,0
Treg,B cell,0.30000000000000004,0.325,0
Treg,B cell,0.325,0.35000000000000003,0
Treg,B cell,0.35000000000000003,0.375,1
Treg,B cell,0.375,0.4,0
Treg,B cell,0.4,0.42500000000000004,0
Treg,B cell,0.42500000000000004,0.45,0
Treg,B cell,0.45,0.47500000000000003,0
Treg,B cell,0.47500000000000003,0.5,1
Treg,B cell,0.5,0.525,0
Treg,B cell,0.525,0.55,0
Treg,B cell,0.55,0.5750000000000001,0
Treg,B cell,0.5750000000000001,0.6000000000000001,0
Treg,B cell,0.6000000000000001,0.625,1
Treg,B cell,0.625,0.65,0
Treg,B cell,0.65,0.675,0
Treg,B cell,0.675,0.7000000000000001,0
Treg,B cell,0.7000000000000001,0.7250000000000001,0
Treg,B cell,0.7250000000000001,0.75,1
Treg,B cell,0.75,0.775,0
Treg,B cell,0.775,0.8,0
Treg,B cell,0.8,0.8250000000000001,0
Treg,B cell,0.8250000000000001,0.8500000000000001,0
Treg,B cell,0.8500000000000001,0.875,0
Treg,B cell,0.875,0.9,0
Treg,B cell,0.9,0.925,0
Treg,B cell,0.925,0.9500000000000001,0
Treg,B cell,0.9500000000000001,0.9750000000000001,0
Treg,B cell,0.9750000000000001,1.0,0
Treg,NK,0.0,0.025,1862
Treg,NK,0.025,0.05,165
Treg,NK,0.05,0.07500000000000001,98
Treg,NK,0.07500000000000001,0.1,49
Treg,NK,0.1,0.125,23
Treg,NK,0.125,0.15000000000000002,10
Treg,NK,0.15000000000000002,0.17500000000000002,3
Treg,NK,0.17500000000000002,0.2,4
Treg,NK,0.2,0.225,3
Treg,NK,0.225,0.25,3
Treg,NK,0.25,0.275,0
Treg,NK,0.275,0.30000000000000004,0
Treg,NK,0.30000000000000004,0.325,0
Treg,NK,0.325,0.35000000000000003,0
Treg,NK,0.35000000000000003,0.375,0
Treg,NK,0.375,0.4,0
Treg,NK,0.4,0.42500000000000004,0
Treg,NK,0.42500000000000004,0.45,1
Treg,NK,0.45,0.47500000000000003,0
Treg,NK,0.47500000000000003,0.5,0
Treg,NK,0.5,0.525,0
Treg,NK,0.525,0.55,0
Treg,NK,0.55,0.5750000000000001,1
Treg,NK,0.5750000000000001,0.6000000000000001,0
Treg,NK,0.6000000000000001,0.625,0
Treg,NK,0.625,0.65,0
Treg,NK,0.65,0.675,0
Treg,NK,0.675,0.7000000000000001,0
Treg,NK,0.7000000000000001,0.7250000000000001,0
Treg,NK,0.7250000000000001,0.75,0
Treg,NK,0.75,0.775,0
Treg,NK,0.775,0.8,0
Treg,NK,0.8,0.8250000000000001,0
Treg,NK,0.8250000000000001,0.8500000000000001,0
Treg,NK,0.8500000000000001,0.875,0
Treg,NK,0.875,0.9,0
Treg,NK,0.9,0.925,0
Treg,NK,0.925,0.9500000000000001,0
Treg,NK,0.9500000000000001,0.9750000000000001,0
Treg,NK,0.9750000000000001,1.0,0
Treg,Monocyte,0.0,0.025,1337
Treg,Monocyte,0.025,0.05,238
Treg,Monocyte,0.05,0.07500000000000001,188
Treg,Monocyte,0.07500000000000001,0.1,93
Treg,Monocyte,0.1,0.125,74
Treg,Monocyte,0.125,0.15000000000000002,65
Treg,Monocyte,0.15000000000000002,0.17500000000000002,44
Treg,Monocyte,0.17500000000000002,0.2,34
Treg,Monocyte,0.2,0.225,30
Treg,Monocyte,0.225,0.25,22
Treg,Monocyte,0.25,0.275,16
Treg,Monocyte,0.275,0.30000000000000004,21
Treg,Monocyte,0.30000000000000004,0.325,16
Treg,Monocyte,0.325,0.35000000000000003,10
Treg,Monocyte,0.35000000000000003,0.375,11
Treg,Monocyte,0.375,0.4,7
Treg,Monocyte,0.4,0.42500000000000004,7
Treg,Monocyte,0.42500000000000004,0.45,2
Treg,Monocyte,0.45,0.47500000000000003,3
Treg,Monocyte,0.47500000000000003,0.5,3
Treg,Monocyte,0.5,0.525,0
Treg,Monocyte,0.525,0.55,0
Treg,Monocyte,0.55,0.5750000000000001,0
Treg,Monocyte,0.5750000000000001,0.6000000000000001,1
Treg,Monocyte,0.6000000000000001,0.625,0
Treg,Monocyte,0.625,0.65,0
Treg,Monocyte,0.65,0.675,0
Treg,Monocyte,0.675,0.7000000000000001,0
Treg,Monocyte,0.7000000000000001,0.7250000000000001,0
Treg,Monocyte,0.7250000000000001,0.75,0
Treg,Monocyte,0.75,0.775,0
Treg,Monocyte,0.775,0.8,0
Treg,Monocyte,0.8,0.8250000000000001,0
Treg,Monocyte,0.8250000000000001,0.8500000000000001,0
Treg,Monocyte,0.8500000000000001,0.875,0
Treg,Monocyte,0.875,0.9,0
Treg,Monocyte,0.9,0.925,0
Treg,Monocyte,0.925,0.9500000000000001,0
Treg,Monocyte,0.9500000000000001,0.9750000000000001,0
Treg,Monocyte,0.9750000000000001,1.0,0
Treg,DC,0.0,0.025,2122
Treg,DC,0.025,0.05,62
Treg,DC,0.05,0.07500000000000001,23
Treg,DC,0.07500000000000001,0.1,9
Treg,DC,0.1,0.125,5
Treg,DC,0.125,0.15000000000000002,0
Treg,DC,0.15000000000000002,0.17500000000000002,1
Treg,DC,0.17500000000000002,0.2,0
Treg,DC,0.2,0.225,0
Treg,DC,0.225,0.25,0
Treg,DC,0.25,0.275,0
Treg,DC,0.275,0.30000000000000004,0
Treg,DC,0.30000000000000004,0.325,0
Treg,DC,0.325,0.35000000000000003,0
Treg,DC,0.35000000000000003,0.375,0
Treg,DC,0.375,0.4,0
Treg,DC,0.4,0.42500000000000004,0
Treg,DC,0.42500000000000004,0.45,0
Treg,DC,0.45,0.47500000000000003,0
Treg,DC,0.47500000000000003,0.5,0
Treg,DC,0.5,0.525,0
Treg,DC,0.525,0.55,0
Treg,DC,0.55,0.5750000000000001,0
Treg,DC,0.5750000000000001,0.6000000000000001,0
Treg,DC,0.6000000000000001,0.625,0
Treg,DC,0.625,0.65,0
Treg,DC,0.65,0.675,0
Treg,DC,0.675,0.7000000000000001,0
Treg,DC,0.7000000000000001,0.7250000000000001,0
Treg,DC,0.7250000000000001,0.75,0
Treg,DC,0.75,0.775,0
Treg,DC,0.775,0.8,0
Treg,DC,0.8,0.8250000000000001,0
Treg,DC,0.8250000000000001,0.8500000000000001,0
Treg,DC,0.8500000000000001,0.875,0
Treg,DC,0.875,0.9,0
Treg,DC,0.9,0.925,0
Treg,DC,0.925,0.9500000000000001,0
Treg,DC,0.9500000000000001,0.9750000000000001,0
Treg,DC,0.9750000000000001,1.0,0
Treg,Myeloid (other),0.0,0.025,1975
Treg,Myeloid (other),0.025,0.05,125
Treg,Myeloid (other),0.05,0.07500000000000001,58
Treg,Myeloid (other),0.07500000000000001,0.1,24
Treg,Myeloid (other),0.1,0.125,17
Treg,Myeloid (other),0.125,0.15000000000000002,9
Treg,Myeloid (other),0.15000000000000002,0.17500000000000002,6
Treg,Myeloid (other),0.17500000000000002,0.2,3
Treg,Myeloid (other),0.2,0.225,3
Treg,Myeloid (other),0.225,0.25,0
Treg,Myeloid (other),0.25,0.275,2
Treg,Myeloid (other),0.275,0.30000000000000004,0
Treg,Myeloid (other),0.30000000000000004,0.325,0
Treg,Myeloid (other),0.325,0.35000000000000003,0
Treg,Myeloid (other),0.35000000000000003,0.375,0
Treg,Myeloid (other),0.375,0.4,0
Treg,Myeloid (other),0.4,0.42500000000000004,0
Treg,Myeloid (other),0.42500000000000004,0.45,0
Treg,Myeloid (other),0.45,0.47500000000000003,0
Treg,Myeloid (other),0.47500000000000003,0.5,0
Treg,Myeloid (other),0.5,0.525,0
Treg,Myeloid (other),0.525,0.55,0
Treg,Myeloid (other),0.55,0.5750000000000001,0
Treg,Myeloid (other),0.5750000000000001,0.6000000000000001,0
Treg,Myeloid (other),0.6000000000000001,0.625,0
Treg,Myeloid (other),0.625,0.65,0
Treg,Myeloid (other),0.65,0.675,0
Treg,Myeloid (other),0.675,0.7000000000000001,0
Treg,Myeloid (other),0.7000000000000001,0.7250000000000001,0
Treg,Myeloid (other),0.7250000000000001,0.75,0
Treg,Myeloid (other),0.75,0.775,0
Treg,Myeloid (other),0.775,0.8,0
Treg,Myeloid (other),0.8,0.8250000000000001,0
Treg,Myeloid (other),0.8250000000000001,0.8500000000000001,0
Treg,Myeloid (other),0.8500000000000001,0.875,0
Treg,Myeloid (other),0.875,0.9,0
Treg,Myeloid (other),0.9,0.925,0
Treg,Myeloid (other),0.925,0.9500000000000001,0
Treg,Myeloid (other),0.9500000000000001,0.9750000000000001,0
Treg,Myeloid (other),0.9750000000000001,1.0,0
Treg,Parenchyma,0.0,0.025,173
Treg,Parenchyma,0.025,0.05,36
Treg,Parenchyma,0.05,0.07500000000000001,30
Treg,Parenchyma,0.07500000000000001,0.1,31
Treg,Parenchyma,0.1,0.125,35
Treg,Parenchyma,0.125,0.15000000000000002,41
Treg,Parenchyma,0.15000000000000002,0.17500000000000002,41
Treg,Parenchyma,0.17500000000000002,0.2,46
Treg,Parenchyma,0.2,0.225,44
Treg,Parenchyma,0.225,0.25,52
Treg,Parenchyma,0.25,0.275,39
Treg,Parenchyma,0.275,0.30000000000000004,48
Treg,Parenchyma,0.30000000000000004,0.325,62
Treg,Parenchyma,0.325,0.35000000000000003,72
Treg,Parenchyma,0.35000000000000003,0.375,67
Treg,Parenchyma,0.375,0.4,75
Treg,Parenchyma,0.4,0.42500000000000004,77
Treg,Parenchyma,0.42500000000000004,0.45,82
Treg,Parenchyma,0.45,0.47500000000000003,67
Treg,Parenchyma,0.47500000000000003,0.5,57
Treg,Parenchyma,0.5,0.525,73
Treg,Parenchyma,0.525,0.55,75
Treg,Parenchyma,0.55,0.5750000000000001,72
Treg,Parenchyma,0.5750000000000001,0.6000000000000001,71
Treg,Parenchyma,0.6000000000000001,0.625,71
Treg,Parenchyma,0.625,0.65,79
Treg,Parenchyma,0.65,0.675,77
Treg,Parenchyma,0.675,0.7000000000000001,77
Treg,Parenchyma,0.7000000000000001,0.7250000000000001,70
Treg,Parenchyma,0.7250000000000001,0.75,58
Treg,Parenchyma,0.75,0.775,63
Treg,Parenchyma,0.775,0.8,53
Treg,Parenchyma,0.8,0.8250000000000001,55
Treg,Parenchyma,0.8250000000000001,0.8500000000000001,36
Treg,Parenchyma,0.8500000000000001,0.875,33
Treg,Parenchyma,0.875,0.9,30
Treg,Parenchyma,0.9,0.925,17
Treg,Parenchyma,0.925,0.9500000000000001,17
Treg,Parenchyma,0.9500000000000001,0.9750000000000001,9
Treg,Parenchyma,0.9750000000000001,1.0,10
Treg,ambiguous,0.0,0.025,1477
Treg,ambiguous,0.025,0.05,210
Treg,ambiguous,0.05,0.07500000000000001,142
Treg,ambiguous,0.07500000000000001,0.1,88
Treg,ambiguous,0.1,0.125,86
Treg,ambiguous,0.125,0.15000000000000002,57
Treg,ambiguous,0.15000000000000002,0.17500000000000002,42
Treg,ambiguous,0.17500000000000002,0.2,37
Treg,ambiguous,0.2,0.225,22
Treg,ambiguous,0.225,0.25,16
Treg,ambiguous,0.25,0.275,8
Treg,ambiguous,0.275,0.30000000000000004,9
Treg,ambiguous,0.30000000000000004,0.325,6
Treg,ambiguous,0.325,0.35000000000000003,8
Treg,ambiguous,0.35000000000000003,0.375,2
Treg,ambiguous,0.375,0.4,7
Treg,ambiguous,0.4,0.42500000000000004,2
Treg,ambiguous,0.42500000000000004,0.45,0
Treg,ambiguous,0.45,0.47500000000000003,2
Treg,ambiguous,0.47500000000000003,0.5,1
Treg,ambiguous,0.5,0.525,0
Treg,ambiguous,0.525,0.55,0
Treg,ambiguous,0.55,0.5750000000000001,0
Treg,ambiguous,0.5750000000000001,0.6000000000000001,0
Treg,ambiguous,0.6000000000000001,0.625,0
Treg,ambiguous,0.625,0.65,0
Treg,ambiguous,0.65,0.675,0
Treg,ambiguous,0.675,0.7000000000000001,0
Treg,ambiguous,0.7000000000000001,0.7250000000000001,0
Treg,ambiguous,0.7250000000000001,0.75,0
Treg,ambiguous,0.75,0.775,0
Treg,ambiguous,0.775,0.8,0
Treg,ambiguous,0.8,0.8250000000000001,0
Treg,ambiguous,0.8250000000000001,0.8500000000000001,0
Treg,ambiguous,0.8500000000000001,0.875,0
Treg,ambiguous,0.875,0.9,0
Treg,ambiguous,0.9,0.925,0
Treg,ambiguous,0.925,0.9500000000000001,0
Treg,ambiguous,0.9500000000000001,0.9750000000000001,0
Treg,ambiguous,0.9750000000000001,1.0,0
B cell,Endothelial,0.0,0.025,1474
B cell,Endothelial,0.025,0.05,1012
B cell,Endothelial,0.05,0.07500000000000001,816
B cell,Endothelial,0.07500000000000001,0.1,602
B cell,Endothelial,0.1,0.125,436
B cell,Endothelial,0.125,0.15000000000000002,299
B cell,Endothelial,0.15000000000000002,0.17500000000000002,219
B cell,Endothelial,0.17500000000000002,0.2,143
B cell,Endothelial,0.2,0.225,107
B cell,Endothelial,0.225,0.25,70
B cell,Endothelial,0.25,0.275,54
B cell,Endothelial,0.275,0.30000000000000004,33
B cell,Endothelial,0.30000000000000004,0.325,16
B cell,Endothelial,0.325,0.35000000000000003,27
B cell,Endothelial,0.35000000000000003,0.375,8
B cell,Endothelial,0.375,0.4,9
B cell,Endothelial,0.4,0.42500000000000004,11
B cell,Endothelial,0.42500000000000004,0.45,5
B cell,Endothelial,0.45,0.47500000000000003,4
B cell,Endothelial,0.47500000000000003,0.5,4
B cell,Endothelial,0.5,0.525,1
B cell,Endothelial,0.525,0.55,1
B cell,Endothelial,0.55,0.5750000000000001,2
B cell,Endothelial,0.5750000000000001,0.6000000000000001,2
B cell,Endothelial,0.6000000000000001,0.625,1
B cell,Endothelial,0.625,0.65,2
B cell,Endothelial,0.65,0.675,3
B cell,Endothelial,0.675,0.7000000000000001,0
B cell,Endothelial,0.7000000000000001,0.7250000000000001,2
B cell,Endothelial,0.7250000000000001,0.75,0
B cell,Endothelial,0.75,0.775,1
B cell,Endothelial,0.775,0.8,3
B cell,Endothelial,0.8,0.8250000000000001,3
B cell,Endothelial,0.8250000000000001,0.8500000000000001,0
B cell,Endothelial,0.8500000000000001,0.875,1
B cell,Endothelial,0.875,0.9,1
B cell,Endothelial,0.9,0.925,1
B cell,Endothelial,0.925,0.9500000000000001,0
B cell,Endothelial,0.9500000000000001,0.9750000000000001,1
B cell,Endothelial,0.9750000000000001,1.0,0
B cell,Fibroblast,0.0,0.025,1972
B cell,Fibroblast,0.025,0.05,427
B cell,Fibroblast,0.05,0.07500000000000001,341
B cell,Fibroblast,0.07500000000000001,0.1,293
B cell,Fibroblast,0.1,0.125,283
B cell,Fibroblast,0.125,0.15000000000000002,244
B cell,Fibroblast,0.15000000000000002,0.17500000000000002,218
B cell,Fibroblast,0.17500000000000002,0.2,202
B cell,Fibroblast,0.2,0.225,203
B cell,Fibroblast,0.225,0.25,175
B cell,Fibroblast,0.25,0.275,145
B cell,Fibroblast,0.275,0.30000000000000004,159
B cell,Fibroblast,0.30000000000000004,0.325,131
B cell,Fibroblast,0.325,0.35000000000000003,112
B cell,Fibroblast,0.35000000000000003,0.375,92
B cell,Fibroblast,0.375,0.4,71
B cell,Fibroblast,0.4,0.42500000000000004,55
B cell,Fibroblast,0.42500000000000004,0.45,54
B cell,Fibroblast,0.45,0.47500000000000003,40
B cell,Fibroblast,0.47500000000000003,0.5,31
B cell,Fibroblast,0.5,0.525,31
B cell,Fibroblast,0.525,0.55,21
B cell,Fibroblast,0.55,0.5750000000000001,11
B cell,Fibroblast,0.5750000000000001,0.6000000000000001,14
B cell,Fibroblast,0.6000000000000001,0.625,11
B cell,Fibroblast,0.625,0.65,9
B cell,Fibroblast,0.65,0.675,4
B cell,Fibroblast,0.675,0.7000000000000001,2
B cell,Fibroblast,0.7000000000000001,0.7250000000000001,3
B cell,Fibroblast,0.7250000000000001,0.75,6
B cell,Fibroblast,0.75,0.775,1
B cell,Fibroblast,0.775,0.8,3
B cell,Fibroblast,0.8,0.8250000000000001,0
B cell,Fibroblast,0.8250000000000001,0.8500000000000001,1
B cell,Fibroblast,0.8500000000000001,0.875,3
B cell,Fibroblast,0.875,0.9,3
B cell,Fibroblast,0.9,0.925,1
B cell,Fibroblast,0.925,0.9500000000000001,1
B cell,Fibroblast,0.9500000000000001,0.9750000000000001,1
B cell,Fibroblast,0.9750000000000001,1.0,0
B cell,Macrophage,0.0,0.025,2571
B cell,Macrophage,0.025,0.05,723
B cell,Macrophage,0.05,0.07500000000000001,500
B cell,Macrophage,0.07500000000000001,0.1,381
B cell,Macrophage,0.1,0.125,287
B cell,Macrophage,0.125,0.15000000000000002,213
B cell,Macrophage,0.15000000000000002,0.17500000000000002,147
B cell,Macrophage,0.17500000000000002,0.2,130
B cell,Macrophage,0.2,0.225,107
B cell,Macrophage,0.225,0.25,48
B cell,Macrophage,0.25,0.275,49
B cell,Macrophage,0.275,0.30000000000000004,51
B cell,Macrophage,0.30000000000000004,0.325,37
B cell,Macrophage,0.325,0.35000000000000003,27
B cell,Macrophage,0.35000000000000003,0.375,13
B cell,Macrophage,0.375,0.4,16
B cell,Macrophage,0.4,0.42500000000000004,22
B cell,Macrophage,0.42500000000000004,0.45,10
B cell,Macrophage,0.45,0.47500000000000003,7
B cell,Macrophage,0.47500000000000003,0.5,10
B cell,Macrophage,0.5,0.525,8
B cell,Macrophage,0.525,0.55,8
B cell,Macrophage,0.55,0.5750000000000001,3
B cell,Macrophage,0.5750000000000001,0.6000000000000001,2
B cell,Macrophage,0.6000000000000001,0.625,1
B cell,Macrophage,0.625,0.65,0
B cell,Macrophage,0.65,0.675,2
B cell,Macrophage,0.675,0.7000000000000001,0
B cell,Macrophage,0.7000000000000001,0.7250000000000001,0
B cell,Macrophage,0.7250000000000001,0.75,0
B cell,Macrophage,0.75,0.775,0
B cell,Macrophage,0.775,0.8,0
B cell,Macrophage,0.8,0.8250000000000001,0
B cell,Macrophage,0.8250000000000001,0.8500000000000001,1
B cell,Macrophage,0.8500000000000001,0.875,0
B cell,Macrophage,0.875,0.9,0
B cell,Macrophage,0.9,0.925,0
B cell,Macrophage,0.925,0.9500000000000001,0
B cell,Macrophage,0.9500000000000001,0.9750000000000001,0
B cell,Macrophage,0.9750000000000001,1.0,0
B cell,CD8 T,0.0,0.025,4171
B cell,CD8 T,0.025,0.05,417
B cell,CD8 T,0.05,0.07500000000000001,270
B cell,CD8 T,0.07500000000000001,0.1,143
B cell,CD8 T,0.1,0.125,92
B cell,CD8 T,0.125,0.15000000000000002,59
B cell,CD8 T,0.15000000000000002,0.17500000000000002,34
B cell,CD8 T,0.17500000000000002,0.2,33
B cell,CD8 T,0.2,0.225,20
B cell,CD8 T,0.225,0.25,25
B cell,CD8 T,0.25,0.275,22
B cell,CD8 T,0.275,0.30000000000000004,11
B cell,CD8 T,0.30000000000000004,0.325,11
B cell,CD8 T,0.325,0.35000000000000003,7
B cell,CD8 T,0.35000000000000003,0.375,6
B cell,CD8 T,0.375,0.4,12
B cell,CD8 T,0.4,0.42500000000000004,10
B cell,CD8 T,0.42500000000000004,0.45,8
B cell,CD8 T,0.45,0.47500000000000003,3
B cell,CD8 T,0.47500000000000003,0.5,8
B cell,CD8 T,0.5,0.525,6
B cell,CD8 T,0.525,0.55,3
B cell,CD8 T,0.55,0.5750000000000001,0
B cell,CD8 T,0.5750000000000001,0.6000000000000001,1
B cell,CD8 T,0.6000000000000001,0.625,1
B cell,CD8 T,0.625,0.65,0
B cell,CD8 T,0.65,0.675,0
B cell,CD8 T,0.675,0.7000000000000001,0
B cell,CD8 T,0.7000000000000001,0.7250000000000001,1
B cell,CD8 T,0.7250000000000001,0.75,0
B cell,CD8 T,0.75,0.775,0
B cell,CD8 T,0.775,0.8,0
B cell,CD8 T,0.8,0.8250000000000001,0
B cell,CD8 T,0.8250000000000001,0.8500000000000001,0
B cell,CD8 T,0.8500000000000001,0.875,0
B cell,CD8 T,0.875,0.9,0
B cell,CD8 T,0.9,0.925,0
B cell,CD8 T,0.925,0.9500000000000001,0
B cell,CD8 T,0.9500000000000001,0.9750000000000001,0
B cell,CD8 T,0.9750000000000001,1.0,0
B cell,CD4 T,0.0,0.025,4204
B cell,CD4 T,0.025,0.05,374
B cell,CD4 T,0.05,0.07500000000000001,227
B cell,CD4 T,0.07500000000000001,0.1,143
B cell,CD4 T,0.1,0.125,128
B cell,CD4 T,0.125,0.15000000000000002,85
B cell,CD4 T,0.15000000000000002,0.17500000000000002,58
B cell,CD4 T,0.17500000000000002,0.2,36
B cell,CD4 T,0.2,0.225,41
B cell,CD4 T,0.225,0.25,19
B cell,CD4 T,0.25,0.275,21
B cell,CD4 T,0.275,0.30000000000000004,10
B cell,CD4 T,0.30000000000000004,0.325,7
B cell,CD4 T,0.325,0.35000000000000003,2
B cell,CD4 T,0.35000000000000003,0.375,5
B cell,CD4 T,0.375,0.4,1
B cell,CD4 T,0.4,0.42500000000000004,6
B cell,CD4 T,0.42500000000000004,0.45,1
B cell,CD4 T,0.45,0.47500000000000003,2
B cell,CD4 T,0.47500000000000003,0.5,0
B cell,CD4 T,0.5,0.525,1
B cell,CD4 T,0.525,0.55,0
B cell,CD4 T,0.55,0.5750000000000001,1
B cell,CD4 T,0.5750000000000001,0.6000000000000001,0
B cell,CD4 T,0.6000000000000001,0.625,0
B cell,CD4 T,0.625,0.65,0
B cell,CD4 T,0.65,0.675,1
B cell,CD4 T,0.675,0.7000000000000001,0
B cell,CD4 T,0.7000000000000001,0.7250000000000001,0
B cell,CD4 T,0.7250000000000001,0.75,0
B cell,CD4 T,0.75,0.775,1
B cell,CD4 T,0.775,0.8,0
B cell,CD4 T,0.8,0.8250000000000001,0
B cell,CD4 T,0.8250000000000001,0.8500000000000001,0
B cell,CD4 T,0.8500000000000001,0.875,0
B cell,CD4 T,0.875,0.9,0
B cell,CD4 T,0.9,0.925,0
B cell,CD4 T,0.925,0.9500000000000001,0
B cell,CD4 T,0.9500000000000001,0.9750000000000001,0
B cell,CD4 T,0.9750000000000001,1.0,0
B cell,Treg,0.0,0.025,5077
B cell,Treg,0.025,0.05,137
B cell,Treg,0.05,0.07500000000000001,73
B cell,Treg,0.07500000000000001,0.1,36
B cell,Treg,0.1,0.125,22
B cell,Treg,0.125,0.15000000000000002,7
B cell,Treg,0.15000000000000002,0.17500000000000002,7
B cell,Treg,0.17500000000000002,0.2,3
B cell,Treg,0.2,0.225,2
B cell,Treg,0.225,0.25,3
B cell,Treg,0.25,0.275,0
B cell,Treg,0.275,0.30000000000000004,4
B cell,Treg,0.30000000000000004,0.325,0
B cell,Treg,0.325,0.35000000000000003,0
B cell,Treg,0.35000000000000003,0.375,1
B cell,Treg,0.375,0.4,1
B cell,Treg,0.4,0.42500000000000004,1
B cell,Treg,0.42500000000000004,0.45,0
B cell,Treg,0.45,0.47500000000000003,0
B cell,Treg,0.47500000000000003,0.5,0
B cell,Treg,0.5,0.525,0
B cell,Treg,0.525,0.55,0
B cell,Treg,0.55,0.5750000000000001,0
B cell,Treg,0.5750000000000001,0.6000000000000001,0
B cell,Treg,0.6000000000000001,0.625,0
B cell,Treg,0.625,0.65,0
B cell,Treg,0.65,0.675,0
B cell,Treg,0.675,0.7000000000000001,0
B cell,Treg,0.7000000000000001,0.7250000000000001,0
B cell,Treg,0.7250000000000001,0.75,0
B cell,Treg,0.75,0.775,0
B cell,Treg,0.775,0.8,0
B cell,Treg,0.8,0.8250000000000001,0
B cell,Treg,0.8250000000000001,0.8500000000000001,0
B cell,Treg,0.8500000000000001,0.875,0
B cell,Treg,0.875,0.9,0
B cell,Treg,0.9,0.925,0
B cell,Treg,0.925,0.9500000000000001,0
B cell,Treg,0.9500000000000001,0.9750000000000001,0
B cell,Treg,0.9750000000000001,1.0,0
B cell,B cell,0.0,0.025,2917
B cell,B cell,0.025,0.05,641
B cell,B cell,0.05,0.07500000000000001,412
B cell,B cell,0.07500000000000001,0.1,284
B cell,B cell,0.1,0.125,208
B cell,B cell,0.125,0.15000000000000002,126
B cell,B cell,0.15000000000000002,0.17500000000000002,115
B cell,B cell,0.17500000000000002,0.2,90
B cell,B cell,0.2,0.225,88
B cell,B cell,0.225,0.25,91
B cell,B cell,0.25,0.275,72
B cell,B cell,0.275,0.30000000000000004,45
B cell,B cell,0.30000000000000004,0.325,56
B cell,B cell,0.325,0.35000000000000003,46
B cell,B cell,0.35000000000000003,0.375,40
B cell,B cell,0.375,0.4,41
B cell,B cell,0.4,0.42500000000000004,25
B cell,B cell,0.42500000000000004,0.45,7
B cell,B cell,0.45,0.47500000000000003,10
B cell,B cell,0.47500000000000003,0.5,10
B cell,B cell,0.5,0.525,6
B cell,B cell,0.525,0.55,7
B cell,B cell,0.55,0.5750000000000001,5
B cell,B cell,0.5750000000000001,0.6000000000000001,3
B cell,B cell,0.6000000000000001,0.625,5
B cell,B cell,0.625,0.65,7
B cell,B cell,0.65,0.675,6
B cell,B cell,0.675,0.7000000000000001,5
B cell,B cell,0.7000000000000001,0.7250000000000001,3
B cell,B cell,0.7250000000000001,0.75,1
B cell,B cell,0.75,0.775,0
B cell,B cell,0.775,0.8,2
B cell,B cell,0.8,0.8250000000000001,0
B cell,B cell,0.8250000000000001,0.8500000000000001,0
B cell,B cell,0.8500000000000001,0.875,0
B cell,B cell,0.875,0.9,0
B cell,B cell,0.9,0.925,0
B cell,B cell,0.925,0.9500000000000001,0
B cell,B cell,0.9500000000000001,0.9750000000000001,0
B cell,B cell,0.9750000000000001,1.0,0
B cell,NK,0.0,0.025,4786
B cell,NK,0.025,0.05,309
B cell,NK,0.05,0.07500000000000001,163
B cell,NK,0.07500000000000001,0.1,73
B cell,NK,0.1,0.125,21
B cell,NK,0.125,0.15000000000000002,11
B cell,NK,0.15000000000000002,0.17500000000000002,4
B cell,NK,0.17500000000000002,0.2,2
B cell,NK,0.2,0.225,4
B cell,NK,0.225,0.25,0
B cell,NK,0.25,0.275,1
B cell,NK,0.275,0.30000000000000004,0
B cell,NK,0.30000000000000004,0.325,0
B cell,NK,0.325,0.35000000000000003,0
B cell,NK,0.35000000000000003,0.375,0
B cell,NK,0.375,0.4,0
B cell,NK,0.4,0.42500000000000004,0
B cell,NK,0.42500000000000004,0.45,0
B cell,NK,0.45,0.47500000000000003,0
B cell,NK,0.47500000000000003,0.5,0
B cell,NK,0.5,0.525,0
B cell,NK,0.525,0.55,0
B cell,NK,0.55,0.5750000000000001,0
B cell,NK,0.5750000000000001,0.6000000000000001,0
B cell,NK,0.6000000000000001,0.625,0
B cell,NK,0.625,0.65,0
B cell,NK,0.65,0.675,0
B cell,NK,0.675,0.7000000000000001,0
B cell,NK,0.7000000000000001,0.7250000000000001,0
B cell,NK,0.7250000000000001,0.75,0
B cell,NK,0.75,0.775,0
B cell,NK,0.775,0.8,0
B cell,NK,0.8,0.8250000000000001,0
B cell,NK,0.8250000000000001,0.8500000000000001,0
B cell,NK,0.8500000000000001,0.875,0
B cell,NK,0.875,0.9,0
B cell,NK,0.9,0.925,0
B cell,NK,0.925,0.9500000000000001,0
B cell,NK,0.9500000000000001,0.9750000000000001,0
B cell,NK,0.9750000000000001,1.0,0
B cell,Monocyte,0.0,0.025,3278
B cell,Monocyte,0.025,0.05,652
B cell,Monocyte,0.05,0.07500000000000001,454
B cell,Monocyte,0.07500000000000001,0.1,253
B cell,Monocyte,0.1,0.125,157
B cell,Monocyte,0.125,0.15000000000000002,123
B cell,Monocyte,0.15000000000000002,0.17500000000000002,102
B cell,Monocyte,0.17500000000000002,0.2,80
B cell,Monocyte,0.2,0.225,56
B cell,Monocyte,0.225,0.25,55
B cell,Monocyte,0.25,0.275,44
B cell,Monocyte,0.275,0.30000000000000004,25
B cell,Monocyte,0.30000000000000004,0.325,28
B cell,Monocyte,0.325,0.35000000000000003,19
B cell,Monocyte,0.35000000000000003,0.375,12
B cell,Monocyte,0.375,0.4,11
B cell,Monocyte,0.4,0.42500000000000004,5
B cell,Monocyte,0.42500000000000004,0.45,7
B cell,Monocyte,0.45,0.47500000000000003,3
B cell,Monocyte,0.47500000000000003,0.5,6
B cell,Monocyte,0.5,0.525,3
B cell,Monocyte,0.525,0.55,0
B cell,Monocyte,0.55,0.5750000000000001,0
B cell,Monocyte,0.5750000000000001,0.6000000000000001,1
B cell,Monocyte,0.6000000000000001,0.625,0
B cell,Monocyte,0.625,0.65,0
B cell,Monocyte,0.65,0.675,0
B cell,Monocyte,0.675,0.7000000000000001,0
B cell,Monocyte,0.7000000000000001,0.7250000000000001,0
B cell,Monocyte,0.7250000000000001,0.75,0
B cell,Monocyte,0.75,0.775,0
B cell,Monocyte,0.775,0.8,0
B cell,Monocyte,0.8,0.8250000000000001,0
B cell,Monocyte,0.8250000000000001,0.8500000000000001,0
B cell,Monocyte,0.8500000000000001,0.875,0
B cell,Monocyte,0.875,0.9,0
B cell,Monocyte,0.9,0.925,0
B cell,Monocyte,0.925,0.9500000000000001,0
B cell,Monocyte,0.9500000000000001,0.9750000000000001,0
B cell,Monocyte,0.9750000000000001,1.0,0
B cell,DC,0.0,0.025,4847
B cell,DC,0.025,0.05,309
B cell,DC,0.05,0.07500000000000001,117
B cell,DC,0.07500000000000001,0.1,58
B cell,DC,0.1,0.125,17
B cell,DC,0.125,0.15000000000000002,16
B cell,DC,0.15000000000000002,0.17500000000000002,8
B cell,DC,0.17500000000000002,0.2,1
B cell,DC,0.2,0.225,0
B cell,DC,0.225,0.25,1
B cell,DC,0.25,0.275,0
B cell,DC,0.275,0.30000000000000004,0
B cell,DC,0.30000000000000004,0.325,0
B cell,DC,0.325,0.35000000000000003,0
B cell,DC,0.35000000000000003,0.375,0
B cell,DC,0.375,0.4,0
B cell,DC,0.4,0.42500000000000004,0
B cell,DC,0.42500000000000004,0.45,0
B cell,DC,0.45,0.47500000000000003,0
B cell,DC,0.47500000000000003,0.5,0
B cell,DC,0.5,0.525,0
B cell,DC,0.525,0.55,0
B cell,DC,0.55,0.5750000000000001,0
B cell,DC,0.5750000000000001,0.6000000000000001,0
B cell,DC,0.6000000000000001,0.625,0
B cell,DC,0.625,0.65,0
B cell,DC,0.65,0.675,0
B cell,DC,0.675,0.7000000000000001,0
B cell,DC,0.7000000000000001,0.7250000000000001,0
B cell,DC,0.7250000000000001,0.75,0
B cell,DC,0.75,0.775,0
B cell,DC,0.775,0.8,0
B cell,DC,0.8,0.8250000000000001,0
B cell,DC,0.8250000000000001,0.8500000000000001,0
B cell,DC,0.8500000000000001,0.875,0
B cell,DC,0.875,0.9,0
B cell,DC,0.9,0.925,0
B cell,DC,0.925,0.9500000000000001,0
B cell,DC,0.9500000000000001,0.9750000000000001,0
B cell,DC,0.9750000000000001,1.0,0
B cell,Myeloid (other),0.0,0.025,3954
B cell,Myeloid (other),0.025,0.05,553
B cell,Myeloid (other),0.05,0.07500000000000001,307
B cell,Myeloid (other),0.07500000000000001,0.1,178
B cell,Myeloid (other),0.1,0.125,122
B cell,Myeloid (other),0.125,0.15000000000000002,92
B cell,Myeloid (other),0.15000000000000002,0.17500000000000002,63
B cell,Myeloid (other),0.17500000000000002,0.2,33
B cell,Myeloid (other),0.2,0.225,31
B cell,Myeloid (other),0.225,0.25,13
B cell,Myeloid (other),0.25,0.275,11
B cell,Myeloid (other),0.275,0.30000000000000004,6
B cell,Myeloid (other),0.30000000000000004,0.325,6
B cell,Myeloid (other),0.325,0.35000000000000003,4
B cell,Myeloid (other),0.35000000000000003,0.375,0
B cell,Myeloid (other),0.375,0.4,0
B cell,Myeloid (other),0.4,0.42500000000000004,1
B cell,Myeloid (other),0.42500000000000004,0.45,0
B cell,Myeloid (other),0.45,0.47500000000000003,0
B cell,Myeloid (other),0.47500000000000003,0.5,0
B cell,Myeloid (other),0.5,0.525,0
B cell,Myeloid (other),0.525,0.55,0
B cell,Myeloid (other),0.55,0.5750000000000001,0
B cell,Myeloid (other),0.5750000000000001,0.6000000000000001,0
B cell,Myeloid (other),0.6000000000000001,0.625,0
B cell,Myeloid (other),0.625,0.65,0
B cell,Myeloid (other),0.65,0.675,0
B cell,Myeloid (other),0.675,0.7000000000000001,0
B cell,Myeloid (other),0.7000000000000001,0.7250000000000001,0
B cell,Myeloid (other),0.7250000000000001,0.75,0
B cell,Myeloid (other),0.75,0.775,0
B cell,Myeloid (other),0.775,0.8,0
B cell,Myeloid (other),0.8,0.8250000000000001,0
B cell,Myeloid (other),0.8250000000000001,0.8500000000000001,0
B cell,Myeloid (other),0.8500000000000001,0.875,0
B cell,Myeloid (other),0.875,0.9,0
B cell,Myeloid (other),0.9,0.925,0
B cell,Myeloid (other),0.925,0.9500000000000001,0
B cell,Myeloid (other),0.9500000000000001,0.9750000000000001,0
B cell,Myeloid (other),0.9750000000000001,1.0,0
B cell,Parenchyma,0.0,0.025,195
B cell,Parenchyma,0.025,0.05,42
B cell,Parenchyma,0.05,0.07500000000000001,41
B cell,Parenchyma,0.07500000000000001,0.1,44
B cell,Parenchyma,0.1,0.125,49
B cell,Parenchyma,0.125,0.15000000000000002,52
B cell,Parenchyma,0.15000000000000002,0.17500000000000002,66
B cell,Parenchyma,0.17500000000000002,0.2,94
B cell,Parenchyma,0.2,0.225,97
B cell,Parenchyma,0.225,0.25,109
B cell,Parenchyma,0.25,0.275,122
B cell,Parenchyma,0.275,0.30000000000000004,122
B cell,Parenchyma,0.30000000000000004,0.325,123
B cell,Parenchyma,0.325,0.35000000000000003,146
B cell,Parenchyma,0.35000000000000003,0.375,184
B cell,Parenchyma,0.375,0.4,204
B cell,Parenchyma,0.4,0.42500000000000004,182
B cell,Parenchyma,0.42500000000000004,0.45,153
B cell,Parenchyma,0.45,0.47500000000000003,185
B cell,Parenchyma,0.47500000000000003,0.5,171
B cell,Parenchyma,0.5,0.525,199
B cell,Parenchyma,0.525,0.55,206
B cell,Parenchyma,0.55,0.5750000000000001,186
B cell,Parenchyma,0.5750000000000001,0.6000000000000001,199
B cell,Parenchyma,0.6000000000000001,0.625,197
B cell,Parenchyma,0.625,0.65,213
B cell,Parenchyma,0.65,0.675,200
B cell,Parenchyma,0.675,0.7000000000000001,188
B cell,Parenchyma,0.7000000000000001,0.7250000000000001,176
B cell,Parenchyma,0.7250000000000001,0.75,186
B cell,Parenchyma,0.75,0.775,184
B cell,Parenchyma,0.775,0.8,172
B cell,Parenchyma,0.8,0.8250000000000001,148
B cell,Parenchyma,0.8250000000000001,0.8500000000000001,144
B cell,Parenchyma,0.8500000000000001,0.875,126
B cell,Parenchyma,0.875,0.9,92
B cell,Parenchyma,0.9,0.925,81
B cell,Parenchyma,0.925,0.9500000000000001,47
B cell,Parenchyma,0.9500000000000001,0.9750000000000001,28
B cell,Parenchyma,0.9750000000000001,1.0,20
B cell,ambiguous,0.0,0.025,4416
B cell,ambiguous,0.025,0.05,399
B cell,ambiguous,0.05,0.07500000000000001,202
B cell,ambiguous,0.07500000000000001,0.1,143
B cell,ambiguous,0.1,0.125,80
B cell,ambiguous,0.125,0.15000000000000002,56
B cell,ambiguous,0.15000000000000002,0.17500000000000002,31
B cell,ambiguous,0.17500000000000002,0.2,13
B cell,ambiguous,0.2,0.225,13
B cell,ambiguous,0.225,0.25,7
B cell,ambiguous,0.25,0.275,5
B cell,ambiguous,0.275,0.30000000000000004,4
B cell,ambiguous,0.30000000000000004,0.325,1
B cell,ambiguous,0.325,0.35000000000000003,3
B cell,ambiguous,0.35000000000000003,0.375,0
B cell,ambiguous,0.375,0.4,0
B cell,ambiguous,0.4,0.42500000000000004,0
B cell,ambiguous,0.42500000000000004,0.45,0
B cell,ambiguous,0.45,0.47500000000000003,0
B cell,ambiguous,0.47500000000000003,0.5,0
B cell,ambiguous,0.5,0.525,0
B cell,ambiguous,0.525,0.55,0
B cell,ambiguous,0.55,0.5750000000000001,0
B cell,ambiguous,0.5750000000000001,0.6000000000000001,1
B cell,ambiguous,0.6000000000000001,0.625,0
B cell,ambiguous,0.625,0.65,0
B cell,ambiguous,0.65,0.675,0
B cell,ambiguous,0.675,0.7000000000000001,0
B cell,ambiguous,0.7000000000000001,0.7250000000000001,0
B cell,ambiguous,0.7250000000000001,0.75,0
B cell,ambiguous,0.75,0.775,0
B cell,ambiguous,0.775,0.8,0
B cell,ambiguous,0.8,0.8250000000000001,0
B cell,ambiguous,0.8250000000000001,0.8500000000000001,0
B cell,ambiguous,0.8500000000000001,0.875,0
B cell,ambiguous,0.875,0.9,0
B cell,ambiguous,0.9,0.925,0
B cell,ambiguous,0.925,0.9500000000000001,0
B cell,ambiguous,0.9500000000000001,0.9750000000000001,0
B cell,ambiguous,0.9750000000000001,1.0,0
NK,Endothelial,0.0,0.025,1769
NK,Endothelial,0.025,0.05,1141
NK,Endothelial,0.05,0.07500000000000001,983
NK,Endothelial,0.07500000000000001,0.1,690
NK,Endothelial,0.1,0.125,458
NK,Endothelial,0.125,0.15000000000000002,340
NK,Endothelial,0.15000000000000002,0.17500000000000002,237
NK,Endothelial,0.17500000000000002,0.2,177
NK,Endothelial,0.2,0.225,109
NK,Endothelial,0.225,0.25,91
NK,Endothelial,0.25,0.275,57
NK,Endothelial,0.275,0.30000000000000004,36
NK,Endothelial,0.30000000000000004,0.325,21
NK,Endothelial,0.325,0.35000000000000003,24
NK,Endothelial,0.35000000000000003,0.375,18
NK,Endothelial,0.375,0.4,12
NK,Endothelial,0.4,0.42500000000000004,16
NK,Endothelial,0.42500000000000004,0.45,10
NK,Endothelial,0.45,0.47500000000000003,11
NK,Endothelial,0.47500000000000003,0.5,6
NK,Endothelial,0.5,0.525,4
NK,Endothelial,0.525,0.55,3
NK,Endothelial,0.55,0.5750000000000001,2
NK,Endothelial,0.5750000000000001,0.6000000000000001,4
NK,Endothelial,0.6000000000000001,0.625,5
NK,Endothelial,0.625,0.65,3
NK,Endothelial,0.65,0.675,1
NK,Endothelial,0.675,0.7000000000000001,0
NK,Endothelial,0.7000000000000001,0.7250000000000001,2
NK,Endothelial,0.7250000000000001,0.75,2
NK,Endothelial,0.75,0.775,0
NK,Endothelial,0.775,0.8,0
NK,Endothelial,0.8,0.8250000000000001,1
NK,Endothelial,0.8250000000000001,0.8500000000000001,1
NK,Endothelial,0.8500000000000001,0.875,1
NK,Endothelial,0.875,0.9,0
NK,Endothelial,0.9,0.925,0
NK,Endothelial,0.925,0.9500000000000001,2
NK,Endothelial,0.9500000000000001,0.9750000000000001,0
NK,Endothelial,0.9750000000000001,1.0,1
NK,Fibroblast,0.0,0.025,2889
NK,Fibroblast,0.025,0.05,572
NK,Fibroblast,0.05,0.07500000000000001,394
NK,Fibroblast,0.07500000000000001,0.1,320
NK,Fibroblast,0.1,0.125,276
NK,Fibroblast,0.125,0.15000000000000002,257
NK,Fibroblast,0.15000000000000002,0.17500000000000002,210
NK,Fibroblast,0.17500000000000002,0.2,174
NK,Fibroblast,0.2,0.225,210
NK,Fibroblast,0.225,0.25,161
NK,Fibroblast,0.25,0.275,131
NK,Fibroblast,0.275,0.30000000000000004,115
NK,Fibroblast,0.30000000000000004,0.325,121
NK,Fibroblast,0.325,0.35000000000000003,91
NK,Fibroblast,0.35000000000000003,0.375,64
NK,Fibroblast,0.375,0.4,65
NK,Fibroblast,0.4,0.42500000000000004,30
NK,Fibroblast,0.42500000000000004,0.45,35
NK,Fibroblast,0.45,0.47500000000000003,26
NK,Fibroblast,0.47500000000000003,0.5,19
NK,Fibroblast,0.5,0.525,23
NK,Fibroblast,0.525,0.55,9
NK,Fibroblast,0.55,0.5750000000000001,10
NK,Fibroblast,0.5750000000000001,0.6000000000000001,7
NK,Fibroblast,0.6000000000000001,0.625,4
NK,Fibroblast,0.625,0.65,4
NK,Fibroblast,0.65,0.675,3
NK,Fibroblast,0.675,0.7000000000000001,5
NK,Fibroblast,0.7000000000000001,0.7250000000000001,3
NK,Fibroblast,0.7250000000000001,0.75,2
NK,Fibroblast,0.75,0.775,0
NK,Fibroblast,0.775,0.8,1
NK,Fibroblast,0.8,0.8250000000000001,1
NK,Fibroblast,0.8250000000000001,0.8500000000000001,0
NK,Fibroblast,0.8500000000000001,0.875,1
NK,Fibroblast,0.875,0.9,2
NK,Fibroblast,0.9,0.925,1
NK,Fibroblast,0.925,0.9500000000000001,1
NK,Fibroblast,0.9500000000000001,0.9750000000000001,0
NK,Fibroblast,0.9750000000000001,1.0,1
NK,Macrophage,0.0,0.025,2461
NK,Macrophage,0.025,0.05,837
NK,Macrophage,0.05,0.07500000000000001,724
NK,Macrophage,0.07500000000000001,0.1,478
NK,Macrophage,0.1,0.125,418
NK,Macrophage,0.125,0.15000000000000002,291
NK,Macrophage,0.15000000000000002,0.17500000000000002,237
NK,Macrophage,0.17500000000000002,0.2,163
NK,Macrophage,0.2,0.225,138
NK,Macrophage,0.225,0.25,88
NK,Macrophage,0.25,0.275,75
NK,Macrophage,0.275,0.30000000000000004,61
NK,Macrophage,0.30000000000000004,0.325,58
NK,Macrophage,0.325,0.35000000000000003,36
NK,Macrophage,0.35000000000000003,0.375,37
NK,Macrophage,0.375,0.4,34
NK,Macrophage,0.4,0.42500000000000004,22
NK,Macrophage,0.42500000000000004,0.45,22
NK,Macrophage,0.45,0.47500000000000003,15
NK,Macrophage,0.47500000000000003,0.5,6
NK,Macrophage,0.5,0.525,12
NK,Macrophage,0.525,0.55,4
NK,Macrophage,0.55,0.5750000000000001,7
NK,Macrophage,0.5750000000000001,0.6000000000000001,3
NK,Macrophage,0.6000000000000001,0.625,3
NK,Macrophage,0.625,0.65,5
NK,Macrophage,0.65,0.675,0
NK,Macrophage,0.675,0.7000000000000001,0
NK,Macrophage,0.7000000000000001,0.7250000000000001,2
NK,Macrophage,0.7250000000000001,0.75,0
NK,Macrophage,0.75,0.775,0
NK,Macrophage,0.775,0.8,0
NK,Macrophage,0.8,0.8250000000000001,1
NK,Macrophage,0.8250000000000001,0.8500000000000001,0
NK,Macrophage,0.8500000000000001,0.875,0
NK,Macrophage,0.875,0.9,0
NK,Macrophage,0.9,0.925,0
NK,Macrophage,0.925,0.9500000000000001,0
NK,Macrophage,0.9500000000000001,0.9750000000000001,0
NK,Macrophage,0.9750000000000001,1.0,0
NK,CD8 T,0.0,0.025,5010
NK,CD8 T,0.025,0.05,535
NK,CD8 T,0.05,0.07500000000000001,322
NK,CD8 T,0.07500000000000001,0.1,148
NK,CD8 T,0.1,0.125,77
NK,CD8 T,0.125,0.15000000000000002,40
NK,CD8 T,0.15000000000000002,0.17500000000000002,28
NK,CD8 T,0.17500000000000002,0.2,25
NK,CD8 T,0.2,0.225,9
NK,CD8 T,0.225,0.25,11
NK,CD8 T,0.25,0.275,8
NK,CD8 T,0.275,0.30000000000000004,3
NK,CD8 T,0.30000000000000004,0.325,5
NK,CD8 T,0.325,0.35000000000000003,3
NK,CD8 T,0.35000000000000003,0.375,5
NK,CD8 T,0.375,0.4,2
NK,CD8 T,0.4,0.42500000000000004,1
NK,CD8 T,0.42500000000000004,0.45,2
NK,CD8 T,0.45,0.47500000000000003,2
NK,CD8 T,0.47500000000000003,0.5,0
NK,CD8 T,0.5,0.525,1
NK,CD8 T,0.525,0.55,1
NK,CD8 T,0.55,0.5750000000000001,0
NK,CD8 T,0.5750000000000001,0.6000000000000001,0
NK,CD8 T,0.6000000000000001,0.625,0
NK,CD8 T,0.625,0.65,0
NK,CD8 T,0.65,0.675,0
NK,CD8 T,0.675,0.7000000000000001,0
NK,CD8 T,0.7000000000000001,0.7250000000000001,0
NK,CD8 T,0.7250000000000001,0.75,0
NK,CD8 T,0.75,0.775,0
NK,CD8 T,0.775,0.8,0
NK,CD8 T,0.8,0.8250000000000001,0
NK,CD8 T,0.8250000000000001,0.8500000000000001,0
NK,CD8 T,0.8500000000000001,0.875,0
NK,CD8 T,0.875,0.9,0
NK,CD8 T,0.9,0.925,0
NK,CD8 T,0.925,0.9500000000000001,0
NK,CD8 T,0.9500000000000001,0.9750000000000001,0
NK,CD8 T,0.9750000000000001,1.0,0
NK,CD4 T,0.0,0.025,5321
NK,CD4 T,0.025,0.05,470
NK,CD4 T,0.05,0.07500000000000001,228
NK,CD4 T,0.07500000000000001,0.1,110
NK,CD4 T,0.1,0.125,41
NK,CD4 T,0.125,0.15000000000000002,24
NK,CD4 T,0.15000000000000002,0.17500000000000002,17
NK,CD4 T,0.17500000000000002,0.2,4
NK,CD4 T,0.2,0.225,11
NK,CD4 T,0.225,0.25,8
NK,CD4 T,0.25,0.275,1
NK,CD4 T,0.275,0.30000000000000004,2
NK,CD4 T,0.30000000000000004,0.325,0
NK,CD4 T,0.325,0.35000000000000003,0
NK,CD4 T,0.35000000000000003,0.375,0
NK,CD4 T,0.375,0.4,1
NK,CD4 T,0.4,0.42500000000000004,0
NK,CD4 T,0.42500000000000004,0.45,0
NK,CD4 T,0.45,0.47500000000000003,0
NK,CD4 T,0.47500000000000003,0.5,0
NK,CD4 T,0.5,0.525,0
NK,CD4 T,0.525,0.55,0
NK,CD4 T,0.55,0.5750000000000001,0
NK,CD4 T,0.5750000000000001,0.6000000000000001,0
NK,CD4 T,0.6000000000000001,0.625,0
NK,CD4 T,0.625,0.65,0
NK,CD4 T,0.65,0.675,0
NK,CD4 T,0.675,0.7000000000000001,0
NK,CD4 T,0.7000000000000001,0.7250000000000001,0
NK,CD4 T,0.7250000000000001,0.75,0
NK,CD4 T,0.75,0.775,0
NK,CD4 T,0.775,0.8,0
NK,CD4 T,0.8,0.8250000000000001,0
NK,CD4 T,0.8250000000000001,0.8500000000000001,0
NK,CD4 T,0.8500000000000001,0.875,0
NK,CD4 T,0.875,0.9,0
NK,CD4 T,0.9,0.925,0
NK,CD4 T,0.925,0.9500000000000001,0
NK,CD4 T,0.9500000000000001,0.9750000000000001,0
NK,CD4 T,0.9750000000000001,1.0,0
NK,Treg,0.0,0.025,5946
NK,Treg,0.025,0.05,139
NK,Treg,0.05,0.07500000000000001,72
NK,Treg,0.07500000000000001,0.1,27
NK,Treg,0.1,0.125,14
NK,Treg,0.125,0.15000000000000002,16
NK,Treg,0.15000000000000002,0.17500000000000002,3
NK,Treg,0.17500000000000002,0.2,4
NK,Treg,0.2,0.225,1
NK,Treg,0.225,0.25,1
NK,Treg,0.25,0.275,3
NK,Treg,0.275,0.30000000000000004,0
NK,Treg,0.30000000000000004,0.325,1
NK,Treg,0.325,0.35000000000000003,2
NK,Treg,0.35000000000000003,0.375,2
NK,Treg,0.375,0.4,0
NK,Treg,0.4,0.42500000000000004,1
NK,Treg,0.42500000000000004,0.45,0
NK,Treg,0.45,0.47500000000000003,0
NK,Treg,0.47500000000000003,0.5,1
NK,Treg,0.5,0.525,2
NK,Treg,0.525,0.55,1
NK,Treg,0.55,0.5750000000000001,0
NK,Treg,0.5750000000000001,0.6000000000000001,1
NK,Treg,0.6000000000000001,0.625,0
NK,Treg,0.625,0.65,0
NK,Treg,0.65,0.675,0
NK,Treg,0.675,0.7000000000000001,0
NK,Treg,0.7000000000000001,0.7250000000000001,0
NK,Treg,0.7250000000000001,0.75,0
NK,Treg,0.75,0.775,1
NK,Treg,0.775,0.8,0
NK,Treg,0.8,0.8250000000000001,0
NK,Treg,0.8250000000000001,0.8500000000000001,0
NK,Treg,0.8500000000000001,0.875,0
NK,Treg,0.875,0.9,0
NK,Treg,0.9,0.925,0
NK,Treg,0.925,0.9500000000000001,0
NK,Treg,0.9500000000000001,0.9750000000000001,0
NK,Treg,0.9750000000000001,1.0,0
NK,B cell,0.0,0.025,5688
NK,B cell,0.025,0.05,275
NK,B cell,0.05,0.07500000000000001,144
NK,B cell,0.07500000000000001,0.1,76
NK,B cell,0.1,0.125,31
NK,B cell,0.125,0.15000000000000002,11
NK,B cell,0.15000000000000002,0.17500000000000002,4
NK,B cell,0.17500000000000002,0.2,3
NK,B cell,0.2,0.225,3
NK,B cell,0.225,0.25,1
NK,B cell,0.25,0.275,2
NK,B cell,0.275,0.30000000000000004,0
NK,B cell,0.30000000000000004,0.325,0
NK,B cell,0.325,0.35000000000000003,0
NK,B cell,0.35000000000000003,0.375,0
NK,B cell,0.375,0.4,0
NK,B cell,0.4,0.42500000000000004,0
NK,B cell,0.42500000000000004,0.45,0
NK,B cell,0.45,0.47500000000000003,0
NK,B cell,0.47500000000000003,0.5,0
NK,B cell,0.5,0.525,0
NK,B cell,0.525,0.55,0
NK,B cell,0.55,0.5750000000000001,0
NK,B cell,0.5750000000000001,0.6000000000000001,0
NK,B cell,0.6000000000000001,0.625,0
NK,B cell,0.625,0.65,0
NK,B cell,0.65,0.675,0
NK,B cell,0.675,0.7000000000000001,0
NK,B cell,0.7000000000000001,0.7250000000000001,0
NK,B cell,0.7250000000000001,0.75,0
NK,B cell,0.75,0.775,0
NK,B cell,0.775,0.8,0
NK,B cell,0.8,0.8250000000000001,0
NK,B cell,0.8250000000000001,0.8500000000000001,0
NK,B cell,0.8500000000000001,0.875,0
NK,B cell,0.875,0.9,0
NK,B cell,0.9,0.925,0
NK,B cell,0.925,0.9500000000000001,0
NK,B cell,0.9500000000000001,0.9750000000000001,0
NK,B cell,0.9750000000000001,1.0,0
NK,NK,0.0,0.025,4094
NK,NK,0.025,0.05,776
NK,NK,0.05,0.07500000000000001,563
NK,NK,0.07500000000000001,0.1,373
NK,NK,0.1,0.125,183
NK,NK,0.125,0.15000000000000002,91
NK,NK,0.15000000000000002,0.17500000000000002,58
NK,NK,0.17500000000000002,0.2,33
NK,NK,0.2,0.225,12
NK,NK,0.225,0.25,11
NK,NK,0.25,0.275,13
NK,NK,0.275,0.30000000000000004,3
NK,NK,0.30000000000000004,0.325,8
NK,NK,0.325,0.35000000000000003,5
NK,NK,0.35000000000000003,0.375,1
NK,NK,0.375,0.4,3
NK,NK,0.4,0.42500000000000004,2
NK,NK,0.42500000000000004,0.45,2
NK,NK,0.45,0.47500000000000003,3
NK,NK,0.47500000000000003,0.5,0
NK,NK,0.5,0.525,0
NK,NK,0.525,0.55,1
NK,NK,0.55,0.5750000000000001,2
NK,NK,0.5750000000000001,0.6000000000000001,0
NK,NK,0.6000000000000001,0.625,1
NK,NK,0.625,0.65,0
NK,NK,0.65,0.675,0
NK,NK,0.675,0.7000000000000001,0
NK,NK,0.7000000000000001,0.7250000000000001,0
NK,NK,0.7250000000000001,0.75,0
NK,NK,0.75,0.775,0
NK,NK,0.775,0.8,0
NK,NK,0.8,0.8250000000000001,0
NK,NK,0.8250000000000001,0.8500000000000001,0
NK,NK,0.8500000000000001,0.875,0
NK,NK,0.875,0.9,0
NK,NK,0.9,0.925,0
NK,NK,0.925,0.9500000000000001,0
NK,NK,0.9500000000000001,0.9750000000000001,0
NK,NK,0.9750000000000001,1.0,0
NK,Monocyte,0.0,0.025,3801
NK,Monocyte,0.025,0.05,896
NK,Monocyte,0.05,0.07500000000000001,599
NK,Monocyte,0.07500000000000001,0.1,337
NK,Monocyte,0.1,0.125,215
NK,Monocyte,0.125,0.15000000000000002,140
NK,Monocyte,0.15000000000000002,0.17500000000000002,83
NK,Monocyte,0.17500000000000002,0.2,57
NK,Monocyte,0.2,0.225,27
NK,Monocyte,0.225,0.25,21
NK,Monocyte,0.25,0.275,18
NK,Monocyte,0.275,0.30000000000000004,15
NK,Monocyte,0.30000000000000004,0.325,8
NK,Monocyte,0.325,0.35000000000000003,5
NK,Monocyte,0.35000000000000003,0.375,3
NK,Monocyte,0.375,0.4,2
NK,Monocyte,0.4,0.42500000000000004,2
NK,Monocyte,0.42500000000000004,0.45,1
NK,Monocyte,0.45,0.47500000000000003,3
NK,Monocyte,0.47500000000000003,0.5,2
NK,Monocyte,0.5,0.525,1
NK,Monocyte,0.525,0.55,1
NK,Monocyte,0.55,0.5750000000000001,0
NK,Monocyte,0.5750000000000001,0.6000000000000001,0
NK,Monocyte,0.6000000000000001,0.625,0
NK,Monocyte,0.625,0.65,0
NK,Monocyte,0.65,0.675,0
NK,Monocyte,0.675,0.7000000000000001,1
NK,Monocyte,0.7000000000000001,0.7250000000000001,0
NK,Monocyte,0.7250000000000001,0.75,0
NK,Monocyte,0.75,0.775,0
NK,Monocyte,0.775,0.8,0
NK,Monocyte,0.8,0.8250000000000001,0
NK,Monocyte,0.8250000000000001,0.8500000000000001,0
NK,Monocyte,0.8500000000000001,0.875,0
NK,Monocyte,0.875,0.9,0
NK,Monocyte,0.9,0.925,0
NK,Monocyte,0.925,0.9500000000000001,0
NK,Monocyte,0.9500000000000001,0.9750000000000001,0
NK,Monocyte,0.9750000000000001,1.0,0
NK,DC,0.0,0.025,5796
NK,DC,0.025,0.05,295
NK,DC,0.05,0.07500000000000001,86
NK,DC,0.07500000000000001,0.1,38
NK,DC,0.1,0.125,15
NK,DC,0.125,0.15000000000000002,6
NK,DC,0.15000000000000002,0.17500000000000002,2
NK,DC,0.17500000000000002,0.2,0
NK,DC,0.2,0.225,0
NK,DC,0.225,0.25,0
NK,DC,0.25,0.275,0
NK,DC,0.275,0.30000000000000004,0
NK,DC,0.30000000000000004,0.325,0
NK,DC,0.325,0.35000000000000003,0
NK,DC,0.35000000000000003,0.375,0
NK,DC,0.375,0.4,0
NK,DC,0.4,0.42500000000000004,0
NK,DC,0.42500000000000004,0.45,0
NK,DC,0.45,0.47500000000000003,0
NK,DC,0.47500000000000003,0.5,0
NK,DC,0.5,0.525,0
NK,DC,0.525,0.55,0
NK,DC,0.55,0.5750000000000001,0
NK,DC,0.5750000000000001,0.6000000000000001,0
NK,DC,0.6000000000000001,0.625,0
NK,DC,0.625,0.65,0
NK,DC,0.65,0.675,0
NK,DC,0.675,0.7000000000000001,0
NK,DC,0.7000000000000001,0.7250000000000001,0
NK,DC,0.7250000000000001,0.75,0
NK,DC,0.75,0.775,0
NK,DC,0.775,0.8,0
NK,DC,0.8,0.8250000000000001,0
NK,DC,0.8250000000000001,0.8500000000000001,0
NK,DC,0.8500000000000001,0.875,0
NK,DC,0.875,0.9,0
NK,DC,0.9,0.925,0
NK,DC,0.925,0.9500000000000001,0
NK,DC,0.9500000000000001,0.9750000000000001,0
NK,DC,0.9750000000000001,1.0,0
NK,Myeloid (other),0.0,0.025,5435
NK,Myeloid (other),0.025,0.05,456
NK,Myeloid (other),0.05,0.07500000000000001,199
NK,Myeloid (other),0.07500000000000001,0.1,78
NK,Myeloid (other),0.1,0.125,39
NK,Myeloid (other),0.125,0.15000000000000002,11
NK,Myeloid (other),0.15000000000000002,0.17500000000000002,9
NK,Myeloid (other),0.17500000000000002,0.2,5
NK,Myeloid (other),0.2,0.225,3
NK,Myeloid (other),0.225,0.25,1
NK,Myeloid (other),0.25,0.275,0
NK,Myeloid (other),0.275,0.30000000000000004,2
NK,Myeloid (other),0.30000000000000004,0.325,0
NK,Myeloid (other),0.325,0.35000000000000003,0
NK,Myeloid (other),0.35000000000000003,0.375,0
NK,Myeloid (other),0.375,0.4,0
NK,Myeloid (other),0.4,0.42500000000000004,0
NK,Myeloid (other),0.42500000000000004,0.45,0
NK,Myeloid (other),0.45,0.47500000000000003,0
NK,Myeloid (other),0.47500000000000003,0.5,0
NK,Myeloid (other),0.5,0.525,0
NK,Myeloid (other),0.525,0.55,0
NK,Myeloid (other),0.55,0.5750000000000001,0
NK,Myeloid (other),0.5750000000000001,0.6000000000000001,0
NK,Myeloid (other),0.6000000000000001,0.625,0
NK,Myeloid (other),0.625,0.65,0
NK,Myeloid (other),0.65,0.675,0
NK,Myeloid (other),0.675,0.7000000000000001,0
NK,Myeloid (other),0.7000000000000001,0.7250000000000001,0
NK,Myeloid (other),0.7250000000000001,0.75,0
NK,Myeloid (other),0.75,0.775,0
NK,Myeloid (other),0.775,0.8,0
NK,Myeloid (other),0.8,0.8250000000000001,0
NK,Myeloid (other),0.8250000000000001,0.8500000000000001,0
NK,Myeloid (other),0.8500000000000001,0.875,0
NK,Myeloid (other),0.875,0.9,0
NK,Myeloid (other),0.9,0.925,0
NK,Myeloid (other),0.925,0.9500000000000001,0
NK,Myeloid (other),0.9500000000000001,0.9750000000000001,0
NK,Myeloid (other),0.9750000000000001,1.0,0
NK,Parenchyma,0.0,0.025,102
NK,Parenchyma,0.025,0.05,20
NK,Parenchyma,0.05,0.07500000000000001,17
NK,Parenchyma,0.07500000000000001,0.1,23
NK,Parenchyma,0.1,0.125,19
NK,Parenchyma,0.125,0.15000000000000002,34
NK,Parenchyma,0.15000000000000002,0.17500000000000002,25
NK,Parenchyma,0.17500000000000002,0.2,36
NK,Parenchyma,0.2,0.225,45
NK,Parenchyma,0.225,0.25,47
NK,Parenchyma,0.25,0.275,55
NK,Parenchyma,0.275,0.30000000000000004,81
NK,Parenchyma,0.30000000000000004,0.325,66
NK,Parenchyma,0.325,0.35000000000000003,80
NK,Parenchyma,0.35000000000000003,0.375,110
NK,Parenchyma,0.375,0.4,123
NK,Parenchyma,0.4,0.42500000000000004,145
NK,Parenchyma,0.42500000000000004,0.45,129
NK,Parenchyma,0.45,0.47500000000000003,173
NK,Parenchyma,0.47500000000000003,0.5,168
NK,Parenchyma,0.5,0.525,208
NK,Parenchyma,0.525,0.55,194
NK,Parenchyma,0.55,0.5750000000000001,253
NK,Parenchyma,0.5750000000000001,0.6000000000000001,267
NK,Parenchyma,0.6000000000000001,0.625,291
NK,Parenchyma,0.625,0.65,282
NK,Parenchyma,0.65,0.675,321
NK,Parenchyma,0.675,0.7000000000000001,334
NK,Parenchyma,0.7000000000000001,0.7250000000000001,286
NK,Parenchyma,0.7250000000000001,0.75,316
NK,Parenchyma,0.75,0.775,338
NK,Parenchyma,0.775,0.8,290
NK,Parenchyma,0.8,0.8250000000000001,310
NK,Parenchyma,0.8250000000000001,0.8500000000000001,256
NK,Parenchyma,0.8500000000000001,0.875,250
NK,Parenchyma,0.875,0.9,210
NK,Parenchyma,0.9,0.925,129
NK,Parenchyma,0.925,0.9500000000000001,98
NK,Parenchyma,0.9500000000000001,0.9750000000000001,64
NK,Parenchyma,0.9750000000000001,1.0,43
NK,ambiguous,0.0,0.025,5409
NK,ambiguous,0.025,0.05,334
NK,ambiguous,0.05,0.07500000000000001,194
NK,ambiguous,0.07500000000000001,0.1,101
NK,ambiguous,0.1,0.125,75
NK,ambiguous,0.125,0.15000000000000002,50
NK,ambiguous,0.15000000000000002,0.17500000000000002,32
NK,ambiguous,0.17500000000000002,0.2,18
NK,ambiguous,0.2,0.225,12
NK,ambiguous,0.225,0.25,5
NK,ambiguous,0.25,0.275,2
NK,ambiguous,0.275,0.30000000000000004,3
NK,ambiguous,0.30000000000000004,0.325,2
NK,ambiguous,0.325,0.35000000000000003,1
NK,ambiguous,0.35000000000000003,0.375,0
NK,ambiguous,0.375,0.4,0
NK,ambiguous,0.4,0.42500000000000004,0
NK,ambiguous,0.42500000000000004,0.45,0
NK,ambiguous,0.45,0.47500000000000003,0
NK,ambiguous,0.47500000000000003,0.5,0
NK,ambiguous,0.5,0.525,0
NK,ambiguous,0.525,0.55,0
NK,ambiguous,0.55,0.5750000000000001,0
NK,ambiguous,0.5750000000000001,0.6000000000000001,0
NK,ambiguous,0.6000000000000001,0.625,0
NK,ambiguous,0.625,0.65,0
NK,ambiguous,0.65,0.675,0
NK,ambiguous,0.675,0.7000000000000001,0
NK,ambiguous,0.7000000000000001,0.7250000000000001,0
NK,ambiguous,0.7250000000000001,0.75,0
NK,ambiguous,0.75,0.775,0
NK,ambiguous,0.775,0.8,0
NK,ambiguous,0.8,0.8250000000000001,0
NK,ambiguous,0.8250000000000001,0.8500000000000001,0
NK,ambiguous,0.8500000000000001,0.875,0
NK,ambiguous,0.875,0.9,0
NK,ambiguous,0.9,0.925,0
NK,ambiguous,0.925,0.9500000000000001,0
NK,ambiguous,0.9500000000000001,0.9750000000000001,0
NK,ambiguous,0.9750000000000001,1.0,0
Monocyte,Endothelial,0.0,0.025,7687
Monocyte,Endothelial,0.025,0.05,5328
Monocyte,Endothelial,0.05,0.07500000000000001,4179
Monocyte,Endothelial,0.07500000000000001,0.1,2694
Monocyte,Endothelial,0.1,0.125,1769
Monocyte,Endothelial,0.125,0.15000000000000002,1089
Monocyte,Endothelial,0.15000000000000002,0.17500000000000002,703
Monocyte,Endothelial,0.17500000000000002,0.2,458
Monocyte,Endothelial,0.2,0.225,315
Monocyte,Endothelial,0.225,0.25,207
Monocyte,Endothelial,0.25,0.275,146
Monocyte,Endothelial,0.275,0.30000000000000004,86
Monocyte,Endothelial,0.30000000000000004,0.325,87
Monocyte,Endothelial,0.325,0.35000000000000003,65
Monocyte,Endothelial,0.35000000000000003,0.375,46
Monocyte,Endothelial,0.375,0.4,24
Monocyte,Endothelial,0.4,0.42500000000000004,24
Monocyte,Endothelial,0.42500000000000004,0.45,14
Monocyte,Endothelial,0.45,0.47500000000000003,20
Monocyte,Endothelial,0.47500000000000003,0.5,16
Monocyte,Endothelial,0.5,0.525,13
Monocyte,Endothelial,0.525,0.55,11
Monocyte,Endothelial,0.55,0.5750000000000001,7
Monocyte,Endothelial,0.5750000000000001,0.6000000000000001,6
Monocyte,Endothelial,0.6000000000000001,0.625,4
Monocyte,Endothelial,0.625,0.65,8
Monocyte,Endothelial,0.65,0.675,2
Monocyte,Endothelial,0.675,0.7000000000000001,1
Monocyte,Endothelial,0.7000000000000001,0.7250000000000001,3
Monocyte,Endothelial,0.7250000000000001,0.75,1
Monocyte,Endothelial,0.75,0.775,0
Monocyte,Endothelial,0.775,0.8,0
Monocyte,Endothelial,0.8,0.8250000000000001,1
Monocyte,Endothelial,0.8250000000000001,0.8500000000000001,1
Monocyte,Endothelial,0.8500000000000001,0.875,2
Monocyte,Endothelial,0.875,0.9,1
Monocyte,Endothelial,0.9,0.925,0
Monocyte,Endothelial,0.925,0.9500000000000001,0
Monocyte,Endothelial,0.9500000000000001,0.9750000000000001,0
Monocyte,Endothelial,0.9750000000000001,1.0,0
Monocyte,Fibroblast,0.0,0.025,11438
Monocyte,Fibroblast,0.025,0.05,2484
Monocyte,Fibroblast,0.05,0.07500000000000001,1623
Monocyte,Fibroblast,0.07500000000000001,0.1,1305
Monocyte,Fibroblast,0.1,0.125,1169
Monocyte,Fibroblast,0.125,0.15000000000000002,1077
Monocyte,Fibroblast,0.15000000000000002,0.17500000000000002,962
Monocyte,Fibroblast,0.17500000000000002,0.2,839
Monocyte,Fibroblast,0.2,0.225,791
Monocyte,Fibroblast,0.225,0.25,634
Monocyte,Fibroblast,0.25,0.275,555
Monocyte,Fibroblast,0.275,0.30000000000000004,458
Monocyte,Fibroblast,0.30000000000000004,0.325,381
Monocyte,Fibroblast,0.325,0.35000000000000003,274
Monocyte,Fibroblast,0.35000000000000003,0.375,238
Monocyte,Fibroblast,0.375,0.4,202
Monocyte,Fibroblast,0.4,0.42500000000000004,122
Monocyte,Fibroblast,0.42500000000000004,0.45,93
Monocyte,Fibroblast,0.45,0.47500000000000003,82
Monocyte,Fibroblast,0.47500000000000003,0.5,63
Monocyte,Fibroblast,0.5,0.525,45
Monocyte,Fibroblast,0.525,0.55,38
Monocyte,Fibroblast,0.55,0.5750000000000001,31
Monocyte,Fibroblast,0.5750000000000001,0.6000000000000001,28
Monocyte,Fibroblast,0.6000000000000001,0.625,8
Monocyte,Fibroblast,0.625,0.65,16
Monocyte,Fibroblast,0.65,0.675,9
Monocyte,Fibroblast,0.675,0.7000000000000001,10
Monocyte,Fibroblast,0.7000000000000001,0.7250000000000001,4
Monocyte,Fibroblast,0.7250000000000001,0.75,8
Monocyte,Fibroblast,0.75,0.775,6
Monocyte,Fibroblast,0.775,0.8,2
Monocyte,Fibroblast,0.8,0.8250000000000001,4
Monocyte,Fibroblast,0.8250000000000001,0.8500000000000001,1
Monocyte,Fibroblast,0.8500000000000001,0.875,3
Monocyte,Fibroblast,0.875,0.9,6
Monocyte,Fibroblast,0.9,0.925,1
Monocyte,Fibroblast,0.925,0.9500000000000001,1
Monocyte,Fibroblast,0.9500000000000001,0.9750000000000001,6
Monocyte,Fibroblast,0.9750000000000001,1.0,1
Monocyte,Macrophage,0.0,0.025,11387
Monocyte,Macrophage,0.025,0.05,3395
Monocyte,Macrophage,0.05,0.07500000000000001,2886
Monocyte,Macrophage,0.07500000000000001,0.1,2048
Monocyte,Macrophage,0.1,0.125,1472
Monocyte,Macrophage,0.125,0.15000000000000002,1042
Monocyte,Macrophage,0.15000000000000002,0.17500000000000002,788
Monocyte,Macrophage,0.17500000000000002,0.2,536
Monocyte,Macrophage,0.2,0.225,406
Monocyte,Macrophage,0.225,0.25,289
Monocyte,Macrophage,0.25,0.275,214
Monocyte,Macrophage,0.275,0.30000000000000004,159
Monocyte,Macrophage,0.30000000000000004,0.325,114
Monocyte,Macrophage,0.325,0.35000000000000003,83
Monocyte,Macrophage,0.35000000000000003,0.375,70
Monocyte,Macrophage,0.375,0.4,34
Monocyte,Macrophage,0.4,0.42500000000000004,39
Monocyte,Macrophage,0.42500000000000004,0.45,21
Monocyte,Macrophage,0.45,0.47500000000000003,9
Monocyte,Macrophage,0.47500000000000003,0.5,10
Monocyte,Macrophage,0.5,0.525,4
Monocyte,Macrophage,0.525,0.55,7
Monocyte,Macrophage,0.55,0.5750000000000001,1
Monocyte,Macrophage,0.5750000000000001,0.6000000000000001,1
Monocyte,Macrophage,0.6000000000000001,0.625,2
Monocyte,Macrophage,0.625,0.65,0
Monocyte,Macrophage,0.65,0.675,0
Monocyte,Macrophage,0.675,0.7000000000000001,0
Monocyte,Macrophage,0.7000000000000001,0.7250000000000001,1
Monocyte,Macrophage,0.7250000000000001,0.75,0
Monocyte,Macrophage,0.75,0.775,0
Monocyte,Macrophage,0.775,0.8,0
Monocyte,Macrophage,0.8,0.8250000000000001,0
Monocyte,Macrophage,0.8250000000000001,0.8500000000000001,0
Monocyte,Macrophage,0.8500000000000001,0.875,0
Monocyte,Macrophage,0.875,0.9,0
Monocyte,Macrophage,0.9,0.925,0
Monocyte,Macrophage,0.925,0.9500000000000001,0
Monocyte,Macrophage,0.9500000000000001,0.9750000000000001,0
Monocyte,Macrophage,0.9750000000000001,1.0,0
Monocyte,CD8 T,0.0,0.025,20754
Monocyte,CD8 T,0.025,0.05,2193
Monocyte,CD8 T,0.05,0.07500000000000001,1047
Monocyte,CD8 T,0.07500000000000001,0.1,478
Monocyte,CD8 T,0.1,0.125,232
Monocyte,CD8 T,0.125,0.15000000000000002,92
Monocyte,CD8 T,0.15000000000000002,0.17500000000000002,73
Monocyte,CD8 T,0.17500000000000002,0.2,37
Monocyte,CD8 T,0.2,0.225,31
Monocyte,CD8 T,0.225,0.25,18
Monocyte,CD8 T,0.25,0.275,13
Monocyte,CD8 T,0.275,0.30000000000000004,15
Monocyte,CD8 T,0.30000000000000004,0.325,6
Monocyte,CD8 T,0.325,0.35000000000000003,9
Monocyte,CD8 T,0.35000000000000003,0.375,5
Monocyte,CD8 T,0.375,0.4,2
Monocyte,CD8 T,0.4,0.42500000000000004,4
Monocyte,CD8 T,0.42500000000000004,0.45,4
Monocyte,CD8 T,0.45,0.47500000000000003,1
Monocyte,CD8 T,0.47500000000000003,0.5,1
Monocyte,CD8 T,0.5,0.525,0
Monocyte,CD8 T,0.525,0.55,1
Monocyte,CD8 T,0.55,0.5750000000000001,0
Monocyte,CD8 T,0.5750000000000001,0.6000000000000001,2
Monocyte,CD8 T,0.6000000000000001,0.625,0
Monocyte,CD8 T,0.625,0.65,0
Monocyte,CD8 T,0.65,0.675,0
Monocyte,CD8 T,0.675,0.7000000000000001,0
Monocyte,CD8 T,0.7000000000000001,0.7250000000000001,0
Monocyte,CD8 T,0.7250000000000001,0.75,0
Monocyte,CD8 T,0.75,0.775,0
Monocyte,CD8 T,0.775,0.8,0
Monocyte,CD8 T,0.8,0.8250000000000001,0
Monocyte,CD8 T,0.8250000000000001,0.8500000000000001,0
Monocyte,CD8 T,0.8500000000000001,0.875,0
Monocyte,CD8 T,0.875,0.9,0
Monocyte,CD8 T,0.9,0.925,0
Monocyte,CD8 T,0.925,0.9500000000000001,0
Monocyte,CD8 T,0.9500000000000001,0.9750000000000001,0
Monocyte,CD8 T,0.9750000000000001,1.0,0
Monocyte,CD4 T,0.0,0.025,21729
Monocyte,CD4 T,0.025,0.05,1738
Monocyte,CD4 T,0.05,0.07500000000000001,794
Monocyte,CD4 T,0.07500000000000001,0.1,331
Monocyte,CD4 T,0.1,0.125,194
Monocyte,CD4 T,0.125,0.15000000000000002,95
Monocyte,CD4 T,0.15000000000000002,0.17500000000000002,47
Monocyte,CD4 T,0.17500000000000002,0.2,36
Monocyte,CD4 T,0.2,0.225,12
Monocyte,CD4 T,0.225,0.25,16
Monocyte,CD4 T,0.25,0.275,8
Monocyte,CD4 T,0.275,0.30000000000000004,3
Monocyte,CD4 T,0.30000000000000004,0.325,5
Monocyte,CD4 T,0.325,0.35000000000000003,3
Monocyte,CD4 T,0.35000000000000003,0.375,1
Monocyte,CD4 T,0.375,0.4,2
Monocyte,CD4 T,0.4,0.42500000000000004,0
Monocyte,CD4 T,0.42500000000000004,0.45,2
Monocyte,CD4 T,0.45,0.47500000000000003,1
Monocyte,CD4 T,0.47500000000000003,0.5,0
Monocyte,CD4 T,0.5,0.525,0
Monocyte,CD4 T,0.525,0.55,0
Monocyte,CD4 T,0.55,0.5750000000000001,0
Monocyte,CD4 T,0.5750000000000001,0.6000000000000001,0
Monocyte,CD4 T,0.6000000000000001,0.625,0
Monocyte,CD4 T,0.625,0.65,0
Monocyte,CD4 T,0.65,0.675,1
Monocyte,CD4 T,0.675,0.7000000000000001,0
Monocyte,CD4 T,0.7000000000000001,0.7250000000000001,0
Monocyte,CD4 T,0.7250000000000001,0.75,0
Monocyte,CD4 T,0.75,0.775,0
Monocyte,CD4 T,0.775,0.8,0
Monocyte,CD4 T,0.8,0.8250000000000001,0
Monocyte,CD4 T,0.8250000000000001,0.8500000000000001,0
Monocyte,CD4 T,0.8500000000000001,0.875,0
Monocyte,CD4 T,0.875,0.9,0
Monocyte,CD4 T,0.9,0.925,0
Monocyte,CD4 T,0.925,0.9500000000000001,0
Monocyte,CD4 T,0.9500000000000001,0.9750000000000001,0
Monocyte,CD4 T,0.9750000000000001,1.0,0
Monocyte,Treg,0.0,0.025,23784
Monocyte,Treg,0.025,0.05,591
Monocyte,Treg,0.05,0.07500000000000001,304
Monocyte,Treg,0.07500000000000001,0.1,122
Monocyte,Treg,0.1,0.125,71
Monocyte,Treg,0.125,0.15000000000000002,42
Monocyte,Treg,0.15000000000000002,0.17500000000000002,24
Monocyte,Treg,0.17500000000000002,0.2,21
Monocyte,Treg,0.2,0.225,15
Monocyte,Treg,0.225,0.25,9
Monocyte,Treg,0.25,0.275,10
Monocyte,Treg,0.275,0.30000000000000004,3
Monocyte,Treg,0.30000000000000004,0.325,7
Monocyte,Treg,0.325,0.35000000000000003,2
Monocyte,Treg,0.35000000000000003,0.375,4
Monocyte,Treg,0.375,0.4,2
Monocyte,Treg,0.4,0.42500000000000004,1
Monocyte,Treg,0.42500000000000004,0.45,1
Monocyte,Treg,0.45,0.47500000000000003,2
Monocyte,Treg,0.47500000000000003,0.5,1
Monocyte,Treg,0.5,0.525,0
Monocyte,Treg,0.525,0.55,1
Monocyte,Treg,0.55,0.5750000000000001,0
Monocyte,Treg,0.5750000000000001,0.6000000000000001,0
Monocyte,Treg,0.6000000000000001,0.625,0
Monocyte,Treg,0.625,0.65,0
Monocyte,Treg,0.65,0.675,0
Monocyte,Treg,0.675,0.7000000000000001,0
Monocyte,Treg,0.7000000000000001,0.7250000000000001,1
Monocyte,Treg,0.7250000000000001,0.75,0
Monocyte,Treg,0.75,0.775,0
Monocyte,Treg,0.775,0.8,0
Monocyte,Treg,0.8,0.8250000000000001,0
Monocyte,Treg,0.8250000000000001,0.8500000000000001,0
Monocyte,Treg,0.8500000000000001,0.875,0
Monocyte,Treg,0.875,0.9,0
Monocyte,Treg,0.9,0.925,0
Monocyte,Treg,0.925,0.9500000000000001,0
Monocyte,Treg,0.9500000000000001,0.9750000000000001,0
Monocyte,Treg,0.9750000000000001,1.0,0
Monocyte,B cell,0.0,0.025,22343
Monocyte,B cell,0.025,0.05,1289
Monocyte,B cell,0.05,0.07500000000000001,609
Monocyte,B cell,0.07500000000000001,0.1,277
Monocyte,B cell,0.1,0.125,157
Monocyte,B cell,0.125,0.15000000000000002,96
Monocyte,B cell,0.15000000000000002,0.17500000000000002,65
Monocyte,B cell,0.17500000000000002,0.2,33
Monocyte,B cell,0.2,0.225,29
Monocyte,B cell,0.225,0.25,25
Monocyte,B cell,0.25,0.275,20
Monocyte,B cell,0.275,0.30000000000000004,24
Monocyte,B cell,0.30000000000000004,0.325,12
Monocyte,B cell,0.325,0.35000000000000003,7
Monocyte,B cell,0.35000000000000003,0.375,15
Monocyte,B cell,0.375,0.4,5
Monocyte,B cell,0.4,0.42500000000000004,3
Monocyte,B cell,0.42500000000000004,0.45,3
Monocyte,B cell,0.45,0.47500000000000003,0
Monocyte,B cell,0.47500000000000003,0.5,2
Monocyte,B cell,0.5,0.525,1
Monocyte,B cell,0.525,0.55,2
Monocyte,B cell,0.55,0.5750000000000001,0
Monocyte,B cell,0.5750000000000001,0.6000000000000001,1
Monocyte,B cell,0.6000000000000001,0.625,0
Monocyte,B cell,0.625,0.65,0
Monocyte,B cell,0.65,0.675,0
Monocyte,B cell,0.675,0.7000000000000001,0
Monocyte,B cell,0.7000000000000001,0.7250000000000001,0
Monocyte,B cell,0.7250000000000001,0.75,0
Monocyte,B cell,0.75,0.775,0
Monocyte,B cell,0.775,0.8,0
Monocyte,B cell,0.8,0.8250000000000001,0
Monocyte,B cell,0.8250000000000001,0.8500000000000001,0
Monocyte,B cell,0.8500000000000001,0.875,0
Monocyte,B cell,0.875,0.9,0
Monocyte,B cell,0.9,0.925,0
Monocyte,B cell,0.925,0.9500000000000001,0
Monocyte,B cell,0.9500000000000001,0.9750000000000001,0
Monocyte,B cell,0.9750000000000001,1.0,0
Monocyte,NK,0.0,0.025,21901
Monocyte,NK,0.025,0.05,1836
Monocyte,NK,0.05,0.07500000000000001,762
Monocyte,NK,0.07500000000000001,0.1,263
Monocyte,NK,0.1,0.125,142
Monocyte,NK,0.125,0.15000000000000002,60
Monocyte,NK,0.15000000000000002,0.17500000000000002,22
Monocyte,NK,0.17500000000000002,0.2,11
Monocyte,NK,0.2,0.225,6
Monocyte,NK,0.225,0.25,6
Monocyte,NK,0.25,0.275,2
Monocyte,NK,0.275,0.30000000000000004,3
Monocyte,NK,0.30000000000000004,0.325,3
Monocyte,NK,0.325,0.35000000000000003,0
Monocyte,NK,0.35000000000000003,0.375,0
Monocyte,NK,0.375,0.4,0
Monocyte,NK,0.4,0.42500000000000004,0
Monocyte,NK,0.42500000000000004,0.45,0
Monocyte,NK,0.45,0.47500000000000003,0
Monocyte,NK,0.47500000000000003,0.5,0
Monocyte,NK,0.5,0.525,0
Monocyte,NK,0.525,0.55,0
Monocyte,NK,0.55,0.5750000000000001,1
Monocyte,NK,0.5750000000000001,0.6000000000000001,0
Monocyte,NK,0.6000000000000001,0.625,0
Monocyte,NK,0.625,0.65,0
Monocyte,NK,0.65,0.675,0
Monocyte,NK,0.675,0.7000000000000001,0
Monocyte,NK,0.7000000000000001,0.7250000000000001,0
Monocyte,NK,0.7250000000000001,0.75,0
Monocyte,NK,0.75,0.775,0
Monocyte,NK,0.775,0.8,0
Monocyte,NK,0.8,0.8250000000000001,0
Monocyte,NK,0.8250000000000001,0.8500000000000001,0
Monocyte,NK,0.8500000000000001,0.875,0
Monocyte,NK,0.875,0.9,0
Monocyte,NK,0.9,0.925,0
Monocyte,NK,0.925,0.9500000000000001,0
Monocyte,NK,0.9500000000000001,0.9750000000000001,0
Monocyte,NK,0.9750000000000001,1.0,0
Monocyte,Monocyte,0.0,0.025,10803
Monocyte,Monocyte,0.025,0.05,3468
Monocyte,Monocyte,0.05,0.07500000000000001,3066
Monocyte,Monocyte,0.07500000000000001,0.1,2093
Monocyte,Monocyte,0.1,0.125,1464
Monocyte,Monocyte,0.125,0.15000000000000002,1018
Monocyte,Monocyte,0.15000000000000002,0.17500000000000002,744
Monocyte,Monocyte,0.17500000000000002,0.2,520
Monocyte,Monocyte,0.2,0.225,406
Monocyte,Monocyte,0.225,0.25,300
Monocyte,Monocyte,0.25,0.275,246
Monocyte,Monocyte,0.275,0.30000000000000004,213
Monocyte,Monocyte,0.30000000000000004,0.325,165
Monocyte,Monocyte,0.325,0.35000000000000003,151
Monocyte,Monocyte,0.35000000000000003,0.375,109
Monocyte,Monocyte,0.375,0.4,81
Monocyte,Monocyte,0.4,0.42500000000000004,56
Monocyte,Monocyte,0.42500000000000004,0.45,51
Monocyte,Monocyte,0.45,0.47500000000000003,27
Monocyte,Monocyte,0.47500000000000003,0.5,20
Monocyte,Monocyte,0.5,0.525,6
Monocyte,Monocyte,0.525,0.55,6
Monocyte,Monocyte,0.55,0.5750000000000001,2
Monocyte,Monocyte,0.5750000000000001,0.6000000000000001,1
Monocyte,Monocyte,0.6000000000000001,0.625,1
Monocyte,Monocyte,0.625,0.65,0
Monocyte,Monocyte,0.65,0.675,0
Monocyte,Monocyte,0.675,0.7000000000000001,0
Monocyte,Monocyte,0.7000000000000001,0.7250000000000001,0
Monocyte,Monocyte,0.7250000000000001,0.75,0
Monocyte,Monocyte,0.75,0.775,0
Monocyte,Monocyte,0.775,0.8,1
Monocyte,Monocyte,0.8,0.8250000000000001,0
Monocyte,Monocyte,0.8250000000000001,0.8500000000000001,0
Monocyte,Monocyte,0.8500000000000001,0.875,0
Monocyte,Monocyte,0.875,0.9,0
Monocyte,Monocyte,0.9,0.925,0
Monocyte,Monocyte,0.925,0.9500000000000001,0
Monocyte,Monocyte,0.9500000000000001,0.9750000000000001,0
Monocyte,Monocyte,0.9750000000000001,1.0,0
Monocyte,DC,0.0,0.025,23408
Monocyte,DC,0.025,0.05,1045
Monocyte,DC,0.05,0.07500000000000001,359
Monocyte,DC,0.07500000000000001,0.1,131
Monocyte,DC,0.1,0.125,41
Monocyte,DC,0.125,0.15000000000000002,23
Monocyte,DC,0.15000000000000002,0.17500000000000002,4
Monocyte,DC,0.17500000000000002,0.2,4
Monocyte,DC,0.2,0.225,0
Monocyte,DC,0.225,0.25,1
Monocyte,DC,0.25,0.275,0
Monocyte,DC,0.275,0.30000000000000004,1
Monocyte,DC,0.30000000000000004,0.325,0
Monocyte,DC,0.325,0.35000000000000003,0
Monocyte,DC,0.35000000000000003,0.375,0
Monocyte,DC,0.375,0.4,0
Monocyte,DC,0.4,0.42500000000000004,0
Monocyte,DC,0.42500000000000004,0.45,1
Monocyte,DC,0.45,0.47500000000000003,0
Monocyte,DC,0.47500000000000003,0.5,0
Monocyte,DC,0.5,0.525,0
Monocyte,DC,0.525,0.55,0
Monocyte,DC,0.55,0.5750000000000001,0
Monocyte,DC,0.5750000000000001,0.6000000000000001,0
Monocyte,DC,0.6000000000000001,0.625,0
Monocyte,DC,0.625,0.65,0
Monocyte,DC,0.65,0.675,0
Monocyte,DC,0.675,0.7000000000000001,0
Monocyte,DC,0.7000000000000001,0.7250000000000001,0
Monocyte,DC,0.7250000000000001,0.75,0
Monocyte,DC,0.75,0.775,0
Monocyte,DC,0.775,0.8,0
Monocyte,DC,0.8,0.8250000000000001,0
Monocyte,DC,0.8250000000000001,0.8500000000000001,0
Monocyte,DC,0.8500000000000001,0.875,0
Monocyte,DC,0.875,0.9,0
Monocyte,DC,0.9,0.925,0
Monocyte,DC,0.925,0.9500000000000001,0
Monocyte,DC,0.9500000000000001,0.9750000000000001,0
Monocyte,DC,0.9750000000000001,1.0,0
Monocyte,Myeloid (other),0.0,0.025,20234
Monocyte,Myeloid (other),0.025,0.05,2458
Monocyte,Myeloid (other),0.05,0.07500000000000001,1113
Monocyte,Myeloid (other),0.07500000000000001,0.1,519
Monocyte,Myeloid (other),0.1,0.125,273
Monocyte,Myeloid (other),0.125,0.15000000000000002,169
Monocyte,Myeloid (other),0.15000000000000002,0.17500000000000002,98
Monocyte,Myeloid (other),0.17500000000000002,0.2,71
Monocyte,Myeloid (other),0.2,0.225,35
Monocyte,Myeloid (other),0.225,0.25,18
Monocyte,Myeloid (other),0.25,0.275,13
Monocyte,Myeloid (other),0.275,0.30000000000000004,6
Monocyte,Myeloid (other),0.30000000000000004,0.325,4
Monocyte,Myeloid (other),0.325,0.35000000000000003,4
Monocyte,Myeloid (other),0.35000000000000003,0.375,1
Monocyte,Myeloid (other),0.375,0.4,0
Monocyte,Myeloid (other),0.4,0.42500000000000004,0
Monocyte,Myeloid (other),0.42500000000000004,0.45,1
Monocyte,Myeloid (other),0.45,0.47500000000000003,0
Monocyte,Myeloid (other),0.47500000000000003,0.5,0
Monocyte,Myeloid (other),0.5,0.525,0
Monocyte,Myeloid (other),0.525,0.55,0
Monocyte,Myeloid (other),0.55,0.5750000000000001,0
Monocyte,Myeloid (other),0.5750000000000001,0.6000000000000001,0
Monocyte,Myeloid (other),0.6000000000000001,0.625,0
Monocyte,Myeloid (other),0.625,0.65,0
Monocyte,Myeloid (other),0.65,0.675,1
Monocyte,Myeloid (other),0.675,0.7000000000000001,0
Monocyte,Myeloid (other),0.7000000000000001,0.7250000000000001,0
Monocyte,Myeloid (other),0.7250000000000001,0.75,0
Monocyte,Myeloid (other),0.75,0.775,0
Monocyte,Myeloid (other),0.775,0.8,0
Monocyte,Myeloid (other),0.8,0.8250000000000001,0
Monocyte,Myeloid (other),0.8250000000000001,0.8500000000000001,0
Monocyte,Myeloid (other),0.8500000000000001,0.875,0
Monocyte,Myeloid (other),0.875,0.9,0
Monocyte,Myeloid (other),0.9,0.925,0
Monocyte,Myeloid (other),0.925,0.9500000000000001,0
Monocyte,Myeloid (other),0.9500000000000001,0.9750000000000001,0
Monocyte,Myeloid (other),0.9750000000000001,1.0,0
Monocyte,Parenchyma,0.0,0.025,83
Monocyte,Parenchyma,0.025,0.05,38
Monocyte,Parenchyma,0.05,0.07500000000000001,36
Monocyte,Parenchyma,0.07500000000000001,0.1,60
Monocyte,Parenchyma,0.1,0.125,66
Monocyte,Parenchyma,0.125,0.15000000000000002,81
Monocyte,Parenchyma,0.15000000000000002,0.17500000000000002,112
Monocyte,Parenchyma,0.17500000000000002,0.2,115
Monocyte,Parenchyma,0.2,0.225,166
Monocyte,Parenchyma,0.225,0.25,187
Monocyte,Parenchyma,0.25,0.275,252
Monocyte,Parenchyma,0.275,0.30000000000000004,289
Monocyte,Parenchyma,0.30000000000000004,0.325,299
Monocyte,Parenchyma,0.325,0.35000000000000003,374
Monocyte,Parenchyma,0.35000000000000003,0.375,417
Monocyte,Parenchyma,0.375,0.4,486
Monocyte,Parenchyma,0.4,0.42500000000000004,542
Monocyte,Parenchyma,0.42500000000000004,0.45,574
Monocyte,Parenchyma,0.45,0.47500000000000003,686
Monocyte,Parenchyma,0.47500000000000003,0.5,681
Monocyte,Parenchyma,0.5,0.525,744
Monocyte,Parenchyma,0.525,0.55,885
Monocyte,Parenchyma,0.55,0.5750000000000001,896
Monocyte,Parenchyma,0.5750000000000001,0.6000000000000001,926
Monocyte,Parenchyma,0.6000000000000001,0.625,1073
Monocyte,Parenchyma,0.625,0.65,1114
Monocyte,Parenchyma,0.65,0.675,1157
Monocyte,Parenchyma,0.675,0.7000000000000001,1224
Monocyte,Parenchyma,0.7000000000000001,0.7250000000000001,1254
Monocyte,Parenchyma,0.7250000000000001,0.75,1287
Monocyte,Parenchyma,0.75,0.775,1352
Monocyte,Parenchyma,0.775,0.8,1363
Monocyte,Parenchyma,0.8,0.8250000000000001,1242
Monocyte,Parenchyma,0.8250000000000001,0.8500000000000001,1103
Monocyte,Parenchyma,0.8500000000000001,0.875,1084
Monocyte,Parenchyma,0.875,0.9,982
Monocyte,Parenchyma,0.9,0.925,768
Monocyte,Parenchyma,0.925,0.9500000000000001,520
Monocyte,Parenchyma,0.9500000000000001,0.9750000000000001,306
Monocyte,Parenchyma,0.9750000000000001,1.0,194
Monocyte,ambiguous,0.0,0.025,21611
Monocyte,ambiguous,0.025,0.05,1447
Monocyte,ambiguous,0.05,0.07500000000000001,824
Monocyte,ambiguous,0.07500000000000001,0.1,485
Monocyte,ambiguous,0.1,0.125,248
Monocyte,ambiguous,0.125,0.15000000000000002,172
Monocyte,ambiguous,0.15000000000000002,0.17500000000000002,81
Monocyte,ambiguous,0.17500000000000002,0.2,52
Monocyte,ambiguous,0.2,0.225,43
Monocyte,ambiguous,0.225,0.25,17
Monocyte,ambiguous,0.25,0.275,13
Monocyte,ambiguous,0.275,0.30000000000000004,9
Monocyte,ambiguous,0.30000000000000004,0.325,3
Monocyte,ambiguous,0.325,0.35000000000000003,3
Monocyte,ambiguous,0.35000000000000003,0.375,3
Monocyte,ambiguous,0.375,0.4,3
Monocyte,ambiguous,0.4,0.42500000000000004,2
Monocyte,ambiguous,0.42500000000000004,0.45,1
Monocyte,ambiguous,0.45,0.47500000000000003,0
Monocyte,ambiguous,0.47500000000000003,0.5,1
Monocyte,ambiguous,0.5,0.525,0
Monocyte,ambiguous,0.525,0.55,0
Monocyte,ambiguous,0.55,0.5750000000000001,0
Monocyte,ambiguous,0.5750000000000001,0.6000000000000001,0
Monocyte,ambiguous,0.6000000000000001,0.625,0
Monocyte,ambiguous,0.625,0.65,0
Monocyte,ambiguous,0.65,0.675,0
Monocyte,ambiguous,0.675,0.7000000000000001,0
Monocyte,ambiguous,0.7000000000000001,0.7250000000000001,0
Monocyte,ambiguous,0.7250000000000001,0.75,0
Monocyte,ambiguous,0.75,0.775,0
Monocyte,ambiguous,0.775,0.8,0
Monocyte,ambiguous,0.8,0.8250000000000001,0
Monocyte,ambiguous,0.8250000000000001,0.8500000000000001,0
Monocyte,ambiguous,0.8500000000000001,0.875,0
Monocyte,ambiguous,0.875,0.9,0
Monocyte,ambiguous,0.9,0.925,0
Monocyte,ambiguous,0.925,0.9500000000000001,0
Monocyte,ambiguous,0.9500000000000001,0.9750000000000001,0
Monocyte,ambiguous,0.9750000000000001,1.0,0
DC,Endothelial,0.0,0.025,1125
DC,Endothelial,0.025,0.05,794
DC,Endothelial,0.05,0.07500000000000001,636
DC,Endothelial,0.07500000000000001,0.1,457
DC,Endothelial,0.1,0.125,260
DC,Endothelial,0.125,0.15000000000000002,166
DC,Endothelial,0.15000000000000002,0.17500000000000002,108
DC,Endothelial,0.17500000000000002,0.2,64
DC,Endothelial,0.2,0.225,45
DC,Endothelial,0.225,0.25,45
DC,Endothelial,0.25,0.275,22
DC,Endothelial,0.275,0.30000000000000004,22
DC,Endothelial,0.30000000000000004,0.325,14
DC,Endothelial,0.325,0.35000000000000003,9
DC,Endothelial,0.35000000000000003,0.375,10
DC,Endothelial,0.375,0.4,7
DC,Endothelial,0.4,0.42500000000000004,7
DC,Endothelial,0.42500000000000004,0.45,4
DC,Endothelial,0.45,0.47500000000000003,3
DC,Endothelial,0.47500000000000003,0.5,3
DC,Endothelial,0.5,0.525,1
DC,Endothelial,0.525,0.55,2
DC,Endothelial,0.55,0.5750000000000001,0
DC,Endothelial,0.5750000000000001,0.6000000000000001,2
DC,Endothelial,0.6000000000000001,0.625,2
DC,Endothelial,0.625,0.65,3
DC,Endothelial,0.65,0.675,2
DC,Endothelial,0.675,0.7000000000000001,1
DC,Endothelial,0.7000000000000001,0.7250000000000001,1
DC,Endothelial,0.7250000000000001,0.75,4
DC,Endothelial,0.75,0.775,2
DC,Endothelial,0.775,0.8,3
DC,Endothelial,0.8,0.8250000000000001,7
DC,Endothelial,0.8250000000000001,0.8500000000000001,4
DC,Endothelial,0.8500000000000001,0.875,5
DC,Endothelial,0.875,0.9,1
DC,Endothelial,0.9,0.925,2
DC,Endothelial,0.925,0.9500000000000001,2
DC,Endothelial,0.9500000000000001,0.9750000000000001,2
DC,Endothelial,0.9750000000000001,1.0,0
DC,Fibroblast,0.0,0.025,1485
DC,Fibroblast,0.025,0.05,322
DC,Fibroblast,0.05,0.07500000000000001,204
DC,Fibroblast,0.07500000000000001,0.1,174
DC,Fibroblast,0.1,0.125,150
DC,Fibroblast,0.125,0.15000000000000002,201
DC,Fibroblast,0.15000000000000002,0.17500000000000002,158
DC,Fibroblast,0.17500000000000002,0.2,156
DC,Fibroblast,0.2,0.225,147
DC,Fibroblast,0.225,0.25,134
DC,Fibroblast,0.25,0.275,136
DC,Fibroblast,0.275,0.30000000000000004,106
DC,Fibroblast,0.30000000000000004,0.325,96
DC,Fibroblast,0.325,0.35000000000000003,80
DC,Fibroblast,0.35000000000000003,0.375,60
DC,Fibroblast,0.375,0.4,50
DC,Fibroblast,0.4,0.42500000000000004,48
DC,Fibroblast,0.42500000000000004,0.45,33
DC,Fibroblast,0.45,0.47500000000000003,21
DC,Fibroblast,0.47500000000000003,0.5,17
DC,Fibroblast,0.5,0.525,15
DC,Fibroblast,0.525,0.55,10
DC,Fibroblast,0.55,0.5750000000000001,9
DC,Fibroblast,0.5750000000000001,0.6000000000000001,5
DC,Fibroblast,0.6000000000000001,0.625,5
DC,Fibroblast,0.625,0.65,2
DC,Fibroblast,0.65,0.675,4
DC,Fibroblast,0.675,0.7000000000000001,3
DC,Fibroblast,0.7000000000000001,0.7250000000000001,4
DC,Fibroblast,0.7250000000000001,0.75,3
DC,Fibroblast,0.75,0.775,2
DC,Fibroblast,0.775,0.8,1
DC,Fibroblast,0.8,0.8250000000000001,1
DC,Fibroblast,0.8250000000000001,0.8500000000000001,0
DC,Fibroblast,0.8500000000000001,0.875,1
DC,Fibroblast,0.875,0.9,1
DC,Fibroblast,0.9,0.925,2
DC,Fibroblast,0.925,0.9500000000000001,0
DC,Fibroblast,0.9500000000000001,0.9750000000000001,1
DC,Fibroblast,0.9750000000000001,1.0,0
DC,Macrophage,0.0,0.025,1537
DC,Macrophage,0.025,0.05,552
DC,Macrophage,0.05,0.07500000000000001,434
DC,Macrophage,0.07500000000000001,0.1,335
DC,Macrophage,0.1,0.125,254
DC,Macrophage,0.125,0.15000000000000002,196
DC,Macrophage,0.15000000000000002,0.17500000000000002,136
DC,Macrophage,0.17500000000000002,0.2,95
DC,Macrophage,0.2,0.225,93
DC,Macrophage,0.225,0.25,56
DC,Macrophage,0.25,0.275,47
DC,Macrophage,0.275,0.30000000000000004,40
DC,Macrophage,0.30000000000000004,0.325,29
DC,Macrophage,0.325,0.35000000000000003,12
DC,Macrophage,0.35000000000000003,0.375,11
DC,Macrophage,0.375,0.4,3
DC,Macrophage,0.4,0.42500000000000004,3
DC,Macrophage,0.42500000000000004,0.45,5
DC,Macrophage,0.45,0.47500000000000003,4
DC,Macrophage,0.47500000000000003,0.5,2
DC,Macrophage,0.5,0.525,1
DC,Macrophage,0.525,0.55,0
DC,Macrophage,0.55,0.5750000000000001,1
DC,Macrophage,0.5750000000000001,0.6000000000000001,1
DC,Macrophage,0.6000000000000001,0.625,0
DC,Macrophage,0.625,0.65,0
DC,Macrophage,0.65,0.675,0
DC,Macrophage,0.675,0.7000000000000001,0
DC,Macrophage,0.7000000000000001,0.7250000000000001,0
DC,Macrophage,0.7250000000000001,0.75,0
DC,Macrophage,0.75,0.775,0
DC,Macrophage,0.775,0.8,0
DC,Macrophage,0.8,0.8250000000000001,0
DC,Macrophage,0.8250000000000001,0.8500000000000001,0
DC,Macrophage,0.8500000000000001,0.875,0
DC,Macrophage,0.875,0.9,0
DC,Macrophage,0.9,0.925,0
DC,Macrophage,0.925,0.9500000000000001,0
DC,Macrophage,0.9500000000000001,0.9750000000000001,0
DC,Macrophage,0.9750000000000001,1.0,0
DC,CD8 T,0.0,0.025,3016
DC,CD8 T,0.025,0.05,337
DC,CD8 T,0.05,0.07500000000000001,201
DC,CD8 T,0.07500000000000001,0.1,94
DC,CD8 T,0.1,0.125,76
DC,CD8 T,0.125,0.15000000000000002,31
DC,CD8 T,0.15000000000000002,0.17500000000000002,22
DC,CD8 T,0.17500000000000002,0.2,16
DC,CD8 T,0.2,0.225,13
DC,CD8 T,0.225,0.25,3
DC,CD8 T,0.25,0.275,9
DC,CD8 T,0.275,0.30000000000000004,5
DC,CD8 T,0.30000000000000004,0.325,4
DC,CD8 T,0.325,0.35000000000000003,6
DC,CD8 T,0.35000000000000003,0.375,5
DC,CD8 T,0.375,0.4,3
DC,CD8 T,0.4,0.42500000000000004,3
DC,CD8 T,0.42500000000000004,0.45,1
DC,CD8 T,0.45,0.47500000000000003,0
DC,CD8 T,0.47500000000000003,0.5,1
DC,CD8 T,0.5,0.525,1
DC,CD8 T,0.525,0.55,0
DC,CD8 T,0.55,0.5750000000000001,0
DC,CD8 T,0.5750000000000001,0.6000000000000001,0
DC,CD8 T,0.6000000000000001,0.625,0
DC,CD8 T,0.625,0.65,0
DC,CD8 T,0.65,0.675,0
DC,CD8 T,0.675,0.7000000000000001,0
DC,CD8 T,0.7000000000000001,0.7250000000000001,0
DC,CD8 T,0.7250000000000001,0.75,0
DC,CD8 T,0.75,0.775,0
DC,CD8 T,0.775,0.8,0
DC,CD8 T,0.8,0.8250000000000001,0
DC,CD8 T,0.8250000000000001,0.8500000000000001,0
DC,CD8 T,0.8500000000000001,0.875,0
DC,CD8 T,0.875,0.9,0
DC,CD8 T,0.9,0.925,0
DC,CD8 T,0.925,0.9500000000000001,0
DC,CD8 T,0.9500000000000001,0.9750000000000001,0
DC,CD8 T,0.9750000000000001,1.0,0
DC,CD4 T,0.0,0.025,3129
DC,CD4 T,0.025,0.05,304
DC,CD4 T,0.05,0.07500000000000001,168
DC,CD4 T,0.07500000000000001,0.1,74
DC,CD4 T,0.1,0.125,55
DC,CD4 T,0.125,0.15000000000000002,33
DC,CD4 T,0.15000000000000002,0.17500000000000002,21
DC,CD4 T,0.17500000000000002,0.2,16
DC,CD4 T,0.2,0.225,9
DC,CD4 T,0.225,0.25,7
DC,CD4 T,0.25,0.275,4
DC,CD4 T,0.275,0.30000000000000004,7
DC,CD4 T,0.30000000000000004,0.325,6
DC,CD4 T,0.325,0.35000000000000003,2
DC,CD4 T,0.35000000000000003,0.375,2
DC,CD4 T,0.375,0.4,2
DC,CD4 T,0.4,0.42500000000000004,1
DC,CD4 T,0.42500000000000004,0.45,0
DC,CD4 T,0.45,0.47500000000000003,1
DC,CD4 T,0.47500000000000003,0.5,1
DC,CD4 T,0.5,0.525,0
DC,CD4 T,0.525,0.55,1
DC,CD4 T,0.55,0.5750000000000001,1
DC,CD4 T,0.5750000000000001,0.6000000000000001,1
DC,CD4 T,0.6000000000000001,0.625,0
DC,CD4 T,0.625,0.65,2
DC,CD4 T,0.65,0.675,0
DC,CD4 T,0.675,0.7000000000000001,0
DC,CD4 T,0.7000000000000001,0.7250000000000001,0
DC,CD4 T,0.7250000000000001,0.75,0
DC,CD4 T,0.75,0.775,0
DC,CD4 T,0.775,0.8,0
DC,CD4 T,0.8,0.8250000000000001,0
DC,CD4 T,0.8250000000000001,0.8500000000000001,0
DC,CD4 T,0.8500000000000001,0.875,0
DC,CD4 T,0.875,0.9,0
DC,CD4 T,0.9,0.925,0
DC,CD4 T,0.925,0.9500000000000001,0
DC,CD4 T,0.9500000000000001,0.9750000000000001,0
DC,CD4 T,0.9750000000000001,1.0,0
DC,Treg,0.0,0.025,3741
DC,Treg,0.025,0.05,66
DC,Treg,0.05,0.07500000000000001,26
DC,Treg,0.07500000000000001,0.1,10
DC,Treg,0.1,0.125,3
DC,Treg,0.125,0.15000000000000002,0
DC,Treg,0.15000000000000002,0.17500000000000002,1
DC,Treg,0.17500000000000002,0.2,0
DC,Treg,0.2,0.225,0
DC,Treg,0.225,0.25,0
DC,Treg,0.25,0.275,0
DC,Treg,0.275,0.30000000000000004,0
DC,Treg,0.30000000000000004,0.325,0
DC,Treg,0.325,0.35000000000000003,0
DC,Treg,0.35000000000000003,0.375,0
DC,Treg,0.375,0.4,0
DC,Treg,0.4,0.42500000000000004,0
DC,Treg,0.42500000000000004,0.45,0
DC,Treg,0.45,0.47500000000000003,0
DC,Treg,0.47500000000000003,0.5,0
DC,Treg,0.5,0.525,0
DC,Treg,0.525,0.55,0
DC,Treg,0.55,0.5750000000000001,0
DC,Treg,0.5750000000000001,0.6000000000000001,0
DC,Treg,0.6000000000000001,0.625,0
DC,Treg,0.625,0.65,0
DC,Treg,0.65,0.675,0
DC,Treg,0.675,0.7000000000000001,0
DC,Treg,0.7000000000000001,0.7250000000000001,0
DC,Treg,0.7250000000000001,0.75,0
DC,Treg,0.75,0.775,0
DC,Treg,0.775,0.8,0
DC,Treg,0.8,0.8250000000000001,0
DC,Treg,0.8250000000000001,0.8500000000000001,0
DC,Treg,0.8500000000000001,0.875,0
DC,Treg,0.875,0.9,0
DC,Treg,0.9,0.925,0
DC,Treg,0.925,0.9500000000000001,0
DC,Treg,0.9500000000000001,0.9750000000000001,0
DC,Treg,0.9750000000000001,1.0,0
DC,B cell,0.0,0.025,3415
DC,B cell,0.025,0.05,200
DC,B cell,0.05,0.07500000000000001,106
DC,B cell,0.07500000000000001,0.1,41
DC,B cell,0.1,0.125,25
DC,B cell,0.125,0.15000000000000002,21
DC,B cell,0.15000000000000002,0.17500000000000002,11
DC,B cell,0.17500000000000002,0.2,6
DC,B cell,0.2,0.225,6
DC,B cell,0.225,0.25,2
DC,B cell,0.25,0.275,3
DC,B cell,0.275,0.30000000000000004,2
DC,B cell,0.30000000000000004,0.325,4
DC,B cell,0.325,0.35000000000000003,4
DC,B cell,0.35000000000000003,0.375,0
DC,B cell,0.375,0.4,0
DC,B cell,0.4,0.42500000000000004,0
DC,B cell,0.42500000000000004,0.45,0
DC,B cell,0.45,0.47500000000000003,0
DC,B cell,0.47500000000000003,0.5,0
DC,B cell,0.5,0.525,0
DC,B cell,0.525,0.55,0
DC,B cell,0.55,0.5750000000000001,1
DC,B cell,0.5750000000000001,0.6000000000000001,0
DC,B cell,0.6000000000000001,0.625,0
DC,B cell,0.625,0.65,0
DC,B cell,0.65,0.675,0
DC,B cell,0.675,0.7000000000000001,0
DC,B cell,0.7000000000000001,0.7250000000000001,0
DC,B cell,0.7250000000000001,0.75,0
DC,B cell,0.75,0.775,0
DC,B cell,0.775,0.8,0
DC,B cell,0.8,0.8250000000000001,0
DC,B cell,0.8250000000000001,0.8500000000000001,0
DC,B cell,0.8500000000000001,0.875,0
DC,B cell,0.875,0.9,0
DC,B cell,0.9,0.925,0
DC,B cell,0.925,0.9500000000000001,0
DC,B cell,0.9500000000000001,0.9750000000000001,0
DC,B cell,0.9750000000000001,1.0,0
DC,NK,0.0,0.025,3413
DC,NK,0.025,0.05,271
DC,NK,0.05,0.07500000000000001,87
DC,NK,0.07500000000000001,0.1,44
DC,NK,0.1,0.125,16
DC,NK,0.125,0.15000000000000002,7
DC,NK,0.15000000000000002,0.17500000000000002,7
DC,NK,0.17500000000000002,0.2,1
DC,NK,0.2,0.225,0
DC,NK,0.225,0.25,1
DC,NK,0.25,0.275,0
DC,NK,0.275,0.30000000000000004,0
DC,NK,0.30000000000000004,0.325,0
DC,NK,0.325,0.35000000000000003,0
DC,NK,0.35000000000000003,0.375,0
DC,NK,0.375,0.4,0
DC,NK,0.4,0.42500000000000004,0
DC,NK,0.42500000000000004,0.45,0
DC,NK,0.45,0.47500000000000003,0
DC,NK,0.47500000000000003,0.5,0
DC,NK,0.5,0.525,0
DC,NK,0.525,0.55,0
DC,NK,0.55,0.5750000000000001,0
DC,NK,0.5750000000000001,0.6000000000000001,0
DC,NK,0.6000000000000001,0.625,0
DC,NK,0.625,0.65,0
DC,NK,0.65,0.675,0
DC,NK,0.675,0.7000000000000001,0
DC,NK,0.7000000000000001,0.7250000000000001,0
DC,NK,0.7250000000000001,0.75,0
DC,NK,0.75,0.775,0
DC,NK,0.775,0.8,0
DC,NK,0.8,0.8250000000000001,0
DC,NK,0.8250000000000001,0.8500000000000001,0
DC,NK,0.8500000000000001,0.875,0
DC,NK,0.875,0.9,0
DC,NK,0.9,0.925,0
DC,NK,0.925,0.9500000000000001,0
DC,NK,0.9500000000000001,0.9750000000000001,0
DC,NK,0.9750000000000001,1.0,0
DC,Monocyte,0.0,0.025,2499
DC,Monocyte,0.025,0.05,523
DC,Monocyte,0.05,0.07500000000000001,340
DC,Monocyte,0.07500000000000001,0.1,212
DC,Monocyte,0.1,0.125,112
DC,Monocyte,0.125,0.15000000000000002,65
DC,Monocyte,0.15000000000000002,0.17500000000000002,27
DC,Monocyte,0.17500000000000002,0.2,33
DC,Monocyte,0.2,0.225,17
DC,Monocyte,0.225,0.25,3
DC,Monocyte,0.25,0.275,7
DC,Monocyte,0.275,0.30000000000000004,2
DC,Monocyte,0.30000000000000004,0.325,1
DC,Monocyte,0.325,0.35000000000000003,4
DC,Monocyte,0.35000000000000003,0.375,1
DC,Monocyte,0.375,0.4,0
DC,Monocyte,0.4,0.42500000000000004,0
DC,Monocyte,0.42500000000000004,0.45,0
DC,Monocyte,0.45,0.47500000000000003,0
DC,Monocyte,0.47500000000000003,0.5,0
DC,Monocyte,0.5,0.525,1
DC,Monocyte,0.525,0.55,0
DC,Monocyte,0.55,0.5750000000000001,0
DC,Monocyte,0.5750000000000001,0.6000000000000001,0
DC,Monocyte,0.6000000000000001,0.625,0
DC,Monocyte,0.625,0.65,0
DC,Monocyte,0.65,0.675,0
DC,Monocyte,0.675,0.7000000000000001,0
DC,Monocyte,0.7000000000000001,0.7250000000000001,0
DC,Monocyte,0.7250000000000001,0.75,0
DC,Monocyte,0.75,0.775,0
DC,Monocyte,0.775,0.8,0
DC,Monocyte,0.8,0.8250000000000001,0
DC,Monocyte,0.8250000000000001,0.8500000000000001,0
DC,Monocyte,0.8500000000000001,0.875,0
DC,Monocyte,0.875,0.9,0
DC,Monocyte,0.9,0.925,0
DC,Monocyte,0.925,0.9500000000000001,0
DC,Monocyte,0.9500000000000001,0.9750000000000001,0
DC,Monocyte,0.9750000000000001,1.0,0
DC,DC,0.0,0.025,2857
DC,DC,0.025,0.05,465
DC,DC,0.05,0.07500000000000001,258
DC,DC,0.07500000000000001,0.1,126
DC,DC,0.1,0.125,75
DC,DC,0.125,0.15000000000000002,30
DC,DC,0.15000000000000002,0.17500000000000002,14
DC,DC,0.17500000000000002,0.2,11
DC,DC,0.2,0.225,5
DC,DC,0.225,0.25,2
DC,DC,0.25,0.275,1
DC,DC,0.275,0.30000000000000004,2
DC,DC,0.30000000000000004,0.325,0
DC,DC,0.325,0.35000000000000003,0
DC,DC,0.35000000000000003,0.375,1
DC,DC,0.375,0.4,0
DC,DC,0.4,0.42500000000000004,0
DC,DC,0.42500000000000004,0.45,0
DC,DC,0.45,0.47500000000000003,0
DC,DC,0.47500000000000003,0.5,0
DC,DC,0.5,0.525,0
DC,DC,0.525,0.55,0
DC,DC,0.55,0.5750000000000001,0
DC,DC,0.5750000000000001,0.6000000000000001,0
DC,DC,0.6000000000000001,0.625,0
DC,DC,0.625,0.65,0
DC,DC,0.65,0.675,0
DC,DC,0.675,0.7000000000000001,0
DC,DC,0.7000000000000001,0.7250000000000001,0
DC,DC,0.7250000000000001,0.75,0
DC,DC,0.75,0.775,0
DC,DC,0.775,0.8,0
DC,DC,0.8,0.8250000000000001,0
DC,DC,0.8250000000000001,0.8500000000000001,0
DC,DC,0.8500000000000001,0.875,0
DC,DC,0.875,0.9,0
DC,DC,0.9,0.925,0
DC,DC,0.925,0.9500000000000001,0
DC,DC,0.9500000000000001,0.9750000000000001,0
DC,DC,0.9750000000000001,1.0,0
DC,Myeloid (other),0.0,0.025,2936
DC,Myeloid (other),0.025,0.05,450
DC,Myeloid (other),0.05,0.07500000000000001,214
DC,Myeloid (other),0.07500000000000001,0.1,92
DC,Myeloid (other),0.1,0.125,66
DC,Myeloid (other),0.125,0.15000000000000002,42
DC,Myeloid (other),0.15000000000000002,0.17500000000000002,20
DC,Myeloid (other),0.17500000000000002,0.2,10
DC,Myeloid (other),0.2,0.225,10
DC,Myeloid (other),0.225,0.25,3
DC,Myeloid (other),0.25,0.275,0
DC,Myeloid (other),0.275,0.30000000000000004,1
DC,Myeloid (other),0.30000000000000004,0.325,2
DC,Myeloid (other),0.325,0.35000000000000003,1
DC,Myeloid (other),0.35000000000000003,0.375,0
DC,Myeloid (other),0.375,0.4,0
DC,Myeloid (other),0.4,0.42500000000000004,0
DC,Myeloid (other),0.42500000000000004,0.45,0
DC,Myeloid (other),0.45,0.47500000000000003,0
DC,Myeloid (other),0.47500000000000003,0.5,0
DC,Myeloid (other),0.5,0.525,0
DC,Myeloid (other),0.525,0.55,0
DC,Myeloid (other),0.55,0.5750000000000001,0
DC,Myeloid (other),0.5750000000000001,0.6000000000000001,0
DC,Myeloid (other),0.6000000000000001,0.625,0
DC,Myeloid (other),0.625,0.65,0
DC,Myeloid (other),0.65,0.675,0
DC,Myeloid (other),0.675,0.7000000000000001,0
DC,Myeloid (other),0.7000000000000001,0.7250000000000001,0
DC,Myeloid (other),0.7250000000000001,0.75,0
DC,Myeloid (other),0.75,0.775,0
DC,Myeloid (other),0.775,0.8,0
DC,Myeloid (other),0.8,0.8250000000000001,0
DC,Myeloid (other),0.8250000000000001,0.8500000000000001,0
DC,Myeloid (other),0.8500000000000001,0.875,0
DC,Myeloid (other),0.875,0.9,0
DC,Myeloid (other),0.9,0.925,0
DC,Myeloid (other),0.925,0.9500000000000001,0
DC,Myeloid (other),0.9500000000000001,0.9750000000000001,0
DC,Myeloid (other),0.9750000000000001,1.0,0
DC,Parenchyma,0.0,0.025,66
DC,Parenchyma,0.025,0.05,19
DC,Parenchyma,0.05,0.07500000000000001,11
DC,Parenchyma,0.07500000000000001,0.1,16
DC,Parenchyma,0.1,0.125,10
DC,Parenchyma,0.125,0.15000000000000002,12
DC,Parenchyma,0.15000000000000002,0.17500000000000002,28
DC,Parenchyma,0.17500000000000002,0.2,25
DC,Parenchyma,0.2,0.225,29
DC,Parenchyma,0.225,0.25,35
DC,Parenchyma,0.25,0.275,25
DC,Parenchyma,0.275,0.30000000000000004,44
DC,Parenchyma,0.30000000000000004,0.325,40
DC,Parenchyma,0.325,0.35000000000000003,68
DC,Parenchyma,0.35000000000000003,0.375,65
DC,Parenchyma,0.375,0.4,83
DC,Parenchyma,0.4,0.42500000000000004,109
DC,Parenchyma,0.42500000000000004,0.45,98
DC,Parenchyma,0.45,0.47500000000000003,121
DC,Parenchyma,0.47500000000000003,0.5,148
DC,Parenchyma,0.5,0.525,145
DC,Parenchyma,0.525,0.55,171
DC,Parenchyma,0.55,0.5750000000000001,167
DC,Parenchyma,0.5750000000000001,0.6000000000000001,168
DC,Parenchyma,0.6000000000000001,0.625,205
DC,Parenchyma,0.625,0.65,207
DC,Parenchyma,0.65,0.675,166
DC,Parenchyma,0.675,0.7000000000000001,176
DC,Parenchyma,0.7000000000000001,0.7250000000000001,165
DC,Parenchyma,0.7250000000000001,0.75,181
DC,Parenchyma,0.75,0.775,172
DC,Parenchyma,0.775,0.8,168
DC,Parenchyma,0.8,0.8250000000000001,144
DC,Parenchyma,0.8250000000000001,0.8500000000000001,137
DC,Parenchyma,0.8500000000000001,0.875,134
DC,Parenchyma,0.875,0.9,87
DC,Parenchyma,0.9,0.925,84
DC,Parenchyma,0.925,0.9500000000000001,60
DC,Parenchyma,0.9500000000000001,0.9750000000000001,33
DC,Parenchyma,0.9750000000000001,1.0,25
DC,ambiguous,0.0,0.025,3403
DC,ambiguous,0.025,0.05,222
DC,ambiguous,0.05,0.07500000000000001,98
DC,ambiguous,0.07500000000000001,0.1,44
DC,ambiguous,0.1,0.125,38
DC,ambiguous,0.125,0.15000000000000002,9
DC,ambiguous,0.15000000000000002,0.17500000000000002,9
DC,ambiguous,0.17500000000000002,0.2,6
DC,ambiguous,0.2,0.225,5
DC,ambiguous,0.225,0.25,4
DC,ambiguous,0.25,0.275,4
DC,ambiguous,0.275,0.30000000000000004,3
DC,ambiguous,0.30000000000000004,0.325,0
DC,ambiguous,0.325,0.35000000000000003,2
DC,ambiguous,0.35000000000000003,0.375,0
DC,ambiguous,0.375,0.4,0
DC,ambiguous,0.4,0.42500000000000004,0
DC,ambiguous,0.42500000000000004,0.45,0
DC,ambiguous,0.45,0.47500000000000003,0
DC,ambiguous,0.47500000000000003,0.5,0
DC,ambiguous,0.5,0.525,0
DC,ambiguous,0.525,0.55,0
DC,ambiguous,0.55,0.5750000000000001,0
DC,ambiguous,0.5750000000000001,0.6000000000000001,0
DC,ambiguous,0.6000000000000001,0.625,0
DC,ambiguous,0.625,0.65,0
DC,ambiguous,0.65,0.675,0
DC,ambiguous,0.675,0.7000000000000001,0
DC,ambiguous,0.7000000000000001,0.7250000000000001,0
DC,ambiguous,0.7250000000000001,0.75,0
DC,ambiguous,0.75,0.775,0
DC,ambiguous,0.775,0.8,0
DC,ambiguous,0.8,0.8250000000000001,0
DC,ambiguous,0.8250000000000001,0.8500000000000001,0
DC,ambiguous,0.8500000000000001,0.875,0
DC,ambiguous,0.875,0.9,0
DC,ambiguous,0.9,0.925,0
DC,ambiguous,0.925,0.9500000000000001,0
DC,ambiguous,0.9500000000000001,0.9750000000000001,0
DC,ambiguous,0.9750000000000001,1.0,0
Myeloid (other),Endothelial,0.0,0.025,3613
Myeloid (other),Endothelial,0.025,0.05,2347
Myeloid (other),Endothelial,0.05,0.07500000000000001,1818
Myeloid (other),Endothelial,0.07500000000000001,0.1,1057
Myeloid (other),Endothelial,0.1,0.125,686
Myeloid (other),Endothelial,0.125,0.15000000000000002,388
Myeloid (other),Endothelial,0.15000000000000002,0.17500000000000002,223
Myeloid (other),Endothelial,0.17500000000000002,0.2,130
Myeloid (other),Endothelial,0.2,0.225,77
Myeloid (other),Endothelial,0.225,0.25,57
Myeloid (other),Endothelial,0.25,0.275,37
Myeloid (other),Endothelial,0.275,0.30000000000000004,28
Myeloid (other),Endothelial,0.30000000000000004,0.325,18
Myeloid (other),Endothelial,0.325,0.35000000000000003,13
Myeloid (other),Endothelial,0.35000000000000003,0.375,4
Myeloid (other),Endothelial,0.375,0.4,12
Myeloid (other),Endothelial,0.4,0.42500000000000004,10
Myeloid (other),Endothelial,0.42500000000000004,0.45,8
Myeloid (other),Endothelial,0.45,0.47500000000000003,6
Myeloid (other),Endothelial,0.47500000000000003,0.5,4
Myeloid (other),Endothelial,0.5,0.525,1
Myeloid (other),Endothelial,0.525,0.55,2
Myeloid (other),Endothelial,0.55,0.5750000000000001,1
Myeloid (other),Endothelial,0.5750000000000001,0.6000000000000001,2
Myeloid (other),Endothelial,0.6000000000000001,0.625,5
Myeloid (other),Endothelial,0.625,0.65,6
Myeloid (other),Endothelial,0.65,0.675,0
Myeloid (other),Endothelial,0.675,0.7000000000000001,0
Myeloid (other),Endothelial,0.7000000000000001,0.7250000000000001,4
Myeloid (other),Endothelial,0.7250000000000001,0.75,3
Myeloid (other),Endothelial,0.75,0.775,2
Myeloid (other),Endothelial,0.775,0.8,4
Myeloid (other),Endothelial,0.8,0.8250000000000001,4
Myeloid (other),Endothelial,0.8250000000000001,0.8500000000000001,1
Myeloid (other),Endothelial,0.8500000000000001,0.875,2
Myeloid (other),Endothelial,0.875,0.9,5
Myeloid (other),Endothelial,0.9,0.925,2
Myeloid (other),Endothelial,0.925,0.9500000000000001,2
Myeloid (other),Endothelial,0.9500000000000001,0.9750000000000001,2
Myeloid (other),Endothelial,0.9750000000000001,1.0,4
Myeloid (other),Fibroblast,0.0,0.025,4354
Myeloid (other),Fibroblast,0.025,0.05,839
Myeloid (other),Fibroblast,0.05,0.07500000000000001,568
Myeloid (other),Fibroblast,0.07500000000000001,0.1,492
Myeloid (other),Fibroblast,0.1,0.125,475
Myeloid (other),Fibroblast,0.125,0.15000000000000002,497
Myeloid (other),Fibroblast,0.15000000000000002,0.17500000000000002,480
Myeloid (other),Fibroblast,0.17500000000000002,0.2,380
Myeloid (other),Fibroblast,0.2,0.225,391
Myeloid (other),Fibroblast,0.225,0.25,372
Myeloid (other),Fibroblast,0.25,0.275,299
Myeloid (other),Fibroblast,0.275,0.30000000000000004,258
Myeloid (other),Fibroblast,0.30000000000000004,0.325,266
Myeloid (other),Fibroblast,0.325,0.35000000000000003,186
Myeloid (other),Fibroblast,0.35000000000000003,0.375,137
Myeloid (other),Fibroblast,0.375,0.4,113
Myeloid (other),Fibroblast,0.4,0.42500000000000004,106
Myeloid (other),Fibroblast,0.42500000000000004,0.45,73
Myeloid (other),Fibroblast,0.45,0.47500000000000003,51
Myeloid (other),Fibroblast,0.47500000000000003,0.5,42
Myeloid (other),Fibroblast,0.5,0.525,31
Myeloid (other),Fibroblast,0.525,0.55,31
Myeloid (other),Fibroblast,0.55,0.5750000000000001,20
Myeloid (other),Fibroblast,0.5750000000000001,0.6000000000000001,15
Myeloid (other),Fibroblast,0.6000000000000001,0.625,17
Myeloid (other),Fibroblast,0.625,0.65,17
Myeloid (other),Fibroblast,0.65,0.675,17
Myeloid (other),Fibroblast,0.675,0.7000000000000001,12
Myeloid (other),Fibroblast,0.7000000000000001,0.7250000000000001,10
Myeloid (other),Fibroblast,0.7250000000000001,0.75,8
Myeloid (other),Fibroblast,0.75,0.775,5
Myeloid (other),Fibroblast,0.775,0.8,8
Myeloid (other),Fibroblast,0.8,0.8250000000000001,6
Myeloid (other),Fibroblast,0.8250000000000001,0.8500000000000001,1
Myeloid (other),Fibroblast,0.8500000000000001,0.875,4
Myeloid (other),Fibroblast,0.875,0.9,2
Myeloid (other),Fibroblast,0.9,0.925,1
Myeloid (other),Fibroblast,0.925,0.9500000000000001,3
Myeloid (other),Fibroblast,0.9500000000000001,0.9750000000000001,1
Myeloid (other),Fibroblast,0.9750000000000001,1.0,0
Myeloid (other),Macrophage,0.0,0.025,5608
Myeloid (other),Macrophage,0.025,0.05,1499
Myeloid (other),Macrophage,0.05,0.07500000000000001,1051
Myeloid (other),Macrophage,0.07500000000000001,0.1,718
Myeloid (other),Macrophage,0.1,0.125,479
Myeloid (other),Macrophage,0.125,0.15000000000000002,343
Myeloid (other),Macrophage,0.15000000000000002,0.17500000000000002,264
Myeloid (other),Macrophage,0.17500000000000002,0.2,182
Myeloid (other),Macrophage,0.2,0.225,114
Myeloid (other),Macrophage,0.225,0.25,92
Myeloid (other),Macrophage,0.25,0.275,88
Myeloid (other),Macrophage,0.275,0.30000000000000004,50
Myeloid (other),Macrophage,0.30000000000000004,0.325,39
Myeloid (other),Macrophage,0.325,0.35000000000000003,20
Myeloid (other),Macrophage,0.35000000000000003,0.375,13
Myeloid (other),Macrophage,0.375,0.4,8
Myeloid (other),Macrophage,0.4,0.42500000000000004,11
Myeloid (other),Macrophage,0.42500000000000004,0.45,1
Myeloid (other),Macrophage,0.45,0.47500000000000003,2
Myeloid (other),Macrophage,0.47500000000000003,0.5,2
Myeloid (other),Macrophage,0.5,0.525,2
Myeloid (other),Macrophage,0.525,0.55,1
Myeloid (other),Macrophage,0.55,0.5750000000000001,0
Myeloid (other),Macrophage,0.5750000000000001,0.6000000000000001,1
Myeloid (other),Macrophage,0.6000000000000001,0.625,0
Myeloid (other),Macrophage,0.625,0.65,0
Myeloid (other),Macrophage,0.65,0.675,0
Myeloid (other),Macrophage,0.675,0.7000000000000001,0
Myeloid (other),Macrophage,0.7000000000000001,0.7250000000000001,0
Myeloid (other),Macrophage,0.7250000000000001,0.75,0
Myeloid (other),Macrophage,0.75,0.775,0
Myeloid (other),Macrophage,0.775,0.8,0
Myeloid (other),Macrophage,0.8,0.8250000000000001,0
Myeloid (other),Macrophage,0.8250000000000001,0.8500000000000001,0
Myeloid (other),Macrophage,0.8500000000000001,0.875,0
Myeloid (other),Macrophage,0.875,0.9,0
Myeloid (other),Macrophage,0.9,0.925,0
Myeloid (other),Macrophage,0.925,0.9500000000000001,0
Myeloid (other),Macrophage,0.9500000000000001,0.9750000000000001,0
Myeloid (other),Macrophage,0.9750000000000001,1.0,0
Myeloid (other),CD8 T,0.0,0.025,8783
Myeloid (other),CD8 T,0.025,0.05,808
Myeloid (other),CD8 T,0.05,0.07500000000000001,499
Myeloid (other),CD8 T,0.07500000000000001,0.1,206
Myeloid (other),CD8 T,0.1,0.125,104
Myeloid (other),CD8 T,0.125,0.15000000000000002,63
Myeloid (other),CD8 T,0.15000000000000002,0.17500000000000002,42
Myeloid (other),CD8 T,0.17500000000000002,0.2,18
Myeloid (other),CD8 T,0.2,0.225,18
Myeloid (other),CD8 T,0.225,0.25,11
Myeloid (other),CD8 T,0.25,0.275,4
Myeloid (other),CD8 T,0.275,0.30000000000000004,7
Myeloid (other),CD8 T,0.30000000000000004,0.325,5
Myeloid (other),CD8 T,0.325,0.35000000000000003,3
Myeloid (other),CD8 T,0.35000000000000003,0.375,3
Myeloid (other),CD8 T,0.375,0.4,2
Myeloid (other),CD8 T,0.4,0.42500000000000004,2
Myeloid (other),CD8 T,0.42500000000000004,0.45,3
Myeloid (other),CD8 T,0.45,0.47500000000000003,1
Myeloid (other),CD8 T,0.47500000000000003,0.5,1
Myeloid (other),CD8 T,0.5,0.525,1
Myeloid (other),CD8 T,0.525,0.55,0
Myeloid (other),CD8 T,0.55,0.5750000000000001,0
Myeloid (other),CD8 T,0.5750000000000001,0.6000000000000001,0
Myeloid (other),CD8 T,0.6000000000000001,0.625,0
Myeloid (other),CD8 T,0.625,0.65,1
Myeloid (other),CD8 T,0.65,0.675,1
Myeloid (other),CD8 T,0.675,0.7000000000000001,0
Myeloid (other),CD8 T,0.7000000000000001,0.7250000000000001,0
Myeloid (other),CD8 T,0.7250000000000001,0.75,1
Myeloid (other),CD8 T,0.75,0.775,0
Myeloid (other),CD8 T,0.775,0.8,0
Myeloid (other),CD8 T,0.8,0.8250000000000001,0
Myeloid (other),CD8 T,0.8250000000000001,0.8500000000000001,0
Myeloid (other),CD8 T,0.8500000000000001,0.875,1
Myeloid (other),CD8 T,0.875,0.9,0
Myeloid (other),CD8 T,0.9,0.925,0
Myeloid (other),CD8 T,0.925,0.9500000000000001,0
Myeloid (other),CD8 T,0.9500000000000001,0.9750000000000001,0
Myeloid (other),CD8 T,0.9750000000000001,1.0,0
Myeloid (other),CD4 T,0.0,0.025,9189
Myeloid (other),CD4 T,0.025,0.05,688
Myeloid (other),CD4 T,0.05,0.07500000000000001,345
Myeloid (other),CD4 T,0.07500000000000001,0.1,140
Myeloid (other),CD4 T,0.1,0.125,81
Myeloid (other),CD4 T,0.125,0.15000000000000002,57
Myeloid (other),CD4 T,0.15000000000000002,0.17500000000000002,29
Myeloid (other),CD4 T,0.17500000000000002,0.2,19
Myeloid (other),CD4 T,0.2,0.225,13
Myeloid (other),CD4 T,0.225,0.25,4
Myeloid (other),CD4 T,0.25,0.275,6
Myeloid (other),CD4 T,0.275,0.30000000000000004,3
Myeloid (other),CD4 T,0.30000000000000004,0.325,5
Myeloid (other),CD4 T,0.325,0.35000000000000003,2
Myeloid (other),CD4 T,0.35000000000000003,0.375,1
Myeloid (other),CD4 T,0.375,0.4,0
Myeloid (other),CD4 T,0.4,0.42500000000000004,2
Myeloid (other),CD4 T,0.42500000000000004,0.45,0
Myeloid (other),CD4 T,0.45,0.47500000000000003,0
Myeloid (other),CD4 T,0.47500000000000003,0.5,0
Myeloid (other),CD4 T,0.5,0.525,0
Myeloid (other),CD4 T,0.525,0.55,1
Myeloid (other),CD4 T,0.55,0.5750000000000001,1
Myeloid (other),CD4 T,0.5750000000000001,0.6000000000000001,1
Myeloid (other),CD4 T,0.6000000000000001,0.625,1
Myeloid (other),CD4 T,0.625,0.65,0
Myeloid (other),CD4 T,0.65,0.675,0
Myeloid (other),CD4 T,0.675,0.7000000000000001,0
Myeloid (other),CD4 T,0.7000000000000001,0.7250000000000001,0
Myeloid (other),CD4 T,0.7250000000000001,0.75,0
Myeloid (other),CD4 T,0.75,0.775,0
Myeloid (other),CD4 T,0.775,0.8,0
Myeloid (other),CD4 T,0.8,0.8250000000000001,0
Myeloid (other),CD4 T,0.8250000000000001,0.8500000000000001,0
Myeloid (other),CD4 T,0.8500000000000001,0.875,0
Myeloid (other),CD4 T,0.875,0.9,0
Myeloid (other),CD4 T,0.9,0.925,0
Myeloid (other),CD4 T,0.925,0.9500000000000001,0
Myeloid (other),CD4 T,0.9500000000000001,0.9750000000000001,0
Myeloid (other),CD4 T,0.9750000000000001,1.0,0
Myeloid (other),Treg,0.0,0.025,10332
Myeloid (other),Treg,0.025,0.05,154
Myeloid (other),Treg,0.05,0.07500000000000001,60
Myeloid (other),Treg,0.07500000000000001,0.1,18
Myeloid (other),Treg,0.1,0.125,13
Myeloid (other),Treg,0.125,0.15000000000000002,5
Myeloid (other),Treg,0.15000000000000002,0.17500000000000002,3
Myeloid (other),Treg,0.17500000000000002,0.2,1
Myeloid (other),Treg,0.2,0.225,1
Myeloid (other),Treg,0.225,0.25,1
Myeloid (other),Treg,0.25,0.275,0
Myeloid (other),Treg,0.275,0.30000000000000004,0
Myeloid (other),Treg,0.30000000000000004,0.325,0
Myeloid (other),Treg,0.325,0.35000000000000003,0
Myeloid (other),Treg,0.35000000000000003,0.375,0
Myeloid (other),Treg,0.375,0.4,0
Myeloid (other),Treg,0.4,0.42500000000000004,0
Myeloid (other),Treg,0.42500000000000004,0.45,0
Myeloid (other),Treg,0.45,0.47500000000000003,0
Myeloid (other),Treg,0.47500000000000003,0.5,0
Myeloid (other),Treg,0.5,0.525,0
Myeloid (other),Treg,0.525,0.55,0
Myeloid (other),Treg,0.55,0.5750000000000001,0
Myeloid (other),Treg,0.5750000000000001,0.6000000000000001,0
Myeloid (other),Treg,0.6000000000000001,0.625,0
Myeloid (other),Treg,0.625,0.65,0
Myeloid (other),Treg,0.65,0.675,0
Myeloid (other),Treg,0.675,0.7000000000000001,0
Myeloid (other),Treg,0.7000000000000001,0.7250000000000001,0
Myeloid (other),Treg,0.7250000000000001,0.75,0
Myeloid (other),Treg,0.75,0.775,0
Myeloid (other),Treg,0.775,0.8,0
Myeloid (other),Treg,0.8,0.8250000000000001,0
Myeloid (other),Treg,0.8250000000000001,0.8500000000000001,0
Myeloid (other),Treg,0.8500000000000001,0.875,0
Myeloid (other),Treg,0.875,0.9,0
Myeloid (other),Treg,0.9,0.925,0
Myeloid (other),Treg,0.925,0.9500000000000001,0
Myeloid (other),Treg,0.9500000000000001,0.9750000000000001,0
Myeloid (other),Treg,0.9750000000000001,1.0,0
Myeloid (other),B cell,0.0,0.025,9283
Myeloid (other),B cell,0.025,0.05,584
Myeloid (other),B cell,0.05,0.07500000000000001,278
Myeloid (other),B cell,0.07500000000000001,0.1,129
Myeloid (other),B cell,0.1,0.125,90
Myeloid (other),B cell,0.125,0.15000000000000002,52
Myeloid (other),B cell,0.15000000000000002,0.17500000000000002,36
Myeloid (other),B cell,0.17500000000000002,0.2,28
Myeloid (other),B cell,0.2,0.225,24
Myeloid (other),B cell,0.225,0.25,19
Myeloid (other),B cell,0.25,0.275,15
Myeloid (other),B cell,0.275,0.30000000000000004,11
Myeloid (other),B cell,0.30000000000000004,0.325,14
Myeloid (other),B cell,0.325,0.35000000000000003,7
Myeloid (other),B cell,0.35000000000000003,0.375,5
Myeloid (other),B cell,0.375,0.4,6
Myeloid (other),B cell,0.4,0.42500000000000004,3
Myeloid (other),B cell,0.42500000000000004,0.45,3
Myeloid (other),B cell,0.45,0.47500000000000003,0
Myeloid (other),B cell,0.47500000000000003,0.5,1
Myeloid (other),B cell,0.5,0.525,0
Myeloid (other),B cell,0.525,0.55,0
Myeloid (other),B cell,0.55,0.5750000000000001,0
Myeloid (other),B cell,0.5750000000000001,0.6000000000000001,0
Myeloid (other),B cell,0.6000000000000001,0.625,0
Myeloid (other),B cell,0.625,0.65,0
Myeloid (other),B cell,0.65,0.675,0
Myeloid (other),B cell,0.675,0.7000000000000001,0
Myeloid (other),B cell,0.7000000000000001,0.7250000000000001,0
Myeloid (other),B cell,0.7250000000000001,0.75,0
Myeloid (other),B cell,0.75,0.775,0
Myeloid (other),B cell,0.775,0.8,0
Myeloid (other),B cell,0.8,0.8250000000000001,0
Myeloid (other),B cell,0.8250000000000001,0.8500000000000001,0
Myeloid (other),B cell,0.8500000000000001,0.875,0
Myeloid (other),B cell,0.875,0.9,0
Myeloid (other),B cell,0.9,0.925,0
Myeloid (other),B cell,0.925,0.9500000000000001,0
Myeloid (other),B cell,0.9500000000000001,0.9750000000000001,0
Myeloid (other),B cell,0.9750000000000001,1.0,0
Myeloid (other),NK,0.0,0.025,9747
Myeloid (other),NK,0.025,0.05,540
Myeloid (other),NK,0.05,0.07500000000000001,186
Myeloid (other),NK,0.07500000000000001,0.1,57
Myeloid (other),NK,0.1,0.125,32
Myeloid (other),NK,0.125,0.15000000000000002,17
Myeloid (other),NK,0.15000000000000002,0.17500000000000002,7
Myeloid (other),NK,0.17500000000000002,0.2,1
Myeloid (other),NK,0.2,0.225,0
Myeloid (other),NK,0.225,0.25,1
Myeloid (other),NK,0.25,0.275,0
Myeloid (other),NK,0.275,0.30000000000000004,0
Myeloid (other),NK,0.30000000000000004,0.325,0
Myeloid (other),NK,0.325,0.35000000000000003,0
Myeloid (other),NK,0.35000000000000003,0.375,0
Myeloid (other),NK,0.375,0.4,0
Myeloid (other),NK,0.4,0.42500000000000004,0
Myeloid (other),NK,0.42500000000000004,0.45,0
Myeloid (other),NK,0.45,0.47500000000000003,0
Myeloid (other),NK,0.47500000000000003,0.5,0
Myeloid (other),NK,0.5,0.525,0
Myeloid (other),NK,0.525,0.55,0
Myeloid (other),NK,0.55,0.5750000000000001,0
Myeloid (other),NK,0.5750000000000001,0.6000000000000001,0
Myeloid (other),NK,0.6000000000000001,0.625,0
Myeloid (other),NK,0.625,0.65,0
Myeloid (other),NK,0.65,0.675,0
Myeloid (other),NK,0.675,0.7000000000000001,0
Myeloid (other),NK,0.7000000000000001,0.7250000000000001,0
Myeloid (other),NK,0.7250000000000001,0.75,0
Myeloid (other),NK,0.75,0.775,0
Myeloid (other),NK,0.775,0.8,0
Myeloid (other),NK,0.8,0.8250000000000001,0
Myeloid (other),NK,0.8250000000000001,0.8500000000000001,0
Myeloid (other),NK,0.8500000000000001,0.875,0
Myeloid (other),NK,0.875,0.9,0
Myeloid (other),NK,0.9,0.925,0
Myeloid (other),NK,0.925,0.9500000000000001,0
Myeloid (other),NK,0.9500000000000001,0.9750000000000001,0
Myeloid (other),NK,0.9750000000000001,1.0,0
Myeloid (other),Monocyte,0.0,0.025,6663
Myeloid (other),Monocyte,0.025,0.05,1461
Myeloid (other),Monocyte,0.05,0.07500000000000001,923
Myeloid (other),Monocyte,0.07500000000000001,0.1,516
Myeloid (other),Monocyte,0.1,0.125,325
Myeloid (other),Monocyte,0.125,0.15000000000000002,198
Myeloid (other),Monocyte,0.15000000000000002,0.17500000000000002,133
Myeloid (other),Monocyte,0.17500000000000002,0.2,94
Myeloid (other),Monocyte,0.2,0.225,72
Myeloid (other),Monocyte,0.225,0.25,47
Myeloid (other),Monocyte,0.25,0.275,41
Myeloid (other),Monocyte,0.275,0.30000000000000004,31
Myeloid (other),Monocyte,0.30000000000000004,0.325,20
Myeloid (other),Monocyte,0.325,0.35000000000000003,18
Myeloid (other),Monocyte,0.35000000000000003,0.375,10
Myeloid (other),Monocyte,0.375,0.4,10
Myeloid (other),Monocyte,0.4,0.42500000000000004,6
Myeloid (other),Monocyte,0.42500000000000004,0.45,5
Myeloid (other),Monocyte,0.45,0.47500000000000003,3
Myeloid (other),Monocyte,0.47500000000000003,0.5,8
Myeloid (other),Monocyte,0.5,0.525,2
Myeloid (other),Monocyte,0.525,0.55,1
Myeloid (other),Monocyte,0.55,0.5750000000000001,1
Myeloid (other),Monocyte,0.5750000000000001,0.6000000000000001,0
Myeloid (other),Monocyte,0.6000000000000001,0.625,0
Myeloid (other),Monocyte,0.625,0.65,0
Myeloid (other),Monocyte,0.65,0.675,0
Myeloid (other),Monocyte,0.675,0.7000000000000001,0
Myeloid (other),Monocyte,0.7000000000000001,0.7250000000000001,0
Myeloid (other),Monocyte,0.7250000000000001,0.75,0
Myeloid (other),Monocyte,0.75,0.775,0
Myeloid (other),Monocyte,0.775,0.8,0
Myeloid (other),Monocyte,0.8,0.8250000000000001,0
Myeloid (other),Monocyte,0.8250000000000001,0.8500000000000001,0
Myeloid (other),Monocyte,0.8500000000000001,0.875,0
Myeloid (other),Monocyte,0.875,0.9,0
Myeloid (other),Monocyte,0.9,0.925,0
Myeloid (other),Monocyte,0.925,0.9500000000000001,0
Myeloid (other),Monocyte,0.9500000000000001,0.9750000000000001,0
Myeloid (other),Monocyte,0.9750000000000001,1.0,0
Myeloid (other),DC,0.0,0.025,9563
Myeloid (other),DC,0.025,0.05,650
Myeloid (other),DC,0.05,0.07500000000000001,226
Myeloid (other),DC,0.07500000000000001,0.1,88
Myeloid (other),DC,0.1,0.125,37
Myeloid (other),DC,0.125,0.15000000000000002,11
Myeloid (other),DC,0.15000000000000002,0.17500000000000002,3
Myeloid (other),DC,0.17500000000000002,0.2,4
Myeloid (other),DC,0.2,0.225,2
Myeloid (other),DC,0.225,0.25,2
Myeloid (other),DC,0.25,0.275,1
Myeloid (other),DC,0.275,0.30000000000000004,0
Myeloid (other),DC,0.30000000000000004,0.325,0
Myeloid (other),DC,0.325,0.35000000000000003,0
Myeloid (other),DC,0.35000000000000003,0.375,0
Myeloid (other),DC,0.375,0.4,0
Myeloid (other),DC,0.4,0.42500000000000004,1
Myeloid (other),DC,0.42500000000000004,0.45,0
Myeloid (other),DC,0.45,0.47500000000000003,0
Myeloid (other),DC,0.47500000000000003,0.5,0
Myeloid (other),DC,0.5,0.525,0
Myeloid (other),DC,0.525,0.55,0
Myeloid (other),DC,0.55,0.5750000000000001,0
Myeloid (other),DC,0.5750000000000001,0.6000000000000001,0
Myeloid (other),DC,0.6000000000000001,0.625,0
Myeloid (other),DC,0.625,0.65,0
Myeloid (other),DC,0.65,0.675,0
Myeloid (other),DC,0.675,0.7000000000000001,0
Myeloid (other),DC,0.7000000000000001,0.7250000000000001,0
Myeloid (other),DC,0.7250000000000001,0.75,0
Myeloid (other),DC,0.75,0.775,0
Myeloid (other),DC,0.775,0.8,0
Myeloid (other),DC,0.8,0.8250000000000001,0
Myeloid (other),DC,0.8250000000000001,0.8500000000000001,0
Myeloid (other),DC,0.8500000000000001,0.875,0
Myeloid (other),DC,0.875,0.9,0
Myeloid (other),DC,0.9,0.925,0
Myeloid (other),DC,0.925,0.9500000000000001,0
Myeloid (other),DC,0.9500000000000001,0.9750000000000001,0
Myeloid (other),DC,0.9750000000000001,1.0,0
Myeloid (other),Myeloid (other),0.0,0.025,6141
Myeloid (other),Myeloid (other),0.025,0.05,1468
Myeloid (other),Myeloid (other),0.05,0.07500000000000001,1053
Myeloid (other),Myeloid (other),0.07500000000000001,0.1,578
Myeloid (other),Myeloid (other),0.1,0.125,405
Myeloid (other),Myeloid (other),0.125,0.15000000000000002,339
Myeloid (other),Myeloid (other),0.15000000000000002,0.17500000000000002,233
Myeloid (other),Myeloid (other),0.17500000000000002,0.2,143
Myeloid (other),Myeloid (other),0.2,0.225,96
Myeloid (other),Myeloid (other),0.225,0.25,55
Myeloid (other),Myeloid (other),0.25,0.275,36
Myeloid (other),Myeloid (other),0.275,0.30000000000000004,18
Myeloid (other),Myeloid (other),0.30000000000000004,0.325,8
Myeloid (other),Myeloid (other),0.325,0.35000000000000003,7
Myeloid (other),Myeloid (other),0.35000000000000003,0.375,2
Myeloid (other),Myeloid (other),0.375,0.4,1
Myeloid (other),Myeloid (other),0.4,0.42500000000000004,3
Myeloid (other),Myeloid (other),0.42500000000000004,0.45,1
Myeloid (other),Myeloid (other),0.45,0.47500000000000003,0
Myeloid (other),Myeloid (other),0.47500000000000003,0.5,0
Myeloid (other),Myeloid (other),0.5,0.525,0
Myeloid (other),Myeloid (other),0.525,0.55,0
Myeloid (other),Myeloid (other),0.55,0.5750000000000001,0
Myeloid (other),Myeloid (other),0.5750000000000001,0.6000000000000001,0
Myeloid (other),Myeloid (other),0.6000000000000001,0.625,0
Myeloid (other),Myeloid (other),0.625,0.65,0
Myeloid (other),Myeloid (other),0.65,0.675,0
Myeloid (other),Myeloid (other),0.675,0.7000000000000001,0
Myeloid (other),Myeloid (other),0.7000000000000001,0.7250000000000001,0
Myeloid (other),Myeloid (other),0.7250000000000001,0.75,1
Myeloid (other),Myeloid (other),0.75,0.775,0
Myeloid (other),Myeloid (other),0.775,0.8,0
Myeloid (other),Myeloid (other),0.8,0.8250000000000001,0
Myeloid (other),Myeloid (other),0.8250000000000001,0.8500000000000001,0
Myeloid (other),Myeloid (other),0.8500000000000001,0.875,0
Myeloid (other),Myeloid (other),0.875,0.9,0
Myeloid (other),Myeloid (other),0.9,0.925,0
Myeloid (other),Myeloid (other),0.925,0.9500000000000001,0
Myeloid (other),Myeloid (other),0.9500000000000001,0.9750000000000001,0
Myeloid (other),Myeloid (other),0.9750000000000001,1.0,0
Myeloid (other),Parenchyma,0.0,0.025,107
Myeloid (other),Parenchyma,0.025,0.05,29
Myeloid (other),Parenchyma,0.05,0.07500000000000001,27
Myeloid (other),Parenchyma,0.07500000000000001,0.1,30
Myeloid (other),Parenchyma,0.1,0.125,24
Myeloid (other),Parenchyma,0.125,0.15000000000000002,32
Myeloid (other),Parenchyma,0.15000000000000002,0.17500000000000002,45
Myeloid (other),Parenchyma,0.17500000000000002,0.2,46
Myeloid (other),Parenchyma,0.2,0.225,71
Myeloid (other),Parenchyma,0.225,0.25,73
Myeloid (other),Parenchyma,0.25,0.275,88
Myeloid (other),Parenchyma,0.275,0.30000000000000004,112
Myeloid (other),Parenchyma,0.30000000000000004,0.325,131
Myeloid (other),Parenchyma,0.325,0.35000000000000003,151
Myeloid (other),Parenchyma,0.35000000000000003,0.375,166
Myeloid (other),Parenchyma,0.375,0.4,188
Myeloid (other),Parenchyma,0.4,0.42500000000000004,212
Myeloid (other),Parenchyma,0.42500000000000004,0.45,256
Myeloid (other),Parenchyma,0.45,0.47500000000000003,276
Myeloid (other),Parenchyma,0.47500000000000003,0.5,279
Myeloid (other),Parenchyma,0.5,0.525,346
Myeloid (other),Parenchyma,0.525,0.55,367
Myeloid (other),Parenchyma,0.55,0.5750000000000001,434
Myeloid (other),Parenchyma,0.5750000000000001,0.6000000000000001,395
Myeloid (other),Parenchyma,0.6000000000000001,0.625,434
Myeloid (other),Parenchyma,0.625,0.65,505
Myeloid (other),Parenchyma,0.65,0.675,542
Myeloid (other),Parenchyma,0.675,0.7000000000000001,507
Myeloid (other),Parenchyma,0.7000000000000001,0.7250000000000001,513
Myeloid (other),Parenchyma,0.7250000000000001,0.75,531
Myeloid (other),Parenchyma,0.75,0.775,556
Myeloid (other),Parenchyma,0.775,0.8,551
Myeloid (other),Parenchyma,0.8,0.8250000000000001,509
Myeloid (other),Parenchyma,0.8250000000000001,0.8500000000000001,495
Myeloid (other),Parenchyma,0.8500000000000001,0.875,418
Myeloid (other),Parenchyma,0.875,0.9,380
Myeloid (other),Parenchyma,0.9,0.925,292
Myeloid (other),Parenchyma,0.925,0.9500000000000001,224
Myeloid (other),Parenchyma,0.9500000000000001,0.9750000000000001,157
Myeloid (other),Parenchyma,0.9750000000000001,1.0,89
Myeloid (other),ambiguous,0.0,0.025,9134
Myeloid (other),ambiguous,0.025,0.05,541
Myeloid (other),ambiguous,0.05,0.07500000000000001,308
Myeloid (other),ambiguous,0.07500000000000001,0.1,203
Myeloid (other),ambiguous,0.1,0.125,119
Myeloid (other),ambiguous,0.125,0.15000000000000002,92
Myeloid (other),ambiguous,0.15000000000000002,0.17500000000000002,66
Myeloid (other),ambiguous,0.17500000000000002,0.2,36
Myeloid (other),ambiguous,0.2,0.225,22
Myeloid (other),ambiguous,0.225,0.25,14
Myeloid (other),ambiguous,0.25,0.275,14
Myeloid (other),ambiguous,0.275,0.30000000000000004,9
Myeloid (other),ambiguous,0.30000000000000004,0.325,8
Myeloid (other),ambiguous,0.325,0.35000000000000003,6
Myeloid (other),ambiguous,0.35000000000000003,0.375,6
Myeloid (other),ambiguous,0.375,0.4,3
Myeloid (other),ambiguous,0.4,0.42500000000000004,2
Myeloid (other),ambiguous,0.42500000000000004,0.45,1
Myeloid (other),ambiguous,0.45,0.47500000000000003,1
Myeloid (other),ambiguous,0.47500000000000003,0.5,0
Myeloid (other),ambiguous,0.5,0.525,0
Myeloid (other),ambiguous,0.525,0.55,0
Myeloid (other),ambiguous,0.55,0.5750000000000001,2
Myeloid (other),ambiguous,0.5750000000000001,0.6000000000000001,0
Myeloid (other),ambiguous,0.6000000000000001,0.625,0
Myeloid (other),ambiguous,0.625,0.65,0
Myeloid (other),ambiguous,0.65,0.675,0
Myeloid (other),ambiguous,0.675,0.7000000000000001,0
Myeloid (other),ambiguous,0.7000000000000001,0.7250000000000001,0
Myeloid (other),ambiguous,0.7250000000000001,0.75,0
Myeloid (other),ambiguous,0.75,0.775,1
Myeloid (other),ambiguous,0.775,0.8,0
Myeloid (other),ambiguous,0.8,0.8250000000000001,0
Myeloid (other),ambiguous,0.8250000000000001,0.8500000000000001,0
Myeloid (other),ambiguous,0.8500000000000001,0.875,0
Myeloid (other),ambiguous,0.875,0.9,0
Myeloid (other),ambiguous,0.9,0.925,0
Myeloid (other),ambiguous,0.925,0.9500000000000001,0
Myeloid (other),ambiguous,0.9500000000000001,0.9750000000000001,0
Myeloid (other),ambiguous,0.9750000000000001,1.0,0
Parenchyma,Endothelial,0.0,0.025,449398
Parenchyma,Endothelial,0.025,0.05,315829
Parenchyma,Endothelial,0.05,0.07500000000000001,254470
Parenchyma,Endothelial,0.07500000000000001,0.1,165906
Parenchyma,Endothelial,0.1,0.125,102935
Parenchyma,Endothelial,0.125,0.15000000000000002,62766
Parenchyma,Endothelial,0.15000000000000002,0.17500000000000002,38299
Parenchyma,Endothelial,0.17500000000000002,0.2,23575
Parenchyma,Endothelial,0.2,0.225,14318
Parenchyma,Endothelial,0.225,0.25,9341
Parenchyma,Endothelial,0.25,0.275,6025
Parenchyma,Endothelial,0.275,0.30000000000000004,4268
Parenchyma,Endothelial,0.30000000000000004,0.325,3060
Parenchyma,Endothelial,0.325,0.35000000000000003,2334
Parenchyma,Endothelial,0.35000000000000003,0.375,1647
Parenchyma,Endothelial,0.375,0.4,1416
Parenchyma,Endothelial,0.4,0.42500000000000004,1145
Parenchyma,Endothelial,0.42500000000000004,0.45,881
Parenchyma,Endothelial,0.45,0.47500000000000003,735
Parenchyma,Endothelial,0.47500000000000003,0.5,583
Parenchyma,Endothelial,0.5,0.525,466
Parenchyma,Endothelial,0.525,0.55,403
Parenchyma,Endothelial,0.55,0.5750000000000001,313
Parenchyma,Endothelial,0.5750000000000001,0.6000000000000001,279
Parenchyma,Endothelial,0.6000000000000001,0.625,244
Parenchyma,Endothelial,0.625,0.65,170
Parenchyma,Endothelial,0.65,0.675,141
Parenchyma,Endothelial,0.675,0.7000000000000001,131
Parenchyma,Endothelial,0.7000000000000001,0.7250000000000001,102
Parenchyma,Endothelial,0.7250000000000001,0.75,92
Parenchyma,Endothelial,0.75,0.775,68
Parenchyma,Endothelial,0.775,0.8,66
Parenchyma,Endothelial,0.8,0.8250000000000001,43
Parenchyma,Endothelial,0.8250000000000001,0.8500000000000001,42
Parenchyma,Endothelial,0.8500000000000001,0.875,25
Parenchyma,Endothelial,0.875,0.9,38
Parenchyma,Endothelial,0.9,0.925,30
Parenchyma,Endothelial,0.925,0.9500000000000001,21
Parenchyma,Endothelial,0.9500000000000001,0.9750000000000001,17
Parenchyma,Endothelial,0.9750000000000001,1.0,18
Parenchyma,Fibroblast,0.0,0.025,543961
Parenchyma,Fibroblast,0.025,0.05,142923
Parenchyma,Fibroblast,0.05,0.07500000000000001,111744
Parenchyma,Fibroblast,0.07500000000000001,0.1,95360
Parenchyma,Fibroblast,0.1,0.125,85951
Parenchyma,Fibroblast,0.125,0.15000000000000002,77182
Parenchyma,Fibroblast,0.15000000000000002,0.17500000000000002,69207
Parenchyma,Fibroblast,0.17500000000000002,0.2,60798
Parenchyma,Fibroblast,0.2,0.225,52990
Parenchyma,Fibroblast,0.225,0.25,45035
Parenchyma,Fibroblast,0.25,0.275,37663
Parenchyma,Fibroblast,0.275,0.30000000000000004,31293
Parenchyma,Fibroblast,0.30000000000000004,0.325,25533
Parenchyma,Fibroblast,0.325,0.35000000000000003,20563
Parenchyma,Fibroblast,0.35000000000000003,0.375,16050
Parenchyma,Fibroblast,0.375,0.4,12190
Parenchyma,Fibroblast,0.4,0.42500000000000004,9474
Parenchyma,Fibroblast,0.42500000000000004,0.45,6984
Parenchyma,Fibroblast,0.45,0.47500000000000003,4979
Parenchyma,Fibroblast,0.47500000000000003,0.5,3544
Parenchyma,Fibroblast,0.5,0.525,2563
Parenchyma,Fibroblast,0.525,0.55,1833
Parenchyma,Fibroblast,0.55,0.5750000000000001,1259
Parenchyma,Fibroblast,0.5750000000000001,0.6000000000000001,833
Parenchyma,Fibroblast,0.6000000000000001,0.625,549
Parenchyma,Fibroblast,0.625,0.65,345
Parenchyma,Fibroblast,0.65,0.675,247
Parenchyma,Fibroblast,0.675,0.7000000000000001,174
Parenchyma,Fibroblast,0.7000000000000001,0.7250000000000001,99
Parenchyma,Fibroblast,0.7250000000000001,0.75,82
Parenchyma,Fibroblast,0.75,0.775,69
Parenchyma,Fibroblast,0.775,0.8,32
Parenchyma,Fibroblast,0.8,0.8250000000000001,30
Parenchyma,Fibroblast,0.8250000000000001,0.8500000000000001,18
Parenchyma,Fibroblast,0.8500000000000001,0.875,20
Parenchyma,Fibroblast,0.875,0.9,15
Parenchyma,Fibroblast,0.9,0.925,12
Parenchyma,Fibroblast,0.925,0.9500000000000001,16
Parenchyma,Fibroblast,0.9500000000000001,0.9750000000000001,8
Parenchyma,Fibroblast,0.9750000000000001,1.0,11
Parenchyma,Macrophage,0.0,0.025,1084278
Parenchyma,Macrophage,0.025,0.05,171013
Parenchyma,Macrophage,0.05,0.07500000000000001,87470
Parenchyma,Macrophage,0.07500000000000001,0.1,46456
Parenchyma,Macrophage,0.1,0.125,26883
Parenchyma,Macrophage,0.125,0.15000000000000002,16232
Parenchyma,Macrophage,0.15000000000000002,0.17500000000000002,9933
Parenchyma,Macrophage,0.17500000000000002,0.2,6659
Parenchyma,Macrophage,0.2,0.225,4195
Parenchyma,Macrophage,0.225,0.25,2920
Parenchyma,Macrophage,0.25,0.275,1832
Parenchyma,Macrophage,0.275,0.30000000000000004,1281
Parenchyma,Macrophage,0.30000000000000004,0.325,839
Parenchyma,Macrophage,0.325,0.35000000000000003,565
Parenchyma,Macrophage,0.35000000000000003,0.375,374
Parenchyma,Macrophage,0.375,0.4,233
Parenchyma,Macrophage,0.4,0.42500000000000004,157
Parenchyma,Macrophage,0.42500000000000004,0.45,112
Parenchyma,Macrophage,0.45,0.47500000000000003,62
Parenchyma,Macrophage,0.47500000000000003,0.5,44
Parenchyma,Macrophage,0.5,0.525,38
Parenchyma,Macrophage,0.525,0.55,26
Parenchyma,Macrophage,0.55,0.5750000000000001,7
Parenchyma,Macrophage,0.5750000000000001,0.6000000000000001,15
Parenchyma,Macrophage,0.6000000000000001,0.625,6
Parenchyma,Macrophage,0.625,0.65,3
Parenchyma,Macrophage,0.65,0.675,2
Parenchyma,Macrophage,0.675,0.7000000000000001,2
Parenchyma,Macrophage,0.7000000000000001,0.7250000000000001,0
Parenchyma,Macrophage,0.7250000000000001,0.75,0
Parenchyma,Macrophage,0.75,0.775,0
Parenchyma,Macrophage,0.775,0.8,1
Parenchyma,Macrophage,0.8,0.8250000000000001,0
Parenchyma,Macrophage,0.8250000000000001,0.8500000000000001,0
Parenchyma,Macrophage,0.8500000000000001,0.875,1
Parenchyma,Macrophage,0.875,0.9,0
Parenchyma,Macrophage,0.9,0.925,0
Parenchyma,Macrophage,0.925,0.9500000000000001,0
Parenchyma,Macrophage,0.9500000000000001,0.9750000000000001,0
Parenchyma,Macrophage,0.9750000000000001,1.0,1
Parenchyma,CD8 T,0.0,0.025,1328997
Parenchyma,CD8 T,0.025,0.05,84513
Parenchyma,CD8 T,0.05,0.07500000000000001,29826
Parenchyma,CD8 T,0.07500000000000001,0.1,10208
Parenchyma,CD8 T,0.1,0.125,4023
Parenchyma,CD8 T,0.125,0.15000000000000002,1784
Parenchyma,CD8 T,0.15000000000000002,0.17500000000000002,877
Parenchyma,CD8 T,0.17500000000000002,0.2,513
Parenchyma,CD8 T,0.2,0.225,329
Parenchyma,CD8 T,0.225,0.25,202
Parenchyma,CD8 T,0.25,0.275,107
Parenchyma,CD8 T,0.275,0.30000000000000004,74
Parenchyma,CD8 T,0.30000000000000004,0.325,62
Parenchyma,CD8 T,0.325,0.35000000000000003,31
Parenchyma,CD8 T,0.35000000000000003,0.375,29
Parenchyma,CD8 T,0.375,0.4,19
Parenchyma,CD8 T,0.4,0.42500000000000004,7
Parenchyma,CD8 T,0.42500000000000004,0.45,4
Parenchyma,CD8 T,0.45,0.47500000000000003,11
Parenchyma,CD8 T,0.47500000000000003,0.5,9
Parenchyma,CD8 T,0.5,0.525,3
Parenchyma,CD8 T,0.525,0.55,4
Parenchyma,CD8 T,0.55,0.5750000000000001,2
Parenchyma,CD8 T,0.5750000000000001,0.6000000000000001,1
Parenchyma,CD8 T,0.6000000000000001,0.625,2
Parenchyma,CD8 T,0.625,0.65,0
Parenchyma,CD8 T,0.65,0.675,0
Parenchyma,CD8 T,0.675,0.7000000000000001,0
Parenchyma,CD8 T,0.7000000000000001,0.7250000000000001,1
Parenchyma,CD8 T,0.7250000000000001,0.75,0
Parenchyma,CD8 T,0.75,0.775,1
Parenchyma,CD8 T,0.775,0.8,0
Parenchyma,CD8 T,0.8,0.8250000000000001,0
Parenchyma,CD8 T,0.8250000000000001,0.8500000000000001,0
Parenchyma,CD8 T,0.8500000000000001,0.875,0
Parenchyma,CD8 T,0.875,0.9,0
Parenchyma,CD8 T,0.9,0.925,0
Parenchyma,CD8 T,0.925,0.9500000000000001,0
Parenchyma,CD8 T,0.9500000000000001,0.9750000000000001,0
Parenchyma,CD8 T,0.9750000000000001,1.0,0
Parenchyma,CD4 T,0.0,0.025,1397644
Parenchyma,CD4 T,0.025,0.05,42162
Parenchyma,CD4 T,0.05,0.07500000000000001,13453
Parenchyma,CD4 T,0.07500000000000001,0.1,4628
Parenchyma,CD4 T,0.1,0.125,1824
Parenchyma,CD4 T,0.125,0.15000000000000002,860
Parenchyma,CD4 T,0.15000000000000002,0.17500000000000002,466
Parenchyma,CD4 T,0.17500000000000002,0.2,213
Parenchyma,CD4 T,0.2,0.225,140
Parenchyma,CD4 T,0.225,0.25,91
Parenchyma,CD4 T,0.25,0.275,50
Parenchyma,CD4 T,0.275,0.30000000000000004,29
Parenchyma,CD4 T,0.30000000000000004,0.325,23
Parenchyma,CD4 T,0.325,0.35000000000000003,12
Parenchyma,CD4 T,0.35000000000000003,0.375,10
Parenchyma,CD4 T,0.375,0.4,11
Parenchyma,CD4 T,0.4,0.42500000000000004,7
Parenchyma,CD4 T,0.42500000000000004,0.45,4
Parenchyma,CD4 T,0.45,0.47500000000000003,2
Parenchyma,CD4 T,0.47500000000000003,0.5,3
Parenchyma,CD4 T,0.5,0.525,3
Parenchyma,CD4 T,0.525,0.55,0
Parenchyma,CD4 T,0.55,0.5750000000000001,0
Parenchyma,CD4 T,0.5750000000000001,0.6000000000000001,1
Parenchyma,CD4 T,0.6000000000000001,0.625,1
Parenchyma,CD4 T,0.625,0.65,1
Parenchyma,CD4 T,0.65,0.675,1
Parenchyma,CD4 T,0.675,0.7000000000000001,0
Parenchyma,CD4 T,0.7000000000000001,0.7250000000000001,0
Parenchyma,CD4 T,0.7250000000000001,0.75,1
Parenchyma,CD4 T,0.75,0.775,0
Parenchyma,CD4 T,0.775,0.8,0
Parenchyma,CD4 T,0.8,0.8250000000000001,0
Parenchyma,CD4 T,0.8250000000000001,0.8500000000000001,0
Parenchyma,CD4 T,0.8500000000000001,0.875,0
Parenchyma,CD4 T,0.875,0.9,0
Parenchyma,CD4 T,0.9,0.925,0
Parenchyma,CD4 T,0.925,0.9500000000000001,0
Parenchyma,CD4 T,0.9500000000000001,0.9750000000000001,0
Parenchyma,CD4 T,0.9750000000000001,1.0,0
Parenchyma,Treg,0.0,0.025,1448496
Parenchyma,Treg,0.025,0.05,8751
Parenchyma,Treg,0.05,0.07500000000000001,2619
Parenchyma,Treg,0.07500000000000001,0.1,846
Parenchyma,Treg,0.1,0.125,329
Parenchyma,Treg,0.125,0.15000000000000002,195
Parenchyma,Treg,0.15000000000000002,0.17500000000000002,121
Parenchyma,Treg,0.17500000000000002,0.2,64
Parenchyma,Treg,0.2,0.225,47
Parenchyma,Treg,0.225,0.25,45
Parenchyma,Treg,0.25,0.275,25
Parenchyma,Treg,0.275,0.30000000000000004,28
Parenchyma,Treg,0.30000000000000004,0.325,19
Parenchyma,Treg,0.325,0.35000000000000003,13
Parenchyma,Treg,0.35000000000000003,0.375,10
Parenchyma,Treg,0.375,0.4,4
Parenchyma,Treg,0.4,0.42500000000000004,4
Parenchyma,Treg,0.42500000000000004,0.45,5
Parenchyma,Treg,0.45,0.47500000000000003,7
Parenchyma,Treg,0.47500000000000003,0.5,3
Parenchyma,Treg,0.5,0.525,2
Parenchyma,Treg,0.525,0.55,1
Parenchyma,Treg,0.55,0.5750000000000001,3
Parenchyma,Treg,0.5750000000000001,0.6000000000000001,1
Parenchyma,Treg,0.6000000000000001,0.625,0
Parenchyma,Treg,0.625,0.65,0
Parenchyma,Treg,0.65,0.675,1
Parenchyma,Treg,0.675,0.7000000000000001,0
Parenchyma,Treg,0.7000000000000001,0.7250000000000001,0
Parenchyma,Treg,0.7250000000000001,0.75,0
Parenchyma,Treg,0.75,0.775,0
Parenchyma,Treg,0.775,0.8,0
Parenchyma,Treg,0.8,0.8250000000000001,0
Parenchyma,Treg,0.8250000000000001,0.8500000000000001,0
Parenchyma,Treg,0.8500000000000001,0.875,0
Parenchyma,Treg,0.875,0.9,1
Parenchyma,Treg,0.9,0.925,0
Parenchyma,Treg,0.925,0.9500000000000001,0
Parenchyma,Treg,0.9500000000000001,0.9750000000000001,0
Parenchyma,Treg,0.9750000000000001,1.0,0
Parenchyma,B cell,0.0,0.025,1424568
Parenchyma,B cell,0.025,0.05,24634
Parenchyma,B cell,0.05,0.07500000000000001,7522
Parenchyma,B cell,0.07500000000000001,0.1,2420
Parenchyma,B cell,0.1,0.125,1086
Parenchyma,B cell,0.125,0.15000000000000002,492
Parenchyma,B cell,0.15000000000000002,0.17500000000000002,304
Parenchyma,B cell,0.17500000000000002,0.2,186
Parenchyma,B cell,0.2,0.225,135
Parenchyma,B cell,0.225,0.25,90
Parenchyma,B cell,0.25,0.275,71
Parenchyma,B cell,0.275,0.30000000000000004,47
Parenchyma,B cell,0.30000000000000004,0.325,28
Parenchyma,B cell,0.325,0.35000000000000003,16
Parenchyma,B cell,0.35000000000000003,0.375,11
Parenchyma,B cell,0.375,0.4,13
Parenchyma,B cell,0.4,0.42500000000000004,2
Parenchyma,B cell,0.42500000000000004,0.45,4
Parenchyma,B cell,0.45,0.47500000000000003,5
Parenchyma,B cell,0.47500000000000003,0.5,3
Parenchyma,B cell,0.5,0.525,0
Parenchyma,B cell,0.525,0.55,0
Parenchyma,B cell,0.55,0.5750000000000001,0
Parenchyma,B cell,0.5750000000000001,0.6000000000000001,1
Parenchyma,B cell,0.6000000000000001,0.625,0
Parenchyma,B cell,0.625,0.65,1
Parenchyma,B cell,0.65,0.675,0
Parenchyma,B cell,0.675,0.7000000000000001,0
Parenchyma,B cell,0.7000000000000001,0.7250000000000001,0
Parenchyma,B cell,0.7250000000000001,0.75,0
Parenchyma,B cell,0.75,0.775,0
Parenchyma,B cell,0.775,0.8,0
Parenchyma,B cell,0.8,0.8250000000000001,0
Parenchyma,B cell,0.8250000000000001,0.8500000000000001,0
Parenchyma,B cell,0.8500000000000001,0.875,0
Parenchyma,B cell,0.875,0.9,0
Parenchyma,B cell,0.9,0.925,0
Parenchyma,B cell,0.925,0.9500000000000001,0
Parenchyma,B cell,0.9500000000000001,0.9750000000000001,1
Parenchyma,B cell,0.9750000000000001,1.0,0
Parenchyma,NK,0.0,0.025,1406647
Parenchyma,NK,0.025,0.05,39127
Parenchyma,NK,0.05,0.07500000000000001,10595
Parenchyma,NK,0.07500000000000001,0.1,3307
Parenchyma,NK,0.1,0.125,1134
Parenchyma,NK,0.125,0.15000000000000002,453
Parenchyma,NK,0.15000000000000002,0.17500000000000002,176
Parenchyma,NK,0.17500000000000002,0.2,90
Parenchyma,NK,0.2,0.225,45
Parenchyma,NK,0.225,0.25,27
Parenchyma,NK,0.25,0.275,7
Parenchyma,NK,0.275,0.30000000000000004,11
Parenchyma,NK,0.30000000000000004,0.325,8
Parenchyma,NK,0.325,0.35000000000000003,3
Parenchyma,NK,0.35000000000000003,0.375,2
Parenchyma,NK,0.375,0.4,3
Parenchyma,NK,0.4,0.42500000000000004,2
Parenchyma,NK,0.42500000000000004,0.45,1
Parenchyma,NK,0.45,0.47500000000000003,1
Parenchyma,NK,0.47500000000000003,0.5,0
Parenchyma,NK,0.5,0.525,0
Parenchyma,NK,0.525,0.55,0
Parenchyma,NK,0.55,0.5750000000000001,0
Parenchyma,NK,0.5750000000000001,0.6000000000000001,1
Parenchyma,NK,0.6000000000000001,0.625,0
Parenchyma,NK,0.625,0.65,0
Parenchyma,NK,0.65,0.675,0
Parenchyma,NK,0.675,0.7000000000000001,0
Parenchyma,NK,0.7000000000000001,0.7250000000000001,0
Parenchyma,NK,0.7250000000000001,0.75,0
Parenchyma,NK,0.75,0.775,0
Parenchyma,NK,0.775,0.8,0
Parenchyma,NK,0.8,0.8250000000000001,0
Parenchyma,NK,0.8250000000000001,0.8500000000000001,0
Parenchyma,NK,0.8500000000000001,0.875,0
Parenchyma,NK,0.875,0.9,0
Parenchyma,NK,0.9,0.925,0
Parenchyma,NK,0.925,0.9500000000000001,0
Parenchyma,NK,0.9500000000000001,0.9750000000000001,0
Parenchyma,NK,0.9750000000000001,1.0,0
Parenchyma,Monocyte,0.0,0.025,1242772
Parenchyma,Monocyte,0.025,0.05,122123
Parenchyma,Monocyte,0.05,0.07500000000000001,50425
Parenchyma,Monocyte,0.07500000000000001,0.1,22218
Parenchyma,Monocyte,0.1,0.125,10582
Parenchyma,Monocyte,0.125,0.15000000000000002,5537
Parenchyma,Monocyte,0.15000000000000002,0.17500000000000002,3013
Parenchyma,Monocyte,0.17500000000000002,0.2,1723
Parenchyma,Monocyte,0.2,0.225,1039
Parenchyma,Monocyte,0.225,0.25,703
Parenchyma,Monocyte,0.25,0.275,433
Parenchyma,Monocyte,0.275,0.30000000000000004,338
Parenchyma,Monocyte,0.30000000000000004,0.325,202
Parenchyma,Monocyte,0.325,0.35000000000000003,157
Parenchyma,Monocyte,0.35000000000000003,0.375,128
Parenchyma,Monocyte,0.375,0.4,88
Parenchyma,Monocyte,0.4,0.42500000000000004,65
Parenchyma,Monocyte,0.42500000000000004,0.45,33
Parenchyma,Monocyte,0.45,0.47500000000000003,20
Parenchyma,Monocyte,0.47500000000000003,0.5,14
Parenchyma,Monocyte,0.5,0.525,7
Parenchyma,Monocyte,0.525,0.55,3
Parenchyma,Monocyte,0.55,0.5750000000000001,7
Parenchyma,Monocyte,0.5750000000000001,0.6000000000000001,2
Parenchyma,Monocyte,0.6000000000000001,0.625,2
Parenchyma,Monocyte,0.625,0.65,2
Parenchyma,Monocyte,0.65,0.675,1
Parenchyma,Monocyte,0.675,0.7000000000000001,0
Parenchyma,Monocyte,0.7000000000000001,0.7250000000000001,2
Parenchyma,Monocyte,0.7250000000000001,0.75,0
Parenchyma,Monocyte,0.75,0.775,0
Parenchyma,Monocyte,0.775,0.8,0
Parenchyma,Monocyte,0.8,0.8250000000000001,0
Parenchyma,Monocyte,0.8250000000000001,0.8500000000000001,0
Parenchyma,Monocyte,0.8500000000000001,0.875,0
Parenchyma,Monocyte,0.875,0.9,0
Parenchyma,Monocyte,0.9,0.925,0
Parenchyma,Monocyte,0.925,0.9500000000000001,0
Parenchyma,Monocyte,0.9500000000000001,0.9750000000000001,1
Parenchyma,Monocyte,0.9750000000000001,1.0,0
Parenchyma,DC,0.0,0.025,1428998
Parenchyma,DC,0.025,0.05,24371
Parenchyma,DC,0.05,0.07500000000000001,5849
Parenchyma,DC,0.07500000000000001,0.1,1582
Parenchyma,DC,0.1,0.125,481
Parenchyma,DC,0.125,0.15000000000000002,181
Parenchyma,DC,0.15000000000000002,0.17500000000000002,91
Parenchyma,DC,0.17500000000000002,0.2,42
Parenchyma,DC,0.2,0.225,17
Parenchyma,DC,0.225,0.25,9
Parenchyma,DC,0.25,0.275,8
Parenchyma,DC,0.275,0.30000000000000004,3
Parenchyma,DC,0.30000000000000004,0.325,3
Parenchyma,DC,0.325,0.35000000000000003,1
Parenchyma,DC,0.35000000000000003,0.375,1
Parenchyma,DC,0.375,0.4,1
Parenchyma,DC,0.4,0.42500000000000004,1
Parenchyma,DC,0.42500000000000004,0.45,0
Parenchyma,DC,0.45,0.47500000000000003,0
Parenchyma,DC,0.47500000000000003,0.5,1
Parenchyma,DC,0.5,0.525,0
Parenchyma,DC,0.525,0.55,0
Parenchyma,DC,0.55,0.5750000000000001,0
Parenchyma,DC,0.5750000000000001,0.6000000000000001,0
Parenchyma,DC,0.6000000000000001,0.625,0
Parenchyma,DC,0.625,0.65,0
Parenchyma,DC,0.65,0.675,0
Parenchyma,DC,0.675,0.7000000000000001,0
Parenchyma,DC,0.7000000000000001,0.7250000000000001,0
Parenchyma,DC,0.7250000000000001,0.75,0
Parenchyma,DC,0.75,0.775,0
Parenchyma,DC,0.775,0.8,0
Parenchyma,DC,0.8,0.8250000000000001,0
Parenchyma,DC,0.8250000000000001,0.8500000000000001,0
Parenchyma,DC,0.8500000000000001,0.875,0
Parenchyma,DC,0.875,0.9,0
Parenchyma,DC,0.9,0.925,0
Parenchyma,DC,0.925,0.9500000000000001,0
Parenchyma,DC,0.9500000000000001,0.9750000000000001,0
Parenchyma,DC,0.9750000000000001,1.0,0
Parenchyma,Myeloid (other),0.0,0.025,1367724
Parenchyma,Myeloid (other),0.025,0.05,60040
Parenchyma,Myeloid (other),0.05,0.07500000000000001,19851
Parenchyma,Myeloid (other),0.07500000000000001,0.1,7215
Parenchyma,Myeloid (other),0.1,0.125,3038
Parenchyma,Myeloid (other),0.125,0.15000000000000002,1620
Parenchyma,Myeloid (other),0.15000000000000002,0.17500000000000002,959
Parenchyma,Myeloid (other),0.17500000000000002,0.2,514
Parenchyma,Myeloid (other),0.2,0.225,318
Parenchyma,Myeloid (other),0.225,0.25,170
Parenchyma,Myeloid (other),0.25,0.275,95
Parenchyma,Myeloid (other),0.275,0.30000000000000004,36
Parenchyma,Myeloid (other),0.30000000000000004,0.325,24
Parenchyma,Myeloid (other),0.325,0.35000000000000003,13
Parenchyma,Myeloid (other),0.35000000000000003,0.375,8
Parenchyma,Myeloid (other),0.375,0.4,6
Parenchyma,Myeloid (other),0.4,0.42500000000000004,2
Parenchyma,Myeloid (other),0.42500000000000004,0.45,1
Parenchyma,Myeloid (other),0.45,0.47500000000000003,2
Parenchyma,Myeloid (other),0.47500000000000003,0.5,1
Parenchyma,Myeloid (other),0.5,0.525,0
Parenchyma,Myeloid (other),0.525,0.55,0
Parenchyma,Myeloid (other),0.55,0.5750000000000001,0
Parenchyma,Myeloid (other),0.5750000000000001,0.6000000000000001,0
Parenchyma,Myeloid (other),0.6000000000000001,0.625,0
Parenchyma,Myeloid (other),0.625,0.65,2
Parenchyma,Myeloid (other),0.65,0.675,0
Parenchyma,Myeloid (other),0.675,0.7000000000000001,1
Parenchyma,Myeloid (other),0.7000000000000001,0.7250000000000001,0
Parenchyma,Myeloid (other),0.7250000000000001,0.75,0
Parenchyma,Myeloid (other),0.75,0.775,0
Parenchyma,Myeloid (other),0.775,0.8,0
Parenchyma,Myeloid (other),0.8,0.8250000000000001,0
Parenchyma,Myeloid (other),0.8250000000000001,0.8500000000000001,0
Parenchyma,Myeloid (other),0.8500000000000001,0.875,0
Parenchyma,Myeloid (other),0.875,0.9,0
Parenchyma,Myeloid (other),0.9,0.925,0
Parenchyma,Myeloid (other),0.925,0.9500000000000001,0
Parenchyma,Myeloid (other),0.9500000000000001,0.9750000000000001,0
Parenchyma,Myeloid (other),0.9750000000000001,1.0,0
Parenchyma,Parenchyma,0.0,0.025,176
Parenchyma,Parenchyma,0.025,0.05,108
Parenchyma,Parenchyma,0.05,0.07500000000000001,139
Parenchyma,Parenchyma,0.07500000000000001,0.1,150
Parenchyma,Parenchyma,0.1,0.125,210
Parenchyma,Parenchyma,0.125,0.15000000000000002,287
Parenchyma,Parenchyma,0.15000000000000002,0.17500000000000002,406
Parenchyma,Parenchyma,0.17500000000000002,0.2,512
Parenchyma,Parenchyma,0.2,0.225,748
Parenchyma,Parenchyma,0.225,0.25,983
Parenchyma,Parenchyma,0.25,0.275,1365
Parenchyma,Parenchyma,0.275,0.30000000000000004,1973
Parenchyma,Parenchyma,0.30000000000000004,0.325,2705
Parenchyma,Parenchyma,0.325,0.35000000000000003,3601
Parenchyma,Parenchyma,0.35000000000000003,0.375,4751
Parenchyma,Parenchyma,0.375,0.4,6118
Parenchyma,Parenchyma,0.4,0.42500000000000004,8051
Parenchyma,Parenchyma,0.42500000000000004,0.45,10309
Parenchyma,Parenchyma,0.45,0.47500000000000003,12884
Parenchyma,Parenchyma,0.47500000000000003,0.5,15930
Parenchyma,Parenchyma,0.5,0.525,19613
Parenchyma,Parenchyma,0.525,0.55,23805
Parenchyma,Parenchyma,0.55,0.5750000000000001,28522
Parenchyma,Parenchyma,0.5750000000000001,0.6000000000000001,33295
Parenchyma,Parenchyma,0.6000000000000001,0.625,39130
Parenchyma,Parenchyma,0.625,0.65,45549
Parenchyma,Parenchyma,0.65,0.675,52257
Parenchyma,Parenchyma,0.675,0.7000000000000001,59808
Parenchyma,Parenchyma,0.7000000000000001,0.7250000000000001,68098
Parenchyma,Parenchyma,0.7250000000000001,0.75,75856
Parenchyma,Parenchyma,0.75,0.775,84799
Parenchyma,Parenchyma,0.775,0.8,93666
Parenchyma,Parenchyma,0.8,0.8250000000000001,101750
Parenchyma,Parenchyma,0.8250000000000001,0.8500000000000001,108446
Parenchyma,Parenchyma,0.8500000000000001,0.875,114005
Parenchyma,Parenchyma,0.875,0.9,115918
Parenchyma,Parenchyma,0.9,0.925,111077
Parenchyma,Parenchyma,0.925,0.9500000000000001,96620
Parenchyma,Parenchyma,0.9500000000000001,0.9750000000000001,70871
Parenchyma,Parenchyma,0.9750000000000001,1.0,47149
Parenchyma,ambiguous,0.0,0.025,1408800
Parenchyma,ambiguous,0.025,0.05,33880
Parenchyma,ambiguous,0.05,0.07500000000000001,11137
Parenchyma,ambiguous,0.07500000000000001,0.1,4238
Parenchyma,ambiguous,0.1,0.125,1725
Parenchyma,ambiguous,0.125,0.15000000000000002,796
Parenchyma,ambiguous,0.15000000000000002,0.17500000000000002,444
Parenchyma,ambiguous,0.17500000000000002,0.2,242
Parenchyma,ambiguous,0.2,0.225,142
Parenchyma,ambiguous,0.225,0.25,73
Parenchyma,ambiguous,0.25,0.275,44
Parenchyma,ambiguous,0.275,0.30000000000000004,43
Parenchyma,ambiguous,0.30000000000000004,0.325,23
Parenchyma,ambiguous,0.325,0.35000000000000003,16
Parenchyma,ambiguous,0.35000000000000003,0.375,8
Parenchyma,ambiguous,0.375,0.4,10
Parenchyma,ambiguous,0.4,0.42500000000000004,3
Parenchyma,ambiguous,0.42500000000000004,0.45,5
Parenchyma,ambiguous,0.45,0.47500000000000003,4
Parenchyma,ambiguous,0.47500000000000003,0.5,0
Parenchyma,ambiguous,0.5,0.525,4
Parenchyma,ambiguous,0.525,0.55,1
Parenchyma,ambiguous,0.55,0.5750000000000001,2
Parenchyma,ambiguous,0.5750000000000001,0.6000000000000001,0
Parenchyma,ambiguous,0.6000000000000001,0.625,0
Parenchyma,ambiguous,0.625,0.65,0
Parenchyma,ambiguous,0.65,0.675,0
Parenchyma,ambiguous,0.675,0.7000000000000001,0
Parenchyma,ambiguous,0.7000000000000001,0.7250000000000001,0
Parenchyma,ambiguous,0.7250000000000001,0.75,0
Parenchyma,ambiguous,0.75,0.775,0
Parenchyma,ambiguous,0.775,0.8,0
Parenchyma,ambiguous,0.8,0.8250000000000001,0
Parenchyma,ambiguous,0.8250000000000001,0.8500000000000001,0
Parenchyma,ambiguous,0.8500000000000001,0.875,0
Parenchyma,ambiguous,0.875,0.9,0
Parenchyma,ambiguous,0.9,0.925,0
Parenchyma,ambiguous,0.925,0.9500000000000001,0
Parenchyma,ambiguous,0.9500000000000001,0.9750000000000001,0
Parenchyma,ambiguous,0.9750000000000001,1.0,0
ambiguous,Endothelial,0.0,0.025,2208
ambiguous,Endothelial,0.025,0.05,1363
ambiguous,Endothelial,0.05,0.07500000000000001,1100
ambiguous,Endothelial,0.07500000000000001,0.1,739
ambiguous,Endothelial,0.1,0.125,493
ambiguous,Endothelial,0.125,0.15000000000000002,366
ambiguous,Endothelial,0.15000000000000002,0.17500000000000002,261
ambiguous,Endothelial,0.17500000000000002,0.2,176
ambiguous,Endothelial,0.2,0.225,132
ambiguous,Endothelial,0.225,0.25,114
ambiguous,Endothelial,0.25,0.275,88
ambiguous,Endothelial,0.275,0.30000000000000004,62
ambiguous,Endothelial,0.30000000000000004,0.325,50
ambiguous,Endothelial,0.325,0.35000000000000003,33
ambiguous,Endothelial,0.35000000000000003,0.375,41
ambiguous,Endothelial,0.375,0.4,24
ambiguous,Endothelial,0.4,0.42500000000000004,12
ambiguous,Endothelial,0.42500000000000004,0.45,14
ambiguous,Endothelial,0.45,0.47500000000000003,11
ambiguous,Endothelial,0.47500000000000003,0.5,7
ambiguous,Endothelial,0.5,0.525,10
ambiguous,Endothelial,0.525,0.55,4
ambiguous,Endothelial,0.55,0.5750000000000001,7
ambiguous,Endothelial,0.5750000000000001,0.6000000000000001,2
ambiguous,Endothelial,0.6000000000000001,0.625,10
ambiguous,Endothelial,0.625,0.65,4
ambiguous,Endothelial,0.65,0.675,3
ambiguous,Endothelial,0.675,0.7000000000000001,1
ambiguous,Endothelial,0.7000000000000001,0.7250000000000001,2
ambiguous,Endothelial,0.7250000000000001,0.75,3
ambiguous,Endothelial,0.75,0.775,2
ambiguous,Endothelial,0.775,0.8,5
ambiguous,Endothelial,0.8,0.8250000000000001,4
ambiguous,Endothelial,0.8250000000000001,0.8500000000000001,1
ambiguous,Endothelial,0.8500000000000001,0.875,3
ambiguous,Endothelial,0.875,0.9,4
ambiguous,Endothelial,0.9,0.925,1
ambiguous,Endothelial,0.925,0.9500000000000001,5
ambiguous,Endothelial,0.9500000000000001,0.9750000000000001,5
ambiguous,Endothelial,0.9750000000000001,1.0,4
ambiguous,Fibroblast,0.0,0.025,3417
ambiguous,Fibroblast,0.025,0.05,457
ambiguous,Fibroblast,0.05,0.07500000000000001,341
ambiguous,Fibroblast,0.07500000000000001,0.1,275
ambiguous,Fibroblast,0.1,0.125,238
ambiguous,Fibroblast,0.125,0.15000000000000002,271
ambiguous,Fibroblast,0.15000000000000002,0.17500000000000002,249
ambiguous,Fibroblast,0.17500000000000002,0.2,263
ambiguous,Fibroblast,0.2,0.225,224
ambiguous,Fibroblast,0.225,0.25,205
ambiguous,Fibroblast,0.25,0.275,196
ambiguous,Fibroblast,0.275,0.30000000000000004,175
ambiguous,Fibroblast,0.30000000000000004,0.325,144
ambiguous,Fibroblast,0.325,0.35000000000000003,132
ambiguous,Fibroblast,0.35000000000000003,0.375,135
ambiguous,Fibroblast,0.375,0.4,120
ambiguous,Fibroblast,0.4,0.42500000000000004,92
ambiguous,Fibroblast,0.42500000000000004,0.45,68
ambiguous,Fibroblast,0.45,0.47500000000000003,67
ambiguous,Fibroblast,0.47500000000000003,0.5,53
ambiguous,Fibroblast,0.5,0.525,47
ambiguous,Fibroblast,0.525,0.55,34
ambiguous,Fibroblast,0.55,0.5750000000000001,31
ambiguous,Fibroblast,0.5750000000000001,0.6000000000000001,29
ambiguous,Fibroblast,0.6000000000000001,0.625,23
ambiguous,Fibroblast,0.625,0.65,21
ambiguous,Fibroblast,0.65,0.675,18
ambiguous,Fibroblast,0.675,0.7000000000000001,8
ambiguous,Fibroblast,0.7000000000000001,0.7250000000000001,3
ambiguous,Fibroblast,0.7250000000000001,0.75,11
ambiguous,Fibroblast,0.75,0.775,2
ambiguous,Fibroblast,0.775,0.8,4
ambiguous,Fibroblast,0.8,0.8250000000000001,3
ambiguous,Fibroblast,0.8250000000000001,0.8500000000000001,4
ambiguous,Fibroblast,0.8500000000000001,0.875,4
ambiguous,Fibroblast,0.875,0.9,2
ambiguous,Fibroblast,0.9,0.925,3
ambiguous,Fibroblast,0.925,0.9500000000000001,0
ambiguous,Fibroblast,0.9500000000000001,0.9750000000000001,4
ambiguous,Fibroblast,0.9750000000000001,1.0,1
ambiguous,Macrophage,0.0,0.025,3695
ambiguous,Macrophage,0.025,0.05,881
ambiguous,Macrophage,0.05,0.07500000000000001,679
ambiguous,Macrophage,0.07500000000000001,0.1,484
ambiguous,Macrophage,0.1,0.125,350
ambiguous,Macrophage,0.125,0.15000000000000002,224
ambiguous,Macrophage,0.15000000000000002,0.17500000000000002,192
ambiguous,Macrophage,0.17500000000000002,0.2,164
ambiguous,Macrophage,0.2,0.225,109
ambiguous,Macrophage,0.225,0.25,88
ambiguous,Macrophage,0.25,0.275,77
ambiguous,Macrophage,0.275,0.30000000000000004,66
ambiguous,Macrophage,0.30000000000000004,0.325,67
ambiguous,Macrophage,0.325,0.35000000000000003,45
ambiguous,Macrophage,0.35000000000000003,0.375,55
ambiguous,Macrophage,0.375,0.4,47
ambiguous,Macrophage,0.4,0.42500000000000004,31
ambiguous,Macrophage,0.42500000000000004,0.45,25
ambiguous,Macrophage,0.45,0.47500000000000003,21
ambiguous,Macrophage,0.47500000000000003,0.5,14
ambiguous,Macrophage,0.5,0.525,21
ambiguous,Macrophage,0.525,0.55,18
ambiguous,Macrophage,0.55,0.5750000000000001,3
ambiguous,Macrophage,0.5750000000000001,0.6000000000000001,8
ambiguous,Macrophage,0.6000000000000001,0.625,2
ambiguous,Macrophage,0.625,0.65,3
ambiguous,Macrophage,0.65,0.675,1
ambiguous,Macrophage,0.675,0.7000000000000001,1
ambiguous,Macrophage,0.7000000000000001,0.7250000000000001,0
ambiguous,Macrophage,0.7250000000000001,0.75,0
ambiguous,Macrophage,0.75,0.775,0
ambiguous,Macrophage,0.775,0.8,1
ambiguous,Macrophage,0.8,0.8250000000000001,2
ambiguous,Macrophage,0.8250000000000001,0.8500000000000001,0
ambiguous,Macrophage,0.8500000000000001,0.875,0
ambiguous,Macrophage,0.875,0.9,0
ambiguous,Macrophage,0.9,0.925,0
ambiguous,Macrophage,0.925,0.9500000000000001,0
ambiguous,Macrophage,0.9500000000000001,0.9750000000000001,0
ambiguous,Macrophage,0.9750000000000001,1.0,0
ambiguous,CD8 T,0.0,0.025,5725
ambiguous,CD8 T,0.025,0.05,521
ambiguous,CD8 T,0.05,0.07500000000000001,375
ambiguous,CD8 T,0.07500000000000001,0.1,232
ambiguous,CD8 T,0.1,0.125,134
ambiguous,CD8 T,0.125,0.15000000000000002,98
ambiguous,CD8 T,0.15000000000000002,0.17500000000000002,81
ambiguous,CD8 T,0.17500000000000002,0.2,38
ambiguous,CD8 T,0.2,0.225,51
ambiguous,CD8 T,0.225,0.25,31
ambiguous,CD8 T,0.25,0.275,19
ambiguous,CD8 T,0.275,0.30000000000000004,9
ambiguous,CD8 T,0.30000000000000004,0.325,10
ambiguous,CD8 T,0.325,0.35000000000000003,11
ambiguous,CD8 T,0.35000000000000003,0.375,7
ambiguous,CD8 T,0.375,0.4,8
ambiguous,CD8 T,0.4,0.42500000000000004,2
ambiguous,CD8 T,0.42500000000000004,0.45,5
ambiguous,CD8 T,0.45,0.47500000000000003,4
ambiguous,CD8 T,0.47500000000000003,0.5,2
ambiguous,CD8 T,0.5,0.525,2
ambiguous,CD8 T,0.525,0.55,1
ambiguous,CD8 T,0.55,0.5750000000000001,1
ambiguous,CD8 T,0.5750000000000001,0.6000000000000001,0
ambiguous,CD8 T,0.6000000000000001,0.625,1
ambiguous,CD8 T,0.625,0.65,2
ambiguous,CD8 T,0.65,0.675,2
ambiguous,CD8 T,0.675,0.7000000000000001,0
ambiguous,CD8 T,0.7000000000000001,0.7250000000000001,0
ambiguous,CD8 T,0.7250000000000001,0.75,1
ambiguous,CD8 T,0.75,0.775,0
ambiguous,CD8 T,0.775,0.8,0
ambiguous,CD8 T,0.8,0.8250000000000001,0
ambiguous,CD8 T,0.8250000000000001,0.8500000000000001,0
ambiguous,CD8 T,0.8500000000000001,0.875,0
ambiguous,CD8 T,0.875,0.9,1
ambiguous,CD8 T,0.9,0.925,0
ambiguous,CD8 T,0.925,0.9500000000000001,0
ambiguous,CD8 T,0.9500000000000001,0.9750000000000001,0
ambiguous,CD8 T,0.9750000000000001,1.0,0
ambiguous,CD4 T,0.0,0.025,5170
ambiguous,CD4 T,0.025,0.05,770
ambiguous,CD4 T,0.05,0.07500000000000001,521
ambiguous,CD4 T,0.07500000000000001,0.1,290
ambiguous,CD4 T,0.1,0.125,195
ambiguous,CD4 T,0.125,0.15000000000000002,111
ambiguous,CD4 T,0.15000000000000002,0.17500000000000002,100
ambiguous,CD4 T,0.17500000000000002,0.2,63
ambiguous,CD4 T,0.2,0.225,34
ambiguous,CD4 T,0.225,0.25,24
ambiguous,CD4 T,0.25,0.275,25
ambiguous,CD4 T,0.275,0.30000000000000004,18
ambiguous,CD4 T,0.30000000000000004,0.325,9
ambiguous,CD4 T,0.325,0.35000000000000003,10
ambiguous,CD4 T,0.35000000000000003,0.375,6
ambiguous,CD4 T,0.375,0.4,4
ambiguous,CD4 T,0.4,0.42500000000000004,4
ambiguous,CD4 T,0.42500000000000004,0.45,5
ambiguous,CD4 T,0.45,0.47500000000000003,4
ambiguous,CD4 T,0.47500000000000003,0.5,4
ambiguous,CD4 T,0.5,0.525,1
ambiguous,CD4 T,0.525,0.55,0
ambiguous,CD4 T,0.55,0.5750000000000001,2
ambiguous,CD4 T,0.5750000000000001,0.6000000000000001,0
ambiguous,CD4 T,0.6000000000000001,0.625,1
ambiguous,CD4 T,0.625,0.65,1
ambiguous,CD4 T,0.65,0.675,1
ambiguous,CD4 T,0.675,0.7000000000000001,0
ambiguous,CD4 T,0.7000000000000001,0.7250000000000001,0
ambiguous,CD4 T,0.7250000000000001,0.75,1
ambiguous,CD4 T,0.75,0.775,0
ambiguous,CD4 T,0.775,0.8,0
ambiguous,CD4 T,0.8,0.8250000000000001,0
ambiguous,CD4 T,0.8250000000000001,0.8500000000000001,0
ambiguous,CD4 T,0.8500000000000001,0.875,0
ambiguous,CD4 T,0.875,0.9,0
ambiguous,CD4 T,0.9,0.925,0
ambiguous,CD4 T,0.925,0.9500000000000001,0
ambiguous,CD4 T,0.9500000000000001,0.9750000000000001,0
ambiguous,CD4 T,0.9750000000000001,1.0,0
ambiguous,Treg,0.0,0.025,6519
ambiguous,Treg,0.025,0.05,344
ambiguous,Treg,0.05,0.07500000000000001,198
ambiguous,Treg,0.07500000000000001,0.1,122
ambiguous,Treg,0.1,0.125,47
ambiguous,Treg,0.125,0.15000000000000002,41
ambiguous,Treg,0.15000000000000002,0.17500000000000002,20
ambiguous,Treg,0.17500000000000002,0.2,16
ambiguous,Treg,0.2,0.225,15
ambiguous,Treg,0.225,0.25,13
ambiguous,Treg,0.25,0.275,2
ambiguous,Treg,0.275,0.30000000000000004,4
ambiguous,Treg,0.30000000000000004,0.325,6
ambiguous,Treg,0.325,0.35000000000000003,3
ambiguous,Treg,0.35000000000000003,0.375,3
ambiguous,Treg,0.375,0.4,4
ambiguous,Treg,0.4,0.42500000000000004,1
ambiguous,Treg,0.42500000000000004,0.45,2
ambiguous,Treg,0.45,0.47500000000000003,4
ambiguous,Treg,0.47500000000000003,0.5,0
ambiguous,Treg,0.5,0.525,2
ambiguous,Treg,0.525,0.55,1
ambiguous,Treg,0.55,0.5750000000000001,0
ambiguous,Treg,0.5750000000000001,0.6000000000000001,2
ambiguous,Treg,0.6000000000000001,0.625,2
ambiguous,Treg,0.625,0.65,0
ambiguous,Treg,0.65,0.675,1
ambiguous,Treg,0.675,0.7000000000000001,0
ambiguous,Treg,0.7000000000000001,0.7250000000000001,0
ambiguous,Treg,0.7250000000000001,0.75,0
ambiguous,Treg,0.75,0.775,0
ambiguous,Treg,0.775,0.8,0
ambiguous,Treg,0.8,0.8250000000000001,0
ambiguous,Treg,0.8250000000000001,0.8500000000000001,1
ambiguous,Treg,0.8500000000000001,0.875,0
ambiguous,Treg,0.875,0.9,1
ambiguous,Treg,0.9,0.925,0
ambiguous,Treg,0.925,0.9500000000000001,0
ambiguous,Treg,0.9500000000000001,0.9750000000000001,0
ambiguous,Treg,0.9750000000000001,1.0,0
ambiguous,B cell,0.0,0.025,6351
ambiguous,B cell,0.025,0.05,465
ambiguous,B cell,0.05,0.07500000000000001,258
ambiguous,B cell,0.07500000000000001,0.1,133
ambiguous,B cell,0.1,0.125,76
ambiguous,B cell,0.125,0.15000000000000002,41
ambiguous,B cell,0.15000000000000002,0.17500000000000002,21
ambiguous,B cell,0.17500000000000002,0.2,9
ambiguous,B cell,0.2,0.225,9
ambiguous,B cell,0.225,0.25,0
ambiguous,B cell,0.25,0.275,3
ambiguous,B cell,0.275,0.30000000000000004,1
ambiguous,B cell,0.30000000000000004,0.325,0
ambiguous,B cell,0.325,0.35000000000000003,1
ambiguous,B cell,0.35000000000000003,0.375,0
ambiguous,B cell,0.375,0.4,0
ambiguous,B cell,0.4,0.42500000000000004,3
ambiguous,B cell,0.42500000000000004,0.45,2
ambiguous,B cell,0.45,0.47500000000000003,0
ambiguous,B cell,0.47500000000000003,0.5,0
ambiguous,B cell,0.5,0.525,1
ambiguous,B cell,0.525,0.55,0
ambiguous,B cell,0.55,0.5750000000000001,0
ambiguous,B cell,0.5750000000000001,0.6000000000000001,0
ambiguous,B cell,0.6000000000000001,0.625,0
ambiguous,B cell,0.625,0.65,0
ambiguous,B cell,0.65,0.675,0
ambiguous,B cell,0.675,0.7000000000000001,0
ambiguous,B cell,0.7000000000000001,0.7250000000000001,0
ambiguous,B cell,0.7250000000000001,0.75,0
ambiguous,B cell,0.75,0.775,0
ambiguous,B cell,0.775,0.8,0
ambiguous,B cell,0.8,0.8250000000000001,0
ambiguous,B cell,0.8250000000000001,0.8500000000000001,0
ambiguous,B cell,0.8500000000000001,0.875,0
ambiguous,B cell,0.875,0.9,0
ambiguous,B cell,0.9,0.925,0
ambiguous,B cell,0.925,0.9500000000000001,0
ambiguous,B cell,0.9500000000000001,0.9750000000000001,0
ambiguous,B cell,0.9750000000000001,1.0,0
ambiguous,NK,0.0,0.025,6416
ambiguous,NK,0.025,0.05,469
ambiguous,NK,0.05,0.07500000000000001,258
ambiguous,NK,0.07500000000000001,0.1,119
ambiguous,NK,0.1,0.125,44
ambiguous,NK,0.125,0.15000000000000002,32
ambiguous,NK,0.15000000000000002,0.17500000000000002,13
ambiguous,NK,0.17500000000000002,0.2,7
ambiguous,NK,0.2,0.225,9
ambiguous,NK,0.225,0.25,4
ambiguous,NK,0.25,0.275,0
ambiguous,NK,0.275,0.30000000000000004,1
ambiguous,NK,0.30000000000000004,0.325,1
ambiguous,NK,0.325,0.35000000000000003,0
ambiguous,NK,0.35000000000000003,0.375,0
ambiguous,NK,0.375,0.4,0
ambiguous,NK,0.4,0.42500000000000004,0
ambiguous,NK,0.42500000000000004,0.45,0
ambiguous,NK,0.45,0.47500000000000003,0
ambiguous,NK,0.47500000000000003,0.5,0
ambiguous,NK,0.5,0.525,1
ambiguous,NK,0.525,0.55,0
ambiguous,NK,0.55,0.5750000000000001,0
ambiguous,NK,0.5750000000000001,0.6000000000000001,0
ambiguous,NK,0.6000000000000001,0.625,0
ambiguous,NK,0.625,0.65,0
ambiguous,NK,0.65,0.675,0
ambiguous,NK,0.675,0.7000000000000001,0
ambiguous,NK,0.7000000000000001,0.7250000000000001,0
ambiguous,NK,0.7250000000000001,0.75,0
ambiguous,NK,0.75,0.775,0
ambiguous,NK,0.775,0.8,0
ambiguous,NK,0.8,0.8250000000000001,0
ambiguous,NK,0.8250000000000001,0.8500000000000001,0
ambiguous,NK,0.8500000000000001,0.875,0
ambiguous,NK,0.875,0.9,0
ambiguous,NK,0.9,0.925,0
ambiguous,NK,0.925,0.9500000000000001,0
ambiguous,NK,0.9500000000000001,0.9750000000000001,0
ambiguous,NK,0.9750000000000001,1.0,0
ambiguous,Monocyte,0.0,0.025,4822
ambiguous,Monocyte,0.025,0.05,826
ambiguous,Monocyte,0.05,0.07500000000000001,523
ambiguous,Monocyte,0.07500000000000001,0.1,323
ambiguous,Monocyte,0.1,0.125,197
ambiguous,Monocyte,0.125,0.15000000000000002,148
ambiguous,Monocyte,0.15000000000000002,0.17500000000000002,118
ambiguous,Monocyte,0.17500000000000002,0.2,99
ambiguous,Monocyte,0.2,0.225,52
ambiguous,Monocyte,0.225,0.25,63
ambiguous,Monocyte,0.25,0.275,47
ambiguous,Monocyte,0.275,0.30000000000000004,35
ambiguous,Monocyte,0.30000000000000004,0.325,27
ambiguous,Monocyte,0.325,0.35000000000000003,15
ambiguous,Monocyte,0.35000000000000003,0.375,19
ambiguous,Monocyte,0.375,0.4,17
ambiguous,Monocyte,0.4,0.42500000000000004,18
ambiguous,Monocyte,0.42500000000000004,0.45,9
ambiguous,Monocyte,0.45,0.47500000000000003,8
ambiguous,Monocyte,0.47500000000000003,0.5,3
ambiguous,Monocyte,0.5,0.525,2
ambiguous,Monocyte,0.525,0.55,1
ambiguous,Monocyte,0.55,0.5750000000000001,0
ambiguous,Monocyte,0.5750000000000001,0.6000000000000001,1
ambiguous,Monocyte,0.6000000000000001,0.625,0
ambiguous,Monocyte,0.625,0.65,0
ambiguous,Monocyte,0.65,0.675,0
ambiguous,Monocyte,0.675,0.7000000000000001,0
ambiguous,Monocyte,0.7000000000000001,0.7250000000000001,0
ambiguous,Monocyte,0.7250000000000001,0.75,1
ambiguous,Monocyte,0.75,0.775,0
ambiguous,Monocyte,0.775,0.8,0
ambiguous,Monocyte,0.8,0.8250000000000001,0
ambiguous,Monocyte,0.8250000000000001,0.8500000000000001,0
ambiguous,Monocyte,0.8500000000000001,0.875,0
ambiguous,Monocyte,0.875,0.9,0
ambiguous,Monocyte,0.9,0.925,0
ambiguous,Monocyte,0.925,0.9500000000000001,0
ambiguous,Monocyte,0.9500000000000001,0.9750000000000001,0
ambiguous,Monocyte,0.9750000000000001,1.0,0
ambiguous,DC,0.0,0.025,6870
ambiguous,DC,0.025,0.05,294
ambiguous,DC,0.05,0.07500000000000001,122
ambiguous,DC,0.07500000000000001,0.1,44
ambiguous,DC,0.1,0.125,28
ambiguous,DC,0.125,0.15000000000000002,6
ambiguous,DC,0.15000000000000002,0.17500000000000002,6
ambiguous,DC,0.17500000000000002,0.2,2
ambiguous,DC,0.2,0.225,1
ambiguous,DC,0.225,0.25,0
ambiguous,DC,0.25,0.275,1
ambiguous,DC,0.275,0.30000000000000004,0
ambiguous,DC,0.30000000000000004,0.325,0
ambiguous,DC,0.325,0.35000000000000003,0
ambiguous,DC,0.35000000000000003,0.375,0
ambiguous,DC,0.375,0.4,0
ambiguous,DC,0.4,0.42500000000000004,0
ambiguous,DC,0.42500000000000004,0.45,0
ambiguous,DC,0.45,0.47500000000000003,0
ambiguous,DC,0.47500000000000003,0.5,0
ambiguous,DC,0.5,0.525,0
ambiguous,DC,0.525,0.55,0
ambiguous,DC,0.55,0.5750000000000001,0
ambiguous,DC,0.5750000000000001,0.6000000000000001,0
ambiguous,DC,0.6000000000000001,0.625,0
ambiguous,DC,0.625,0.65,0
ambiguous,DC,0.65,0.675,0
ambiguous,DC,0.675,0.7000000000000001,0
ambiguous,DC,0.7000000000000001,0.7250000000000001,0
ambiguous,DC,0.7250000000000001,0.75,0
ambiguous,DC,0.75,0.775,0
ambiguous,DC,0.775,0.8,0
ambiguous,DC,0.8,0.8250000000000001,0
ambiguous,DC,0.8250000000000001,0.8500000000000001,0
ambiguous,DC,0.8500000000000001,0.875,0
ambiguous,DC,0.875,0.9,0
ambiguous,DC,0.9,0.925,0
ambiguous,DC,0.925,0.9500000000000001,0
ambiguous,DC,0.9500000000000001,0.9750000000000001,0
ambiguous,DC,0.9750000000000001,1.0,0
ambiguous,Myeloid (other),0.0,0.025,5840
ambiguous,Myeloid (other),0.025,0.05,602
ambiguous,Myeloid (other),0.05,0.07500000000000001,336
ambiguous,Myeloid (other),0.07500000000000001,0.1,182
ambiguous,Myeloid (other),0.1,0.125,112
ambiguous,Myeloid (other),0.125,0.15000000000000002,88
ambiguous,Myeloid (other),0.15000000000000002,0.17500000000000002,69
ambiguous,Myeloid (other),0.17500000000000002,0.2,51
ambiguous,Myeloid (other),0.2,0.225,27
ambiguous,Myeloid (other),0.225,0.25,23
ambiguous,Myeloid (other),0.25,0.275,17
ambiguous,Myeloid (other),0.275,0.30000000000000004,12
ambiguous,Myeloid (other),0.30000000000000004,0.325,5
ambiguous,Myeloid (other),0.325,0.35000000000000003,6
ambiguous,Myeloid (other),0.35000000000000003,0.375,4
ambiguous,Myeloid (other),0.375,0.4,0
ambiguous,Myeloid (other),0.4,0.42500000000000004,0
ambiguous,Myeloid (other),0.42500000000000004,0.45,0
ambiguous,Myeloid (other),0.45,0.47500000000000003,0
ambiguous,Myeloid (other),0.47500000000000003,0.5,0
ambiguous,Myeloid (other),0.5,0.525,0
ambiguous,Myeloid (other),0.525,0.55,0
ambiguous,Myeloid (other),0.55,0.5750000000000001,0
ambiguous,Myeloid (other),0.5750000000000001,0.6000000000000001,0
ambiguous,Myeloid (other),0.6000000000000001,0.625,0
ambiguous,Myeloid (other),0.625,0.65,0
ambiguous,Myeloid (other),0.65,0.675,0
ambiguous,Myeloid (other),0.675,0.7000000000000001,0
ambiguous,Myeloid (other),0.7000000000000001,0.7250000000000001,0
ambiguous,Myeloid (other),0.7250000000000001,0.75,0
ambiguous,Myeloid (other),0.75,0.775,0
ambiguous,Myeloid (other),0.775,0.8,0
ambiguous,Myeloid (other),0.8,0.8250000000000001,0
ambiguous,Myeloid (other),0.8250000000000001,0.8500000000000001,0
ambiguous,Myeloid (other),0.8500000000000001,0.875,0
ambiguous,Myeloid (other),0.875,0.9,0
ambiguous,Myeloid (other),0.9,0.925,0
ambiguous,Myeloid (other),0.925,0.9500000000000001,0
ambiguous,Myeloid (other),0.9500000000000001,0.9750000000000001,0
ambiguous,Myeloid (other),0.9750000000000001,1.0,0
ambiguous,Parenchyma,0.0,0.025,402
ambiguous,Parenchyma,0.025,0.05,79
ambiguous,Parenchyma,0.05,0.07500000000000001,72
ambiguous,Parenchyma,0.07500000000000001,0.1,65
ambiguous,Parenchyma,0.1,0.125,61
ambiguous,Parenchyma,0.125,0.15000000000000002,78
ambiguous,Parenchyma,0.15000000000000002,0.17500000000000002,86
ambiguous,Parenchyma,0.17500000000000002,0.2,119
ambiguous,Parenchyma,0.2,0.225,102
ambiguous,Parenchyma,0.225,0.25,130
ambiguous,Parenchyma,0.25,0.275,126
ambiguous,Parenchyma,0.275,0.30000000000000004,144
ambiguous,Parenchyma,0.30000000000000004,0.325,166
ambiguous,Parenchyma,0.325,0.35000000000000003,180
ambiguous,Parenchyma,0.35000000000000003,0.375,197
ambiguous,Parenchyma,0.375,0.4,203
ambiguous,Parenchyma,0.4,0.42500000000000004,225
ambiguous,Parenchyma,0.42500000000000004,0.45,214
ambiguous,Parenchyma,0.45,0.47500000000000003,208
ambiguous,Parenchyma,0.47500000000000003,0.5,214
ambiguous,Parenchyma,0.5,0.525,236
ambiguous,Parenchyma,0.525,0.55,254
ambiguous,Parenchyma,0.55,0.5750000000000001,227
ambiguous,Parenchyma,0.5750000000000001,0.6000000000000001,264
ambiguous,Parenchyma,0.6000000000000001,0.625,281
ambiguous,Parenchyma,0.625,0.65,230
ambiguous,Parenchyma,0.65,0.675,268
ambiguous,Parenchyma,0.675,0.7000000000000001,261
ambiguous,Parenchyma,0.7000000000000001,0.7250000000000001,252
ambiguous,Parenchyma,0.7250000000000001,0.75,235
ambiguous,Parenchyma,0.75,0.775,279
ambiguous,Parenchyma,0.775,0.8,245
ambiguous,Parenchyma,0.8,0.8250000000000001,243
ambiguous,Parenchyma,0.8250000000000001,0.8500000000000001,228
ambiguous,Parenchyma,0.8500000000000001,0.875,196
ambiguous,Parenchyma,0.875,0.9,185
ambiguous,Parenchyma,0.9,0.925,185
ambiguous,Parenchyma,0.925,0.9500000000000001,104
ambiguous,Parenchyma,0.9500000000000001,0.9750000000000001,69
ambiguous,Parenchyma,0.9750000000000001,1.0,61
ambiguous,ambiguous,0.0,0.025,4125
ambiguous,ambiguous,0.025,0.05,879
ambiguous,ambiguous,0.05,0.07500000000000001,698
ambiguous,ambiguous,0.07500000000000001,0.1,424
ambiguous,ambiguous,0.1,0.125,333
ambiguous,ambiguous,0.125,0.15000000000000002,268
ambiguous,ambiguous,0.15000000000000002,0.17500000000000002,150
ambiguous,ambiguous,0.17500000000000002,0.2,113
ambiguous,ambiguous,0.2,0.225,82
ambiguous,ambiguous,0.225,0.25,60
ambiguous,ambiguous,0.25,0.275,43
ambiguous,ambiguous,0.275,0.30000000000000004,38
ambiguous,ambiguous,0.30000000000000004,0.325,29
ambiguous,ambiguous,0.325,0.35000000000000003,12
ambiguous,ambiguous,0.35000000000000003,0.375,15
ambiguous,ambiguous,0.375,0.4,12
ambiguous,ambiguous,0.4,0.42500000000000004,15
ambiguous,ambiguous,0.42500000000000004,0.45,6
ambiguous,ambiguous,0.45,0.47500000000000003,12
ambiguous,ambiguous,0.47500000000000003,0.5,12
ambiguous,ambiguous,0.5,0.525,3
ambiguous,ambiguous,0.525,0.55,5
ambiguous,ambiguous,0.55,0.5750000000000001,7
ambiguous,ambiguous,0.5750000000000001,0.6000000000000001,5
ambiguous,ambiguous,0.6000000000000001,0.625,5
ambiguous,ambiguous,0.625,0.65,4
ambiguous,ambiguous,0.65,0.675,3
ambiguous,ambiguous,0.675,0.7000000000000001,3
ambiguous,ambiguous,0.7000000000000001,0.7250000000000001,4
ambiguous,ambiguous,0.7250000000000001,0.75,3
ambiguous,ambiguous,0.75,0.775,0
ambiguous,ambiguous,0.775,0.8,2
ambiguous,ambiguous,0.8,0.8250000000000001,0
ambiguous,ambiguous,0.8250000000000001,0.8500000000000001,0
ambiguous,ambiguous,0.8500000000000001,0.875,1
ambiguous,ambiguous,0.875,0.9,0
ambiguous,ambiguous,0.9,0.925,1
ambiguous,ambiguous,0.925,0.9500000000000001,1
ambiguous,ambiguous,0.9500000000000001,0.9750000000000001,1
ambiguous,ambiguous,0.9750000000000001,1.0,0
