donor,region,roi,subtype,r_um,L_minus_r
HPAP-004,Body of pancreas,ROI1,cd8_t,10,25.36
HPAP-004,Body of pancreas,ROI1,cd8_t,20,15.36
HPAP-004,Body of pancreas,ROI1,cd8_t,30,5.36
HPAP-004,Body of pancreas,ROI1,cd8_t,40,21.25
HPAP-004,Body of pancreas,ROI1,cd8_t,50,29.07
HPAP-004,Body of pancreas,ROI1,cd8_t,60,19.07
HPAP-004,Body of pancreas,ROI1,cd8_t,70,16.62
HPAP-004,Body of pancreas,ROI1,cd8_t,80,20.02
HPAP-004,Body of pancreas,ROI1,cd8_t,90,16.09
HPAP-004,Body of pancreas,ROI1,cd8_t,100,6.09
HPAP-004,Body of pancreas,ROI1,cd8_t,110,7.29
HPAP-004,Body of pancreas,ROI1,cd8_t,120,2.5
HPAP-004,Body of pancreas,ROI1,cd8_t,130,6.96
HPAP-004,Body of pancreas,ROI1,cd8_t,140,1.45
HPAP-004,Body of pancreas,ROI1,cd8_t,150,0.03
HPAP-004,Body of pancreas,ROI1,cd8_t,160,5.87
HPAP-004,Body of pancreas,ROI1,cd8_t,170,6.81
HPAP-004,Body of pancreas,ROI1,cd8_t,180,10.43
HPAP-004,Body of pancreas,ROI1,cd8_t,190,10.04
HPAP-004,Body of pancreas,ROI1,cd8_t,200,6.2
HPAP-004,Body of pancreas,ROI1,macrophage,10,0.23
HPAP-004,Body of pancreas,ROI1,macrophage,20,11.95
HPAP-004,Body of pancreas,ROI1,macrophage,30,18.26
HPAP-004,Body of pancreas,ROI1,macrophage,40,21.17
HPAP-004,Body of pancreas,ROI1,macrophage,50,26.22
HPAP-004,Body of pancreas,ROI1,macrophage,60,26.51
HPAP-004,Body of pancreas,ROI1,macrophage,70,29.06
HPAP-004,Body of pancreas,ROI1,macrophage,80,31.49
HPAP-004,Body of pancreas,ROI1,macrophage,90,33.2
HPAP-004,Body of pancreas,ROI1,macrophage,100,31.62
HPAP-004,Body of pancreas,ROI1,macrophage,110,32.23
HPAP-004,Body of pancreas,ROI1,macrophage,120,31.41
HPAP-004,Body of pancreas,ROI1,macrophage,130,30.88
HPAP-004,Body of pancreas,ROI1,macrophage,140,30.66
HPAP-004,Body of pancreas,ROI1,macrophage,150,29.99
HPAP-004,Body of pancreas,ROI1,macrophage,160,28.44
HPAP-004,Body of pancreas,ROI1,macrophage,170,27.13
HPAP-004,Body of pancreas,ROI1,macrophage,180,25.39
HPAP-004,Body of pancreas,ROI1,macrophage,190,22.4
HPAP-004,Body of pancreas,ROI1,macrophage,200,19.73
HPAP-004,Body of pancreas,ROI1,other_immune,10,-4.04
HPAP-004,Body of pancreas,ROI1,other_immune,20,1.72
HPAP-004,Body of pancreas,ROI1,other_immune,30,1.73
HPAP-004,Body of pancreas,ROI1,other_immune,40,2.55
HPAP-004,Body of pancreas,ROI1,other_immune,50,2.51
HPAP-004,Body of pancreas,ROI1,other_immune,60,2.09
HPAP-004,Body of pancreas,ROI1,other_immune,70,1.34
HPAP-004,Body of pancreas,ROI1,other_immune,80,1.31
HPAP-004,Body of pancreas,ROI1,other_immune,90,1.12
HPAP-004,Body of pancreas,ROI1,other_immune,100,0.75
HPAP-004,Body of pancreas,ROI1,other_immune,110,-0.12
HPAP-004,Body of pancreas,ROI1,other_immune,120,-1.2
HPAP-004,Body of pancreas,ROI1,other_immune,130,-2.05
HPAP-004,Body of pancreas,ROI1,other_immune,140,-3.31
HPAP-004,Body of pancreas,ROI1,other_immune,150,-5.01
HPAP-004,Body of pancreas,ROI1,other_immune,160,-6.7
HPAP-004,Body of pancreas,ROI1,other_immune,170,-8.59
HPAP-004,Body of pancreas,ROI1,other_immune,180,-10.39
HPAP-004,Body of pancreas,ROI1,other_immune,190,-11.91
HPAP-004,Body of pancreas,ROI1,other_immune,200,-13.84
HPAP-004,Body of pancreas,ROI3,cd8_t,10,27.02
HPAP-004,Body of pancreas,ROI3,cd8_t,20,32.35
HPAP-004,Body of pancreas,ROI3,cd8_t,30,22.35
HPAP-004,Body of pancreas,ROI3,cd8_t,40,12.35
HPAP-004,Body of pancreas,ROI3,cd8_t,50,2.35
HPAP-004,Body of pancreas,ROI3,cd8_t,60,4.11
HPAP-004,Body of pancreas,ROI3,cd8_t,70,-5.89
HPAP-004,Body of pancreas,ROI3,cd8_t,80,-5.97
HPAP-004,Body of pancreas,ROI3,cd8_t,90,0.67
HPAP-004,Body of pancreas,ROI3,cd8_t,100,-2.07
HPAP-004,Body of pancreas,ROI3,cd8_t,110,7.05
HPAP-004,Body of pancreas,ROI3,cd8_t,120,13.46
HPAP-004,Body of pancreas,ROI3,cd8_t,130,18.06
HPAP-004,Body of pancreas,ROI3,cd8_t,140,21.35
HPAP-004,Body of pancreas,ROI3,cd8_t,150,19.63
HPAP-004,Body of pancreas,ROI3,cd8_t,160,9.63
HPAP-004,Body of pancreas,ROI3,cd8_t,170,11.34
HPAP-004,Body of pancreas,ROI3,cd8_t,180,8.74
HPAP-004,Body of pancreas,ROI3,cd8_t,190,9.34
HPAP-004,Body of pancreas,ROI3,cd8_t,200,2.74
HPAP-004,Body of pancreas,ROI3,macrophage,10,19.81
HPAP-004,Body of pancreas,ROI3,macrophage,20,31.63
HPAP-004,Body of pancreas,ROI3,macrophage,30,35.81
HPAP-004,Body of pancreas,ROI3,macrophage,40,40.95
HPAP-004,Body of pancreas,ROI3,macrophage,50,44.26
HPAP-004,Body of pancreas,ROI3,macrophage,60,46.43
HPAP-004,Body of pancreas,ROI3,macrophage,70,49.23
HPAP-004,Body of pancreas,ROI3,macrophage,80,47.77
HPAP-004,Body of pancreas,ROI3,macrophage,90,45.78
HPAP-004,Body of pancreas,ROI3,macrophage,100,44.11
HPAP-004,Body of pancreas,ROI3,macrophage,110,44.52
HPAP-004,Body of pancreas,ROI3,macrophage,120,41.89
HPAP-004,Body of pancreas,ROI3,macrophage,130,40.25
HPAP-004,Body of pancreas,ROI3,macrophage,140,39.15
HPAP-004,Body of pancreas,ROI3,macrophage,150,37.92
HPAP-004,Body of pancreas,ROI3,macrophage,160,41.33
HPAP-004,Body of pancreas,ROI3,macrophage,170,41.29
HPAP-004,Body of pancreas,ROI3,macrophage,180,41.3
HPAP-004,Body of pancreas,ROI3,macrophage,190,39.44
HPAP-004,Body of pancreas,ROI3,macrophage,200,37.99
HPAP-004,Body of pancreas,ROI3,other_immune,10,-3.63
HPAP-004,Body of pancreas,ROI3,other_immune,20,-0.36
HPAP-004,Body of pancreas,ROI3,other_immune,30,0.18
HPAP-004,Body of pancreas,ROI3,other_immune,40,1.17
HPAP-004,Body of pancreas,ROI3,other_immune,50,0.22
HPAP-004,Body of pancreas,ROI3,other_immune,60,-0.57
HPAP-004,Body of pancreas,ROI3,other_immune,70,-0.62
HPAP-004,Body of pancreas,ROI3,other_immune,80,-1.4
HPAP-004,Body of pancreas,ROI3,other_immune,90,-1.8
HPAP-004,Body of pancreas,ROI3,other_immune,100,-1.78
HPAP-004,Body of pancreas,ROI3,other_immune,110,-2.53
HPAP-004,Body of pancreas,ROI3,other_immune,120,-3.83
HPAP-004,Body of pancreas,ROI3,other_immune,130,-5.1
HPAP-004,Body of pancreas,ROI3,other_immune,140,-6.39
HPAP-004,Body of pancreas,ROI3,other_immune,150,-7.69
HPAP-004,Body of pancreas,ROI3,other_immune,160,-9.06
HPAP-004,Body of pancreas,ROI3,other_immune,170,-10.51
HPAP-004,Body of pancreas,ROI3,other_immune,180,-11.95
HPAP-004,Body of pancreas,ROI3,other_immune,190,-13.23
HPAP-004,Body of pancreas,ROI3,other_immune,200,-14.92
HPAP-004,Body of pancreas,ROI4,cd8_t,10,34.21
HPAP-004,Body of pancreas,ROI4,cd8_t,20,24.21
HPAP-004,Body of pancreas,ROI4,cd8_t,30,14.21
HPAP-004,Body of pancreas,ROI4,cd8_t,40,29.9
HPAP-004,Body of pancreas,ROI4,cd8_t,50,32.7
HPAP-004,Body of pancreas,ROI4,cd8_t,60,22.7
HPAP-004,Body of pancreas,ROI4,cd8_t,70,28.85
HPAP-004,Body of pancreas,ROI4,cd8_t,80,23.67
HPAP-004,Body of pancreas,ROI4,cd8_t,90,18.28
HPAP-004,Body of pancreas,ROI4,cd8_t,100,16.96
HPAP-004,Body of pancreas,ROI4,cd8_t,110,6.96
HPAP-004,Body of pancreas,ROI4,cd8_t,120,1.07
HPAP-004,Body of pancreas,ROI4,cd8_t,130,-4.96
HPAP-004,Body of pancreas,ROI4,cd8_t,140,-7.38
HPAP-004,Body of pancreas,ROI4,cd8_t,150,-10.21
HPAP-004,Body of pancreas,ROI4,cd8_t,160,-16.75
HPAP-004,Body of pancreas,ROI4,cd8_t,170,-23.38
HPAP-004,Body of pancreas,ROI4,cd8_t,180,-26.86
HPAP-004,Body of pancreas,ROI4,cd8_t,190,-33.7
HPAP-004,Body of pancreas,ROI4,cd8_t,200,-31.66
HPAP-004,Body of pancreas,ROI4,b_cell,10,-10.0
HPAP-004,Body of pancreas,ROI4,b_cell,20,39.07
HPAP-004,Body of pancreas,ROI4,b_cell,30,29.07
HPAP-004,Body of pancreas,ROI4,b_cell,40,19.07
HPAP-004,Body of pancreas,ROI4,b_cell,50,9.07
HPAP-004,Body of pancreas,ROI4,b_cell,60,-0.93
HPAP-004,Body of pancreas,ROI4,b_cell,70,-10.93
HPAP-004,Body of pancreas,ROI4,b_cell,80,-20.93
HPAP-004,Body of pancreas,ROI4,b_cell,90,-30.93
HPAP-004,Body of pancreas,ROI4,b_cell,100,2.32
HPAP-004,Body of pancreas,ROI4,b_cell,110,-7.68
HPAP-004,Body of pancreas,ROI4,b_cell,120,-17.68
HPAP-004,Body of pancreas,ROI4,b_cell,130,-11.85
HPAP-004,Body of pancreas,ROI4,b_cell,140,-7.91
HPAP-004,Body of pancreas,ROI4,b_cell,150,-5.3
HPAP-004,Body of pancreas,ROI4,b_cell,160,-3.7
HPAP-004,Body of pancreas,ROI4,b_cell,170,-13.7
HPAP-004,Body of pancreas,ROI4,b_cell,180,-12.91
HPAP-004,Body of pancreas,ROI4,b_cell,190,-22.91
HPAP-004,Body of pancreas,ROI4,b_cell,200,-32.91
HPAP-004,Body of pancreas,ROI4,macrophage,10,3.87
HPAP-004,Body of pancreas,ROI4,macrophage,20,13.97
HPAP-004,Body of pancreas,ROI4,macrophage,30,14.29
HPAP-004,Body of pancreas,ROI4,macrophage,40,11.14
HPAP-004,Body of pancreas,ROI4,macrophage,50,11.4
HPAP-004,Body of pancreas,ROI4,macrophage,60,10.71
HPAP-004,Body of pancreas,ROI4,macrophage,70,13.21
HPAP-004,Body of pancreas,ROI4,macrophage,80,13.24
HPAP-004,Body of pancreas,ROI4,macrophage,90,13.59
HPAP-004,Body of pancreas,ROI4,macrophage,100,13.18
HPAP-004,Body of pancreas,ROI4,macrophage,110,14.81
HPAP-004,Body of pancreas,ROI4,macrophage,120,16.3
HPAP-004,Body of pancreas,ROI4,macrophage,130,15.32
HPAP-004,Body of pancreas,ROI4,macrophage,140,14.68
HPAP-004,Body of pancreas,ROI4,macrophage,150,13.03
HPAP-004,Body of pancreas,ROI4,macrophage,160,10.3
HPAP-004,Body of pancreas,ROI4,macrophage,170,7.71
HPAP-004,Body of pancreas,ROI4,macrophage,180,4.92
HPAP-004,Body of pancreas,ROI4,macrophage,190,1.76
HPAP-004,Body of pancreas,ROI4,macrophage,200,-1.34
HPAP-004,Body of pancreas,ROI4,other_immune,10,-2.69
HPAP-004,Body of pancreas,ROI4,other_immune,20,-0.39
HPAP-004,Body of pancreas,ROI4,other_immune,30,1.06
HPAP-004,Body of pancreas,ROI4,other_immune,40,1.27
HPAP-004,Body of pancreas,ROI4,other_immune,50,0.78
HPAP-004,Body of pancreas,ROI4,other_immune,60,0.96
HPAP-004,Body of pancreas,ROI4,other_immune,70,0.85
HPAP-004,Body of pancreas,ROI4,other_immune,80,0.01
HPAP-004,Body of pancreas,ROI4,other_immune,90,-1.05
HPAP-004,Body of pancreas,ROI4,other_immune,100,-1.74
HPAP-004,Body of pancreas,ROI4,other_immune,110,-2.82
HPAP-004,Body of pancreas,ROI4,other_immune,120,-4.16
HPAP-004,Body of pancreas,ROI4,other_immune,130,-5.05
HPAP-004,Body of pancreas,ROI4,other_immune,140,-6.57
HPAP-004,Body of pancreas,ROI4,other_immune,150,-7.98
HPAP-004,Body of pancreas,ROI4,other_immune,160,-9.4
HPAP-004,Body of pancreas,ROI4,other_immune,170,-11.21
HPAP-004,Body of pancreas,ROI4,other_immune,180,-12.78
HPAP-004,Body of pancreas,ROI4,other_immune,190,-14.45
HPAP-004,Body of pancreas,ROI4,other_immune,200,-16.94
HPAP-004,Body of pancreas,ROI4,fibroblast,10,-1.19
HPAP-004,Body of pancreas,ROI4,fibroblast,20,-4.75
HPAP-004,Body of pancreas,ROI4,fibroblast,30,-8.43
HPAP-004,Body of pancreas,ROI4,fibroblast,40,-8.25
HPAP-004,Body of pancreas,ROI4,fibroblast,50,-8.7
HPAP-004,Body of pancreas,ROI4,fibroblast,60,-8.65
HPAP-004,Body of pancreas,ROI4,fibroblast,70,-4.69
HPAP-004,Body of pancreas,ROI4,fibroblast,80,-5.8
HPAP-004,Body of pancreas,ROI4,fibroblast,90,-1.06
HPAP-004,Body of pancreas,ROI4,fibroblast,100,0.79
HPAP-004,Body of pancreas,ROI4,fibroblast,110,-0.72
HPAP-004,Body of pancreas,ROI4,fibroblast,120,-1.2
HPAP-004,Body of pancreas,ROI4,fibroblast,130,0.62
HPAP-004,Body of pancreas,ROI4,fibroblast,140,-0.48
HPAP-004,Body of pancreas,ROI4,fibroblast,150,-0.81
HPAP-004,Body of pancreas,ROI4,fibroblast,160,-1.73
HPAP-004,Body of pancreas,ROI4,fibroblast,170,-2.22
HPAP-004,Body of pancreas,ROI4,fibroblast,180,-0.6
HPAP-004,Body of pancreas,ROI4,fibroblast,190,-2.98
HPAP-004,Body of pancreas,ROI4,fibroblast,200,-3.68
HPAP-004,Head of pancreas,ROI1,cd8_t,10,4.74
HPAP-004,Head of pancreas,ROI1,cd8_t,20,18.17
HPAP-004,Head of pancreas,ROI1,cd8_t,30,26.75
HPAP-004,Head of pancreas,ROI1,cd8_t,40,32.23
HPAP-004,Head of pancreas,ROI1,cd8_t,50,38.82
HPAP-004,Head of pancreas,ROI1,cd8_t,60,44.75
HPAP-004,Head of pancreas,ROI1,cd8_t,70,51.51
HPAP-004,Head of pancreas,ROI1,cd8_t,80,58.34
HPAP-004,Head of pancreas,ROI1,cd8_t,90,63.38
HPAP-004,Head of pancreas,ROI1,cd8_t,100,67.29
HPAP-004,Head of pancreas,ROI1,cd8_t,110,71.26
HPAP-004,Head of pancreas,ROI1,cd8_t,120,74.98
HPAP-004,Head of pancreas,ROI1,cd8_t,130,78.22
HPAP-004,Head of pancreas,ROI1,cd8_t,140,80.48
HPAP-004,Head of pancreas,ROI1,cd8_t,150,83.12
HPAP-004,Head of pancreas,ROI1,cd8_t,160,85.0
HPAP-004,Head of pancreas,ROI1,cd8_t,170,86.59
HPAP-004,Head of pancreas,ROI1,cd8_t,180,87.66
HPAP-004,Head of pancreas,ROI1,cd8_t,190,88.63
HPAP-004,Head of pancreas,ROI1,cd8_t,200,89.12
HPAP-004,Head of pancreas,ROI1,macrophage,10,9.28
HPAP-004,Head of pancreas,ROI1,macrophage,20,24.53
HPAP-004,Head of pancreas,ROI1,macrophage,30,28.9
HPAP-004,Head of pancreas,ROI1,macrophage,40,40.27
HPAP-004,Head of pancreas,ROI1,macrophage,50,38.35
HPAP-004,Head of pancreas,ROI1,macrophage,60,37.04
HPAP-004,Head of pancreas,ROI1,macrophage,70,37.35
HPAP-004,Head of pancreas,ROI1,macrophage,80,41.43
HPAP-004,Head of pancreas,ROI1,macrophage,90,42.65
HPAP-004,Head of pancreas,ROI1,macrophage,100,40.36
HPAP-004,Head of pancreas,ROI1,macrophage,110,39.76
HPAP-004,Head of pancreas,ROI1,macrophage,120,44.73
HPAP-004,Head of pancreas,ROI1,macrophage,130,46.71
HPAP-004,Head of pancreas,ROI1,macrophage,140,48.91
HPAP-004,Head of pancreas,ROI1,macrophage,150,48.19
HPAP-004,Head of pancreas,ROI1,macrophage,160,47.96
HPAP-004,Head of pancreas,ROI1,macrophage,170,45.56
HPAP-004,Head of pancreas,ROI1,macrophage,180,49.21
HPAP-004,Head of pancreas,ROI1,macrophage,190,49.52
HPAP-004,Head of pancreas,ROI1,macrophage,200,49.16
HPAP-004,Head of pancreas,ROI1,other_immune,10,0.08
HPAP-004,Head of pancreas,ROI1,other_immune,20,5.29
HPAP-004,Head of pancreas,ROI1,other_immune,30,9.06
HPAP-004,Head of pancreas,ROI1,other_immune,40,12.17
HPAP-004,Head of pancreas,ROI1,other_immune,50,15.19
HPAP-004,Head of pancreas,ROI1,other_immune,60,18.74
HPAP-004,Head of pancreas,ROI1,other_immune,70,20.81
HPAP-004,Head of pancreas,ROI1,other_immune,80,23.18
HPAP-004,Head of pancreas,ROI1,other_immune,90,24.82
HPAP-004,Head of pancreas,ROI1,other_immune,100,26.57
HPAP-004,Head of pancreas,ROI1,other_immune,110,27.82
HPAP-004,Head of pancreas,ROI1,other_immune,120,29.27
HPAP-004,Head of pancreas,ROI1,other_immune,130,30.13
HPAP-004,Head of pancreas,ROI1,other_immune,140,30.72
HPAP-004,Head of pancreas,ROI1,other_immune,150,31.04
HPAP-004,Head of pancreas,ROI1,other_immune,160,31.46
HPAP-004,Head of pancreas,ROI1,other_immune,170,31.46
HPAP-004,Head of pancreas,ROI1,other_immune,180,31.21
HPAP-004,Head of pancreas,ROI1,other_immune,190,30.82
HPAP-004,Head of pancreas,ROI1,other_immune,200,30.27
HPAP-004,Head of pancreas,ROI1,fibroblast,10,1.27
HPAP-004,Head of pancreas,ROI1,fibroblast,20,7.37
HPAP-004,Head of pancreas,ROI1,fibroblast,30,10.34
HPAP-004,Head of pancreas,ROI1,fibroblast,40,12.8
HPAP-004,Head of pancreas,ROI1,fibroblast,50,15.0
HPAP-004,Head of pancreas,ROI1,fibroblast,60,15.95
HPAP-004,Head of pancreas,ROI1,fibroblast,70,17.52
HPAP-004,Head of pancreas,ROI1,fibroblast,80,18.48
HPAP-004,Head of pancreas,ROI1,fibroblast,90,19.62
HPAP-004,Head of pancreas,ROI1,fibroblast,100,20.01
HPAP-004,Head of pancreas,ROI1,fibroblast,110,20.29
HPAP-004,Head of pancreas,ROI1,fibroblast,120,20.04
HPAP-004,Head of pancreas,ROI1,fibroblast,130,19.45
HPAP-004,Head of pancreas,ROI1,fibroblast,140,19.34
HPAP-004,Head of pancreas,ROI1,fibroblast,150,19.07
HPAP-004,Head of pancreas,ROI1,fibroblast,160,18.47
HPAP-004,Head of pancreas,ROI1,fibroblast,170,17.66
HPAP-004,Head of pancreas,ROI1,fibroblast,180,16.57
HPAP-004,Head of pancreas,ROI1,fibroblast,190,15.22
HPAP-004,Head of pancreas,ROI1,fibroblast,200,13.8
HPAP-004,Head of pancreas,ROI2,cd4_t,10,65.81
HPAP-004,Head of pancreas,ROI2,cd4_t,20,55.81
HPAP-004,Head of pancreas,ROI2,cd4_t,30,45.81
HPAP-004,Head of pancreas,ROI2,cd4_t,40,35.81
HPAP-004,Head of pancreas,ROI2,cd4_t,50,101.63
HPAP-004,Head of pancreas,ROI2,cd4_t,60,109.52
HPAP-004,Head of pancreas,ROI2,cd4_t,70,99.52
HPAP-004,Head of pancreas,ROI2,cd4_t,80,89.52
HPAP-004,Head of pancreas,ROI2,cd4_t,90,110.58
HPAP-004,Head of pancreas,ROI2,cd4_t,100,100.58
HPAP-004,Head of pancreas,ROI2,cd4_t,110,90.58
HPAP-004,Head of pancreas,ROI2,cd4_t,120,80.58
HPAP-004,Head of pancreas,ROI2,cd4_t,130,70.58
HPAP-004,Head of pancreas,ROI2,cd4_t,140,60.58
HPAP-004,Head of pancreas,ROI2,cd4_t,150,50.58
HPAP-004,Head of pancreas,ROI2,cd4_t,160,40.58
HPAP-004,Head of pancreas,ROI2,cd4_t,170,30.58
HPAP-004,Head of pancreas,ROI2,cd4_t,180,20.58
HPAP-004,Head of pancreas,ROI2,cd4_t,190,24.43
HPAP-004,Head of pancreas,ROI2,cd4_t,200,27.44
HPAP-004,Head of pancreas,ROI2,cd8_t,10,14.18
HPAP-004,Head of pancreas,ROI2,cd8_t,20,14.2
HPAP-004,Head of pancreas,ROI2,cd8_t,30,8.24
HPAP-004,Head of pancreas,ROI2,cd8_t,40,16.72
HPAP-004,Head of pancreas,ROI2,cd8_t,50,18.4
HPAP-004,Head of pancreas,ROI2,cd8_t,60,16.48
HPAP-004,Head of pancreas,ROI2,cd8_t,70,18.86
HPAP-004,Head of pancreas,ROI2,cd8_t,80,21.17
HPAP-004,Head of pancreas,ROI2,cd8_t,90,19.5
HPAP-004,Head of pancreas,ROI2,cd8_t,100,18.48
HPAP-004,Head of pancreas,ROI2,cd8_t,110,13.32
HPAP-004,Head of pancreas,ROI2,cd8_t,120,10.24
HPAP-004,Head of pancreas,ROI2,cd8_t,130,7.87
HPAP-004,Head of pancreas,ROI2,cd8_t,140,8.1
HPAP-004,Head of pancreas,ROI2,cd8_t,150,8.59
HPAP-004,Head of pancreas,ROI2,cd8_t,160,4.91
HPAP-004,Head of pancreas,ROI2,cd8_t,170,5.23
HPAP-004,Head of pancreas,ROI2,cd8_t,180,4.18
HPAP-004,Head of pancreas,ROI2,cd8_t,190,10.16
HPAP-004,Head of pancreas,ROI2,cd8_t,200,10.83
HPAP-004,Head of pancreas,ROI2,macrophage,10,4.7
HPAP-004,Head of pancreas,ROI2,macrophage,20,15.5
HPAP-004,Head of pancreas,ROI2,macrophage,30,23.68
HPAP-004,Head of pancreas,ROI2,macrophage,40,30.5
HPAP-004,Head of pancreas,ROI2,macrophage,50,35.92
HPAP-004,Head of pancreas,ROI2,macrophage,60,37.69
HPAP-004,Head of pancreas,ROI2,macrophage,70,39.84
HPAP-004,Head of pancreas,ROI2,macrophage,80,39.72
HPAP-004,Head of pancreas,ROI2,macrophage,90,39.82
HPAP-004,Head of pancreas,ROI2,macrophage,100,40.61
HPAP-004,Head of pancreas,ROI2,macrophage,110,39.79
HPAP-004,Head of pancreas,ROI2,macrophage,120,41.03
HPAP-004,Head of pancreas,ROI2,macrophage,130,39.31
HPAP-004,Head of pancreas,ROI2,macrophage,140,38.43
HPAP-004,Head of pancreas,ROI2,macrophage,150,37.48
HPAP-004,Head of pancreas,ROI2,macrophage,160,36.85
HPAP-004,Head of pancreas,ROI2,macrophage,170,34.39
HPAP-004,Head of pancreas,ROI2,macrophage,180,32.93
HPAP-004,Head of pancreas,ROI2,macrophage,190,30.74
HPAP-004,Head of pancreas,ROI2,macrophage,200,30.24
HPAP-004,Head of pancreas,ROI2,other_immune,10,-1.0
HPAP-004,Head of pancreas,ROI2,other_immune,20,4.87
HPAP-004,Head of pancreas,ROI2,other_immune,30,5.95
HPAP-004,Head of pancreas,ROI2,other_immune,40,7.46
HPAP-004,Head of pancreas,ROI2,other_immune,50,7.29
HPAP-004,Head of pancreas,ROI2,other_immune,60,7.03
HPAP-004,Head of pancreas,ROI2,other_immune,70,7.0
HPAP-004,Head of pancreas,ROI2,other_immune,80,6.08
HPAP-004,Head of pancreas,ROI2,other_immune,90,5.14
HPAP-004,Head of pancreas,ROI2,other_immune,100,4.77
HPAP-004,Head of pancreas,ROI2,other_immune,110,3.69
HPAP-004,Head of pancreas,ROI2,other_immune,120,2.76
HPAP-004,Head of pancreas,ROI2,other_immune,130,1.63
HPAP-004,Head of pancreas,ROI2,other_immune,140,0.38
HPAP-004,Head of pancreas,ROI2,other_immune,150,-1.11
HPAP-004,Head of pancreas,ROI2,other_immune,160,-2.07
HPAP-004,Head of pancreas,ROI2,other_immune,170,-3.53
HPAP-004,Head of pancreas,ROI2,other_immune,180,-5.37
HPAP-004,Head of pancreas,ROI2,other_immune,190,-7.25
HPAP-004,Head of pancreas,ROI2,other_immune,200,-8.85
HPAP-004,Head of pancreas,ROI3,cd8_t,10,-2.65
HPAP-004,Head of pancreas,ROI3,cd8_t,20,7.12
HPAP-004,Head of pancreas,ROI3,cd8_t,30,12.15
HPAP-004,Head of pancreas,ROI3,cd8_t,40,14.93
HPAP-004,Head of pancreas,ROI3,cd8_t,50,17.34
HPAP-004,Head of pancreas,ROI3,cd8_t,60,19.19
HPAP-004,Head of pancreas,ROI3,cd8_t,70,21.29
HPAP-004,Head of pancreas,ROI3,cd8_t,80,23.38
HPAP-004,Head of pancreas,ROI3,cd8_t,90,23.9
HPAP-004,Head of pancreas,ROI3,cd8_t,100,24.94
HPAP-004,Head of pancreas,ROI3,cd8_t,110,25.65
HPAP-004,Head of pancreas,ROI3,cd8_t,120,24.94
HPAP-004,Head of pancreas,ROI3,cd8_t,130,24.66
HPAP-004,Head of pancreas,ROI3,cd8_t,140,24.38
HPAP-004,Head of pancreas,ROI3,cd8_t,150,23.23
HPAP-004,Head of pancreas,ROI3,cd8_t,160,22.1
HPAP-004,Head of pancreas,ROI3,cd8_t,170,20.71
HPAP-004,Head of pancreas,ROI3,cd8_t,180,19.65
HPAP-004,Head of pancreas,ROI3,cd8_t,190,17.63
HPAP-004,Head of pancreas,ROI3,cd8_t,200,15.79
HPAP-004,Head of pancreas,ROI3,b_cell,10,-10.0
HPAP-004,Head of pancreas,ROI3,b_cell,20,-20.0
HPAP-004,Head of pancreas,ROI3,b_cell,30,-7.62
HPAP-004,Head of pancreas,ROI3,b_cell,40,-1.23
HPAP-004,Head of pancreas,ROI3,b_cell,50,4.83
HPAP-004,Head of pancreas,ROI3,b_cell,60,7.15
HPAP-004,Head of pancreas,ROI3,b_cell,70,4.24
HPAP-004,Head of pancreas,ROI3,b_cell,80,0.7
HPAP-004,Head of pancreas,ROI3,b_cell,90,-0.47
HPAP-004,Head of pancreas,ROI3,b_cell,100,-2.43
HPAP-004,Head of pancreas,ROI3,b_cell,110,-9.9
HPAP-004,Head of pancreas,ROI3,b_cell,120,-17.43
HPAP-004,Head of pancreas,ROI3,b_cell,130,-18.08
HPAP-004,Head of pancreas,ROI3,b_cell,140,-15.37
HPAP-004,Head of pancreas,ROI3,b_cell,150,-21.42
HPAP-004,Head of pancreas,ROI3,b_cell,160,-20.22
HPAP-004,Head of pancreas,ROI3,b_cell,170,-24.94
HPAP-004,Head of pancreas,ROI3,b_cell,180,-23.32
HPAP-004,Head of pancreas,ROI3,b_cell,190,-22.5
HPAP-004,Head of pancreas,ROI3,b_cell,200,-25.18
HPAP-004,Head of pancreas,ROI3,macrophage,10,2.78
HPAP-004,Head of pancreas,ROI3,macrophage,20,13.46
HPAP-004,Head of pancreas,ROI3,macrophage,30,19.96
HPAP-004,Head of pancreas,ROI3,macrophage,40,20.71
HPAP-004,Head of pancreas,ROI3,macrophage,50,22.77
HPAP-004,Head of pancreas,ROI3,macrophage,60,24.21
HPAP-004,Head of pancreas,ROI3,macrophage,70,25.51
HPAP-004,Head of pancreas,ROI3,macrophage,80,26.26
HPAP-004,Head of pancreas,ROI3,macrophage,90,26.62
HPAP-004,Head of pancreas,ROI3,macrophage,100,26.41
HPAP-004,Head of pancreas,ROI3,macrophage,110,24.72
HPAP-004,Head of pancreas,ROI3,macrophage,120,21.15
HPAP-004,Head of pancreas,ROI3,macrophage,130,19.57
HPAP-004,Head of pancreas,ROI3,macrophage,140,18.29
HPAP-004,Head of pancreas,ROI3,macrophage,150,15.63
HPAP-004,Head of pancreas,ROI3,macrophage,160,11.99
HPAP-004,Head of pancreas,ROI3,macrophage,170,9.62
HPAP-004,Head of pancreas,ROI3,macrophage,180,6.19
HPAP-004,Head of pancreas,ROI3,macrophage,190,4.34
HPAP-004,Head of pancreas,ROI3,macrophage,200,1.3
HPAP-004,Head of pancreas,ROI3,other_immune,10,-4.49
HPAP-004,Head of pancreas,ROI3,other_immune,20,1.1
HPAP-004,Head of pancreas,ROI3,other_immune,30,3.59
HPAP-004,Head of pancreas,ROI3,other_immune,40,3.76
HPAP-004,Head of pancreas,ROI3,other_immune,50,4.94
HPAP-004,Head of pancreas,ROI3,other_immune,60,5.7
HPAP-004,Head of pancreas,ROI3,other_immune,70,5.87
HPAP-004,Head of pancreas,ROI3,other_immune,80,5.66
HPAP-004,Head of pancreas,ROI3,other_immune,90,5.17
HPAP-004,Head of pancreas,ROI3,other_immune,100,4.21
HPAP-004,Head of pancreas,ROI3,other_immune,110,3.41
HPAP-004,Head of pancreas,ROI3,other_immune,120,2.4
HPAP-004,Head of pancreas,ROI3,other_immune,130,1.25
HPAP-004,Head of pancreas,ROI3,other_immune,140,-0.35
HPAP-004,Head of pancreas,ROI3,other_immune,150,-2.0
HPAP-004,Head of pancreas,ROI3,other_immune,160,-3.38
HPAP-004,Head of pancreas,ROI3,other_immune,170,-5.68
HPAP-004,Head of pancreas,ROI3,other_immune,180,-7.87
HPAP-004,Head of pancreas,ROI3,other_immune,190,-9.99
HPAP-004,Head of pancreas,ROI3,other_immune,200,-12.17
HPAP-004,Tail of pancreas,ROI1,cd4_t,10,-10.0
HPAP-004,Tail of pancreas,ROI1,cd4_t,20,-20.0
HPAP-004,Tail of pancreas,ROI1,cd4_t,30,-30.0
HPAP-004,Tail of pancreas,ROI1,cd4_t,40,23.67
HPAP-004,Tail of pancreas,ROI1,cd4_t,50,13.67
HPAP-004,Tail of pancreas,ROI1,cd4_t,60,3.67
HPAP-004,Tail of pancreas,ROI1,cd4_t,70,20.05
HPAP-004,Tail of pancreas,ROI1,cd4_t,80,10.05
HPAP-004,Tail of pancreas,ROI1,cd4_t,90,0.05
HPAP-004,Tail of pancreas,ROI1,cd4_t,100,10.29
HPAP-004,Tail of pancreas,ROI1,cd4_t,110,17.35
HPAP-004,Tail of pancreas,ROI1,cd4_t,120,7.35
HPAP-004,Tail of pancreas,ROI1,cd4_t,130,-2.65
HPAP-004,Tail of pancreas,ROI1,cd4_t,140,2.38
HPAP-004,Tail of pancreas,ROI1,cd4_t,150,5.97
HPAP-004,Tail of pancreas,ROI1,cd4_t,160,-4.03
HPAP-004,Tail of pancreas,ROI1,cd4_t,170,-14.03
HPAP-004,Tail of pancreas,ROI1,cd4_t,180,0.1
HPAP-004,Tail of pancreas,ROI1,cd4_t,190,1.02
HPAP-004,Tail of pancreas,ROI1,cd4_t,200,1.35
HPAP-004,Tail of pancreas,ROI1,cd8_t,10,8.43
HPAP-004,Tail of pancreas,ROI1,cd8_t,20,8.55
HPAP-004,Tail of pancreas,ROI1,cd8_t,30,12.82
HPAP-004,Tail of pancreas,ROI1,cd8_t,40,12.12
HPAP-004,Tail of pancreas,ROI1,cd8_t,50,14.89
HPAP-004,Tail of pancreas,ROI1,cd8_t,60,15.08
HPAP-004,Tail of pancreas,ROI1,cd8_t,70,15.25
HPAP-004,Tail of pancreas,ROI1,cd8_t,80,12.51
HPAP-004,Tail of pancreas,ROI1,cd8_t,90,12.27
HPAP-004,Tail of pancreas,ROI1,cd8_t,100,12.1
HPAP-004,Tail of pancreas,ROI1,cd8_t,110,11.12
HPAP-004,Tail of pancreas,ROI1,cd8_t,120,6.87
HPAP-004,Tail of pancreas,ROI1,cd8_t,130,4.92
HPAP-004,Tail of pancreas,ROI1,cd8_t,140,3.22
HPAP-004,Tail of pancreas,ROI1,cd8_t,150,0.39
HPAP-004,Tail of pancreas,ROI1,cd8_t,160,-3.63
HPAP-004,Tail of pancreas,ROI1,cd8_t,170,-5.38
HPAP-004,Tail of pancreas,ROI1,cd8_t,180,-9.7
HPAP-004,Tail of pancreas,ROI1,cd8_t,190,-10.76
HPAP-004,Tail of pancreas,ROI1,cd8_t,200,-14.07
HPAP-004,Tail of pancreas,ROI1,b_cell,10,6.9
HPAP-004,Tail of pancreas,ROI1,b_cell,20,23.57
HPAP-004,Tail of pancreas,ROI1,b_cell,30,35.0
HPAP-004,Tail of pancreas,ROI1,b_cell,40,47.71
HPAP-004,Tail of pancreas,ROI1,b_cell,50,58.98
HPAP-004,Tail of pancreas,ROI1,b_cell,60,68.9
HPAP-004,Tail of pancreas,ROI1,b_cell,70,79.37
HPAP-004,Tail of pancreas,ROI1,b_cell,80,88.07
HPAP-004,Tail of pancreas,ROI1,b_cell,90,97.2
HPAP-004,Tail of pancreas,ROI1,b_cell,100,104.51
HPAP-004,Tail of pancreas,ROI1,b_cell,110,111.33
HPAP-004,Tail of pancreas,ROI1,b_cell,120,118.05
HPAP-004,Tail of pancreas,ROI1,b_cell,130,124.57
HPAP-004,Tail of pancreas,ROI1,b_cell,140,130.55
HPAP-004,Tail of pancreas,ROI1,b_cell,150,135.41
HPAP-004,Tail of pancreas,ROI1,b_cell,160,139.9
HPAP-004,Tail of pancreas,ROI1,b_cell,170,142.58
HPAP-004,Tail of pancreas,ROI1,b_cell,180,145.35
HPAP-004,Tail of pancreas,ROI1,b_cell,190,147.99
HPAP-004,Tail of pancreas,ROI1,b_cell,200,149.37
HPAP-004,Tail of pancreas,ROI1,macrophage,10,-4.75
HPAP-004,Tail of pancreas,ROI1,macrophage,20,3.48
HPAP-004,Tail of pancreas,ROI1,macrophage,30,4.42
HPAP-004,Tail of pancreas,ROI1,macrophage,40,6.06
HPAP-004,Tail of pancreas,ROI1,macrophage,50,7.5
HPAP-004,Tail of pancreas,ROI1,macrophage,60,4.29
HPAP-004,Tail of pancreas,ROI1,macrophage,70,5.89
HPAP-004,Tail of pancreas,ROI1,macrophage,80,4.97
HPAP-004,Tail of pancreas,ROI1,macrophage,90,3.32
HPAP-004,Tail of pancreas,ROI1,macrophage,100,2.06
HPAP-004,Tail of pancreas,ROI1,macrophage,110,-0.26
HPAP-004,Tail of pancreas,ROI1,macrophage,120,-1.68
HPAP-004,Tail of pancreas,ROI1,macrophage,130,-2.92
HPAP-004,Tail of pancreas,ROI1,macrophage,140,-2.51
HPAP-004,Tail of pancreas,ROI1,macrophage,150,-3.3
HPAP-004,Tail of pancreas,ROI1,macrophage,160,-4.63
HPAP-004,Tail of pancreas,ROI1,macrophage,170,-7.44
HPAP-004,Tail of pancreas,ROI1,macrophage,180,-8.21
HPAP-004,Tail of pancreas,ROI1,macrophage,190,-9.83
HPAP-004,Tail of pancreas,ROI1,macrophage,200,-11.9
HPAP-004,Tail of pancreas,ROI1,other_immune,10,-3.83
HPAP-004,Tail of pancreas,ROI1,other_immune,20,0.76
HPAP-004,Tail of pancreas,ROI1,other_immune,30,0.63
HPAP-004,Tail of pancreas,ROI1,other_immune,40,0.97
HPAP-004,Tail of pancreas,ROI1,other_immune,50,1.44
HPAP-004,Tail of pancreas,ROI1,other_immune,60,0.31
HPAP-004,Tail of pancreas,ROI1,other_immune,70,0.09
HPAP-004,Tail of pancreas,ROI1,other_immune,80,-0.01
HPAP-004,Tail of pancreas,ROI1,other_immune,90,-0.67
HPAP-004,Tail of pancreas,ROI1,other_immune,100,-0.97
HPAP-004,Tail of pancreas,ROI1,other_immune,110,-2.2
HPAP-004,Tail of pancreas,ROI1,other_immune,120,-3.23
HPAP-004,Tail of pancreas,ROI1,other_immune,130,-4.29
HPAP-004,Tail of pancreas,ROI1,other_immune,140,-5.1
HPAP-004,Tail of pancreas,ROI1,other_immune,150,-6.87
HPAP-004,Tail of pancreas,ROI1,other_immune,160,-8.38
HPAP-004,Tail of pancreas,ROI1,other_immune,170,-9.96
HPAP-004,Tail of pancreas,ROI1,other_immune,180,-12.07
HPAP-004,Tail of pancreas,ROI1,other_immune,190,-13.44
HPAP-004,Tail of pancreas,ROI1,other_immune,200,-15.19
HPAP-004,Tail of pancreas,ROI1,endothelial,10,17.07
HPAP-004,Tail of pancreas,ROI1,endothelial,20,53.21
HPAP-004,Tail of pancreas,ROI1,endothelial,30,67.62
HPAP-004,Tail of pancreas,ROI1,endothelial,40,82.02
HPAP-004,Tail of pancreas,ROI1,endothelial,50,99.98
HPAP-004,Tail of pancreas,ROI1,endothelial,60,115.98
HPAP-004,Tail of pancreas,ROI1,endothelial,70,127.91
HPAP-004,Tail of pancreas,ROI1,endothelial,80,140.36
HPAP-004,Tail of pancreas,ROI1,endothelial,90,152.72
HPAP-004,Tail of pancreas,ROI1,endothelial,100,165.87
HPAP-004,Tail of pancreas,ROI1,endothelial,110,179.07
HPAP-004,Tail of pancreas,ROI1,endothelial,120,190.83
HPAP-004,Tail of pancreas,ROI1,endothelial,130,202.14
HPAP-004,Tail of pancreas,ROI1,endothelial,140,211.11
HPAP-004,Tail of pancreas,ROI1,endothelial,150,218.43
HPAP-004,Tail of pancreas,ROI1,endothelial,160,226.28
HPAP-004,Tail of pancreas,ROI1,endothelial,170,233.56
HPAP-004,Tail of pancreas,ROI1,endothelial,180,237.29
HPAP-004,Tail of pancreas,ROI1,endothelial,190,240.69
HPAP-004,Tail of pancreas,ROI1,endothelial,200,244.04
HPAP-004,Tail of pancreas,ROI2,cd8_t,10,-10.0
HPAP-004,Tail of pancreas,ROI2,cd8_t,20,-20.0
HPAP-004,Tail of pancreas,ROI2,cd8_t,30,47.6
HPAP-004,Tail of pancreas,ROI2,cd8_t,40,37.6
HPAP-004,Tail of pancreas,ROI2,cd8_t,50,45.04
HPAP-004,Tail of pancreas,ROI2,cd8_t,60,35.04
HPAP-004,Tail of pancreas,ROI2,cd8_t,70,39.74
HPAP-004,Tail of pancreas,ROI2,cd8_t,80,42.7
HPAP-004,Tail of pancreas,ROI2,cd8_t,90,44.41
HPAP-004,Tail of pancreas,ROI2,cd8_t,100,34.41
HPAP-004,Tail of pancreas,ROI2,cd8_t,110,35.17
HPAP-004,Tail of pancreas,ROI2,cd8_t,120,53.52
HPAP-004,Tail of pancreas,ROI2,cd8_t,130,43.52
HPAP-004,Tail of pancreas,ROI2,cd8_t,140,57.84
HPAP-004,Tail of pancreas,ROI2,cd8_t,150,62.51
HPAP-004,Tail of pancreas,ROI2,cd8_t,160,59.48
HPAP-004,Tail of pancreas,ROI2,cd8_t,170,69.18
HPAP-004,Tail of pancreas,ROI2,cd8_t,180,71.45
HPAP-004,Tail of pancreas,ROI2,cd8_t,190,78.81
HPAP-004,Tail of pancreas,ROI2,cd8_t,200,74.35
HPAP-004,Tail of pancreas,ROI2,b_cell,10,26.73
HPAP-004,Tail of pancreas,ROI2,b_cell,20,74.84
HPAP-004,Tail of pancreas,ROI2,b_cell,30,107.43
HPAP-004,Tail of pancreas,ROI2,b_cell,40,122.89
HPAP-004,Tail of pancreas,ROI2,b_cell,50,148.93
HPAP-004,Tail of pancreas,ROI2,b_cell,60,166.42
HPAP-004,Tail of pancreas,ROI2,b_cell,70,177.3
HPAP-004,Tail of pancreas,ROI2,b_cell,80,187.4
HPAP-004,Tail of pancreas,ROI2,b_cell,90,199.21
HPAP-004,Tail of pancreas,ROI2,b_cell,100,211.66
HPAP-004,Tail of pancreas,ROI2,b_cell,110,221.25
HPAP-004,Tail of pancreas,ROI2,b_cell,120,228.45
HPAP-004,Tail of pancreas,ROI2,b_cell,130,225.48
HPAP-004,Tail of pancreas,ROI2,b_cell,140,224.84
HPAP-004,Tail of pancreas,ROI2,b_cell,150,225.17
HPAP-004,Tail of pancreas,ROI2,b_cell,160,221.71
HPAP-004,Tail of pancreas,ROI2,b_cell,170,218.13
HPAP-004,Tail of pancreas,ROI2,b_cell,180,213.88
HPAP-004,Tail of pancreas,ROI2,b_cell,190,211.8
HPAP-004,Tail of pancreas,ROI2,b_cell,200,207.91
HPAP-004,Tail of pancreas,ROI2,macrophage,10,6.06
HPAP-004,Tail of pancreas,ROI2,macrophage,20,12.13
HPAP-004,Tail of pancreas,ROI2,macrophage,30,5.92
HPAP-004,Tail of pancreas,ROI2,macrophage,40,5.44
HPAP-004,Tail of pancreas,ROI2,macrophage,50,12.22
HPAP-004,Tail of pancreas,ROI2,macrophage,60,8.16
HPAP-004,Tail of pancreas,ROI2,macrophage,70,7.04
HPAP-004,Tail of pancreas,ROI2,macrophage,80,6.51
HPAP-004,Tail of pancreas,ROI2,macrophage,90,6.39
HPAP-004,Tail of pancreas,ROI2,macrophage,100,6.56
HPAP-004,Tail of pancreas,ROI2,macrophage,110,6.95
HPAP-004,Tail of pancreas,ROI2,macrophage,120,-0.86
HPAP-004,Tail of pancreas,ROI2,macrophage,130,-3.51
HPAP-004,Tail of pancreas,ROI2,macrophage,140,-2.74
HPAP-004,Tail of pancreas,ROI2,macrophage,150,-3.64
HPAP-004,Tail of pancreas,ROI2,macrophage,160,-4.25
HPAP-004,Tail of pancreas,ROI2,macrophage,170,-6.17
HPAP-004,Tail of pancreas,ROI2,macrophage,180,-6.98
HPAP-004,Tail of pancreas,ROI2,macrophage,190,-6.13
HPAP-004,Tail of pancreas,ROI2,macrophage,200,-7.23
HPAP-004,Tail of pancreas,ROI2,other_immune,10,-2.7
HPAP-004,Tail of pancreas,ROI2,other_immune,20,-0.7
HPAP-004,Tail of pancreas,ROI2,other_immune,30,0.83
HPAP-004,Tail of pancreas,ROI2,other_immune,40,1.3
HPAP-004,Tail of pancreas,ROI2,other_immune,50,1.53
HPAP-004,Tail of pancreas,ROI2,other_immune,60,1.84
HPAP-004,Tail of pancreas,ROI2,other_immune,70,2.08
HPAP-004,Tail of pancreas,ROI2,other_immune,80,1.62
HPAP-004,Tail of pancreas,ROI2,other_immune,90,0.93
HPAP-004,Tail of pancreas,ROI2,other_immune,100,0.16
HPAP-004,Tail of pancreas,ROI2,other_immune,110,-0.56
HPAP-004,Tail of pancreas,ROI2,other_immune,120,-1.74
HPAP-004,Tail of pancreas,ROI2,other_immune,130,-3.08
HPAP-004,Tail of pancreas,ROI2,other_immune,140,-4.04
HPAP-004,Tail of pancreas,ROI2,other_immune,150,-5.28
HPAP-004,Tail of pancreas,ROI2,other_immune,160,-6.28
HPAP-004,Tail of pancreas,ROI2,other_immune,170,-7.73
HPAP-004,Tail of pancreas,ROI2,other_immune,180,-9.39
HPAP-004,Tail of pancreas,ROI2,other_immune,190,-10.83
HPAP-004,Tail of pancreas,ROI2,other_immune,200,-12.66
HPAP-004,Tail of pancreas,ROI2,endothelial,10,14.1
HPAP-004,Tail of pancreas,ROI2,endothelial,20,38.6
HPAP-004,Tail of pancreas,ROI2,endothelial,30,51.47
HPAP-004,Tail of pancreas,ROI2,endothelial,40,62.18
HPAP-004,Tail of pancreas,ROI2,endothelial,50,69.28
HPAP-004,Tail of pancreas,ROI2,endothelial,60,77.0
HPAP-004,Tail of pancreas,ROI2,endothelial,70,81.76
HPAP-004,Tail of pancreas,ROI2,endothelial,80,85.84
HPAP-004,Tail of pancreas,ROI2,endothelial,90,89.11
HPAP-004,Tail of pancreas,ROI2,endothelial,100,91.92
HPAP-004,Tail of pancreas,ROI2,endothelial,110,94.23
HPAP-004,Tail of pancreas,ROI2,endothelial,120,95.31
HPAP-004,Tail of pancreas,ROI2,endothelial,130,94.68
HPAP-004,Tail of pancreas,ROI2,endothelial,140,92.5
HPAP-004,Tail of pancreas,ROI2,endothelial,150,89.51
HPAP-004,Tail of pancreas,ROI2,endothelial,160,84.53
HPAP-004,Tail of pancreas,ROI2,endothelial,170,79.38
HPAP-004,Tail of pancreas,ROI2,endothelial,180,73.99
HPAP-004,Tail of pancreas,ROI2,endothelial,190,69.04
HPAP-004,Tail of pancreas,ROI2,endothelial,200,62.85
HPAP-004,Tail of pancreas,ROI3,cd8_t,10,35.5
HPAP-004,Tail of pancreas,ROI3,cd8_t,20,44.34
HPAP-004,Tail of pancreas,ROI3,cd8_t,30,34.34
HPAP-004,Tail of pancreas,ROI3,cd8_t,40,38.8
HPAP-004,Tail of pancreas,ROI3,cd8_t,50,41.0
HPAP-004,Tail of pancreas,ROI3,cd8_t,60,41.74
HPAP-004,Tail of pancreas,ROI3,cd8_t,70,66.49
HPAP-004,Tail of pancreas,ROI3,cd8_t,80,56.49
HPAP-004,Tail of pancreas,ROI3,cd8_t,90,53.88
HPAP-004,Tail of pancreas,ROI3,cd8_t,100,50.9
HPAP-004,Tail of pancreas,ROI3,cd8_t,110,54.04
HPAP-004,Tail of pancreas,ROI3,cd8_t,120,56.21
HPAP-004,Tail of pancreas,ROI3,cd8_t,130,78.5
HPAP-004,Tail of pancreas,ROI3,cd8_t,140,82.89
HPAP-004,Tail of pancreas,ROI3,cd8_t,150,86.41
HPAP-004,Tail of pancreas,ROI3,cd8_t,160,76.41
HPAP-004,Tail of pancreas,ROI3,cd8_t,170,79.2
HPAP-004,Tail of pancreas,ROI3,cd8_t,180,73.32
HPAP-004,Tail of pancreas,ROI3,cd8_t,190,67.37
HPAP-004,Tail of pancreas,ROI3,cd8_t,200,57.37
HPAP-004,Tail of pancreas,ROI3,b_cell,10,-10.0
HPAP-004,Tail of pancreas,ROI3,b_cell,20,-20.0
HPAP-004,Tail of pancreas,ROI3,b_cell,30,-30.0
HPAP-004,Tail of pancreas,ROI3,b_cell,40,-40.0
HPAP-004,Tail of pancreas,ROI3,b_cell,50,19.27
HPAP-004,Tail of pancreas,ROI3,b_cell,60,37.97
HPAP-004,Tail of pancreas,ROI3,b_cell,70,27.97
HPAP-004,Tail of pancreas,ROI3,b_cell,80,17.97
HPAP-004,Tail of pancreas,ROI3,b_cell,90,7.97
HPAP-004,Tail of pancreas,ROI3,b_cell,100,-2.03
HPAP-004,Tail of pancreas,ROI3,b_cell,110,9.98
HPAP-004,Tail of pancreas,ROI3,b_cell,120,18.55
HPAP-004,Tail of pancreas,ROI3,b_cell,130,8.55
HPAP-004,Tail of pancreas,ROI3,b_cell,140,29.68
HPAP-004,Tail of pancreas,ROI3,b_cell,150,45.93
HPAP-004,Tail of pancreas,ROI3,b_cell,160,59.06
HPAP-004,Tail of pancreas,ROI3,b_cell,170,49.06
HPAP-004,Tail of pancreas,ROI3,b_cell,180,49.75
HPAP-004,Tail of pancreas,ROI3,b_cell,190,39.75
HPAP-004,Tail of pancreas,ROI3,b_cell,200,29.75
HPAP-004,Tail of pancreas,ROI3,macrophage,10,-10.0
HPAP-004,Tail of pancreas,ROI3,macrophage,20,21.53
HPAP-004,Tail of pancreas,ROI3,macrophage,30,25.37
HPAP-004,Tail of pancreas,ROI3,macrophage,40,21.9
HPAP-004,Tail of pancreas,ROI3,macrophage,50,36.44
HPAP-004,Tail of pancreas,ROI3,macrophage,60,37.88
HPAP-004,Tail of pancreas,ROI3,macrophage,70,36.32
HPAP-004,Tail of pancreas,ROI3,macrophage,80,36.63
HPAP-004,Tail of pancreas,ROI3,macrophage,90,33.81
HPAP-004,Tail of pancreas,ROI3,macrophage,100,34.2
HPAP-004,Tail of pancreas,ROI3,macrophage,110,33.85
HPAP-004,Tail of pancreas,ROI3,macrophage,120,30.36
HPAP-004,Tail of pancreas,ROI3,macrophage,130,29.03
HPAP-004,Tail of pancreas,ROI3,macrophage,140,22.61
HPAP-004,Tail of pancreas,ROI3,macrophage,150,21.22
HPAP-004,Tail of pancreas,ROI3,macrophage,160,14.54
HPAP-004,Tail of pancreas,ROI3,macrophage,170,12.06
HPAP-004,Tail of pancreas,ROI3,macrophage,180,9.29
HPAP-004,Tail of pancreas,ROI3,macrophage,190,5.76
HPAP-004,Tail of pancreas,ROI3,macrophage,200,1.07
HPAP-004,Tail of pancreas,ROI3,other_immune,10,-2.19
HPAP-004,Tail of pancreas,ROI3,other_immune,20,3.36
HPAP-004,Tail of pancreas,ROI3,other_immune,30,5.66
HPAP-004,Tail of pancreas,ROI3,other_immune,40,6.21
HPAP-004,Tail of pancreas,ROI3,other_immune,50,6.72
HPAP-004,Tail of pancreas,ROI3,other_immune,60,6.94
HPAP-004,Tail of pancreas,ROI3,other_immune,70,6.07
HPAP-004,Tail of pancreas,ROI3,other_immune,80,4.22
HPAP-004,Tail of pancreas,ROI3,other_immune,90,2.89
HPAP-004,Tail of pancreas,ROI3,other_immune,100,0.97
HPAP-004,Tail of pancreas,ROI3,other_immune,110,-0.67
HPAP-004,Tail of pancreas,ROI3,other_immune,120,-1.93
HPAP-004,Tail of pancreas,ROI3,other_immune,130,-3.86
HPAP-004,Tail of pancreas,ROI3,other_immune,140,-5.52
HPAP-004,Tail of pancreas,ROI3,other_immune,150,-7.18
HPAP-004,Tail of pancreas,ROI3,other_immune,160,-9.33
HPAP-004,Tail of pancreas,ROI3,other_immune,170,-11.6
HPAP-004,Tail of pancreas,ROI3,other_immune,180,-13.62
HPAP-004,Tail of pancreas,ROI3,other_immune,190,-15.73
HPAP-004,Tail of pancreas,ROI3,other_immune,200,-17.82
HPAP-004,Tail of pancreas,ROI3,endothelial,10,3.43
HPAP-004,Tail of pancreas,ROI3,endothelial,20,21.06
HPAP-004,Tail of pancreas,ROI3,endothelial,30,31.94
HPAP-004,Tail of pancreas,ROI3,endothelial,40,40.32
HPAP-004,Tail of pancreas,ROI3,endothelial,50,47.5
HPAP-004,Tail of pancreas,ROI3,endothelial,60,53.74
HPAP-004,Tail of pancreas,ROI3,endothelial,70,58.88
HPAP-004,Tail of pancreas,ROI3,endothelial,80,62.91
HPAP-004,Tail of pancreas,ROI3,endothelial,90,66.0
HPAP-004,Tail of pancreas,ROI3,endothelial,100,68.48
HPAP-004,Tail of pancreas,ROI3,endothelial,110,70.13
HPAP-004,Tail of pancreas,ROI3,endothelial,120,71.21
HPAP-004,Tail of pancreas,ROI3,endothelial,130,71.46
HPAP-004,Tail of pancreas,ROI3,endothelial,140,71.29
HPAP-004,Tail of pancreas,ROI3,endothelial,150,70.5
HPAP-004,Tail of pancreas,ROI3,endothelial,160,69.73
HPAP-004,Tail of pancreas,ROI3,endothelial,170,68.33
HPAP-004,Tail of pancreas,ROI3,endothelial,180,66.69
HPAP-004,Tail of pancreas,ROI3,endothelial,190,64.8
HPAP-004,Tail of pancreas,ROI3,endothelial,200,62.44
HPAP-005,Body of pancreas,ROI1,cd8_t,10,40.47
HPAP-005,Body of pancreas,ROI1,cd8_t,20,55.71
HPAP-005,Body of pancreas,ROI1,cd8_t,30,77.07
HPAP-005,Body of pancreas,ROI1,cd8_t,40,93.54
HPAP-005,Body of pancreas,ROI1,cd8_t,50,103.51
HPAP-005,Body of pancreas,ROI1,cd8_t,60,111.17
HPAP-005,Body of pancreas,ROI1,cd8_t,70,115.45
HPAP-005,Body of pancreas,ROI1,cd8_t,80,129.63
HPAP-005,Body of pancreas,ROI1,cd8_t,90,141.3
HPAP-005,Body of pancreas,ROI1,cd8_t,100,147.27
HPAP-005,Body of pancreas,ROI1,cd8_t,110,159.46
HPAP-005,Body of pancreas,ROI1,cd8_t,120,173.23
HPAP-005,Body of pancreas,ROI1,cd8_t,130,179.09
HPAP-005,Body of pancreas,ROI1,cd8_t,140,179.23
HPAP-005,Body of pancreas,ROI1,cd8_t,150,181.94
HPAP-005,Body of pancreas,ROI1,cd8_t,160,193.32
HPAP-005,Body of pancreas,ROI1,cd8_t,170,195.72
HPAP-005,Body of pancreas,ROI1,cd8_t,180,193.47
HPAP-005,Body of pancreas,ROI1,cd8_t,190,191.07
HPAP-005,Body of pancreas,ROI1,cd8_t,200,193.41
HPAP-005,Body of pancreas,ROI1,macrophage,10,-10.0
HPAP-005,Body of pancreas,ROI1,macrophage,20,26.68
HPAP-005,Body of pancreas,ROI1,macrophage,30,16.68
HPAP-005,Body of pancreas,ROI1,macrophage,40,20.26
HPAP-005,Body of pancreas,ROI1,macrophage,50,10.26
HPAP-005,Body of pancreas,ROI1,macrophage,60,0.26
HPAP-005,Body of pancreas,ROI1,macrophage,70,-3.99
HPAP-005,Body of pancreas,ROI1,macrophage,80,-8.7
HPAP-005,Body of pancreas,ROI1,macrophage,90,3.35
HPAP-005,Body of pancreas,ROI1,macrophage,100,11.11
HPAP-005,Body of pancreas,ROI1,macrophage,110,19.24
HPAP-005,Body of pancreas,ROI1,macrophage,120,14.74
HPAP-005,Body of pancreas,ROI1,macrophage,130,22.44
HPAP-005,Body of pancreas,ROI1,macrophage,140,30.44
HPAP-005,Body of pancreas,ROI1,macrophage,150,26.71
HPAP-005,Body of pancreas,ROI1,macrophage,160,26.7
HPAP-005,Body of pancreas,ROI1,macrophage,170,20.55
HPAP-005,Body of pancreas,ROI1,macrophage,180,16.19
HPAP-005,Body of pancreas,ROI1,macrophage,190,15.23
HPAP-005,Body of pancreas,ROI1,macrophage,200,13.9
HPAP-005,Body of pancreas,ROI1,mdsc,10,5.7
HPAP-005,Body of pancreas,ROI1,mdsc,20,15.9
HPAP-005,Body of pancreas,ROI1,mdsc,30,20.7
HPAP-005,Body of pancreas,ROI1,mdsc,40,25.33
HPAP-005,Body of pancreas,ROI1,mdsc,50,29.58
HPAP-005,Body of pancreas,ROI1,mdsc,60,33.34
HPAP-005,Body of pancreas,ROI1,mdsc,70,37.67
HPAP-005,Body of pancreas,ROI1,mdsc,80,41.85
HPAP-005,Body of pancreas,ROI1,mdsc,90,44.15
HPAP-005,Body of pancreas,ROI1,mdsc,100,46.93
HPAP-005,Body of pancreas,ROI1,mdsc,110,49.06
HPAP-005,Body of pancreas,ROI1,mdsc,120,50.43
HPAP-005,Body of pancreas,ROI1,mdsc,130,51.91
HPAP-005,Body of pancreas,ROI1,mdsc,140,52.23
HPAP-005,Body of pancreas,ROI1,mdsc,150,52.54
HPAP-005,Body of pancreas,ROI1,mdsc,160,54.1
HPAP-005,Body of pancreas,ROI1,mdsc,170,54.92
HPAP-005,Body of pancreas,ROI1,mdsc,180,55.46
HPAP-005,Body of pancreas,ROI1,mdsc,190,56.33
HPAP-005,Body of pancreas,ROI1,mdsc,200,57.45
HPAP-005,Body of pancreas,ROI1,other_immune,10,1.41
HPAP-005,Body of pancreas,ROI1,other_immune,20,4.83
HPAP-005,Body of pancreas,ROI1,other_immune,30,5.99
HPAP-005,Body of pancreas,ROI1,other_immune,40,7.21
HPAP-005,Body of pancreas,ROI1,other_immune,50,7.56
HPAP-005,Body of pancreas,ROI1,other_immune,60,8.18
HPAP-005,Body of pancreas,ROI1,other_immune,70,7.7
HPAP-005,Body of pancreas,ROI1,other_immune,80,7.97
HPAP-005,Body of pancreas,ROI1,other_immune,90,7.43
HPAP-005,Body of pancreas,ROI1,other_immune,100,6.88
HPAP-005,Body of pancreas,ROI1,other_immune,110,6.02
HPAP-005,Body of pancreas,ROI1,other_immune,120,4.92
HPAP-005,Body of pancreas,ROI1,other_immune,130,3.4
HPAP-005,Body of pancreas,ROI1,other_immune,140,1.8
HPAP-005,Body of pancreas,ROI1,other_immune,150,0.14
HPAP-005,Body of pancreas,ROI1,other_immune,160,-1.9
HPAP-005,Body of pancreas,ROI1,other_immune,170,-3.77
HPAP-005,Body of pancreas,ROI1,other_immune,180,-5.46
HPAP-005,Body of pancreas,ROI1,other_immune,190,-7.53
HPAP-005,Body of pancreas,ROI1,other_immune,200,-10.16
HPAP-005,Body of pancreas,ROI1,endothelial,10,5.43
HPAP-005,Body of pancreas,ROI1,endothelial,20,45.49
HPAP-005,Body of pancreas,ROI1,endothelial,30,68.83
HPAP-005,Body of pancreas,ROI1,endothelial,40,88.21
HPAP-005,Body of pancreas,ROI1,endothelial,50,100.44
HPAP-005,Body of pancreas,ROI1,endothelial,60,113.94
HPAP-005,Body of pancreas,ROI1,endothelial,70,121.54
HPAP-005,Body of pancreas,ROI1,endothelial,80,123.02
HPAP-005,Body of pancreas,ROI1,endothelial,90,122.76
HPAP-005,Body of pancreas,ROI1,endothelial,100,117.74
HPAP-005,Body of pancreas,ROI1,endothelial,110,116.32
HPAP-005,Body of pancreas,ROI1,endothelial,120,110.49
HPAP-005,Body of pancreas,ROI1,endothelial,130,102.04
HPAP-005,Body of pancreas,ROI1,endothelial,140,96.61
HPAP-005,Body of pancreas,ROI1,endothelial,150,93.07
HPAP-005,Body of pancreas,ROI1,endothelial,160,87.92
HPAP-005,Body of pancreas,ROI1,endothelial,170,84.09
HPAP-005,Body of pancreas,ROI1,endothelial,180,79.66
HPAP-005,Body of pancreas,ROI1,endothelial,190,75.1
HPAP-005,Body of pancreas,ROI1,endothelial,200,70.88
HPAP-005,Body of pancreas,ROI2,mdsc,10,1.46
HPAP-005,Body of pancreas,ROI2,mdsc,20,6.78
HPAP-005,Body of pancreas,ROI2,mdsc,30,9.62
HPAP-005,Body of pancreas,ROI2,mdsc,40,10.86
HPAP-005,Body of pancreas,ROI2,mdsc,50,11.88
HPAP-005,Body of pancreas,ROI2,mdsc,60,13.0
HPAP-005,Body of pancreas,ROI2,mdsc,70,13.76
HPAP-005,Body of pancreas,ROI2,mdsc,80,14.83
HPAP-005,Body of pancreas,ROI2,mdsc,90,14.85
HPAP-005,Body of pancreas,ROI2,mdsc,100,15.33
HPAP-005,Body of pancreas,ROI2,mdsc,110,15.41
HPAP-005,Body of pancreas,ROI2,mdsc,120,15.37
HPAP-005,Body of pancreas,ROI2,mdsc,130,14.85
HPAP-005,Body of pancreas,ROI2,mdsc,140,14.3
HPAP-005,Body of pancreas,ROI2,mdsc,150,13.28
HPAP-005,Body of pancreas,ROI2,mdsc,160,12.35
HPAP-005,Body of pancreas,ROI2,mdsc,170,11.43
HPAP-005,Body of pancreas,ROI2,mdsc,180,10.17
HPAP-005,Body of pancreas,ROI2,mdsc,190,8.81
HPAP-005,Body of pancreas,ROI2,mdsc,200,7.02
HPAP-005,Body of pancreas,ROI2,other_immune,10,-1.31
HPAP-005,Body of pancreas,ROI2,other_immune,20,2.49
HPAP-005,Body of pancreas,ROI2,other_immune,30,3.31
HPAP-005,Body of pancreas,ROI2,other_immune,40,4.13
HPAP-005,Body of pancreas,ROI2,other_immune,50,4.4
HPAP-005,Body of pancreas,ROI2,other_immune,60,5.45
HPAP-005,Body of pancreas,ROI2,other_immune,70,4.94
HPAP-005,Body of pancreas,ROI2,other_immune,80,4.66
HPAP-005,Body of pancreas,ROI2,other_immune,90,4.18
HPAP-005,Body of pancreas,ROI2,other_immune,100,2.99
HPAP-005,Body of pancreas,ROI2,other_immune,110,2.18
HPAP-005,Body of pancreas,ROI2,other_immune,120,1.19
HPAP-005,Body of pancreas,ROI2,other_immune,130,-0.08
HPAP-005,Body of pancreas,ROI2,other_immune,140,-1.09
HPAP-005,Body of pancreas,ROI2,other_immune,150,-2.86
HPAP-005,Body of pancreas,ROI2,other_immune,160,-4.72
HPAP-005,Body of pancreas,ROI2,other_immune,170,-6.45
HPAP-005,Body of pancreas,ROI2,other_immune,180,-8.61
HPAP-005,Body of pancreas,ROI2,other_immune,190,-11.04
HPAP-005,Body of pancreas,ROI2,other_immune,200,-13.54
HPAP-005,Body of pancreas,ROI2,endothelial,10,-0.24
HPAP-005,Body of pancreas,ROI2,endothelial,20,3.43
HPAP-005,Body of pancreas,ROI2,endothelial,30,3.2
HPAP-005,Body of pancreas,ROI2,endothelial,40,3.76
HPAP-005,Body of pancreas,ROI2,endothelial,50,2.13
HPAP-005,Body of pancreas,ROI2,endothelial,60,1.14
HPAP-005,Body of pancreas,ROI2,endothelial,70,0.39
HPAP-005,Body of pancreas,ROI2,endothelial,80,0.35
HPAP-005,Body of pancreas,ROI2,endothelial,90,0.25
HPAP-005,Body of pancreas,ROI2,endothelial,100,0.11
HPAP-005,Body of pancreas,ROI2,endothelial,110,-0.27
HPAP-005,Body of pancreas,ROI2,endothelial,120,-1.31
HPAP-005,Body of pancreas,ROI2,endothelial,130,-3.05
HPAP-005,Body of pancreas,ROI2,endothelial,140,-3.71
HPAP-005,Body of pancreas,ROI2,endothelial,150,-4.66
HPAP-005,Body of pancreas,ROI2,endothelial,160,-5.3
HPAP-005,Body of pancreas,ROI2,endothelial,170,-6.17
HPAP-005,Body of pancreas,ROI2,endothelial,180,-7.14
HPAP-005,Body of pancreas,ROI2,endothelial,190,-8.69
HPAP-005,Body of pancreas,ROI2,endothelial,200,-10.35
HPAP-005,Body of pancreas,ROI3,macrophage,10,-10.0
HPAP-005,Body of pancreas,ROI3,macrophage,20,63.04
HPAP-005,Body of pancreas,ROI3,macrophage,30,71.7
HPAP-005,Body of pancreas,ROI3,macrophage,40,82.23
HPAP-005,Body of pancreas,ROI3,macrophage,50,85.6
HPAP-005,Body of pancreas,ROI3,macrophage,60,75.6
HPAP-005,Body of pancreas,ROI3,macrophage,70,65.6
HPAP-005,Body of pancreas,ROI3,macrophage,80,55.6
HPAP-005,Body of pancreas,ROI3,macrophage,90,57.76
HPAP-005,Body of pancreas,ROI3,macrophage,100,51.6
HPAP-005,Body of pancreas,ROI3,macrophage,110,49.0
HPAP-005,Body of pancreas,ROI3,macrophage,120,52.85
HPAP-005,Body of pancreas,ROI3,macrophage,130,49.38
HPAP-005,Body of pancreas,ROI3,macrophage,140,54.74
HPAP-005,Body of pancreas,ROI3,macrophage,150,56.2
HPAP-005,Body of pancreas,ROI3,macrophage,160,48.97
HPAP-005,Body of pancreas,ROI3,macrophage,170,41.7
HPAP-005,Body of pancreas,ROI3,macrophage,180,34.4
HPAP-005,Body of pancreas,ROI3,macrophage,190,39.92
HPAP-005,Body of pancreas,ROI3,macrophage,200,46.79
HPAP-005,Body of pancreas,ROI3,mdsc,10,3.69
HPAP-005,Body of pancreas,ROI3,mdsc,20,2.36
HPAP-005,Body of pancreas,ROI3,mdsc,30,3.85
HPAP-005,Body of pancreas,ROI3,mdsc,40,5.18
HPAP-005,Body of pancreas,ROI3,mdsc,50,5.34
HPAP-005,Body of pancreas,ROI3,mdsc,60,7.7
HPAP-005,Body of pancreas,ROI3,mdsc,70,6.65
HPAP-005,Body of pancreas,ROI3,mdsc,80,6.6
HPAP-005,Body of pancreas,ROI3,mdsc,90,4.65
HPAP-005,Body of pancreas,ROI3,mdsc,100,3.58
HPAP-005,Body of pancreas,ROI3,mdsc,110,2.54
HPAP-005,Body of pancreas,ROI3,mdsc,120,1.87
HPAP-005,Body of pancreas,ROI3,mdsc,130,0.86
HPAP-005,Body of pancreas,ROI3,mdsc,140,-0.88
HPAP-005,Body of pancreas,ROI3,mdsc,150,-1.47
HPAP-005,Body of pancreas,ROI3,mdsc,160,-2.95
HPAP-005,Body of pancreas,ROI3,mdsc,170,-4.87
HPAP-005,Body of pancreas,ROI3,mdsc,180,-5.72
HPAP-005,Body of pancreas,ROI3,mdsc,190,-7.37
HPAP-005,Body of pancreas,ROI3,mdsc,200,-9.06
HPAP-005,Body of pancreas,ROI3,other_immune,10,-0.57
HPAP-005,Body of pancreas,ROI3,other_immune,20,5.26
HPAP-005,Body of pancreas,ROI3,other_immune,30,7.33
HPAP-005,Body of pancreas,ROI3,other_immune,40,9.12
HPAP-005,Body of pancreas,ROI3,other_immune,50,9.64
HPAP-005,Body of pancreas,ROI3,other_immune,60,10.23
HPAP-005,Body of pancreas,ROI3,other_immune,70,10.09
HPAP-005,Body of pancreas,ROI3,other_immune,80,9.96
HPAP-005,Body of pancreas,ROI3,other_immune,90,9.12
HPAP-005,Body of pancreas,ROI3,other_immune,100,8.07
HPAP-005,Body of pancreas,ROI3,other_immune,110,7.25
HPAP-005,Body of pancreas,ROI3,other_immune,120,5.99
HPAP-005,Body of pancreas,ROI3,other_immune,130,4.19
HPAP-005,Body of pancreas,ROI3,other_immune,140,2.88
HPAP-005,Body of pancreas,ROI3,other_immune,150,1.02
HPAP-005,Body of pancreas,ROI3,other_immune,160,-0.99
HPAP-005,Body of pancreas,ROI3,other_immune,170,-3.19
HPAP-005,Body of pancreas,ROI3,other_immune,180,-5.44
HPAP-005,Body of pancreas,ROI3,other_immune,190,-7.33
HPAP-005,Body of pancreas,ROI3,other_immune,200,-9.73
HPAP-005,Body of pancreas,ROI3,endothelial,10,-0.22
HPAP-005,Body of pancreas,ROI3,endothelial,20,4.34
HPAP-005,Body of pancreas,ROI3,endothelial,30,5.15
HPAP-005,Body of pancreas,ROI3,endothelial,40,5.66
HPAP-005,Body of pancreas,ROI3,endothelial,50,6.52
HPAP-005,Body of pancreas,ROI3,endothelial,60,6.6
HPAP-005,Body of pancreas,ROI3,endothelial,70,7.12
HPAP-005,Body of pancreas,ROI3,endothelial,80,7.17
HPAP-005,Body of pancreas,ROI3,endothelial,90,6.82
HPAP-005,Body of pancreas,ROI3,endothelial,100,6.25
HPAP-005,Body of pancreas,ROI3,endothelial,110,5.52
HPAP-005,Body of pancreas,ROI3,endothelial,120,4.14
HPAP-005,Body of pancreas,ROI3,endothelial,130,2.83
HPAP-005,Body of pancreas,ROI3,endothelial,140,1.13
HPAP-005,Body of pancreas,ROI3,endothelial,150,-0.57
HPAP-005,Body of pancreas,ROI3,endothelial,160,-2.05
HPAP-005,Body of pancreas,ROI3,endothelial,170,-3.84
HPAP-005,Body of pancreas,ROI3,endothelial,180,-5.54
HPAP-005,Body of pancreas,ROI3,endothelial,190,-7.3
HPAP-005,Body of pancreas,ROI3,endothelial,200,-9.01
HPAP-005,Head of pancreas,ROI1,cd8_t,10,108.71
HPAP-005,Head of pancreas,ROI1,cd8_t,20,98.71
HPAP-005,Head of pancreas,ROI1,cd8_t,30,88.71
HPAP-005,Head of pancreas,ROI1,cd8_t,40,78.71
HPAP-005,Head of pancreas,ROI1,cd8_t,50,68.71
HPAP-005,Head of pancreas,ROI1,cd8_t,60,107.89
HPAP-005,Head of pancreas,ROI1,cd8_t,70,97.89
HPAP-005,Head of pancreas,ROI1,cd8_t,80,87.89
HPAP-005,Head of pancreas,ROI1,cd8_t,90,77.89
HPAP-005,Head of pancreas,ROI1,cd8_t,100,67.89
HPAP-005,Head of pancreas,ROI1,cd8_t,110,57.89
HPAP-005,Head of pancreas,ROI1,cd8_t,120,47.89
HPAP-005,Head of pancreas,ROI1,cd8_t,130,37.89
HPAP-005,Head of pancreas,ROI1,cd8_t,140,27.89
HPAP-005,Head of pancreas,ROI1,cd8_t,150,17.89
HPAP-005,Head of pancreas,ROI1,cd8_t,160,7.89
HPAP-005,Head of pancreas,ROI1,cd8_t,170,-2.11
HPAP-005,Head of pancreas,ROI1,cd8_t,180,-12.11
HPAP-005,Head of pancreas,ROI1,cd8_t,190,-22.11
HPAP-005,Head of pancreas,ROI1,cd8_t,200,-32.11
HPAP-005,Head of pancreas,ROI1,b_cell,10,-10.0
HPAP-005,Head of pancreas,ROI1,b_cell,20,-20.0
HPAP-005,Head of pancreas,ROI1,b_cell,30,-30.0
HPAP-005,Head of pancreas,ROI1,b_cell,40,-40.0
HPAP-005,Head of pancreas,ROI1,b_cell,50,-50.0
HPAP-005,Head of pancreas,ROI1,b_cell,60,-60.0
HPAP-005,Head of pancreas,ROI1,b_cell,70,-70.0
HPAP-005,Head of pancreas,ROI1,b_cell,80,-80.0
HPAP-005,Head of pancreas,ROI1,b_cell,90,-90.0
HPAP-005,Head of pancreas,ROI1,b_cell,100,-16.06
HPAP-005,Head of pancreas,ROI1,b_cell,110,-26.06
HPAP-005,Head of pancreas,ROI1,b_cell,120,-36.06
HPAP-005,Head of pancreas,ROI1,b_cell,130,-46.06
HPAP-005,Head of pancreas,ROI1,b_cell,140,-21.29
HPAP-005,Head of pancreas,ROI1,b_cell,150,-31.29
HPAP-005,Head of pancreas,ROI1,b_cell,160,-41.29
HPAP-005,Head of pancreas,ROI1,b_cell,170,17.7
HPAP-005,Head of pancreas,ROI1,b_cell,180,7.7
HPAP-005,Head of pancreas,ROI1,b_cell,190,-2.3
HPAP-005,Head of pancreas,ROI1,b_cell,200,-12.3
HPAP-005,Head of pancreas,ROI1,macrophage,10,15.48
HPAP-005,Head of pancreas,ROI1,macrophage,20,22.26
HPAP-005,Head of pancreas,ROI1,macrophage,30,19.35
HPAP-005,Head of pancreas,ROI1,macrophage,40,15.54
HPAP-005,Head of pancreas,ROI1,macrophage,50,16.21
HPAP-005,Head of pancreas,ROI1,macrophage,60,10.94
HPAP-005,Head of pancreas,ROI1,macrophage,70,4.3
HPAP-005,Head of pancreas,ROI1,macrophage,80,1.59
HPAP-005,Head of pancreas,ROI1,macrophage,90,0.1
HPAP-005,Head of pancreas,ROI1,macrophage,100,-1.3
HPAP-005,Head of pancreas,ROI1,macrophage,110,-3.39
HPAP-005,Head of pancreas,ROI1,macrophage,120,-5.32
HPAP-005,Head of pancreas,ROI1,macrophage,130,-0.06
HPAP-005,Head of pancreas,ROI1,macrophage,140,-1.59
HPAP-005,Head of pancreas,ROI1,macrophage,150,-2.5
HPAP-005,Head of pancreas,ROI1,macrophage,160,-2.39
HPAP-005,Head of pancreas,ROI1,macrophage,170,-6.82
HPAP-005,Head of pancreas,ROI1,macrophage,180,-8.57
HPAP-005,Head of pancreas,ROI1,macrophage,190,-10.7
HPAP-005,Head of pancreas,ROI1,macrophage,200,-12.3
HPAP-005,Head of pancreas,ROI1,mdsc,10,-10.0
HPAP-005,Head of pancreas,ROI1,mdsc,20,4.51
HPAP-005,Head of pancreas,ROI1,mdsc,30,4.66
HPAP-005,Head of pancreas,ROI1,mdsc,40,9.01
HPAP-005,Head of pancreas,ROI1,mdsc,50,4.8
HPAP-005,Head of pancreas,ROI1,mdsc,60,4.84
HPAP-005,Head of pancreas,ROI1,mdsc,70,3.52
HPAP-005,Head of pancreas,ROI1,mdsc,80,8.36
HPAP-005,Head of pancreas,ROI1,mdsc,90,13.97
HPAP-005,Head of pancreas,ROI1,mdsc,100,12.3
HPAP-005,Head of pancreas,ROI1,mdsc,110,10.05
HPAP-005,Head of pancreas,ROI1,mdsc,120,2.53
HPAP-005,Head of pancreas,ROI1,mdsc,130,4.23
HPAP-005,Head of pancreas,ROI1,mdsc,140,0.78
HPAP-005,Head of pancreas,ROI1,mdsc,150,3.04
HPAP-005,Head of pancreas,ROI1,mdsc,160,-3.08
HPAP-005,Head of pancreas,ROI1,mdsc,170,-1.99
HPAP-005,Head of pancreas,ROI1,mdsc,180,-8.46
HPAP-005,Head of pancreas,ROI1,mdsc,190,-9.92
HPAP-005,Head of pancreas,ROI1,mdsc,200,-3.95
HPAP-005,Head of pancreas,ROI1,other_immune,10,-2.03
HPAP-005,Head of pancreas,ROI1,other_immune,20,0.29
HPAP-005,Head of pancreas,ROI1,other_immune,30,0.79
HPAP-005,Head of pancreas,ROI1,other_immune,40,1.36
HPAP-005,Head of pancreas,ROI1,other_immune,50,1.44
HPAP-005,Head of pancreas,ROI1,other_immune,60,0.92
HPAP-005,Head of pancreas,ROI1,other_immune,70,0.02
HPAP-005,Head of pancreas,ROI1,other_immune,80,0.49
HPAP-005,Head of pancreas,ROI1,other_immune,90,0.2
HPAP-005,Head of pancreas,ROI1,other_immune,100,0.06
HPAP-005,Head of pancreas,ROI1,other_immune,110,-0.27
HPAP-005,Head of pancreas,ROI1,other_immune,120,-1.14
HPAP-005,Head of pancreas,ROI1,other_immune,130,-2.06
HPAP-005,Head of pancreas,ROI1,other_immune,140,-3.14
HPAP-005,Head of pancreas,ROI1,other_immune,150,-3.61
HPAP-005,Head of pancreas,ROI1,other_immune,160,-4.97
HPAP-005,Head of pancreas,ROI1,other_immune,170,-6.38
HPAP-005,Head of pancreas,ROI1,other_immune,180,-7.79
HPAP-005,Head of pancreas,ROI1,other_immune,190,-8.59
HPAP-005,Head of pancreas,ROI1,other_immune,200,-10.06
HPAP-005,Head of pancreas,ROI1,fibroblast,10,-1.72
HPAP-005,Head of pancreas,ROI1,fibroblast,20,1.86
HPAP-005,Head of pancreas,ROI1,fibroblast,30,1.69
HPAP-005,Head of pancreas,ROI1,fibroblast,40,1.27
HPAP-005,Head of pancreas,ROI1,fibroblast,50,-0.01
HPAP-005,Head of pancreas,ROI1,fibroblast,60,-0.84
HPAP-005,Head of pancreas,ROI1,fibroblast,70,-1.08
HPAP-005,Head of pancreas,ROI1,fibroblast,80,-2.43
HPAP-005,Head of pancreas,ROI1,fibroblast,90,-3.3
HPAP-005,Head of pancreas,ROI1,fibroblast,100,-4.09
HPAP-005,Head of pancreas,ROI1,fibroblast,110,-4.99
HPAP-005,Head of pancreas,ROI1,fibroblast,120,-6.42
HPAP-005,Head of pancreas,ROI1,fibroblast,130,-7.27
HPAP-005,Head of pancreas,ROI1,fibroblast,140,-8.72
HPAP-005,Head of pancreas,ROI1,fibroblast,150,-10.45
HPAP-005,Head of pancreas,ROI1,fibroblast,160,-12.13
HPAP-005,Head of pancreas,ROI1,fibroblast,170,-13.99
HPAP-005,Head of pancreas,ROI1,fibroblast,180,-15.85
HPAP-005,Head of pancreas,ROI1,fibroblast,190,-17.82
HPAP-005,Head of pancreas,ROI1,fibroblast,200,-19.91
HPAP-005,Head of pancreas,ROI2,macrophage,10,-10.0
HPAP-005,Head of pancreas,ROI2,macrophage,20,-1.71
HPAP-005,Head of pancreas,ROI2,macrophage,30,10.9
HPAP-005,Head of pancreas,ROI2,macrophage,40,4.81
HPAP-005,Head of pancreas,ROI2,macrophage,50,20.85
HPAP-005,Head of pancreas,ROI2,macrophage,60,13.17
HPAP-005,Head of pancreas,ROI2,macrophage,70,11.81
HPAP-005,Head of pancreas,ROI2,macrophage,80,13.27
HPAP-005,Head of pancreas,ROI2,macrophage,90,10.19
HPAP-005,Head of pancreas,ROI2,macrophage,100,6.66
HPAP-005,Head of pancreas,ROI2,macrophage,110,8.55
HPAP-005,Head of pancreas,ROI2,macrophage,120,6.73
HPAP-005,Head of pancreas,ROI2,macrophage,130,8.1
HPAP-005,Head of pancreas,ROI2,macrophage,140,6.34
HPAP-005,Head of pancreas,ROI2,macrophage,150,4.13
HPAP-005,Head of pancreas,ROI2,macrophage,160,2.59
HPAP-005,Head of pancreas,ROI2,macrophage,170,-0.36
HPAP-005,Head of pancreas,ROI2,macrophage,180,0.16
HPAP-005,Head of pancreas,ROI2,macrophage,190,-4.35
HPAP-005,Head of pancreas,ROI2,macrophage,200,-7.28
HPAP-005,Head of pancreas,ROI2,mdsc,10,-10.0
HPAP-005,Head of pancreas,ROI2,mdsc,20,22.47
HPAP-005,Head of pancreas,ROI2,mdsc,30,22.01
HPAP-005,Head of pancreas,ROI2,mdsc,40,20.06
HPAP-005,Head of pancreas,ROI2,mdsc,50,29.45
HPAP-005,Head of pancreas,ROI2,mdsc,60,24.94
HPAP-005,Head of pancreas,ROI2,mdsc,70,29.6
HPAP-005,Head of pancreas,ROI2,mdsc,80,28.28
HPAP-005,Head of pancreas,ROI2,mdsc,90,22.36
HPAP-005,Head of pancreas,ROI2,mdsc,100,20.12
HPAP-005,Head of pancreas,ROI2,mdsc,110,13.82
HPAP-005,Head of pancreas,ROI2,mdsc,120,10.9
HPAP-005,Head of pancreas,ROI2,mdsc,130,4.3
HPAP-005,Head of pancreas,ROI2,mdsc,140,-2.38
HPAP-005,Head of pancreas,ROI2,mdsc,150,-2.88
HPAP-005,Head of pancreas,ROI2,mdsc,160,-6.87
HPAP-005,Head of pancreas,ROI2,mdsc,170,-11.09
HPAP-005,Head of pancreas,ROI2,mdsc,180,-10.12
HPAP-005,Head of pancreas,ROI2,mdsc,190,-17.49
HPAP-005,Head of pancreas,ROI2,mdsc,200,-12.46
HPAP-005,Head of pancreas,ROI2,other_immune,10,-3.43
HPAP-005,Head of pancreas,ROI2,other_immune,20,-0.36
HPAP-005,Head of pancreas,ROI2,other_immune,30,0.81
HPAP-005,Head of pancreas,ROI2,other_immune,40,1.69
HPAP-005,Head of pancreas,ROI2,other_immune,50,1.35
HPAP-005,Head of pancreas,ROI2,other_immune,60,0.95
HPAP-005,Head of pancreas,ROI2,other_immune,70,0.76
HPAP-005,Head of pancreas,ROI2,other_immune,80,0.14
HPAP-005,Head of pancreas,ROI2,other_immune,90,-0.48
HPAP-005,Head of pancreas,ROI2,other_immune,100,-1.15
HPAP-005,Head of pancreas,ROI2,other_immune,110,-1.88
HPAP-005,Head of pancreas,ROI2,other_immune,120,-2.94
HPAP-005,Head of pancreas,ROI2,other_immune,130,-4.05
HPAP-005,Head of pancreas,ROI2,other_immune,140,-5.02
HPAP-005,Head of pancreas,ROI2,other_immune,150,-6.44
HPAP-005,Head of pancreas,ROI2,other_immune,160,-7.41
HPAP-005,Head of pancreas,ROI2,other_immune,170,-8.7
HPAP-005,Head of pancreas,ROI2,other_immune,180,-10.04
HPAP-005,Head of pancreas,ROI2,other_immune,190,-11.46
HPAP-005,Head of pancreas,ROI2,other_immune,200,-13.38
HPAP-005,Head of pancreas,ROI2,endothelial,10,8.75
HPAP-005,Head of pancreas,ROI2,endothelial,20,41.08
HPAP-005,Head of pancreas,ROI2,endothelial,30,58.92
HPAP-005,Head of pancreas,ROI2,endothelial,40,74.52
HPAP-005,Head of pancreas,ROI2,endothelial,50,89.02
HPAP-005,Head of pancreas,ROI2,endothelial,60,99.06
HPAP-005,Head of pancreas,ROI2,endothelial,70,107.95
HPAP-005,Head of pancreas,ROI2,endothelial,80,115.55
HPAP-005,Head of pancreas,ROI2,endothelial,90,120.51
HPAP-005,Head of pancreas,ROI2,endothelial,100,125.15
HPAP-005,Head of pancreas,ROI2,endothelial,110,128.18
HPAP-005,Head of pancreas,ROI2,endothelial,120,130.3
HPAP-005,Head of pancreas,ROI2,endothelial,130,131.27
HPAP-005,Head of pancreas,ROI2,endothelial,140,132.31
HPAP-005,Head of pancreas,ROI2,endothelial,150,131.64
HPAP-005,Head of pancreas,ROI2,endothelial,160,130.15
HPAP-005,Head of pancreas,ROI2,endothelial,170,127.17
HPAP-005,Head of pancreas,ROI2,endothelial,180,124.15
HPAP-005,Head of pancreas,ROI2,endothelial,190,120.34
HPAP-005,Head of pancreas,ROI2,endothelial,200,116.08
HPAP-005,Head of pancreas,ROI3,cd8_t,10,-10.0
HPAP-005,Head of pancreas,ROI3,cd8_t,20,18.81
HPAP-005,Head of pancreas,ROI3,cd8_t,30,56.77
HPAP-005,Head of pancreas,ROI3,cd8_t,40,55.05
HPAP-005,Head of pancreas,ROI3,cd8_t,50,52.67
HPAP-005,Head of pancreas,ROI3,cd8_t,60,74.43
HPAP-005,Head of pancreas,ROI3,cd8_t,70,75.2
HPAP-005,Head of pancreas,ROI3,cd8_t,80,75.22
HPAP-005,Head of pancreas,ROI3,cd8_t,90,70.0
HPAP-005,Head of pancreas,ROI3,cd8_t,100,90.11
HPAP-005,Head of pancreas,ROI3,cd8_t,110,87.87
HPAP-005,Head of pancreas,ROI3,cd8_t,120,85.34
HPAP-005,Head of pancreas,ROI3,cd8_t,130,82.55
HPAP-005,Head of pancreas,ROI3,cd8_t,140,82.92
HPAP-005,Head of pancreas,ROI3,cd8_t,150,76.27
HPAP-005,Head of pancreas,ROI3,cd8_t,160,69.57
HPAP-005,Head of pancreas,ROI3,cd8_t,170,59.57
HPAP-005,Head of pancreas,ROI3,cd8_t,180,52.83
HPAP-005,Head of pancreas,ROI3,cd8_t,190,52.34
HPAP-005,Head of pancreas,ROI3,cd8_t,200,48.47
HPAP-005,Head of pancreas,ROI3,mdsc,10,-0.43
HPAP-005,Head of pancreas,ROI3,mdsc,20,7.91
HPAP-005,Head of pancreas,ROI3,mdsc,30,8.88
HPAP-005,Head of pancreas,ROI3,mdsc,40,11.55
HPAP-005,Head of pancreas,ROI3,mdsc,50,12.4
HPAP-005,Head of pancreas,ROI3,mdsc,60,10.01
HPAP-005,Head of pancreas,ROI3,mdsc,70,9.8
HPAP-005,Head of pancreas,ROI3,mdsc,80,8.77
HPAP-005,Head of pancreas,ROI3,mdsc,90,9.7
HPAP-005,Head of pancreas,ROI3,mdsc,100,9.97
HPAP-005,Head of pancreas,ROI3,mdsc,110,11.08
HPAP-005,Head of pancreas,ROI3,mdsc,120,8.06
HPAP-005,Head of pancreas,ROI3,mdsc,130,7.88
HPAP-005,Head of pancreas,ROI3,mdsc,140,6.42
HPAP-005,Head of pancreas,ROI3,mdsc,150,5.97
HPAP-005,Head of pancreas,ROI3,mdsc,160,5.93
HPAP-005,Head of pancreas,ROI3,mdsc,170,3.62
HPAP-005,Head of pancreas,ROI3,mdsc,180,3.12
HPAP-005,Head of pancreas,ROI3,mdsc,190,0.96
HPAP-005,Head of pancreas,ROI3,mdsc,200,0.44
HPAP-005,Head of pancreas,ROI3,other_immune,10,-2.7
HPAP-005,Head of pancreas,ROI3,other_immune,20,2.18
HPAP-005,Head of pancreas,ROI3,other_immune,30,2.75
HPAP-005,Head of pancreas,ROI3,other_immune,40,3.52
HPAP-005,Head of pancreas,ROI3,other_immune,50,4.48
HPAP-005,Head of pancreas,ROI3,other_immune,60,5.04
HPAP-005,Head of pancreas,ROI3,other_immune,70,5.37
HPAP-005,Head of pancreas,ROI3,other_immune,80,4.98
HPAP-005,Head of pancreas,ROI3,other_immune,90,4.96
HPAP-005,Head of pancreas,ROI3,other_immune,100,4.79
HPAP-005,Head of pancreas,ROI3,other_immune,110,4.04
HPAP-005,Head of pancreas,ROI3,other_immune,120,3.94
HPAP-005,Head of pancreas,ROI3,other_immune,130,3.26
HPAP-005,Head of pancreas,ROI3,other_immune,140,2.54
HPAP-005,Head of pancreas,ROI3,other_immune,150,1.83
HPAP-005,Head of pancreas,ROI3,other_immune,160,0.84
HPAP-005,Head of pancreas,ROI3,other_immune,170,-0.13
HPAP-005,Head of pancreas,ROI3,other_immune,180,-1.35
HPAP-005,Head of pancreas,ROI3,other_immune,190,-2.79
HPAP-005,Head of pancreas,ROI3,other_immune,200,-4.3
HPAP-005,Head of pancreas,ROI3,endothelial,10,-1.27
HPAP-005,Head of pancreas,ROI3,endothelial,20,5.95
HPAP-005,Head of pancreas,ROI3,endothelial,30,7.56
HPAP-005,Head of pancreas,ROI3,endothelial,40,8.29
HPAP-005,Head of pancreas,ROI3,endothelial,50,8.9
HPAP-005,Head of pancreas,ROI3,endothelial,60,9.67
HPAP-005,Head of pancreas,ROI3,endothelial,70,9.31
HPAP-005,Head of pancreas,ROI3,endothelial,80,9.19
HPAP-005,Head of pancreas,ROI3,endothelial,90,8.31
HPAP-005,Head of pancreas,ROI3,endothelial,100,6.65
HPAP-005,Head of pancreas,ROI3,endothelial,110,5.21
HPAP-005,Head of pancreas,ROI3,endothelial,120,5.38
HPAP-005,Head of pancreas,ROI3,endothelial,130,4.68
HPAP-005,Head of pancreas,ROI3,endothelial,140,2.75
HPAP-005,Head of pancreas,ROI3,endothelial,150,1.18
HPAP-005,Head of pancreas,ROI3,endothelial,160,0.14
HPAP-005,Head of pancreas,ROI3,endothelial,170,-1.1
HPAP-005,Head of pancreas,ROI3,endothelial,180,-2.39
HPAP-005,Head of pancreas,ROI3,endothelial,190,-3.78
HPAP-005,Head of pancreas,ROI3,endothelial,200,-6.58
HPAP-005,Tail of pancreas,ROI1,macrophage,10,-10.0
HPAP-005,Tail of pancreas,ROI1,macrophage,20,48.75
HPAP-005,Tail of pancreas,ROI1,macrophage,30,38.75
HPAP-005,Tail of pancreas,ROI1,macrophage,40,28.75
HPAP-005,Tail of pancreas,ROI1,macrophage,50,18.75
HPAP-005,Tail of pancreas,ROI1,macrophage,60,8.75
HPAP-005,Tail of pancreas,ROI1,macrophage,70,-1.25
HPAP-005,Tail of pancreas,ROI1,macrophage,80,17.23
HPAP-005,Tail of pancreas,ROI1,macrophage,90,7.23
HPAP-005,Tail of pancreas,ROI1,macrophage,100,19.08
HPAP-005,Tail of pancreas,ROI1,macrophage,110,9.08
HPAP-005,Tail of pancreas,ROI1,macrophage,120,-0.92
HPAP-005,Tail of pancreas,ROI1,macrophage,130,7.5
HPAP-005,Tail of pancreas,ROI1,macrophage,140,28.4
HPAP-005,Tail of pancreas,ROI1,macrophage,150,18.4
HPAP-005,Tail of pancreas,ROI1,macrophage,160,8.4
HPAP-005,Tail of pancreas,ROI1,macrophage,170,-1.6
HPAP-005,Tail of pancreas,ROI1,macrophage,180,1.89
HPAP-005,Tail of pancreas,ROI1,macrophage,190,-8.11
HPAP-005,Tail of pancreas,ROI1,macrophage,200,-5.55
HPAP-005,Tail of pancreas,ROI1,mdsc,10,-10.0
HPAP-005,Tail of pancreas,ROI1,mdsc,20,3.84
HPAP-005,Tail of pancreas,ROI1,mdsc,30,6.07
HPAP-005,Tail of pancreas,ROI1,mdsc,40,9.37
HPAP-005,Tail of pancreas,ROI1,mdsc,50,6.96
HPAP-005,Tail of pancreas,ROI1,mdsc,60,7.42
HPAP-005,Tail of pancreas,ROI1,mdsc,70,7.77
HPAP-005,Tail of pancreas,ROI1,mdsc,80,9.5
HPAP-005,Tail of pancreas,ROI1,mdsc,90,10.68
HPAP-005,Tail of pancreas,ROI1,mdsc,100,10.65
HPAP-005,Tail of pancreas,ROI1,mdsc,110,9.49
HPAP-005,Tail of pancreas,ROI1,mdsc,120,9.85
HPAP-005,Tail of pancreas,ROI1,mdsc,130,8.53
HPAP-005,Tail of pancreas,ROI1,mdsc,140,7.81
HPAP-005,Tail of pancreas,ROI1,mdsc,150,7.77
HPAP-005,Tail of pancreas,ROI1,mdsc,160,6.14
HPAP-005,Tail of pancreas,ROI1,mdsc,170,3.64
HPAP-005,Tail of pancreas,ROI1,mdsc,180,1.79
HPAP-005,Tail of pancreas,ROI1,mdsc,190,-0.17
HPAP-005,Tail of pancreas,ROI1,mdsc,200,-2.05
HPAP-005,Tail of pancreas,ROI1,other_immune,10,-10.0
HPAP-005,Tail of pancreas,ROI1,other_immune,20,-20.0
HPAP-005,Tail of pancreas,ROI1,other_immune,30,-30.0
HPAP-005,Tail of pancreas,ROI1,other_immune,40,30.18
HPAP-005,Tail of pancreas,ROI1,other_immune,50,20.18
HPAP-005,Tail of pancreas,ROI1,other_immune,60,30.6
HPAP-005,Tail of pancreas,ROI1,other_immune,70,20.6
HPAP-005,Tail of pancreas,ROI1,other_immune,80,27.2
HPAP-005,Tail of pancreas,ROI1,other_immune,90,38.13
HPAP-005,Tail of pancreas,ROI1,other_immune,100,40.36
HPAP-005,Tail of pancreas,ROI1,other_immune,110,41.61
HPAP-005,Tail of pancreas,ROI1,other_immune,120,31.61
HPAP-005,Tail of pancreas,ROI1,other_immune,130,41.91
HPAP-005,Tail of pancreas,ROI1,other_immune,140,36.62
HPAP-005,Tail of pancreas,ROI1,other_immune,150,31.21
HPAP-005,Tail of pancreas,ROI1,other_immune,160,34.33
HPAP-005,Tail of pancreas,ROI1,other_immune,170,28.5
HPAP-005,Tail of pancreas,ROI1,other_immune,180,18.5
HPAP-005,Tail of pancreas,ROI1,other_immune,190,20.55
HPAP-005,Tail of pancreas,ROI1,other_immune,200,18.2
HPAP-005,Tail of pancreas,ROI2,mdsc,10,0.78
HPAP-005,Tail of pancreas,ROI2,mdsc,20,10.02
HPAP-005,Tail of pancreas,ROI2,mdsc,30,12.8
HPAP-005,Tail of pancreas,ROI2,mdsc,40,13.65
HPAP-005,Tail of pancreas,ROI2,mdsc,50,12.65
HPAP-005,Tail of pancreas,ROI2,mdsc,60,12.14
HPAP-005,Tail of pancreas,ROI2,mdsc,70,9.25
HPAP-005,Tail of pancreas,ROI2,mdsc,80,7.11
HPAP-005,Tail of pancreas,ROI2,mdsc,90,4.94
HPAP-005,Tail of pancreas,ROI2,mdsc,100,4.69
HPAP-005,Tail of pancreas,ROI2,mdsc,110,5.52
HPAP-005,Tail of pancreas,ROI2,mdsc,120,7.26
HPAP-005,Tail of pancreas,ROI2,mdsc,130,9.47
HPAP-005,Tail of pancreas,ROI2,mdsc,140,9.23
HPAP-005,Tail of pancreas,ROI2,mdsc,150,7.3
HPAP-005,Tail of pancreas,ROI2,mdsc,160,6.37
HPAP-005,Tail of pancreas,ROI2,mdsc,170,3.64
HPAP-005,Tail of pancreas,ROI2,mdsc,180,1.58
HPAP-005,Tail of pancreas,ROI2,mdsc,190,-0.2
HPAP-005,Tail of pancreas,ROI2,mdsc,200,-2.32
HPAP-005,Tail of pancreas,ROI2,endothelial,10,-0.76
HPAP-005,Tail of pancreas,ROI2,endothelial,20,4.44
HPAP-005,Tail of pancreas,ROI2,endothelial,30,16.2
HPAP-005,Tail of pancreas,ROI2,endothelial,40,16.2
HPAP-005,Tail of pancreas,ROI2,endothelial,50,21.57
HPAP-005,Tail of pancreas,ROI2,endothelial,60,20.01
HPAP-005,Tail of pancreas,ROI2,endothelial,70,23.77
HPAP-005,Tail of pancreas,ROI2,endothelial,80,21.21
HPAP-005,Tail of pancreas,ROI2,endothelial,90,20.1
HPAP-005,Tail of pancreas,ROI2,endothelial,100,18.68
HPAP-005,Tail of pancreas,ROI2,endothelial,110,20.01
HPAP-005,Tail of pancreas,ROI2,endothelial,120,18.89
HPAP-005,Tail of pancreas,ROI2,endothelial,130,15.5
HPAP-005,Tail of pancreas,ROI2,endothelial,140,17.34
HPAP-005,Tail of pancreas,ROI2,endothelial,150,17.84
HPAP-005,Tail of pancreas,ROI2,endothelial,160,18.68
HPAP-005,Tail of pancreas,ROI2,endothelial,170,17.08
HPAP-005,Tail of pancreas,ROI2,endothelial,180,16.86
HPAP-005,Tail of pancreas,ROI2,endothelial,190,15.14
HPAP-005,Tail of pancreas,ROI2,endothelial,200,13.7
HPAP-006,Body of pancreas,ROI4,cd4_t,10,-10.0
HPAP-006,Body of pancreas,ROI4,cd4_t,20,-20.0
HPAP-006,Body of pancreas,ROI4,cd4_t,30,28.53
HPAP-006,Body of pancreas,ROI4,cd4_t,40,18.53
HPAP-006,Body of pancreas,ROI4,cd4_t,50,32.78
HPAP-006,Body of pancreas,ROI4,cd4_t,60,57.06
HPAP-006,Body of pancreas,ROI4,cd4_t,70,73.37
HPAP-006,Body of pancreas,ROI4,cd4_t,80,95.6
HPAP-006,Body of pancreas,ROI4,cd4_t,90,104.13
HPAP-006,Body of pancreas,ROI4,cd4_t,100,111.04
HPAP-006,Body of pancreas,ROI4,cd4_t,110,116.69
HPAP-006,Body of pancreas,ROI4,cd4_t,120,121.33
HPAP-006,Body of pancreas,ROI4,cd4_t,130,111.33
HPAP-006,Body of pancreas,ROI4,cd4_t,140,101.33
HPAP-006,Body of pancreas,ROI4,cd4_t,150,98.33
HPAP-006,Body of pancreas,ROI4,cd4_t,160,108.23
HPAP-006,Body of pancreas,ROI4,cd4_t,170,104.54
HPAP-006,Body of pancreas,ROI4,cd4_t,180,100.71
HPAP-006,Body of pancreas,ROI4,cd4_t,190,96.75
HPAP-006,Body of pancreas,ROI4,cd4_t,200,92.66
HPAP-006,Body of pancreas,ROI4,cd8_t,10,-10.0
HPAP-006,Body of pancreas,ROI4,cd8_t,20,23.27
HPAP-006,Body of pancreas,ROI4,cd8_t,30,44.95
HPAP-006,Body of pancreas,ROI4,cd8_t,40,54.31
HPAP-006,Body of pancreas,ROI4,cd8_t,50,60.32
HPAP-006,Body of pancreas,ROI4,cd8_t,60,62.39
HPAP-006,Body of pancreas,ROI4,cd8_t,70,71.88
HPAP-006,Body of pancreas,ROI4,cd8_t,80,83.35
HPAP-006,Body of pancreas,ROI4,cd8_t,90,92.31
HPAP-006,Body of pancreas,ROI4,cd8_t,100,101.81
HPAP-006,Body of pancreas,ROI4,cd8_t,110,107.44
HPAP-006,Body of pancreas,ROI4,cd8_t,120,112.02
HPAP-006,Body of pancreas,ROI4,cd8_t,130,111.9
HPAP-006,Body of pancreas,ROI4,cd8_t,140,117.82
HPAP-006,Body of pancreas,ROI4,cd8_t,150,121.1
HPAP-006,Body of pancreas,ROI4,cd8_t,160,125.4
HPAP-006,Body of pancreas,ROI4,cd8_t,170,128.23
HPAP-006,Body of pancreas,ROI4,cd8_t,180,125.98
HPAP-006,Body of pancreas,ROI4,cd8_t,190,120.54
HPAP-006,Body of pancreas,ROI4,cd8_t,200,115.77
HPAP-006,Body of pancreas,ROI4,b_cell,10,7.75
HPAP-006,Body of pancreas,ROI4,b_cell,20,26.95
HPAP-006,Body of pancreas,ROI4,b_cell,30,40.98
HPAP-006,Body of pancreas,ROI4,b_cell,40,46.94
HPAP-006,Body of pancreas,ROI4,b_cell,50,53.48
HPAP-006,Body of pancreas,ROI4,b_cell,60,59.04
HPAP-006,Body of pancreas,ROI4,b_cell,70,61.61
HPAP-006,Body of pancreas,ROI4,b_cell,80,65.26
HPAP-006,Body of pancreas,ROI4,b_cell,90,69.71
HPAP-006,Body of pancreas,ROI4,b_cell,100,71.14
HPAP-006,Body of pancreas,ROI4,b_cell,110,76.96
HPAP-006,Body of pancreas,ROI4,b_cell,120,79.2
HPAP-006,Body of pancreas,ROI4,b_cell,130,78.47
HPAP-006,Body of pancreas,ROI4,b_cell,140,75.89
HPAP-006,Body of pancreas,ROI4,b_cell,150,72.36
HPAP-006,Body of pancreas,ROI4,b_cell,160,70.7
HPAP-006,Body of pancreas,ROI4,b_cell,170,67.42
HPAP-006,Body of pancreas,ROI4,b_cell,180,62.67
HPAP-006,Body of pancreas,ROI4,b_cell,190,62.22
HPAP-006,Body of pancreas,ROI4,b_cell,200,58.38
HPAP-006,Body of pancreas,ROI4,macrophage,10,-10.0
HPAP-006,Body of pancreas,ROI4,macrophage,20,22.15
HPAP-006,Body of pancreas,ROI4,macrophage,30,12.15
HPAP-006,Body of pancreas,ROI4,macrophage,40,11.62
HPAP-006,Body of pancreas,ROI4,macrophage,50,1.62
HPAP-006,Body of pancreas,ROI4,macrophage,60,6.64
HPAP-006,Body of pancreas,ROI4,macrophage,70,3.0
HPAP-006,Body of pancreas,ROI4,macrophage,80,-1.15
HPAP-006,Body of pancreas,ROI4,macrophage,90,8.85
HPAP-006,Body of pancreas,ROI4,macrophage,100,11.51
HPAP-006,Body of pancreas,ROI4,macrophage,110,1.51
HPAP-006,Body of pancreas,ROI4,macrophage,120,-8.49
HPAP-006,Body of pancreas,ROI4,macrophage,130,-10.79
HPAP-006,Body of pancreas,ROI4,macrophage,140,-6.72
HPAP-006,Body of pancreas,ROI4,macrophage,150,-3.99
HPAP-006,Body of pancreas,ROI4,macrophage,160,-5.14
HPAP-006,Body of pancreas,ROI4,macrophage,170,-9.5
HPAP-006,Body of pancreas,ROI4,macrophage,180,-19.5
HPAP-006,Body of pancreas,ROI4,macrophage,190,-18.79
HPAP-006,Body of pancreas,ROI4,macrophage,200,-26.22
HPAP-006,Body of pancreas,ROI4,other_immune,10,-3.53
HPAP-006,Body of pancreas,ROI4,other_immune,20,5.05
HPAP-006,Body of pancreas,ROI4,other_immune,30,7.15
HPAP-006,Body of pancreas,ROI4,other_immune,40,8.54
HPAP-006,Body of pancreas,ROI4,other_immune,50,11.01
HPAP-006,Body of pancreas,ROI4,other_immune,60,12.78
HPAP-006,Body of pancreas,ROI4,other_immune,70,12.14
HPAP-006,Body of pancreas,ROI4,other_immune,80,10.61
HPAP-006,Body of pancreas,ROI4,other_immune,90,10.04
HPAP-006,Body of pancreas,ROI4,other_immune,100,11.13
HPAP-006,Body of pancreas,ROI4,other_immune,110,10.69
HPAP-006,Body of pancreas,ROI4,other_immune,120,10.19
HPAP-006,Body of pancreas,ROI4,other_immune,130,8.9
HPAP-006,Body of pancreas,ROI4,other_immune,140,8.83
HPAP-006,Body of pancreas,ROI4,other_immune,150,9.23
HPAP-006,Body of pancreas,ROI4,other_immune,160,9.04
HPAP-006,Body of pancreas,ROI4,other_immune,170,7.77
HPAP-006,Body of pancreas,ROI4,other_immune,180,7.83
HPAP-006,Body of pancreas,ROI4,other_immune,190,7.07
HPAP-006,Body of pancreas,ROI4,other_immune,200,5.58
HPAP-006,Body of pancreas,ROI5,cd4_t,10,-10.0
HPAP-006,Body of pancreas,ROI5,cd4_t,20,55.59
HPAP-006,Body of pancreas,ROI5,cd4_t,30,100.93
HPAP-006,Body of pancreas,ROI5,cd4_t,40,111.18
HPAP-006,Body of pancreas,ROI5,cd4_t,50,119.02
HPAP-006,Body of pancreas,ROI5,cd4_t,60,109.02
HPAP-006,Body of pancreas,ROI5,cd4_t,70,115.16
HPAP-006,Body of pancreas,ROI5,cd4_t,80,105.16
HPAP-006,Body of pancreas,ROI5,cd4_t,90,95.16
HPAP-006,Body of pancreas,ROI5,cd4_t,100,99.99
HPAP-006,Body of pancreas,ROI5,cd4_t,110,89.99
HPAP-006,Body of pancreas,ROI5,cd4_t,120,79.99
HPAP-006,Body of pancreas,ROI5,cd4_t,130,83.8
HPAP-006,Body of pancreas,ROI5,cd4_t,140,86.77
HPAP-006,Body of pancreas,ROI5,cd4_t,150,100.7
HPAP-006,Body of pancreas,ROI5,cd4_t,160,90.7
HPAP-006,Body of pancreas,ROI5,cd4_t,170,91.85
HPAP-006,Body of pancreas,ROI5,cd4_t,180,81.85
HPAP-006,Body of pancreas,ROI5,cd4_t,190,71.85
HPAP-006,Body of pancreas,ROI5,cd4_t,200,61.85
HPAP-006,Body of pancreas,ROI5,cd8_t,10,-10.0
HPAP-006,Body of pancreas,ROI5,cd8_t,20,54.25
HPAP-006,Body of pancreas,ROI5,cd8_t,30,65.86
HPAP-006,Body of pancreas,ROI5,cd8_t,40,73.42
HPAP-006,Body of pancreas,ROI5,cd8_t,50,71.25
HPAP-006,Body of pancreas,ROI5,cd8_t,60,68.61
HPAP-006,Body of pancreas,ROI5,cd8_t,70,65.56
HPAP-006,Body of pancreas,ROI5,cd8_t,80,55.56
HPAP-006,Body of pancreas,ROI5,cd8_t,90,64.57
HPAP-006,Body of pancreas,ROI5,cd8_t,100,54.57
HPAP-006,Body of pancreas,ROI5,cd8_t,110,71.88
HPAP-006,Body of pancreas,ROI5,cd8_t,120,76.45
HPAP-006,Body of pancreas,ROI5,cd8_t,130,71.08
HPAP-006,Body of pancreas,ROI5,cd8_t,140,74.35
HPAP-006,Body of pancreas,ROI5,cd8_t,150,64.35
HPAP-006,Body of pancreas,ROI5,cd8_t,160,62.76
HPAP-006,Body of pancreas,ROI5,cd8_t,170,60.86
HPAP-006,Body of pancreas,ROI5,cd8_t,180,58.69
HPAP-006,Body of pancreas,ROI5,cd8_t,190,59.97
HPAP-006,Body of pancreas,ROI5,cd8_t,200,60.76
HPAP-006,Body of pancreas,ROI5,macrophage,10,16.88
HPAP-006,Body of pancreas,ROI5,macrophage,20,26.55
HPAP-006,Body of pancreas,ROI5,macrophage,30,30.1
HPAP-006,Body of pancreas,ROI5,macrophage,40,25.84
HPAP-006,Body of pancreas,ROI5,macrophage,50,35.0
HPAP-006,Body of pancreas,ROI5,macrophage,60,36.91
HPAP-006,Body of pancreas,ROI5,macrophage,70,30.57
HPAP-006,Body of pancreas,ROI5,macrophage,80,27.51
HPAP-006,Body of pancreas,ROI5,macrophage,90,24.03
HPAP-006,Body of pancreas,ROI5,macrophage,100,23.17
HPAP-006,Body of pancreas,ROI5,macrophage,110,21.68
HPAP-006,Body of pancreas,ROI5,macrophage,120,19.66
HPAP-006,Body of pancreas,ROI5,macrophage,130,12.23
HPAP-006,Body of pancreas,ROI5,macrophage,140,16.73
HPAP-006,Body of pancreas,ROI5,macrophage,150,11.27
HPAP-006,Body of pancreas,ROI5,macrophage,160,5.69
HPAP-006,Body of pancreas,ROI5,macrophage,170,6.25
HPAP-006,Body of pancreas,ROI5,macrophage,180,6.22
HPAP-006,Body of pancreas,ROI5,macrophage,190,16.46
HPAP-006,Body of pancreas,ROI5,macrophage,200,15.03
HPAP-006,Body of pancreas,ROI5,other_immune,10,-2.9
HPAP-006,Body of pancreas,ROI5,other_immune,20,5.69
HPAP-006,Body of pancreas,ROI5,other_immune,30,8.39
HPAP-006,Body of pancreas,ROI5,other_immune,40,9.46
HPAP-006,Body of pancreas,ROI5,other_immune,50,10.25
HPAP-006,Body of pancreas,ROI5,other_immune,60,10.98
HPAP-006,Body of pancreas,ROI5,other_immune,70,10.74
HPAP-006,Body of pancreas,ROI5,other_immune,80,11.31
HPAP-006,Body of pancreas,ROI5,other_immune,90,11.33
HPAP-006,Body of pancreas,ROI5,other_immune,100,11.15
HPAP-006,Body of pancreas,ROI5,other_immune,110,10.74
HPAP-006,Body of pancreas,ROI5,other_immune,120,9.76
HPAP-006,Body of pancreas,ROI5,other_immune,130,9.22
HPAP-006,Body of pancreas,ROI5,other_immune,140,8.53
HPAP-006,Body of pancreas,ROI5,other_immune,150,7.08
HPAP-006,Body of pancreas,ROI5,other_immune,160,6.3
HPAP-006,Body of pancreas,ROI5,other_immune,170,5.9
HPAP-006,Body of pancreas,ROI5,other_immune,180,5.1
HPAP-006,Body of pancreas,ROI5,other_immune,190,3.81
HPAP-006,Body of pancreas,ROI5,other_immune,200,2.66
HPAP-006,Body of pancreas,ROI5,endothelial,10,3.59
HPAP-006,Body of pancreas,ROI5,endothelial,20,25.07
HPAP-006,Body of pancreas,ROI5,endothelial,30,33.02
HPAP-006,Body of pancreas,ROI5,endothelial,40,38.66
HPAP-006,Body of pancreas,ROI5,endothelial,50,39.12
HPAP-006,Body of pancreas,ROI5,endothelial,60,36.58
HPAP-006,Body of pancreas,ROI5,endothelial,70,35.71
HPAP-006,Body of pancreas,ROI5,endothelial,80,40.79
HPAP-006,Body of pancreas,ROI5,endothelial,90,42.11
HPAP-006,Body of pancreas,ROI5,endothelial,100,43.83
HPAP-006,Body of pancreas,ROI5,endothelial,110,46.73
HPAP-006,Body of pancreas,ROI5,endothelial,120,45.61
HPAP-006,Body of pancreas,ROI5,endothelial,130,46.15
HPAP-006,Body of pancreas,ROI5,endothelial,140,46.09
HPAP-006,Body of pancreas,ROI5,endothelial,150,45.53
HPAP-006,Body of pancreas,ROI5,endothelial,160,42.72
HPAP-006,Body of pancreas,ROI5,endothelial,170,39.44
HPAP-006,Body of pancreas,ROI5,endothelial,180,37.66
HPAP-006,Body of pancreas,ROI5,endothelial,190,35.57
HPAP-006,Body of pancreas,ROI5,endothelial,200,32.83
HPAP-006,Body of pancreas,ROI6,cd4_t,10,-10.0
HPAP-006,Body of pancreas,ROI6,cd4_t,20,-20.0
HPAP-006,Body of pancreas,ROI6,cd4_t,30,-30.0
HPAP-006,Body of pancreas,ROI6,cd4_t,40,-40.0
HPAP-006,Body of pancreas,ROI6,cd4_t,50,-50.0
HPAP-006,Body of pancreas,ROI6,cd4_t,60,-60.0
HPAP-006,Body of pancreas,ROI6,cd4_t,70,-70.0
HPAP-006,Body of pancreas,ROI6,cd4_t,80,-4.19
HPAP-006,Body of pancreas,ROI6,cd4_t,90,-14.19
HPAP-006,Body of pancreas,ROI6,cd4_t,100,-24.19
HPAP-006,Body of pancreas,ROI6,cd4_t,110,-34.19
HPAP-006,Body of pancreas,ROI6,cd4_t,120,-12.79
HPAP-006,Body of pancreas,ROI6,cd4_t,130,-22.79
HPAP-006,Body of pancreas,ROI6,cd4_t,140,-32.79
HPAP-006,Body of pancreas,ROI6,cd4_t,150,-18.7
HPAP-006,Body of pancreas,ROI6,cd4_t,160,-8.39
HPAP-006,Body of pancreas,ROI6,cd4_t,170,-0.49
HPAP-006,Body of pancreas,ROI6,cd4_t,180,-10.49
HPAP-006,Body of pancreas,ROI6,cd4_t,190,-20.49
HPAP-006,Body of pancreas,ROI6,cd4_t,200,-30.49
HPAP-006,Body of pancreas,ROI6,cd8_t,10,28.12
HPAP-006,Body of pancreas,ROI6,cd8_t,20,40.27
HPAP-006,Body of pancreas,ROI6,cd8_t,30,36.03
HPAP-006,Body of pancreas,ROI6,cd8_t,40,31.32
HPAP-006,Body of pancreas,ROI6,cd8_t,50,26.24
HPAP-006,Body of pancreas,ROI6,cd8_t,60,25.24
HPAP-006,Body of pancreas,ROI6,cd8_t,70,23.38
HPAP-006,Body of pancreas,ROI6,cd8_t,80,20.86
HPAP-006,Body of pancreas,ROI6,cd8_t,90,14.4
HPAP-006,Body of pancreas,ROI6,cd8_t,100,20.55
HPAP-006,Body of pancreas,ROI6,cd8_t,110,27.45
HPAP-006,Body of pancreas,ROI6,cd8_t,120,27.64
HPAP-006,Body of pancreas,ROI6,cd8_t,130,27.18
HPAP-006,Body of pancreas,ROI6,cd8_t,140,23.96
HPAP-006,Body of pancreas,ROI6,cd8_t,150,20.48
HPAP-006,Body of pancreas,ROI6,cd8_t,160,20.82
HPAP-006,Body of pancreas,ROI6,cd8_t,170,16.75
HPAP-006,Body of pancreas,ROI6,cd8_t,180,28.8
HPAP-006,Body of pancreas,ROI6,cd8_t,190,23.95
HPAP-006,Body of pancreas,ROI6,cd8_t,200,23.91
HPAP-006,Body of pancreas,ROI6,b_cell,10,-10.0
HPAP-006,Body of pancreas,ROI6,b_cell,20,70.02
HPAP-006,Body of pancreas,ROI6,b_cell,30,60.02
HPAP-006,Body of pancreas,ROI6,b_cell,40,50.02
HPAP-006,Body of pancreas,ROI6,b_cell,50,40.02
HPAP-006,Body of pancreas,ROI6,b_cell,60,30.02
HPAP-006,Body of pancreas,ROI6,b_cell,70,20.02
HPAP-006,Body of pancreas,ROI6,b_cell,80,10.02
HPAP-006,Body of pancreas,ROI6,b_cell,90,0.02
HPAP-006,Body of pancreas,ROI6,b_cell,100,10.26
HPAP-006,Body of pancreas,ROI6,b_cell,110,0.26
HPAP-006,Body of pancreas,ROI6,b_cell,120,-9.74
HPAP-006,Body of pancreas,ROI6,b_cell,130,-19.74
HPAP-006,Body of pancreas,ROI6,b_cell,140,-29.74
HPAP-006,Body of pancreas,ROI6,b_cell,150,-39.74
HPAP-006,Body of pancreas,ROI6,b_cell,160,-49.74
HPAP-006,Body of pancreas,ROI6,b_cell,170,-59.74
HPAP-006,Body of pancreas,ROI6,b_cell,180,-69.74
HPAP-006,Body of pancreas,ROI6,b_cell,190,-62.69
HPAP-006,Body of pancreas,ROI6,b_cell,200,-57.66
HPAP-006,Body of pancreas,ROI6,macrophage,10,-10.0
HPAP-006,Body of pancreas,ROI6,macrophage,20,14.01
HPAP-006,Body of pancreas,ROI6,macrophage,30,13.9
HPAP-006,Body of pancreas,ROI6,macrophage,40,11.94
HPAP-006,Body of pancreas,ROI6,macrophage,50,12.08
HPAP-006,Body of pancreas,ROI6,macrophage,60,13.46
HPAP-006,Body of pancreas,ROI6,macrophage,70,13.3
HPAP-006,Body of pancreas,ROI6,macrophage,80,18.16
HPAP-006,Body of pancreas,ROI6,macrophage,90,26.15
HPAP-006,Body of pancreas,ROI6,macrophage,100,25.71
HPAP-006,Body of pancreas,ROI6,macrophage,110,21.7
HPAP-006,Body of pancreas,ROI6,macrophage,120,25.6
HPAP-006,Body of pancreas,ROI6,macrophage,130,28.29
HPAP-006,Body of pancreas,ROI6,macrophage,140,20.7
HPAP-006,Body of pancreas,ROI6,macrophage,150,17.74
HPAP-006,Body of pancreas,ROI6,macrophage,160,15.6
HPAP-006,Body of pancreas,ROI6,macrophage,170,15.22
HPAP-006,Body of pancreas,ROI6,macrophage,180,16.33
HPAP-006,Body of pancreas,ROI6,macrophage,190,14.03
HPAP-006,Body of pancreas,ROI6,macrophage,200,13.27
HPAP-006,Body of pancreas,ROI6,mdsc,10,-10.0
HPAP-006,Body of pancreas,ROI6,mdsc,20,63.81
HPAP-006,Body of pancreas,ROI6,mdsc,30,53.81
HPAP-006,Body of pancreas,ROI6,mdsc,40,43.81
HPAP-006,Body of pancreas,ROI6,mdsc,50,33.81
HPAP-006,Body of pancreas,ROI6,mdsc,60,58.52
HPAP-006,Body of pancreas,ROI6,mdsc,70,48.52
HPAP-006,Body of pancreas,ROI6,mdsc,80,38.52
HPAP-006,Body of pancreas,ROI6,mdsc,90,28.52
HPAP-006,Body of pancreas,ROI6,mdsc,100,18.52
HPAP-006,Body of pancreas,ROI6,mdsc,110,8.52
HPAP-006,Body of pancreas,ROI6,mdsc,120,-1.48
HPAP-006,Body of pancreas,ROI6,mdsc,130,37.62
HPAP-006,Body of pancreas,ROI6,mdsc,140,27.62
HPAP-006,Body of pancreas,ROI6,mdsc,150,55.29
HPAP-006,Body of pancreas,ROI6,mdsc,160,61.74
HPAP-006,Body of pancreas,ROI6,mdsc,170,81.42
HPAP-006,Body of pancreas,ROI6,mdsc,180,97.96
HPAP-006,Body of pancreas,ROI6,mdsc,190,87.96
HPAP-006,Body of pancreas,ROI6,mdsc,200,77.96
HPAP-006,Body of pancreas,ROI6,other_immune,10,-4.26
HPAP-006,Body of pancreas,ROI6,other_immune,20,2.85
HPAP-006,Body of pancreas,ROI6,other_immune,30,3.84
HPAP-006,Body of pancreas,ROI6,other_immune,40,3.71
HPAP-006,Body of pancreas,ROI6,other_immune,50,4.03
HPAP-006,Body of pancreas,ROI6,other_immune,60,3.69
HPAP-006,Body of pancreas,ROI6,other_immune,70,3.44
HPAP-006,Body of pancreas,ROI6,other_immune,80,3.03
HPAP-006,Body of pancreas,ROI6,other_immune,90,2.31
HPAP-006,Body of pancreas,ROI6,other_immune,100,1.52
HPAP-006,Body of pancreas,ROI6,other_immune,110,0.03
HPAP-006,Body of pancreas,ROI6,other_immune,120,-1.26
HPAP-006,Body of pancreas,ROI6,other_immune,130,-2.64
HPAP-006,Body of pancreas,ROI6,other_immune,140,-4.47
HPAP-006,Body of pancreas,ROI6,other_immune,150,-6.66
HPAP-006,Body of pancreas,ROI6,other_immune,160,-8.07
HPAP-006,Body of pancreas,ROI6,other_immune,170,-9.98
HPAP-006,Body of pancreas,ROI6,other_immune,180,-11.95
HPAP-006,Body of pancreas,ROI6,other_immune,190,-14.2
HPAP-006,Body of pancreas,ROI6,other_immune,200,-16.36
HPAP-006,Body of pancreas,ROI6,endothelial,10,-10.0
HPAP-006,Body of pancreas,ROI6,endothelial,20,134.74
HPAP-006,Body of pancreas,ROI6,endothelial,30,219.51
HPAP-006,Body of pancreas,ROI6,endothelial,40,326.18
HPAP-006,Body of pancreas,ROI6,endothelial,50,365.21
HPAP-006,Body of pancreas,ROI6,endothelial,60,393.79
HPAP-006,Body of pancreas,ROI6,endothelial,70,429.02
HPAP-006,Body of pancreas,ROI6,endothelial,80,437.86
HPAP-006,Body of pancreas,ROI6,endothelial,90,441.55
HPAP-006,Body of pancreas,ROI6,endothelial,100,440.49
HPAP-006,Body of pancreas,ROI6,endothelial,110,439.28
HPAP-006,Body of pancreas,ROI6,endothelial,120,433.62
HPAP-006,Body of pancreas,ROI6,endothelial,130,423.62
HPAP-006,Body of pancreas,ROI6,endothelial,140,422.2
HPAP-006,Body of pancreas,ROI6,endothelial,150,412.2
HPAP-006,Body of pancreas,ROI6,endothelial,160,402.2
HPAP-006,Body of pancreas,ROI6,endothelial,170,392.2
HPAP-006,Body of pancreas,ROI6,endothelial,180,382.2
HPAP-006,Body of pancreas,ROI6,endothelial,190,372.2
HPAP-006,Body of pancreas,ROI6,endothelial,200,362.2
HPAP-006,Head of pancreas,ROI1,cd4_t,10,9.63
HPAP-006,Head of pancreas,ROI1,cd4_t,20,7.76
HPAP-006,Head of pancreas,ROI1,cd4_t,30,9.26
HPAP-006,Head of pancreas,ROI1,cd4_t,40,15.52
HPAP-006,Head of pancreas,ROI1,cd4_t,50,20.77
HPAP-006,Head of pancreas,ROI1,cd4_t,60,25.56
HPAP-006,Head of pancreas,ROI1,cd4_t,70,28.15
HPAP-006,Head of pancreas,ROI1,cd4_t,80,36.13
HPAP-006,Head of pancreas,ROI1,cd4_t,90,43.13
HPAP-006,Head of pancreas,ROI1,cd4_t,100,49.49
HPAP-006,Head of pancreas,ROI1,cd4_t,110,56.56
HPAP-006,Head of pancreas,ROI1,cd4_t,120,58.83
HPAP-006,Head of pancreas,ROI1,cd4_t,130,64.32
HPAP-006,Head of pancreas,ROI1,cd4_t,140,68.66
HPAP-006,Head of pancreas,ROI1,cd4_t,150,71.21
HPAP-006,Head of pancreas,ROI1,cd4_t,160,73.09
HPAP-006,Head of pancreas,ROI1,cd4_t,170,73.59
HPAP-006,Head of pancreas,ROI1,cd4_t,180,69.07
HPAP-006,Head of pancreas,ROI1,cd4_t,190,71.15
HPAP-006,Head of pancreas,ROI1,cd4_t,200,66.27
HPAP-006,Head of pancreas,ROI1,cd8_t,10,18.65
HPAP-006,Head of pancreas,ROI1,cd8_t,20,33.59
HPAP-006,Head of pancreas,ROI1,cd8_t,30,35.64
HPAP-006,Head of pancreas,ROI1,cd8_t,40,41.03
HPAP-006,Head of pancreas,ROI1,cd8_t,50,48.2
HPAP-006,Head of pancreas,ROI1,cd8_t,60,50.02
HPAP-006,Head of pancreas,ROI1,cd8_t,70,51.54
HPAP-006,Head of pancreas,ROI1,cd8_t,80,57.39
HPAP-006,Head of pancreas,ROI1,cd8_t,90,59.54
HPAP-006,Head of pancreas,ROI1,cd8_t,100,61.42
HPAP-006,Head of pancreas,ROI1,cd8_t,110,58.87
HPAP-006,Head of pancreas,ROI1,cd8_t,120,62.87
HPAP-006,Head of pancreas,ROI1,cd8_t,130,68.47
HPAP-006,Head of pancreas,ROI1,cd8_t,140,66.08
HPAP-006,Head of pancreas,ROI1,cd8_t,150,68.17
HPAP-006,Head of pancreas,ROI1,cd8_t,160,64.66
HPAP-006,Head of pancreas,ROI1,cd8_t,170,62.73
HPAP-006,Head of pancreas,ROI1,cd8_t,180,62.23
HPAP-006,Head of pancreas,ROI1,cd8_t,190,64.62
HPAP-006,Head of pancreas,ROI1,cd8_t,200,67.59
HPAP-006,Head of pancreas,ROI1,b_cell,10,12.51
HPAP-006,Head of pancreas,ROI1,b_cell,20,31.99
HPAP-006,Head of pancreas,ROI1,b_cell,30,39.38
HPAP-006,Head of pancreas,ROI1,b_cell,40,42.71
HPAP-006,Head of pancreas,ROI1,b_cell,50,50.67
HPAP-006,Head of pancreas,ROI1,b_cell,60,58.76
HPAP-006,Head of pancreas,ROI1,b_cell,70,62.54
HPAP-006,Head of pancreas,ROI1,b_cell,80,73.23
HPAP-006,Head of pancreas,ROI1,b_cell,90,79.71
HPAP-006,Head of pancreas,ROI1,b_cell,100,82.42
HPAP-006,Head of pancreas,ROI1,b_cell,110,84.52
HPAP-006,Head of pancreas,ROI1,b_cell,120,87.75
HPAP-006,Head of pancreas,ROI1,b_cell,130,89.03
HPAP-006,Head of pancreas,ROI1,b_cell,140,94.3
HPAP-006,Head of pancreas,ROI1,b_cell,150,96.42
HPAP-006,Head of pancreas,ROI1,b_cell,160,94.19
HPAP-006,Head of pancreas,ROI1,b_cell,170,92.68
HPAP-006,Head of pancreas,ROI1,b_cell,180,91.54
HPAP-006,Head of pancreas,ROI1,b_cell,190,90.26
HPAP-006,Head of pancreas,ROI1,b_cell,200,89.16
HPAP-006,Head of pancreas,ROI1,macrophage,10,1.77
HPAP-006,Head of pancreas,ROI1,macrophage,20,13.3
HPAP-006,Head of pancreas,ROI1,macrophage,30,16.35
HPAP-006,Head of pancreas,ROI1,macrophage,40,11.98
HPAP-006,Head of pancreas,ROI1,macrophage,50,11.73
HPAP-006,Head of pancreas,ROI1,macrophage,60,13.99
HPAP-006,Head of pancreas,ROI1,macrophage,70,12.82
HPAP-006,Head of pancreas,ROI1,macrophage,80,10.04
HPAP-006,Head of pancreas,ROI1,macrophage,90,9.89
HPAP-006,Head of pancreas,ROI1,macrophage,100,6.92
HPAP-006,Head of pancreas,ROI1,macrophage,110,3.83
HPAP-006,Head of pancreas,ROI1,macrophage,120,2.05
HPAP-006,Head of pancreas,ROI1,macrophage,130,-0.51
HPAP-006,Head of pancreas,ROI1,macrophage,140,-2.72
HPAP-006,Head of pancreas,ROI1,macrophage,150,-1.8
HPAP-006,Head of pancreas,ROI1,macrophage,160,-3.61
HPAP-006,Head of pancreas,ROI1,macrophage,170,-5.83
HPAP-006,Head of pancreas,ROI1,macrophage,180,-7.19
HPAP-006,Head of pancreas,ROI1,macrophage,190,-9.92
HPAP-006,Head of pancreas,ROI1,macrophage,200,-10.37
HPAP-006,Head of pancreas,ROI1,mdsc,10,-10.0
HPAP-006,Head of pancreas,ROI1,mdsc,20,125.13
HPAP-006,Head of pancreas,ROI1,mdsc,30,181.57
HPAP-006,Head of pancreas,ROI1,mdsc,40,183.67
HPAP-006,Head of pancreas,ROI1,mdsc,50,173.67
HPAP-006,Head of pancreas,ROI1,mdsc,60,163.67
HPAP-006,Head of pancreas,ROI1,mdsc,70,153.67
HPAP-006,Head of pancreas,ROI1,mdsc,80,149.48
HPAP-006,Head of pancreas,ROI1,mdsc,90,145.14
HPAP-006,Head of pancreas,ROI1,mdsc,100,140.68
HPAP-006,Head of pancreas,ROI1,mdsc,110,136.09
HPAP-006,Head of pancreas,ROI1,mdsc,120,131.38
HPAP-006,Head of pancreas,ROI1,mdsc,130,126.56
HPAP-006,Head of pancreas,ROI1,mdsc,140,121.64
HPAP-006,Head of pancreas,ROI1,mdsc,150,140.27
HPAP-006,Head of pancreas,ROI1,mdsc,160,143.57
HPAP-006,Head of pancreas,ROI1,mdsc,170,146.31
HPAP-006,Head of pancreas,ROI1,mdsc,180,148.56
HPAP-006,Head of pancreas,ROI1,mdsc,190,150.37
HPAP-006,Head of pancreas,ROI1,mdsc,200,144.21
HPAP-006,Head of pancreas,ROI1,other_immune,10,-2.54
HPAP-006,Head of pancreas,ROI1,other_immune,20,3.34
HPAP-006,Head of pancreas,ROI1,other_immune,30,4.98
HPAP-006,Head of pancreas,ROI1,other_immune,40,6.48
HPAP-006,Head of pancreas,ROI1,other_immune,50,7.05
HPAP-006,Head of pancreas,ROI1,other_immune,60,8.02
HPAP-006,Head of pancreas,ROI1,other_immune,70,7.75
HPAP-006,Head of pancreas,ROI1,other_immune,80,6.99
HPAP-006,Head of pancreas,ROI1,other_immune,90,6.57
HPAP-006,Head of pancreas,ROI1,other_immune,100,5.91
HPAP-006,Head of pancreas,ROI1,other_immune,110,5.56
HPAP-006,Head of pancreas,ROI1,other_immune,120,4.5
HPAP-006,Head of pancreas,ROI1,other_immune,130,3.63
HPAP-006,Head of pancreas,ROI1,other_immune,140,2.33
HPAP-006,Head of pancreas,ROI1,other_immune,150,0.6
HPAP-006,Head of pancreas,ROI1,other_immune,160,-0.43
HPAP-006,Head of pancreas,ROI1,other_immune,170,-2.45
HPAP-006,Head of pancreas,ROI1,other_immune,180,-3.9
HPAP-006,Head of pancreas,ROI1,other_immune,190,-5.54
HPAP-006,Head of pancreas,ROI1,other_immune,200,-7.64
HPAP-006,Head of pancreas,ROI1,fibroblast,10,3.94
HPAP-006,Head of pancreas,ROI1,fibroblast,20,20.85
HPAP-006,Head of pancreas,ROI1,fibroblast,30,31.26
HPAP-006,Head of pancreas,ROI1,fibroblast,40,40.51
HPAP-006,Head of pancreas,ROI1,fibroblast,50,49.32
HPAP-006,Head of pancreas,ROI1,fibroblast,60,57.0
HPAP-006,Head of pancreas,ROI1,fibroblast,70,62.97
HPAP-006,Head of pancreas,ROI1,fibroblast,80,68.88
HPAP-006,Head of pancreas,ROI1,fibroblast,90,73.63
HPAP-006,Head of pancreas,ROI1,fibroblast,100,77.63
HPAP-006,Head of pancreas,ROI1,fibroblast,110,80.31
HPAP-006,Head of pancreas,ROI1,fibroblast,120,82.84
HPAP-006,Head of pancreas,ROI1,fibroblast,130,84.62
HPAP-006,Head of pancreas,ROI1,fibroblast,140,86.1
HPAP-006,Head of pancreas,ROI1,fibroblast,150,87.72
HPAP-006,Head of pancreas,ROI1,fibroblast,160,87.92
HPAP-006,Head of pancreas,ROI1,fibroblast,170,87.73
HPAP-006,Head of pancreas,ROI1,fibroblast,180,86.73
HPAP-006,Head of pancreas,ROI1,fibroblast,190,85.46
HPAP-006,Head of pancreas,ROI1,fibroblast,200,83.47
HPAP-006,Head of pancreas,ROI1,endothelial,10,12.91
HPAP-006,Head of pancreas,ROI1,endothelial,20,50.54
HPAP-006,Head of pancreas,ROI1,endothelial,30,72.35
HPAP-006,Head of pancreas,ROI1,endothelial,40,89.67
HPAP-006,Head of pancreas,ROI1,endothelial,50,106.25
HPAP-006,Head of pancreas,ROI1,endothelial,60,120.85
HPAP-006,Head of pancreas,ROI1,endothelial,70,131.86
HPAP-006,Head of pancreas,ROI1,endothelial,80,139.69
HPAP-006,Head of pancreas,ROI1,endothelial,90,147.19
HPAP-006,Head of pancreas,ROI1,endothelial,100,154.19
HPAP-006,Head of pancreas,ROI1,endothelial,110,159.27
HPAP-006,Head of pancreas,ROI1,endothelial,120,162.03
HPAP-006,Head of pancreas,ROI1,endothelial,130,163.38
HPAP-006,Head of pancreas,ROI1,endothelial,140,163.23
HPAP-006,Head of pancreas,ROI1,endothelial,150,161.49
HPAP-006,Head of pancreas,ROI1,endothelial,160,157.9
HPAP-006,Head of pancreas,ROI1,endothelial,170,154.33
HPAP-006,Head of pancreas,ROI1,endothelial,180,149.47
HPAP-006,Head of pancreas,ROI1,endothelial,190,143.49
HPAP-006,Head of pancreas,ROI1,endothelial,200,135.69
HPAP-006,Head of pancreas,ROI2,cd4_t,10,-10.0
HPAP-006,Head of pancreas,ROI2,cd4_t,20,-20.0
HPAP-006,Head of pancreas,ROI2,cd4_t,30,-30.0
HPAP-006,Head of pancreas,ROI2,cd4_t,40,43.83
HPAP-006,Head of pancreas,ROI2,cd4_t,50,33.83
HPAP-006,Head of pancreas,ROI2,cd4_t,60,23.83
HPAP-006,Head of pancreas,ROI2,cd4_t,70,13.83
HPAP-006,Head of pancreas,ROI2,cd4_t,80,3.83
HPAP-006,Head of pancreas,ROI2,cd4_t,90,-6.17
HPAP-006,Head of pancreas,ROI2,cd4_t,100,-16.17
HPAP-006,Head of pancreas,ROI2,cd4_t,110,8.55
HPAP-006,Head of pancreas,ROI2,cd4_t,120,25.19
HPAP-006,Head of pancreas,ROI2,cd4_t,130,37.65
HPAP-006,Head of pancreas,ROI2,cd4_t,140,27.65
HPAP-006,Head of pancreas,ROI2,cd4_t,150,37.44
HPAP-006,Head of pancreas,ROI2,cd4_t,160,27.44
HPAP-006,Head of pancreas,ROI2,cd4_t,170,17.44
HPAP-006,Head of pancreas,ROI2,cd4_t,180,7.44
HPAP-006,Head of pancreas,ROI2,cd4_t,190,15.33
HPAP-006,Head of pancreas,ROI2,cd4_t,200,5.33
HPAP-006,Head of pancreas,ROI2,cd8_t,10,-10.0
HPAP-006,Head of pancreas,ROI2,cd8_t,20,16.88
HPAP-006,Head of pancreas,ROI2,cd8_t,30,6.88
HPAP-006,Head of pancreas,ROI2,cd8_t,40,18.31
HPAP-006,Head of pancreas,ROI2,cd8_t,50,18.99
HPAP-006,Head of pancreas,ROI2,cd8_t,60,13.76
HPAP-006,Head of pancreas,ROI2,cd8_t,70,8.23
HPAP-006,Head of pancreas,ROI2,cd8_t,80,2.46
HPAP-006,Head of pancreas,ROI2,cd8_t,90,-3.51
HPAP-006,Head of pancreas,ROI2,cd8_t,100,1.0
HPAP-006,Head of pancreas,ROI2,cd8_t,110,3.67
HPAP-006,Head of pancreas,ROI2,cd8_t,120,2.31
HPAP-006,Head of pancreas,ROI2,cd8_t,130,-4.94
HPAP-006,Head of pancreas,ROI2,cd8_t,140,-12.25
HPAP-006,Head of pancreas,ROI2,cd8_t,150,-7.17
HPAP-006,Head of pancreas,ROI2,cd8_t,160,-10.2
HPAP-006,Head of pancreas,ROI2,cd8_t,170,-13.54
HPAP-006,Head of pancreas,ROI2,cd8_t,180,-21.38
HPAP-006,Head of pancreas,ROI2,cd8_t,190,-17.02
HPAP-006,Head of pancreas,ROI2,cd8_t,200,-21.23
HPAP-006,Head of pancreas,ROI2,b_cell,10,4.38
HPAP-006,Head of pancreas,ROI2,b_cell,20,34.06
HPAP-006,Head of pancreas,ROI2,b_cell,30,47.54
HPAP-006,Head of pancreas,ROI2,b_cell,40,61.12
HPAP-006,Head of pancreas,ROI2,b_cell,50,72.63
HPAP-006,Head of pancreas,ROI2,b_cell,60,81.83
HPAP-006,Head of pancreas,ROI2,b_cell,70,90.08
HPAP-006,Head of pancreas,ROI2,b_cell,80,96.35
HPAP-006,Head of pancreas,ROI2,b_cell,90,101.08
HPAP-006,Head of pancreas,ROI2,b_cell,100,104.75
HPAP-006,Head of pancreas,ROI2,b_cell,110,107.14
HPAP-006,Head of pancreas,ROI2,b_cell,120,107.17
HPAP-006,Head of pancreas,ROI2,b_cell,130,105.82
HPAP-006,Head of pancreas,ROI2,b_cell,140,103.62
HPAP-006,Head of pancreas,ROI2,b_cell,150,100.96
HPAP-006,Head of pancreas,ROI2,b_cell,160,97.83
HPAP-006,Head of pancreas,ROI2,b_cell,170,94.13
HPAP-006,Head of pancreas,ROI2,b_cell,180,90.08
HPAP-006,Head of pancreas,ROI2,b_cell,190,85.4
HPAP-006,Head of pancreas,ROI2,b_cell,200,80.78
HPAP-006,Head of pancreas,ROI2,macrophage,10,3.57
HPAP-006,Head of pancreas,ROI2,macrophage,20,13.24
HPAP-006,Head of pancreas,ROI2,macrophage,30,18.3
HPAP-006,Head of pancreas,ROI2,macrophage,40,18.11
HPAP-006,Head of pancreas,ROI2,macrophage,50,16.94
HPAP-006,Head of pancreas,ROI2,macrophage,60,19.52
HPAP-006,Head of pancreas,ROI2,macrophage,70,16.89
HPAP-006,Head of pancreas,ROI2,macrophage,80,16.91
HPAP-006,Head of pancreas,ROI2,macrophage,90,19.41
HPAP-006,Head of pancreas,ROI2,macrophage,100,20.87
HPAP-006,Head of pancreas,ROI2,macrophage,110,18.5
HPAP-006,Head of pancreas,ROI2,macrophage,120,16.38
HPAP-006,Head of pancreas,ROI2,macrophage,130,15.53
HPAP-006,Head of pancreas,ROI2,macrophage,140,12.93
HPAP-006,Head of pancreas,ROI2,macrophage,150,9.23
HPAP-006,Head of pancreas,ROI2,macrophage,160,7.49
HPAP-006,Head of pancreas,ROI2,macrophage,170,7.29
HPAP-006,Head of pancreas,ROI2,macrophage,180,5.91
HPAP-006,Head of pancreas,ROI2,macrophage,190,3.99
HPAP-006,Head of pancreas,ROI2,macrophage,200,1.44
HPAP-006,Head of pancreas,ROI2,other_immune,10,-0.99
HPAP-006,Head of pancreas,ROI2,other_immune,20,5.47
HPAP-006,Head of pancreas,ROI2,other_immune,30,6.34
HPAP-006,Head of pancreas,ROI2,other_immune,40,7.95
HPAP-006,Head of pancreas,ROI2,other_immune,50,8.58
HPAP-006,Head of pancreas,ROI2,other_immune,60,8.4
HPAP-006,Head of pancreas,ROI2,other_immune,70,8.09
HPAP-006,Head of pancreas,ROI2,other_immune,80,7.93
HPAP-006,Head of pancreas,ROI2,other_immune,90,7.03
HPAP-006,Head of pancreas,ROI2,other_immune,100,6.11
HPAP-006,Head of pancreas,ROI2,other_immune,110,4.94
HPAP-006,Head of pancreas,ROI2,other_immune,120,4.81
HPAP-006,Head of pancreas,ROI2,other_immune,130,3.79
HPAP-006,Head of pancreas,ROI2,other_immune,140,2.25
HPAP-006,Head of pancreas,ROI2,other_immune,150,0.77
HPAP-006,Head of pancreas,ROI2,other_immune,160,-0.79
HPAP-006,Head of pancreas,ROI2,other_immune,170,-2.21
HPAP-006,Head of pancreas,ROI2,other_immune,180,-3.75
HPAP-006,Head of pancreas,ROI2,other_immune,190,-5.74
HPAP-006,Head of pancreas,ROI2,other_immune,200,-7.27
HPAP-006,Head of pancreas,ROI3,cd4_t,10,-10.0
HPAP-006,Head of pancreas,ROI3,cd4_t,20,-20.0
HPAP-006,Head of pancreas,ROI3,cd4_t,30,10.68
HPAP-006,Head of pancreas,ROI3,cd4_t,40,41.36
HPAP-006,Head of pancreas,ROI3,cd4_t,50,40.96
HPAP-006,Head of pancreas,ROI3,cd4_t,60,30.96
HPAP-006,Head of pancreas,ROI3,cd4_t,70,29.64
HPAP-006,Head of pancreas,ROI3,cd4_t,80,27.63
HPAP-006,Head of pancreas,ROI3,cd4_t,90,38.64
HPAP-006,Head of pancreas,ROI3,cd4_t,100,34.92
HPAP-006,Head of pancreas,ROI3,cd4_t,110,36.67
HPAP-006,Head of pancreas,ROI3,cd4_t,120,26.67
HPAP-006,Head of pancreas,ROI3,cd4_t,130,27.55
HPAP-006,Head of pancreas,ROI3,cd4_t,140,17.55
HPAP-006,Head of pancreas,ROI3,cd4_t,150,12.72
HPAP-006,Head of pancreas,ROI3,cd4_t,160,12.59
HPAP-006,Head of pancreas,ROI3,cd4_t,170,7.32
HPAP-006,Head of pancreas,ROI3,cd4_t,180,-2.68
HPAP-006,Head of pancreas,ROI3,cd4_t,190,-12.68
HPAP-006,Head of pancreas,ROI3,cd4_t,200,-22.68
HPAP-006,Head of pancreas,ROI3,cd8_t,10,-10.0
HPAP-006,Head of pancreas,ROI3,cd8_t,20,8.26
HPAP-006,Head of pancreas,ROI3,cd8_t,30,39.23
HPAP-006,Head of pancreas,ROI3,cd8_t,40,53.74
HPAP-006,Head of pancreas,ROI3,cd8_t,50,55.76
HPAP-006,Head of pancreas,ROI3,cd8_t,60,63.2
HPAP-006,Head of pancreas,ROI3,cd8_t,70,59.52
HPAP-006,Head of pancreas,ROI3,cd8_t,80,58.47
HPAP-006,Head of pancreas,ROI3,cd8_t,90,51.32
HPAP-006,Head of pancreas,ROI3,cd8_t,100,67.22
HPAP-006,Head of pancreas,ROI3,cd8_t,110,68.76
HPAP-006,Head of pancreas,ROI3,cd8_t,120,67.49
HPAP-006,Head of pancreas,ROI3,cd8_t,130,61.7
HPAP-006,Head of pancreas,ROI3,cd8_t,140,61.85
HPAP-006,Head of pancreas,ROI3,cd8_t,150,51.85
HPAP-006,Head of pancreas,ROI3,cd8_t,160,41.85
HPAP-006,Head of pancreas,ROI3,cd8_t,170,31.85
HPAP-006,Head of pancreas,ROI3,cd8_t,180,27.7
HPAP-006,Head of pancreas,ROI3,cd8_t,190,23.39
HPAP-006,Head of pancreas,ROI3,cd8_t,200,17.1
HPAP-006,Head of pancreas,ROI3,b_cell,10,5.4
HPAP-006,Head of pancreas,ROI3,b_cell,20,41.13
HPAP-006,Head of pancreas,ROI3,b_cell,30,59.48
HPAP-006,Head of pancreas,ROI3,b_cell,40,73.62
HPAP-006,Head of pancreas,ROI3,b_cell,50,85.6
HPAP-006,Head of pancreas,ROI3,b_cell,60,98.14
HPAP-006,Head of pancreas,ROI3,b_cell,70,107.69
HPAP-006,Head of pancreas,ROI3,b_cell,80,116.24
HPAP-006,Head of pancreas,ROI3,b_cell,90,122.68
HPAP-006,Head of pancreas,ROI3,b_cell,100,128.02
HPAP-006,Head of pancreas,ROI3,b_cell,110,131.62
HPAP-006,Head of pancreas,ROI3,b_cell,120,134.53
HPAP-006,Head of pancreas,ROI3,b_cell,130,136.74
HPAP-006,Head of pancreas,ROI3,b_cell,140,138.1
HPAP-006,Head of pancreas,ROI3,b_cell,150,138.64
HPAP-006,Head of pancreas,ROI3,b_cell,160,138.83
HPAP-006,Head of pancreas,ROI3,b_cell,170,137.83
HPAP-006,Head of pancreas,ROI3,b_cell,180,136.0
HPAP-006,Head of pancreas,ROI3,b_cell,190,132.63
HPAP-006,Head of pancreas,ROI3,b_cell,200,129.36
HPAP-006,Head of pancreas,ROI3,macrophage,10,-10.0
HPAP-006,Head of pancreas,ROI3,macrophage,20,3.94
HPAP-006,Head of pancreas,ROI3,macrophage,30,7.85
HPAP-006,Head of pancreas,ROI3,macrophage,40,10.07
HPAP-006,Head of pancreas,ROI3,macrophage,50,9.25
HPAP-006,Head of pancreas,ROI3,macrophage,60,11.32
HPAP-006,Head of pancreas,ROI3,macrophage,70,12.93
HPAP-006,Head of pancreas,ROI3,macrophage,80,14.25
HPAP-006,Head of pancreas,ROI3,macrophage,90,16.73
HPAP-006,Head of pancreas,ROI3,macrophage,100,17.89
HPAP-006,Head of pancreas,ROI3,macrophage,110,14.39
HPAP-006,Head of pancreas,ROI3,macrophage,120,13.83
HPAP-006,Head of pancreas,ROI3,macrophage,130,14.63
HPAP-006,Head of pancreas,ROI3,macrophage,140,13.29
HPAP-006,Head of pancreas,ROI3,macrophage,150,11.26
HPAP-006,Head of pancreas,ROI3,macrophage,160,9.91
HPAP-006,Head of pancreas,ROI3,macrophage,170,7.14
HPAP-006,Head of pancreas,ROI3,macrophage,180,3.3
HPAP-006,Head of pancreas,ROI3,macrophage,190,1.7
HPAP-006,Head of pancreas,ROI3,macrophage,200,-1.14
HPAP-006,Head of pancreas,ROI3,mdsc,10,-10.0
HPAP-006,Head of pancreas,ROI3,mdsc,20,-20.0
HPAP-006,Head of pancreas,ROI3,mdsc,30,-30.0
HPAP-006,Head of pancreas,ROI3,mdsc,40,47.88
HPAP-006,Head of pancreas,ROI3,mdsc,50,37.88
HPAP-006,Head of pancreas,ROI3,mdsc,60,27.88
HPAP-006,Head of pancreas,ROI3,mdsc,70,17.88
HPAP-006,Head of pancreas,ROI3,mdsc,80,7.88
HPAP-006,Head of pancreas,ROI3,mdsc,90,34.28
HPAP-006,Head of pancreas,ROI3,mdsc,100,24.28
HPAP-006,Head of pancreas,ROI3,mdsc,110,14.28
HPAP-006,Head of pancreas,ROI3,mdsc,120,32.21
HPAP-006,Head of pancreas,ROI3,mdsc,130,22.21
HPAP-006,Head of pancreas,ROI3,mdsc,140,12.21
HPAP-006,Head of pancreas,ROI3,mdsc,150,2.21
HPAP-006,Head of pancreas,ROI3,mdsc,160,-7.79
HPAP-006,Head of pancreas,ROI3,mdsc,170,-17.79
HPAP-006,Head of pancreas,ROI3,mdsc,180,-27.79
HPAP-006,Head of pancreas,ROI3,mdsc,190,-14.24
HPAP-006,Head of pancreas,ROI3,mdsc,200,-24.24
HPAP-006,Head of pancreas,ROI3,other_immune,10,-3.76
HPAP-006,Head of pancreas,ROI3,other_immune,20,4.36
HPAP-006,Head of pancreas,ROI3,other_immune,30,6.91
HPAP-006,Head of pancreas,ROI3,other_immune,40,7.82
HPAP-006,Head of pancreas,ROI3,other_immune,50,9.08
HPAP-006,Head of pancreas,ROI3,other_immune,60,10.42
HPAP-006,Head of pancreas,ROI3,other_immune,70,11.78
HPAP-006,Head of pancreas,ROI3,other_immune,80,12.24
HPAP-006,Head of pancreas,ROI3,other_immune,90,12.26
HPAP-006,Head of pancreas,ROI3,other_immune,100,12.82
HPAP-006,Head of pancreas,ROI3,other_immune,110,12.59
HPAP-006,Head of pancreas,ROI3,other_immune,120,12.34
HPAP-006,Head of pancreas,ROI3,other_immune,130,12.0
HPAP-006,Head of pancreas,ROI3,other_immune,140,11.88
HPAP-006,Head of pancreas,ROI3,other_immune,150,12.0
HPAP-006,Head of pancreas,ROI3,other_immune,160,11.51
HPAP-006,Head of pancreas,ROI3,other_immune,170,10.94
HPAP-006,Head of pancreas,ROI3,other_immune,180,9.99
HPAP-006,Head of pancreas,ROI3,other_immune,190,9.11
HPAP-006,Head of pancreas,ROI3,other_immune,200,7.81
HPAP-006,Tail of pancreas,ROI1,b_cell,10,12.33
HPAP-006,Tail of pancreas,ROI1,b_cell,20,66.49
HPAP-006,Tail of pancreas,ROI1,b_cell,30,81.66
HPAP-006,Tail of pancreas,ROI1,b_cell,40,93.99
HPAP-006,Tail of pancreas,ROI1,b_cell,50,106.32
HPAP-006,Tail of pancreas,ROI1,b_cell,60,112.98
HPAP-006,Tail of pancreas,ROI1,b_cell,70,125.95
HPAP-006,Tail of pancreas,ROI1,b_cell,80,143.31
HPAP-006,Tail of pancreas,ROI1,b_cell,90,155.64
HPAP-006,Tail of pancreas,ROI1,b_cell,100,167.04
HPAP-006,Tail of pancreas,ROI1,b_cell,110,172.47
HPAP-006,Tail of pancreas,ROI1,b_cell,120,171.16
HPAP-006,Tail of pancreas,ROI1,b_cell,130,172.91
HPAP-006,Tail of pancreas,ROI1,b_cell,140,172.64
HPAP-006,Tail of pancreas,ROI1,b_cell,150,168.17
HPAP-006,Tail of pancreas,ROI1,b_cell,160,165.91
HPAP-006,Tail of pancreas,ROI1,b_cell,170,162.73
HPAP-006,Tail of pancreas,ROI1,b_cell,180,160.14
HPAP-006,Tail of pancreas,ROI1,b_cell,190,156.67
HPAP-006,Tail of pancreas,ROI1,b_cell,200,152.38
HPAP-006,Tail of pancreas,ROI1,macrophage,10,-10.0
HPAP-006,Tail of pancreas,ROI1,macrophage,20,55.58
HPAP-006,Tail of pancreas,ROI1,macrophage,30,45.58
HPAP-006,Tail of pancreas,ROI1,macrophage,40,66.88
HPAP-006,Tail of pancreas,ROI1,macrophage,50,80.91
HPAP-006,Tail of pancreas,ROI1,macrophage,60,70.91
HPAP-006,Tail of pancreas,ROI1,macrophage,70,60.91
HPAP-006,Tail of pancreas,ROI1,macrophage,80,50.91
HPAP-006,Tail of pancreas,ROI1,macrophage,90,61.16
HPAP-006,Tail of pancreas,ROI1,macrophage,100,51.16
HPAP-006,Tail of pancreas,ROI1,macrophage,110,41.16
HPAP-006,Tail of pancreas,ROI1,macrophage,120,31.16
HPAP-006,Tail of pancreas,ROI1,macrophage,130,69.96
HPAP-006,Tail of pancreas,ROI1,macrophage,140,59.96
HPAP-006,Tail of pancreas,ROI1,macrophage,150,49.96
HPAP-006,Tail of pancreas,ROI1,macrophage,160,39.96
HPAP-006,Tail of pancreas,ROI1,macrophage,170,29.96
HPAP-006,Tail of pancreas,ROI1,macrophage,180,19.96
HPAP-006,Tail of pancreas,ROI1,macrophage,190,23.77
HPAP-006,Tail of pancreas,ROI1,macrophage,200,13.77
HPAP-006,Tail of pancreas,ROI1,other_immune,10,2.82
HPAP-006,Tail of pancreas,ROI1,other_immune,20,14.88
HPAP-006,Tail of pancreas,ROI1,other_immune,30,17.97
HPAP-006,Tail of pancreas,ROI1,other_immune,40,19.31
HPAP-006,Tail of pancreas,ROI1,other_immune,50,19.52
HPAP-006,Tail of pancreas,ROI1,other_immune,60,18.31
HPAP-006,Tail of pancreas,ROI1,other_immune,70,17.9
HPAP-006,Tail of pancreas,ROI1,other_immune,80,17.48
HPAP-006,Tail of pancreas,ROI1,other_immune,90,18.27
HPAP-006,Tail of pancreas,ROI1,other_immune,100,17.93
HPAP-006,Tail of pancreas,ROI1,other_immune,110,18.41
HPAP-006,Tail of pancreas,ROI1,other_immune,120,18.75
HPAP-006,Tail of pancreas,ROI1,other_immune,130,18.09
HPAP-006,Tail of pancreas,ROI1,other_immune,140,17.61
HPAP-006,Tail of pancreas,ROI1,other_immune,150,16.93
HPAP-006,Tail of pancreas,ROI1,other_immune,160,16.22
HPAP-006,Tail of pancreas,ROI1,other_immune,170,14.25
HPAP-006,Tail of pancreas,ROI1,other_immune,180,12.11
HPAP-006,Tail of pancreas,ROI1,other_immune,190,11.55
HPAP-006,Tail of pancreas,ROI1,other_immune,200,9.67
HPAP-006,Tail of pancreas,ROI2,cd8_t,10,-10.0
HPAP-006,Tail of pancreas,ROI2,cd8_t,20,38.62
HPAP-006,Tail of pancreas,ROI2,cd8_t,30,28.62
HPAP-006,Tail of pancreas,ROI2,cd8_t,40,18.62
HPAP-006,Tail of pancreas,ROI2,cd8_t,50,8.62
HPAP-006,Tail of pancreas,ROI2,cd8_t,60,-1.38
HPAP-006,Tail of pancreas,ROI2,cd8_t,70,-11.38
HPAP-006,Tail of pancreas,ROI2,cd8_t,80,37.25
HPAP-006,Tail of pancreas,ROI2,cd8_t,90,53.6
HPAP-006,Tail of pancreas,ROI2,cd8_t,100,55.1
HPAP-006,Tail of pancreas,ROI2,cd8_t,110,45.1
HPAP-006,Tail of pancreas,ROI2,cd8_t,120,35.1
HPAP-006,Tail of pancreas,ROI2,cd8_t,130,35.81
HPAP-006,Tail of pancreas,ROI2,cd8_t,140,25.81
HPAP-006,Tail of pancreas,ROI2,cd8_t,150,53.08
HPAP-006,Tail of pancreas,ROI2,cd8_t,160,59.35
HPAP-006,Tail of pancreas,ROI2,cd8_t,170,57.04
HPAP-006,Tail of pancreas,ROI2,cd8_t,180,54.49
HPAP-006,Tail of pancreas,ROI2,cd8_t,190,58.72
HPAP-006,Tail of pancreas,ROI2,cd8_t,200,62.17
HPAP-006,Tail of pancreas,ROI2,macrophage,10,-10.0
HPAP-006,Tail of pancreas,ROI2,macrophage,20,-20.0
HPAP-006,Tail of pancreas,ROI2,macrophage,30,-30.0
HPAP-006,Tail of pancreas,ROI2,macrophage,40,-40.0
HPAP-006,Tail of pancreas,ROI2,macrophage,50,-50.0
HPAP-006,Tail of pancreas,ROI2,macrophage,60,-1.38
HPAP-006,Tail of pancreas,ROI2,macrophage,70,-11.38
HPAP-006,Tail of pancreas,ROI2,macrophage,80,-21.38
HPAP-006,Tail of pancreas,ROI2,macrophage,90,-31.38
HPAP-006,Tail of pancreas,ROI2,macrophage,100,-17.09
HPAP-006,Tail of pancreas,ROI2,macrophage,110,-8.46
HPAP-006,Tail of pancreas,ROI2,macrophage,120,-2.75
HPAP-006,Tail of pancreas,ROI2,macrophage,130,13.6
HPAP-006,Tail of pancreas,ROI2,macrophage,140,3.6
HPAP-006,Tail of pancreas,ROI2,macrophage,150,-6.4
HPAP-006,Tail of pancreas,ROI2,macrophage,160,-16.4
HPAP-006,Tail of pancreas,ROI2,macrophage,170,-14.9
HPAP-006,Tail of pancreas,ROI2,macrophage,180,-24.9
HPAP-006,Tail of pancreas,ROI2,macrophage,190,-24.19
HPAP-006,Tail of pancreas,ROI2,macrophage,200,-34.19
HPAP-006,Tail of pancreas,ROI2,other_immune,10,1.07
HPAP-006,Tail of pancreas,ROI2,other_immune,20,9.66
HPAP-006,Tail of pancreas,ROI2,other_immune,30,13.08
HPAP-006,Tail of pancreas,ROI2,other_immune,40,15.17
HPAP-006,Tail of pancreas,ROI2,other_immune,50,16.4
HPAP-006,Tail of pancreas,ROI2,other_immune,60,17.83
HPAP-006,Tail of pancreas,ROI2,other_immune,70,17.84
HPAP-006,Tail of pancreas,ROI2,other_immune,80,18.44
HPAP-006,Tail of pancreas,ROI2,other_immune,90,19.41
HPAP-006,Tail of pancreas,ROI2,other_immune,100,19.91
HPAP-006,Tail of pancreas,ROI2,other_immune,110,20.26
HPAP-006,Tail of pancreas,ROI2,other_immune,120,20.6
HPAP-006,Tail of pancreas,ROI2,other_immune,130,21.22
HPAP-006,Tail of pancreas,ROI2,other_immune,140,21.18
HPAP-006,Tail of pancreas,ROI2,other_immune,150,20.87
HPAP-006,Tail of pancreas,ROI2,other_immune,160,20.8
HPAP-006,Tail of pancreas,ROI2,other_immune,170,20.34
HPAP-006,Tail of pancreas,ROI2,other_immune,180,19.79
HPAP-006,Tail of pancreas,ROI2,other_immune,190,19.2
HPAP-006,Tail of pancreas,ROI2,other_immune,200,19.24
HPAP-006,Tail of pancreas,ROI3,macrophage,10,-10.0
HPAP-006,Tail of pancreas,ROI3,macrophage,20,33.39
HPAP-006,Tail of pancreas,ROI3,macrophage,30,23.39
HPAP-006,Tail of pancreas,ROI3,macrophage,40,28.93
HPAP-006,Tail of pancreas,ROI3,macrophage,50,37.19
HPAP-006,Tail of pancreas,ROI3,macrophage,60,37.48
HPAP-006,Tail of pancreas,ROI3,macrophage,70,41.14
HPAP-006,Tail of pancreas,ROI3,macrophage,80,39.39
HPAP-006,Tail of pancreas,ROI3,macrophage,90,37.1
HPAP-006,Tail of pancreas,ROI3,macrophage,100,54.13
HPAP-006,Tail of pancreas,ROI3,macrophage,110,47.18
HPAP-006,Tail of pancreas,ROI3,macrophage,120,40.18
HPAP-006,Tail of pancreas,ROI3,macrophage,130,36.0
HPAP-006,Tail of pancreas,ROI3,macrophage,140,39.74
HPAP-006,Tail of pancreas,ROI3,macrophage,150,37.51
HPAP-006,Tail of pancreas,ROI3,macrophage,160,37.38
HPAP-006,Tail of pancreas,ROI3,macrophage,170,32.14
HPAP-006,Tail of pancreas,ROI3,macrophage,180,29.07
HPAP-006,Tail of pancreas,ROI3,macrophage,190,23.57
HPAP-006,Tail of pancreas,ROI3,macrophage,200,20.14
HPAP-006,Tail of pancreas,ROI3,other_immune,10,-2.1
HPAP-006,Tail of pancreas,ROI3,other_immune,20,6.5
HPAP-006,Tail of pancreas,ROI3,other_immune,30,9.43
HPAP-006,Tail of pancreas,ROI3,other_immune,40,10.23
HPAP-006,Tail of pancreas,ROI3,other_immune,50,11.43
HPAP-006,Tail of pancreas,ROI3,other_immune,60,11.06
HPAP-006,Tail of pancreas,ROI3,other_immune,70,10.91
HPAP-006,Tail of pancreas,ROI3,other_immune,80,10.97
HPAP-006,Tail of pancreas,ROI3,other_immune,90,10.95
HPAP-006,Tail of pancreas,ROI3,other_immune,100,10.33
HPAP-006,Tail of pancreas,ROI3,other_immune,110,9.66
HPAP-006,Tail of pancreas,ROI3,other_immune,120,9.16
HPAP-006,Tail of pancreas,ROI3,other_immune,130,8.3
HPAP-006,Tail of pancreas,ROI3,other_immune,140,7.36
HPAP-006,Tail of pancreas,ROI3,other_immune,150,6.99
HPAP-006,Tail of pancreas,ROI3,other_immune,160,6.2
HPAP-006,Tail of pancreas,ROI3,other_immune,170,4.8
HPAP-006,Tail of pancreas,ROI3,other_immune,180,3.48
HPAP-006,Tail of pancreas,ROI3,other_immune,190,2.07
HPAP-006,Tail of pancreas,ROI3,other_immune,200,0.71
HPAP-011,Body of pancreas,ROI1,b_cell,10,3.24
HPAP-011,Body of pancreas,ROI1,b_cell,20,15.86
HPAP-011,Body of pancreas,ROI1,b_cell,30,23.34
HPAP-011,Body of pancreas,ROI1,b_cell,40,28.24
HPAP-011,Body of pancreas,ROI1,b_cell,50,32.11
HPAP-011,Body of pancreas,ROI1,b_cell,60,36.81
HPAP-011,Body of pancreas,ROI1,b_cell,70,39.64
HPAP-011,Body of pancreas,ROI1,b_cell,80,41.05
HPAP-011,Body of pancreas,ROI1,b_cell,90,43.81
HPAP-011,Body of pancreas,ROI1,b_cell,100,47.39
HPAP-011,Body of pancreas,ROI1,b_cell,110,49.64
HPAP-011,Body of pancreas,ROI1,b_cell,120,50.27
HPAP-011,Body of pancreas,ROI1,b_cell,130,51.14
HPAP-011,Body of pancreas,ROI1,b_cell,140,50.73
HPAP-011,Body of pancreas,ROI1,b_cell,150,50.25
HPAP-011,Body of pancreas,ROI1,b_cell,160,49.61
HPAP-011,Body of pancreas,ROI1,b_cell,170,47.37
HPAP-011,Body of pancreas,ROI1,b_cell,180,45.16
HPAP-011,Body of pancreas,ROI1,b_cell,190,43.28
HPAP-011,Body of pancreas,ROI1,b_cell,200,40.92
HPAP-011,Body of pancreas,ROI1,other_immune,10,-10.0
HPAP-011,Body of pancreas,ROI1,other_immune,20,13.54
HPAP-011,Body of pancreas,ROI1,other_immune,30,37.07
HPAP-011,Body of pancreas,ROI1,other_immune,40,27.07
HPAP-011,Body of pancreas,ROI1,other_immune,50,24.99
HPAP-011,Body of pancreas,ROI1,other_immune,60,22.15
HPAP-011,Body of pancreas,ROI1,other_immune,70,12.15
HPAP-011,Body of pancreas,ROI1,other_immune,80,14.85
HPAP-011,Body of pancreas,ROI1,other_immune,90,16.05
HPAP-011,Body of pancreas,ROI1,other_immune,100,16.17
HPAP-011,Body of pancreas,ROI1,other_immune,110,10.91
HPAP-011,Body of pancreas,ROI1,other_immune,120,0.91
HPAP-011,Body of pancreas,ROI1,other_immune,130,-0.12
HPAP-011,Body of pancreas,ROI1,other_immune,140,-10.12
HPAP-011,Body of pancreas,ROI1,other_immune,150,-15.86
HPAP-011,Body of pancreas,ROI1,other_immune,160,7.68
HPAP-011,Body of pancreas,ROI1,other_immune,170,1.0
HPAP-011,Body of pancreas,ROI1,other_immune,180,0.6
HPAP-011,Body of pancreas,ROI1,other_immune,190,-0.29
HPAP-011,Body of pancreas,ROI1,other_immune,200,3.99
HPAP-011,Body of pancreas,ROI1,endothelial,10,0.87
HPAP-011,Body of pancreas,ROI1,endothelial,20,7.72
HPAP-011,Body of pancreas,ROI1,endothelial,30,14.16
HPAP-011,Body of pancreas,ROI1,endothelial,40,21.97
HPAP-011,Body of pancreas,ROI1,endothelial,50,22.52
HPAP-011,Body of pancreas,ROI1,endothelial,60,22.07
HPAP-011,Body of pancreas,ROI1,endothelial,70,23.83
HPAP-011,Body of pancreas,ROI1,endothelial,80,26.24
HPAP-011,Body of pancreas,ROI1,endothelial,90,27.09
HPAP-011,Body of pancreas,ROI1,endothelial,100,24.66
HPAP-011,Body of pancreas,ROI1,endothelial,110,22.48
HPAP-011,Body of pancreas,ROI1,endothelial,120,20.91
HPAP-011,Body of pancreas,ROI1,endothelial,130,18.46
HPAP-011,Body of pancreas,ROI1,endothelial,140,15.27
HPAP-011,Body of pancreas,ROI1,endothelial,150,15.23
HPAP-011,Body of pancreas,ROI1,endothelial,160,14.28
HPAP-011,Body of pancreas,ROI1,endothelial,170,11.91
HPAP-011,Body of pancreas,ROI1,endothelial,180,9.23
HPAP-011,Body of pancreas,ROI1,endothelial,190,8.23
HPAP-011,Body of pancreas,ROI1,endothelial,200,4.39
HPAP-011,Body of pancreas,ROI2,b_cell,10,-10.0
HPAP-011,Body of pancreas,ROI2,b_cell,20,-20.0
HPAP-011,Body of pancreas,ROI2,b_cell,30,-30.0
HPAP-011,Body of pancreas,ROI2,b_cell,40,3.28
HPAP-011,Body of pancreas,ROI2,b_cell,50,3.01
HPAP-011,Body of pancreas,ROI2,b_cell,60,1.21
HPAP-011,Body of pancreas,ROI2,b_cell,70,10.98
HPAP-011,Body of pancreas,ROI2,b_cell,80,16.78
HPAP-011,Body of pancreas,ROI2,b_cell,90,11.51
HPAP-011,Body of pancreas,ROI2,b_cell,100,14.52
HPAP-011,Body of pancreas,ROI2,b_cell,110,16.19
HPAP-011,Body of pancreas,ROI2,b_cell,120,20.25
HPAP-011,Body of pancreas,ROI2,b_cell,130,23.03
HPAP-011,Body of pancreas,ROI2,b_cell,140,21.95
HPAP-011,Body of pancreas,ROI2,b_cell,150,23.13
HPAP-011,Body of pancreas,ROI2,b_cell,160,13.13
HPAP-011,Body of pancreas,ROI2,b_cell,170,13.64
HPAP-011,Body of pancreas,ROI2,b_cell,180,3.64
HPAP-011,Body of pancreas,ROI2,b_cell,190,3.57
HPAP-011,Body of pancreas,ROI2,b_cell,200,12.04
HPAP-011,Body of pancreas,ROI2,other_immune,10,-10.0
HPAP-011,Body of pancreas,ROI2,other_immune,20,10.21
HPAP-011,Body of pancreas,ROI2,other_immune,30,8.21
HPAP-011,Body of pancreas,ROI2,other_immune,40,4.8
HPAP-011,Body of pancreas,ROI2,other_immune,50,4.03
HPAP-011,Body of pancreas,ROI2,other_immune,60,1.9
HPAP-011,Body of pancreas,ROI2,other_immune,70,6.42
HPAP-011,Body of pancreas,ROI2,other_immune,80,5.44
HPAP-011,Body of pancreas,ROI2,other_immune,90,0.62
HPAP-011,Body of pancreas,ROI2,other_immune,100,-3.53
HPAP-011,Body of pancreas,ROI2,other_immune,110,-5.36
HPAP-011,Body of pancreas,ROI2,other_immune,120,-6.18
HPAP-011,Body of pancreas,ROI2,other_immune,130,-5.46
HPAP-011,Body of pancreas,ROI2,other_immune,140,-3.57
HPAP-011,Body of pancreas,ROI2,other_immune,150,-6.4
HPAP-011,Body of pancreas,ROI2,other_immune,160,-6.57
HPAP-011,Body of pancreas,ROI2,other_immune,170,-10.17
HPAP-011,Body of pancreas,ROI2,other_immune,180,-9.66
HPAP-011,Body of pancreas,ROI2,other_immune,190,-9.27
HPAP-011,Body of pancreas,ROI2,other_immune,200,-9.92
HPAP-011,Body of pancreas,ROI2,endothelial,10,-10.0
HPAP-011,Body of pancreas,ROI2,endothelial,20,4.29
HPAP-011,Body of pancreas,ROI2,endothelial,30,4.95
HPAP-011,Body of pancreas,ROI2,endothelial,40,4.5
HPAP-011,Body of pancreas,ROI2,endothelial,50,5.46
HPAP-011,Body of pancreas,ROI2,endothelial,60,6.19
HPAP-011,Body of pancreas,ROI2,endothelial,70,7.89
HPAP-011,Body of pancreas,ROI2,endothelial,80,7.57
HPAP-011,Body of pancreas,ROI2,endothelial,90,7.15
HPAP-011,Body of pancreas,ROI2,endothelial,100,7.25
HPAP-011,Body of pancreas,ROI2,endothelial,110,6.11
HPAP-011,Body of pancreas,ROI2,endothelial,120,4.35
HPAP-011,Body of pancreas,ROI2,endothelial,130,3.97
HPAP-011,Body of pancreas,ROI2,endothelial,140,2.21
HPAP-011,Body of pancreas,ROI2,endothelial,150,-0.29
HPAP-011,Body of pancreas,ROI2,endothelial,160,-1.01
HPAP-011,Body of pancreas,ROI2,endothelial,170,-3.75
HPAP-011,Body of pancreas,ROI2,endothelial,180,-8.14
HPAP-011,Body of pancreas,ROI2,endothelial,190,-11.65
HPAP-011,Body of pancreas,ROI2,endothelial,200,-13.79
HPAP-011,Body of pancreas,ROI3,b_cell,10,11.61
HPAP-011,Body of pancreas,ROI3,b_cell,20,26.24
HPAP-011,Body of pancreas,ROI3,b_cell,30,38.74
HPAP-011,Body of pancreas,ROI3,b_cell,40,50.21
HPAP-011,Body of pancreas,ROI3,b_cell,50,60.69
HPAP-011,Body of pancreas,ROI3,b_cell,60,69.95
HPAP-011,Body of pancreas,ROI3,b_cell,70,78.83
HPAP-011,Body of pancreas,ROI3,b_cell,80,86.98
HPAP-011,Body of pancreas,ROI3,b_cell,90,95.34
HPAP-011,Body of pancreas,ROI3,b_cell,100,101.41
HPAP-011,Body of pancreas,ROI3,b_cell,110,108.03
HPAP-011,Body of pancreas,ROI3,b_cell,120,114.01
HPAP-011,Body of pancreas,ROI3,b_cell,130,119.32
HPAP-011,Body of pancreas,ROI3,b_cell,140,124.33
HPAP-011,Body of pancreas,ROI3,b_cell,150,128.59
HPAP-011,Body of pancreas,ROI3,b_cell,160,132.86
HPAP-011,Body of pancreas,ROI3,b_cell,170,135.36
HPAP-011,Body of pancreas,ROI3,b_cell,180,136.88
HPAP-011,Body of pancreas,ROI3,b_cell,190,138.68
HPAP-011,Body of pancreas,ROI3,b_cell,200,140.12
HPAP-011,Body of pancreas,ROI3,other_immune,10,-10.0
HPAP-011,Body of pancreas,ROI3,other_immune,20,44.57
HPAP-011,Body of pancreas,ROI3,other_immune,30,51.67
HPAP-011,Body of pancreas,ROI3,other_immune,40,46.63
HPAP-011,Body of pancreas,ROI3,other_immune,50,50.03
HPAP-011,Body of pancreas,ROI3,other_immune,60,51.83
HPAP-011,Body of pancreas,ROI3,other_immune,70,49.06
HPAP-011,Body of pancreas,ROI3,other_immune,80,61.46
HPAP-011,Body of pancreas,ROI3,other_immune,90,68.16
HPAP-011,Body of pancreas,ROI3,other_immune,100,73.25
HPAP-011,Body of pancreas,ROI3,other_immune,110,81.54
HPAP-011,Body of pancreas,ROI3,other_immune,120,82.13
HPAP-011,Body of pancreas,ROI3,other_immune,130,82.19
HPAP-011,Body of pancreas,ROI3,other_immune,140,78.01
HPAP-011,Body of pancreas,ROI3,other_immune,150,77.37
HPAP-011,Body of pancreas,ROI3,other_immune,160,85.02
HPAP-011,Body of pancreas,ROI3,other_immune,170,91.48
HPAP-011,Body of pancreas,ROI3,other_immune,180,90.88
HPAP-011,Body of pancreas,ROI3,other_immune,190,83.94
HPAP-011,Body of pancreas,ROI3,other_immune,200,84.39
HPAP-011,Head of pancreas,ROI1,cd8_t,10,-10.0
HPAP-011,Head of pancreas,ROI1,cd8_t,20,18.11
HPAP-011,Head of pancreas,ROI1,cd8_t,30,32.24
HPAP-011,Head of pancreas,ROI1,cd8_t,40,36.86
HPAP-011,Head of pancreas,ROI1,cd8_t,50,44.9
HPAP-011,Head of pancreas,ROI1,cd8_t,60,48.69
HPAP-011,Head of pancreas,ROI1,cd8_t,70,50.12
HPAP-011,Head of pancreas,ROI1,cd8_t,80,54.92
HPAP-011,Head of pancreas,ROI1,cd8_t,90,57.28
HPAP-011,Head of pancreas,ROI1,cd8_t,100,58.37
HPAP-011,Head of pancreas,ROI1,cd8_t,110,60.72
HPAP-011,Head of pancreas,ROI1,cd8_t,120,60.91
HPAP-011,Head of pancreas,ROI1,cd8_t,130,61.57
HPAP-011,Head of pancreas,ROI1,cd8_t,140,62.39
HPAP-011,Head of pancreas,ROI1,cd8_t,150,63.33
HPAP-011,Head of pancreas,ROI1,cd8_t,160,65.26
HPAP-011,Head of pancreas,ROI1,cd8_t,170,65.14
HPAP-011,Head of pancreas,ROI1,cd8_t,180,65.62
HPAP-011,Head of pancreas,ROI1,cd8_t,190,66.98
HPAP-011,Head of pancreas,ROI1,cd8_t,200,69.13
HPAP-011,Head of pancreas,ROI1,macrophage,10,5.04
HPAP-011,Head of pancreas,ROI1,macrophage,20,12.87
HPAP-011,Head of pancreas,ROI1,macrophage,30,18.85
HPAP-011,Head of pancreas,ROI1,macrophage,40,22.5
HPAP-011,Head of pancreas,ROI1,macrophage,50,25.02
HPAP-011,Head of pancreas,ROI1,macrophage,60,28.32
HPAP-011,Head of pancreas,ROI1,macrophage,70,30.31
HPAP-011,Head of pancreas,ROI1,macrophage,80,33.75
HPAP-011,Head of pancreas,ROI1,macrophage,90,34.55
HPAP-011,Head of pancreas,ROI1,macrophage,100,35.1
HPAP-011,Head of pancreas,ROI1,macrophage,110,34.27
HPAP-011,Head of pancreas,ROI1,macrophage,120,33.35
HPAP-011,Head of pancreas,ROI1,macrophage,130,33.42
HPAP-011,Head of pancreas,ROI1,macrophage,140,33.96
HPAP-011,Head of pancreas,ROI1,macrophage,150,34.3
HPAP-011,Head of pancreas,ROI1,macrophage,160,33.48
HPAP-011,Head of pancreas,ROI1,macrophage,170,32.58
HPAP-011,Head of pancreas,ROI1,macrophage,180,31.47
HPAP-011,Head of pancreas,ROI1,macrophage,190,30.23
HPAP-011,Head of pancreas,ROI1,macrophage,200,28.87
HPAP-011,Head of pancreas,ROI1,fibroblast,10,1.15
HPAP-011,Head of pancreas,ROI1,fibroblast,20,10.53
HPAP-011,Head of pancreas,ROI1,fibroblast,30,13.17
HPAP-011,Head of pancreas,ROI1,fibroblast,40,11.08
HPAP-011,Head of pancreas,ROI1,fibroblast,50,18.26
HPAP-011,Head of pancreas,ROI1,fibroblast,60,23.04
HPAP-011,Head of pancreas,ROI1,fibroblast,70,23.59
HPAP-011,Head of pancreas,ROI1,fibroblast,80,21.55
HPAP-011,Head of pancreas,ROI1,fibroblast,90,22.03
HPAP-011,Head of pancreas,ROI1,fibroblast,100,25.37
HPAP-011,Head of pancreas,ROI1,fibroblast,110,26.29
HPAP-011,Head of pancreas,ROI1,fibroblast,120,27.25
HPAP-011,Head of pancreas,ROI1,fibroblast,130,25.46
HPAP-011,Head of pancreas,ROI1,fibroblast,140,25.9
HPAP-011,Head of pancreas,ROI1,fibroblast,150,26.42
HPAP-011,Head of pancreas,ROI1,fibroblast,160,26.02
HPAP-011,Head of pancreas,ROI1,fibroblast,170,22.43
HPAP-011,Head of pancreas,ROI1,fibroblast,180,21.26
HPAP-011,Head of pancreas,ROI1,fibroblast,190,19.58
HPAP-011,Head of pancreas,ROI1,fibroblast,200,17.58
HPAP-011,Head of pancreas,ROI2,cd8_t,10,-10.0
HPAP-011,Head of pancreas,ROI2,cd8_t,20,-20.0
HPAP-011,Head of pancreas,ROI2,cd8_t,30,21.02
HPAP-011,Head of pancreas,ROI2,cd8_t,40,11.02
HPAP-011,Head of pancreas,ROI2,cd8_t,50,1.02
HPAP-011,Head of pancreas,ROI2,cd8_t,60,-8.98
HPAP-011,Head of pancreas,ROI2,cd8_t,70,-18.98
HPAP-011,Head of pancreas,ROI2,cd8_t,80,-28.98
HPAP-011,Head of pancreas,ROI2,cd8_t,90,-38.98
HPAP-011,Head of pancreas,ROI2,cd8_t,100,-27.85
HPAP-011,Head of pancreas,ROI2,cd8_t,110,-37.85
HPAP-011,Head of pancreas,ROI2,cd8_t,120,-47.85
HPAP-011,Head of pancreas,ROI2,cd8_t,130,-57.85
HPAP-011,Head of pancreas,ROI2,cd8_t,140,-51.64
HPAP-011,Head of pancreas,ROI2,cd8_t,150,-61.64
HPAP-011,Head of pancreas,ROI2,cd8_t,160,-35.04
HPAP-011,Head of pancreas,ROI2,cd8_t,170,-25.71
HPAP-011,Head of pancreas,ROI2,cd8_t,180,-26.95
HPAP-011,Head of pancreas,ROI2,cd8_t,190,-6.06
HPAP-011,Head of pancreas,ROI2,cd8_t,200,10.34
HPAP-011,Head of pancreas,ROI2,macrophage,10,-6.21
HPAP-011,Head of pancreas,ROI2,macrophage,20,7.85
HPAP-011,Head of pancreas,ROI2,macrophage,30,10.83
HPAP-011,Head of pancreas,ROI2,macrophage,40,17.11
HPAP-011,Head of pancreas,ROI2,macrophage,50,18.23
HPAP-011,Head of pancreas,ROI2,macrophage,60,19.06
HPAP-011,Head of pancreas,ROI2,macrophage,70,22.07
HPAP-011,Head of pancreas,ROI2,macrophage,80,23.81
HPAP-011,Head of pancreas,ROI2,macrophage,90,23.78
HPAP-011,Head of pancreas,ROI2,macrophage,100,25.2
HPAP-011,Head of pancreas,ROI2,macrophage,110,25.4
HPAP-011,Head of pancreas,ROI2,macrophage,120,24.89
HPAP-011,Head of pancreas,ROI2,macrophage,130,25.09
HPAP-011,Head of pancreas,ROI2,macrophage,140,24.35
HPAP-011,Head of pancreas,ROI2,macrophage,150,22.92
HPAP-011,Head of pancreas,ROI2,macrophage,160,21.15
HPAP-011,Head of pancreas,ROI2,macrophage,170,18.96
HPAP-011,Head of pancreas,ROI2,macrophage,180,16.23
HPAP-011,Head of pancreas,ROI2,macrophage,190,13.56
HPAP-011,Head of pancreas,ROI2,macrophage,200,10.91
HPAP-011,Head of pancreas,ROI2,endothelial,10,-10.0
HPAP-011,Head of pancreas,ROI2,endothelial,20,6.57
HPAP-011,Head of pancreas,ROI2,endothelial,30,9.85
HPAP-011,Head of pancreas,ROI2,endothelial,40,14.77
HPAP-011,Head of pancreas,ROI2,endothelial,50,17.73
HPAP-011,Head of pancreas,ROI2,endothelial,60,19.7
HPAP-011,Head of pancreas,ROI2,endothelial,70,22.03
HPAP-011,Head of pancreas,ROI2,endothelial,80,18.51
HPAP-011,Head of pancreas,ROI2,endothelial,90,25.04
HPAP-011,Head of pancreas,ROI2,endothelial,100,26.02
HPAP-011,Head of pancreas,ROI2,endothelial,110,24.81
HPAP-011,Head of pancreas,ROI2,endothelial,120,26.12
HPAP-011,Head of pancreas,ROI2,endothelial,130,26.04
HPAP-011,Head of pancreas,ROI2,endothelial,140,22.69
HPAP-011,Head of pancreas,ROI2,endothelial,150,18.55
HPAP-011,Head of pancreas,ROI2,endothelial,160,15.22
HPAP-011,Head of pancreas,ROI2,endothelial,170,14.54
HPAP-011,Head of pancreas,ROI2,endothelial,180,13.86
HPAP-011,Head of pancreas,ROI2,endothelial,190,13.63
HPAP-011,Head of pancreas,ROI2,endothelial,200,9.18
HPAP-011,Head of pancreas,ROI3,cd8_t,10,-5.52
HPAP-011,Head of pancreas,ROI3,cd8_t,20,-0.97
HPAP-011,Head of pancreas,ROI3,cd8_t,30,3.26
HPAP-011,Head of pancreas,ROI3,cd8_t,40,4.84
HPAP-011,Head of pancreas,ROI3,cd8_t,50,3.81
HPAP-011,Head of pancreas,ROI3,cd8_t,60,4.83
HPAP-011,Head of pancreas,ROI3,cd8_t,70,5.44
HPAP-011,Head of pancreas,ROI3,cd8_t,80,5.09
HPAP-011,Head of pancreas,ROI3,cd8_t,90,4.6
HPAP-011,Head of pancreas,ROI3,cd8_t,100,1.97
HPAP-011,Head of pancreas,ROI3,cd8_t,110,1.03
HPAP-011,Head of pancreas,ROI3,cd8_t,120,0.25
HPAP-011,Head of pancreas,ROI3,cd8_t,130,-0.34
HPAP-011,Head of pancreas,ROI3,cd8_t,140,-1.2
HPAP-011,Head of pancreas,ROI3,cd8_t,150,-1.0
HPAP-011,Head of pancreas,ROI3,cd8_t,160,-2.47
HPAP-011,Head of pancreas,ROI3,cd8_t,170,-4.32
HPAP-011,Head of pancreas,ROI3,cd8_t,180,-6.09
HPAP-011,Head of pancreas,ROI3,cd8_t,190,-5.92
HPAP-011,Head of pancreas,ROI3,cd8_t,200,-7.27
HPAP-011,Head of pancreas,ROI3,b_cell,10,-10.0
HPAP-011,Head of pancreas,ROI3,b_cell,20,-1.9
HPAP-011,Head of pancreas,ROI3,b_cell,30,-4.41
HPAP-011,Head of pancreas,ROI3,b_cell,40,2.44
HPAP-011,Head of pancreas,ROI3,b_cell,50,2.76
HPAP-011,Head of pancreas,ROI3,b_cell,60,11.25
HPAP-011,Head of pancreas,ROI3,b_cell,70,5.71
HPAP-011,Head of pancreas,ROI3,b_cell,80,2.94
HPAP-011,Head of pancreas,ROI3,b_cell,90,4.04
HPAP-011,Head of pancreas,ROI3,b_cell,100,3.18
HPAP-011,Head of pancreas,ROI3,b_cell,110,1.57
HPAP-011,Head of pancreas,ROI3,b_cell,120,2.75
HPAP-011,Head of pancreas,ROI3,b_cell,130,9.6
HPAP-011,Head of pancreas,ROI3,b_cell,140,9.79
HPAP-011,Head of pancreas,ROI3,b_cell,150,8.29
HPAP-011,Head of pancreas,ROI3,b_cell,160,11.22
HPAP-011,Head of pancreas,ROI3,b_cell,170,8.25
HPAP-011,Head of pancreas,ROI3,b_cell,180,7.21
HPAP-011,Head of pancreas,ROI3,b_cell,190,5.34
HPAP-011,Head of pancreas,ROI3,b_cell,200,5.95
HPAP-011,Head of pancreas,ROI3,macrophage,10,-4.26
HPAP-011,Head of pancreas,ROI3,macrophage,20,4.58
HPAP-011,Head of pancreas,ROI3,macrophage,30,7.2
HPAP-011,Head of pancreas,ROI3,macrophage,40,12.08
HPAP-011,Head of pancreas,ROI3,macrophage,50,13.05
HPAP-011,Head of pancreas,ROI3,macrophage,60,14.83
HPAP-011,Head of pancreas,ROI3,macrophage,70,16.03
HPAP-011,Head of pancreas,ROI3,macrophage,80,17.63
HPAP-011,Head of pancreas,ROI3,macrophage,90,18.29
HPAP-011,Head of pancreas,ROI3,macrophage,100,19.06
HPAP-011,Head of pancreas,ROI3,macrophage,110,19.96
HPAP-011,Head of pancreas,ROI3,macrophage,120,20.4
HPAP-011,Head of pancreas,ROI3,macrophage,130,20.33
HPAP-011,Head of pancreas,ROI3,macrophage,140,19.68
HPAP-011,Head of pancreas,ROI3,macrophage,150,18.81
HPAP-011,Head of pancreas,ROI3,macrophage,160,17.25
HPAP-011,Head of pancreas,ROI3,macrophage,170,15.78
HPAP-011,Head of pancreas,ROI3,macrophage,180,13.79
HPAP-011,Head of pancreas,ROI3,macrophage,190,12.92
HPAP-011,Head of pancreas,ROI3,macrophage,200,10.23
HPAP-011,Head of pancreas,ROI3,fibroblast,10,-10.0
HPAP-011,Head of pancreas,ROI3,fibroblast,20,-0.57
HPAP-011,Head of pancreas,ROI3,fibroblast,30,13.46
HPAP-011,Head of pancreas,ROI3,fibroblast,40,14.97
HPAP-011,Head of pancreas,ROI3,fibroblast,50,11.46
HPAP-011,Head of pancreas,ROI3,fibroblast,60,4.46
HPAP-011,Head of pancreas,ROI3,fibroblast,70,5.27
HPAP-011,Head of pancreas,ROI3,fibroblast,80,2.45
HPAP-011,Head of pancreas,ROI3,fibroblast,90,7.17
HPAP-011,Head of pancreas,ROI3,fibroblast,100,16.6
HPAP-011,Head of pancreas,ROI3,fibroblast,110,15.95
HPAP-011,Head of pancreas,ROI3,fibroblast,120,17.42
HPAP-011,Head of pancreas,ROI3,fibroblast,130,11.48
HPAP-011,Head of pancreas,ROI3,fibroblast,140,20.26
HPAP-011,Head of pancreas,ROI3,fibroblast,150,16.04
HPAP-011,Head of pancreas,ROI3,fibroblast,160,15.98
HPAP-011,Head of pancreas,ROI3,fibroblast,170,14.37
HPAP-011,Head of pancreas,ROI3,fibroblast,180,12.39
HPAP-011,Head of pancreas,ROI3,fibroblast,190,11.03
HPAP-011,Head of pancreas,ROI3,fibroblast,200,7.5
HPAP-011,Tail of pancreas,ROI1,b_cell,10,0.86
HPAP-011,Tail of pancreas,ROI1,b_cell,20,13.85
HPAP-011,Tail of pancreas,ROI1,b_cell,30,19.09
HPAP-011,Tail of pancreas,ROI1,b_cell,40,22.67
HPAP-011,Tail of pancreas,ROI1,b_cell,50,26.26
HPAP-011,Tail of pancreas,ROI1,b_cell,60,30.04
HPAP-011,Tail of pancreas,ROI1,b_cell,70,31.98
HPAP-011,Tail of pancreas,ROI1,b_cell,80,31.68
HPAP-011,Tail of pancreas,ROI1,b_cell,90,32.48
HPAP-011,Tail of pancreas,ROI1,b_cell,100,33.16
HPAP-011,Tail of pancreas,ROI1,b_cell,110,33.16
HPAP-011,Tail of pancreas,ROI1,b_cell,120,33.23
HPAP-011,Tail of pancreas,ROI1,b_cell,130,32.0
HPAP-011,Tail of pancreas,ROI1,b_cell,140,31.94
HPAP-011,Tail of pancreas,ROI1,b_cell,150,30.97
HPAP-011,Tail of pancreas,ROI1,b_cell,160,30.19
HPAP-011,Tail of pancreas,ROI1,b_cell,170,28.26
HPAP-011,Tail of pancreas,ROI1,b_cell,180,27.4
HPAP-011,Tail of pancreas,ROI1,b_cell,190,25.96
HPAP-011,Tail of pancreas,ROI1,b_cell,200,24.23
HPAP-011,Tail of pancreas,ROI1,macrophage,10,-10.0
HPAP-011,Tail of pancreas,ROI1,macrophage,20,32.66
HPAP-011,Tail of pancreas,ROI1,macrophage,30,36.02
HPAP-011,Tail of pancreas,ROI1,macrophage,40,34.48
HPAP-011,Tail of pancreas,ROI1,macrophage,50,29.62
HPAP-011,Tail of pancreas,ROI1,macrophage,60,24.45
HPAP-011,Tail of pancreas,ROI1,macrophage,70,25.46
HPAP-011,Tail of pancreas,ROI1,macrophage,80,19.53
HPAP-011,Tail of pancreas,ROI1,macrophage,90,20.83
HPAP-011,Tail of pancreas,ROI1,macrophage,100,21.08
HPAP-011,Tail of pancreas,ROI1,macrophage,110,17.46
HPAP-011,Tail of pancreas,ROI1,macrophage,120,12.04
HPAP-011,Tail of pancreas,ROI1,macrophage,130,9.34
HPAP-011,Tail of pancreas,ROI1,macrophage,140,4.91
HPAP-011,Tail of pancreas,ROI1,macrophage,150,-1.04
HPAP-011,Tail of pancreas,ROI1,macrophage,160,-5.81
HPAP-011,Tail of pancreas,ROI1,macrophage,170,-4.65
HPAP-011,Tail of pancreas,ROI1,macrophage,180,-8.77
HPAP-011,Tail of pancreas,ROI1,macrophage,190,-14.2
HPAP-011,Tail of pancreas,ROI1,macrophage,200,-15.41
HPAP-011,Tail of pancreas,ROI1,other_immune,10,0.14
HPAP-011,Tail of pancreas,ROI1,other_immune,20,17.96
HPAP-011,Tail of pancreas,ROI1,other_immune,30,27.39
HPAP-011,Tail of pancreas,ROI1,other_immune,40,33.85
HPAP-011,Tail of pancreas,ROI1,other_immune,50,36.68
HPAP-011,Tail of pancreas,ROI1,other_immune,60,35.7
HPAP-011,Tail of pancreas,ROI1,other_immune,70,33.95
HPAP-011,Tail of pancreas,ROI1,other_immune,80,27.36
HPAP-011,Tail of pancreas,ROI1,other_immune,90,22.97
HPAP-011,Tail of pancreas,ROI1,other_immune,100,23.83
HPAP-011,Tail of pancreas,ROI1,other_immune,110,24.58
HPAP-011,Tail of pancreas,ROI1,other_immune,120,20.93
HPAP-011,Tail of pancreas,ROI1,other_immune,130,22.17
HPAP-011,Tail of pancreas,ROI1,other_immune,140,20.08
HPAP-011,Tail of pancreas,ROI1,other_immune,150,23.35
HPAP-011,Tail of pancreas,ROI1,other_immune,160,22.89
HPAP-011,Tail of pancreas,ROI1,other_immune,170,19.79
HPAP-011,Tail of pancreas,ROI1,other_immune,180,17.23
HPAP-011,Tail of pancreas,ROI1,other_immune,190,14.91
HPAP-011,Tail of pancreas,ROI1,other_immune,200,12.07
HPAP-011,Tail of pancreas,ROI2,cd8_t,10,30.47
HPAP-011,Tail of pancreas,ROI2,cd8_t,20,50.09
HPAP-011,Tail of pancreas,ROI2,cd8_t,30,91.4
HPAP-011,Tail of pancreas,ROI2,cd8_t,40,105.91
HPAP-011,Tail of pancreas,ROI2,cd8_t,50,111.87
HPAP-011,Tail of pancreas,ROI2,cd8_t,60,129.81
HPAP-011,Tail of pancreas,ROI2,cd8_t,70,140.28
HPAP-011,Tail of pancreas,ROI2,cd8_t,80,141.65
HPAP-011,Tail of pancreas,ROI2,cd8_t,90,152.81
HPAP-011,Tail of pancreas,ROI2,cd8_t,100,155.94
HPAP-011,Tail of pancreas,ROI2,cd8_t,110,167.43
HPAP-011,Tail of pancreas,ROI2,cd8_t,120,180.12
HPAP-011,Tail of pancreas,ROI2,cd8_t,130,180.84
HPAP-011,Tail of pancreas,ROI2,cd8_t,140,191.24
HPAP-011,Tail of pancreas,ROI2,cd8_t,150,190.99
HPAP-011,Tail of pancreas,ROI2,cd8_t,160,188.12
HPAP-011,Tail of pancreas,ROI2,cd8_t,170,191.96
HPAP-011,Tail of pancreas,ROI2,cd8_t,180,193.1
HPAP-011,Tail of pancreas,ROI2,cd8_t,190,187.46
HPAP-011,Tail of pancreas,ROI2,cd8_t,200,188.15
HPAP-011,Tail of pancreas,ROI2,b_cell,10,3.82
HPAP-011,Tail of pancreas,ROI2,b_cell,20,11.78
HPAP-011,Tail of pancreas,ROI2,b_cell,30,13.71
HPAP-011,Tail of pancreas,ROI2,b_cell,40,17.7
HPAP-011,Tail of pancreas,ROI2,b_cell,50,19.7
HPAP-011,Tail of pancreas,ROI2,b_cell,60,23.26
HPAP-011,Tail of pancreas,ROI2,b_cell,70,26.05
HPAP-011,Tail of pancreas,ROI2,b_cell,80,27.7
HPAP-011,Tail of pancreas,ROI2,b_cell,90,27.98
HPAP-011,Tail of pancreas,ROI2,b_cell,100,29.24
HPAP-011,Tail of pancreas,ROI2,b_cell,110,29.5
HPAP-011,Tail of pancreas,ROI2,b_cell,120,31.68
HPAP-011,Tail of pancreas,ROI2,b_cell,130,33.13
HPAP-011,Tail of pancreas,ROI2,b_cell,140,35.61
HPAP-011,Tail of pancreas,ROI2,b_cell,150,36.76
HPAP-011,Tail of pancreas,ROI2,b_cell,160,38.93
HPAP-011,Tail of pancreas,ROI2,b_cell,170,38.51
HPAP-011,Tail of pancreas,ROI2,b_cell,180,38.92
HPAP-011,Tail of pancreas,ROI2,b_cell,190,38.97
HPAP-011,Tail of pancreas,ROI2,b_cell,200,38.95
HPAP-011,Tail of pancreas,ROI2,macrophage,10,6.7
HPAP-011,Tail of pancreas,ROI2,macrophage,20,18.07
HPAP-011,Tail of pancreas,ROI2,macrophage,30,18.39
HPAP-011,Tail of pancreas,ROI2,macrophage,40,24.66
HPAP-011,Tail of pancreas,ROI2,macrophage,50,22.77
HPAP-011,Tail of pancreas,ROI2,macrophage,60,23.81
HPAP-011,Tail of pancreas,ROI2,macrophage,70,24.44
HPAP-011,Tail of pancreas,ROI2,macrophage,80,23.19
HPAP-011,Tail of pancreas,ROI2,macrophage,90,24.46
HPAP-011,Tail of pancreas,ROI2,macrophage,100,23.14
HPAP-011,Tail of pancreas,ROI2,macrophage,110,22.3
HPAP-011,Tail of pancreas,ROI2,macrophage,120,23.03
HPAP-011,Tail of pancreas,ROI2,macrophage,130,21.0
HPAP-011,Tail of pancreas,ROI2,macrophage,140,21.35
HPAP-011,Tail of pancreas,ROI2,macrophage,150,21.89
HPAP-011,Tail of pancreas,ROI2,macrophage,160,24.56
HPAP-011,Tail of pancreas,ROI2,macrophage,170,23.69
HPAP-011,Tail of pancreas,ROI2,macrophage,180,22.97
HPAP-011,Tail of pancreas,ROI2,macrophage,190,23.93
HPAP-011,Tail of pancreas,ROI2,macrophage,200,23.74
HPAP-011,Tail of pancreas,ROI2,other_immune,10,1.34
HPAP-011,Tail of pancreas,ROI2,other_immune,20,10.0
HPAP-011,Tail of pancreas,ROI2,other_immune,30,10.08
HPAP-011,Tail of pancreas,ROI2,other_immune,40,14.37
HPAP-011,Tail of pancreas,ROI2,other_immune,50,18.03
HPAP-011,Tail of pancreas,ROI2,other_immune,60,23.7
HPAP-011,Tail of pancreas,ROI2,other_immune,70,23.15
HPAP-011,Tail of pancreas,ROI2,other_immune,80,27.86
HPAP-011,Tail of pancreas,ROI2,other_immune,90,26.18
HPAP-011,Tail of pancreas,ROI2,other_immune,100,25.74
HPAP-011,Tail of pancreas,ROI2,other_immune,110,25.81
HPAP-011,Tail of pancreas,ROI2,other_immune,120,26.51
HPAP-011,Tail of pancreas,ROI2,other_immune,130,23.79
HPAP-011,Tail of pancreas,ROI2,other_immune,140,22.73
HPAP-011,Tail of pancreas,ROI2,other_immune,150,22.88
HPAP-011,Tail of pancreas,ROI2,other_immune,160,20.16
HPAP-011,Tail of pancreas,ROI2,other_immune,170,18.18
HPAP-011,Tail of pancreas,ROI2,other_immune,180,16.21
HPAP-011,Tail of pancreas,ROI2,other_immune,190,18.13
HPAP-011,Tail of pancreas,ROI2,other_immune,200,16.6
HPAP-011,Tail of pancreas,ROI3,cd8_t,10,-10.0
HPAP-011,Tail of pancreas,ROI3,cd8_t,20,18.67
HPAP-011,Tail of pancreas,ROI3,cd8_t,30,47.35
HPAP-011,Tail of pancreas,ROI3,cd8_t,40,54.73
HPAP-011,Tail of pancreas,ROI3,cd8_t,50,78.27
HPAP-011,Tail of pancreas,ROI3,cd8_t,60,68.27
HPAP-011,Tail of pancreas,ROI3,cd8_t,70,89.45
HPAP-011,Tail of pancreas,ROI3,cd8_t,80,97.22
HPAP-011,Tail of pancreas,ROI3,cd8_t,90,107.2
HPAP-011,Tail of pancreas,ROI3,cd8_t,100,100.95
HPAP-011,Tail of pancreas,ROI3,cd8_t,110,105.32
HPAP-011,Tail of pancreas,ROI3,cd8_t,120,112.04
HPAP-011,Tail of pancreas,ROI3,cd8_t,130,111.52
HPAP-011,Tail of pancreas,ROI3,cd8_t,140,116.53
HPAP-011,Tail of pancreas,ROI3,cd8_t,150,120.71
HPAP-011,Tail of pancreas,ROI3,cd8_t,160,121.55
HPAP-011,Tail of pancreas,ROI3,cd8_t,170,127.06
HPAP-011,Tail of pancreas,ROI3,cd8_t,180,122.05
HPAP-011,Tail of pancreas,ROI3,cd8_t,190,119.39
HPAP-011,Tail of pancreas,ROI3,cd8_t,200,123.57
HPAP-011,Tail of pancreas,ROI3,b_cell,10,1.7
HPAP-011,Tail of pancreas,ROI3,b_cell,20,18.61
HPAP-011,Tail of pancreas,ROI3,b_cell,30,26.98
HPAP-011,Tail of pancreas,ROI3,b_cell,40,37.31
HPAP-011,Tail of pancreas,ROI3,b_cell,50,46.13
HPAP-011,Tail of pancreas,ROI3,b_cell,60,53.39
HPAP-011,Tail of pancreas,ROI3,b_cell,70,60.16
HPAP-011,Tail of pancreas,ROI3,b_cell,80,66.0
HPAP-011,Tail of pancreas,ROI3,b_cell,90,72.13
HPAP-011,Tail of pancreas,ROI3,b_cell,100,76.75
HPAP-011,Tail of pancreas,ROI3,b_cell,110,80.76
HPAP-011,Tail of pancreas,ROI3,b_cell,120,84.44
HPAP-011,Tail of pancreas,ROI3,b_cell,130,87.76
HPAP-011,Tail of pancreas,ROI3,b_cell,140,90.5
HPAP-011,Tail of pancreas,ROI3,b_cell,150,92.85
HPAP-011,Tail of pancreas,ROI3,b_cell,160,94.25
HPAP-011,Tail of pancreas,ROI3,b_cell,170,95.54
HPAP-011,Tail of pancreas,ROI3,b_cell,180,96.31
HPAP-011,Tail of pancreas,ROI3,b_cell,190,96.34
HPAP-011,Tail of pancreas,ROI3,b_cell,200,95.5
HPAP-011,Tail of pancreas,ROI3,macrophage,10,4.43
HPAP-011,Tail of pancreas,ROI3,macrophage,20,28.58
HPAP-011,Tail of pancreas,ROI3,macrophage,30,42.53
HPAP-011,Tail of pancreas,ROI3,macrophage,40,54.33
HPAP-011,Tail of pancreas,ROI3,macrophage,50,64.29
HPAP-011,Tail of pancreas,ROI3,macrophage,60,74.69
HPAP-011,Tail of pancreas,ROI3,macrophage,70,85.01
HPAP-011,Tail of pancreas,ROI3,macrophage,80,92.87
HPAP-011,Tail of pancreas,ROI3,macrophage,90,100.34
HPAP-011,Tail of pancreas,ROI3,macrophage,100,107.1
HPAP-011,Tail of pancreas,ROI3,macrophage,110,112.39
HPAP-011,Tail of pancreas,ROI3,macrophage,120,118.06
HPAP-011,Tail of pancreas,ROI3,macrophage,130,122.44
HPAP-011,Tail of pancreas,ROI3,macrophage,140,126.56
HPAP-011,Tail of pancreas,ROI3,macrophage,150,130.24
HPAP-011,Tail of pancreas,ROI3,macrophage,160,131.77
HPAP-011,Tail of pancreas,ROI3,macrophage,170,133.2
HPAP-011,Tail of pancreas,ROI3,macrophage,180,133.77
HPAP-011,Tail of pancreas,ROI3,macrophage,190,134.02
HPAP-011,Tail of pancreas,ROI3,macrophage,200,133.23
HPAP-011,Tail of pancreas,ROI3,mdsc,10,-10.0
HPAP-011,Tail of pancreas,ROI3,mdsc,20,87.08
HPAP-011,Tail of pancreas,ROI3,mdsc,30,77.08
HPAP-011,Tail of pancreas,ROI3,mdsc,40,111.44
HPAP-011,Tail of pancreas,ROI3,mdsc,50,150.33
HPAP-011,Tail of pancreas,ROI3,mdsc,60,154.16
HPAP-011,Tail of pancreas,ROI3,mdsc,70,144.16
HPAP-011,Tail of pancreas,ROI3,mdsc,80,159.44
HPAP-011,Tail of pancreas,ROI3,mdsc,90,203.26
HPAP-011,Tail of pancreas,ROI3,mdsc,100,221.25
HPAP-011,Tail of pancreas,ROI3,mdsc,110,220.05
HPAP-011,Tail of pancreas,ROI3,mdsc,120,226.98
HPAP-011,Tail of pancreas,ROI3,mdsc,130,225.15
HPAP-011,Tail of pancreas,ROI3,mdsc,140,238.59
HPAP-011,Tail of pancreas,ROI3,mdsc,150,250.66
HPAP-011,Tail of pancreas,ROI3,mdsc,160,247.76
HPAP-011,Tail of pancreas,ROI3,mdsc,170,237.76
HPAP-011,Tail of pancreas,ROI3,mdsc,180,234.73
HPAP-011,Tail of pancreas,ROI3,mdsc,190,244.97
HPAP-011,Tail of pancreas,ROI3,mdsc,200,241.51
HPAP-011,Tail of pancreas,ROI3,other_immune,10,0.25
HPAP-011,Tail of pancreas,ROI3,other_immune,20,12.4
HPAP-011,Tail of pancreas,ROI3,other_immune,30,19.14
HPAP-011,Tail of pancreas,ROI3,other_immune,40,25.68
HPAP-011,Tail of pancreas,ROI3,other_immune,50,30.74
HPAP-011,Tail of pancreas,ROI3,other_immune,60,36.82
HPAP-011,Tail of pancreas,ROI3,other_immune,70,39.87
HPAP-011,Tail of pancreas,ROI3,other_immune,80,44.14
HPAP-011,Tail of pancreas,ROI3,other_immune,90,47.5
HPAP-011,Tail of pancreas,ROI3,other_immune,100,50.96
HPAP-011,Tail of pancreas,ROI3,other_immune,110,53.64
HPAP-011,Tail of pancreas,ROI3,other_immune,120,55.83
HPAP-011,Tail of pancreas,ROI3,other_immune,130,57.53
HPAP-011,Tail of pancreas,ROI3,other_immune,140,58.51
HPAP-011,Tail of pancreas,ROI3,other_immune,150,58.62
HPAP-011,Tail of pancreas,ROI3,other_immune,160,60.08
HPAP-011,Tail of pancreas,ROI3,other_immune,170,60.09
HPAP-011,Tail of pancreas,ROI3,other_immune,180,59.78
HPAP-011,Tail of pancreas,ROI3,other_immune,190,58.66
HPAP-011,Tail of pancreas,ROI3,other_immune,200,56.8
HPAP-011,Tail of pancreas,ROI3,endothelial,10,4.87
HPAP-011,Tail of pancreas,ROI3,endothelial,20,65.43
HPAP-011,Tail of pancreas,ROI3,endothelial,30,91.73
HPAP-011,Tail of pancreas,ROI3,endothelial,40,102.64
HPAP-011,Tail of pancreas,ROI3,endothelial,50,107.38
HPAP-011,Tail of pancreas,ROI3,endothelial,60,113.43
HPAP-011,Tail of pancreas,ROI3,endothelial,70,119.86
HPAP-011,Tail of pancreas,ROI3,endothelial,80,124.45
HPAP-011,Tail of pancreas,ROI3,endothelial,90,130.58
HPAP-011,Tail of pancreas,ROI3,endothelial,100,134.19
HPAP-011,Tail of pancreas,ROI3,endothelial,110,134.36
HPAP-011,Tail of pancreas,ROI3,endothelial,120,134.99
HPAP-011,Tail of pancreas,ROI3,endothelial,130,135.61
HPAP-011,Tail of pancreas,ROI3,endothelial,140,135.02
HPAP-011,Tail of pancreas,ROI3,endothelial,150,132.55
HPAP-011,Tail of pancreas,ROI3,endothelial,160,128.75
HPAP-011,Tail of pancreas,ROI3,endothelial,170,121.8
HPAP-011,Tail of pancreas,ROI3,endothelial,180,114.81
HPAP-011,Tail of pancreas,ROI3,endothelial,190,107.05
HPAP-011,Tail of pancreas,ROI3,endothelial,200,100.02
HPAP-012,Body of pancreas,ROI1,b_cell,10,-10.0
HPAP-012,Body of pancreas,ROI1,b_cell,20,90.52
HPAP-012,Body of pancreas,ROI1,b_cell,30,112.68
HPAP-012,Body of pancreas,ROI1,b_cell,40,161.78
HPAP-012,Body of pancreas,ROI1,b_cell,50,205.23
HPAP-012,Body of pancreas,ROI1,b_cell,60,225.36
HPAP-012,Body of pancreas,ROI1,b_cell,70,242.6
HPAP-012,Body of pancreas,ROI1,b_cell,80,239.04
HPAP-012,Body of pancreas,ROI1,b_cell,90,241.56
HPAP-012,Body of pancreas,ROI1,b_cell,100,249.49
HPAP-012,Body of pancreas,ROI1,b_cell,110,250.95
HPAP-012,Body of pancreas,ROI1,b_cell,120,268.13
HPAP-012,Body of pancreas,ROI1,b_cell,130,273.56
HPAP-012,Body of pancreas,ROI1,b_cell,140,263.56
HPAP-012,Body of pancreas,ROI1,b_cell,150,263.53
HPAP-012,Body of pancreas,ROI1,b_cell,160,263.26
HPAP-012,Body of pancreas,ROI1,b_cell,170,253.26
HPAP-012,Body of pancreas,ROI1,b_cell,180,243.26
HPAP-012,Body of pancreas,ROI1,b_cell,190,233.26
HPAP-012,Body of pancreas,ROI1,b_cell,200,228.04
HPAP-012,Body of pancreas,ROI1,macrophage,10,-10.0
HPAP-012,Body of pancreas,ROI1,macrophage,20,-20.0
HPAP-012,Body of pancreas,ROI1,macrophage,30,-30.0
HPAP-012,Body of pancreas,ROI1,macrophage,40,-40.0
HPAP-012,Body of pancreas,ROI1,macrophage,50,-6.91
HPAP-012,Body of pancreas,ROI1,macrophage,60,-16.91
HPAP-012,Body of pancreas,ROI1,macrophage,70,-9.05
HPAP-012,Body of pancreas,ROI1,macrophage,80,-5.36
HPAP-012,Body of pancreas,ROI1,macrophage,90,6.36
HPAP-012,Body of pancreas,ROI1,macrophage,100,-3.64
HPAP-012,Body of pancreas,ROI1,macrophage,110,-4.44
HPAP-012,Body of pancreas,ROI1,macrophage,120,-14.44
HPAP-012,Body of pancreas,ROI1,macrophage,130,6.28
HPAP-012,Body of pancreas,ROI1,macrophage,140,9.29
HPAP-012,Body of pancreas,ROI1,macrophage,150,5.38
HPAP-012,Body of pancreas,ROI1,macrophage,160,-4.62
HPAP-012,Body of pancreas,ROI1,macrophage,170,-8.75
HPAP-012,Body of pancreas,ROI1,macrophage,180,-13.09
HPAP-012,Body of pancreas,ROI1,macrophage,190,-17.62
HPAP-012,Body of pancreas,ROI1,macrophage,200,-12.15
HPAP-012,Body of pancreas,ROI1,other_immune,10,-1.71
HPAP-012,Body of pancreas,ROI1,other_immune,20,3.46
HPAP-012,Body of pancreas,ROI1,other_immune,30,3.91
HPAP-012,Body of pancreas,ROI1,other_immune,40,4.45
HPAP-012,Body of pancreas,ROI1,other_immune,50,3.89
HPAP-012,Body of pancreas,ROI1,other_immune,60,3.25
HPAP-012,Body of pancreas,ROI1,other_immune,70,3.46
HPAP-012,Body of pancreas,ROI1,other_immune,80,3.66
HPAP-012,Body of pancreas,ROI1,other_immune,90,3.27
HPAP-012,Body of pancreas,ROI1,other_immune,100,2.19
HPAP-012,Body of pancreas,ROI1,other_immune,110,1.7
HPAP-012,Body of pancreas,ROI1,other_immune,120,1.18
HPAP-012,Body of pancreas,ROI1,other_immune,130,-0.43
HPAP-012,Body of pancreas,ROI1,other_immune,140,-2.3
HPAP-012,Body of pancreas,ROI1,other_immune,150,-4.16
HPAP-012,Body of pancreas,ROI1,other_immune,160,-6.49
HPAP-012,Body of pancreas,ROI1,other_immune,170,-8.44
HPAP-012,Body of pancreas,ROI1,other_immune,180,-10.8
HPAP-012,Body of pancreas,ROI1,other_immune,190,-13.43
HPAP-012,Body of pancreas,ROI1,other_immune,200,-16.03
HPAP-012,Body of pancreas,ROI1,endothelial,10,-10.0
HPAP-012,Body of pancreas,ROI1,endothelial,20,13.92
HPAP-012,Body of pancreas,ROI1,endothelial,30,3.92
HPAP-012,Body of pancreas,ROI1,endothelial,40,-6.08
HPAP-012,Body of pancreas,ROI1,endothelial,50,-16.08
HPAP-012,Body of pancreas,ROI1,endothelial,60,-26.08
HPAP-012,Body of pancreas,ROI1,endothelial,70,-22.03
HPAP-012,Body of pancreas,ROI1,endothelial,80,-21.25
HPAP-012,Body of pancreas,ROI1,endothelial,90,-22.16
HPAP-012,Body of pancreas,ROI1,endothelial,100,-24.15
HPAP-012,Body of pancreas,ROI1,endothelial,110,-14.06
HPAP-012,Body of pancreas,ROI1,endothelial,120,-12.73
HPAP-012,Body of pancreas,ROI1,endothelial,130,-7.7
HPAP-012,Body of pancreas,ROI1,endothelial,140,-8.62
HPAP-012,Body of pancreas,ROI1,endothelial,150,-2.14
HPAP-012,Body of pancreas,ROI1,endothelial,160,-8.3
HPAP-012,Body of pancreas,ROI1,endothelial,170,-7.32
HPAP-012,Body of pancreas,ROI1,endothelial,180,-7.04
HPAP-012,Body of pancreas,ROI1,endothelial,190,-10.51
HPAP-012,Body of pancreas,ROI1,endothelial,200,-11.14
HPAP-012,Body of pancreas,ROI2,macrophage,10,-10.0
HPAP-012,Body of pancreas,ROI2,macrophage,20,28.21
HPAP-012,Body of pancreas,ROI2,macrophage,30,18.21
HPAP-012,Body of pancreas,ROI2,macrophage,40,8.21
HPAP-012,Body of pancreas,ROI2,macrophage,50,-1.79
HPAP-012,Body of pancreas,ROI2,macrophage,60,-11.79
HPAP-012,Body of pancreas,ROI2,macrophage,70,-21.79
HPAP-012,Body of pancreas,ROI2,macrophage,80,-31.79
HPAP-012,Body of pancreas,ROI2,macrophage,90,-41.79
HPAP-012,Body of pancreas,ROI2,macrophage,100,-31.82
HPAP-012,Body of pancreas,ROI2,macrophage,110,-26.49
HPAP-012,Body of pancreas,ROI2,macrophage,120,-36.49
HPAP-012,Body of pancreas,ROI2,macrophage,130,-46.49
HPAP-012,Body of pancreas,ROI2,macrophage,140,-56.49
HPAP-012,Body of pancreas,ROI2,macrophage,150,-31.9
HPAP-012,Body of pancreas,ROI2,macrophage,160,-23.63
HPAP-012,Body of pancreas,ROI2,macrophage,170,-33.63
HPAP-012,Body of pancreas,ROI2,macrophage,180,-43.63
HPAP-012,Body of pancreas,ROI2,macrophage,190,-45.36
HPAP-012,Body of pancreas,ROI2,macrophage,200,-32.98
HPAP-012,Body of pancreas,ROI2,other_immune,10,-0.33
HPAP-012,Body of pancreas,ROI2,other_immune,20,8.15
HPAP-012,Body of pancreas,ROI2,other_immune,30,8.98
HPAP-012,Body of pancreas,ROI2,other_immune,40,9.7
HPAP-012,Body of pancreas,ROI2,other_immune,50,10.4
HPAP-012,Body of pancreas,ROI2,other_immune,60,11.38
HPAP-012,Body of pancreas,ROI2,other_immune,70,11.83
HPAP-012,Body of pancreas,ROI2,other_immune,80,11.11
HPAP-012,Body of pancreas,ROI2,other_immune,90,10.36
HPAP-012,Body of pancreas,ROI2,other_immune,100,9.72
HPAP-012,Body of pancreas,ROI2,other_immune,110,8.92
HPAP-012,Body of pancreas,ROI2,other_immune,120,8.31
HPAP-012,Body of pancreas,ROI2,other_immune,130,7.12
HPAP-012,Body of pancreas,ROI2,other_immune,140,7.06
HPAP-012,Body of pancreas,ROI2,other_immune,150,5.73
HPAP-012,Body of pancreas,ROI2,other_immune,160,4.44
HPAP-012,Body of pancreas,ROI2,other_immune,170,2.91
HPAP-012,Body of pancreas,ROI2,other_immune,180,1.66
HPAP-012,Body of pancreas,ROI2,other_immune,190,0.54
HPAP-012,Body of pancreas,ROI2,other_immune,200,0.0
HPAP-012,Body of pancreas,ROI3,macrophage,10,-10.0
HPAP-012,Body of pancreas,ROI3,macrophage,20,34.9
HPAP-012,Body of pancreas,ROI3,macrophage,30,56.8
HPAP-012,Body of pancreas,ROI3,macrophage,40,88.75
HPAP-012,Body of pancreas,ROI3,macrophage,50,89.96
HPAP-012,Body of pancreas,ROI3,macrophage,60,90.35
HPAP-012,Body of pancreas,ROI3,macrophage,70,85.28
HPAP-012,Body of pancreas,ROI3,macrophage,80,84.7
HPAP-012,Body of pancreas,ROI3,macrophage,90,83.6
HPAP-012,Body of pancreas,ROI3,macrophage,100,82.08
HPAP-012,Body of pancreas,ROI3,macrophage,110,76.17
HPAP-012,Body of pancreas,ROI3,macrophage,120,66.17
HPAP-012,Body of pancreas,ROI3,macrophage,130,67.94
HPAP-012,Body of pancreas,ROI3,macrophage,140,57.94
HPAP-012,Body of pancreas,ROI3,macrophage,150,55.41
HPAP-012,Body of pancreas,ROI3,macrophage,160,45.41
HPAP-012,Body of pancreas,ROI3,macrophage,170,39.05
HPAP-012,Body of pancreas,ROI3,macrophage,180,43.0
HPAP-012,Body of pancreas,ROI3,macrophage,190,42.91
HPAP-012,Body of pancreas,ROI3,macrophage,200,48.56
HPAP-012,Body of pancreas,ROI3,other_immune,10,-10.0
HPAP-012,Body of pancreas,ROI3,other_immune,20,5.87
HPAP-012,Body of pancreas,ROI3,other_immune,30,10.9
HPAP-012,Body of pancreas,ROI3,other_immune,40,14.87
HPAP-012,Body of pancreas,ROI3,other_immune,50,13.36
HPAP-012,Body of pancreas,ROI3,other_immune,60,10.84
HPAP-012,Body of pancreas,ROI3,other_immune,70,11.79
HPAP-012,Body of pancreas,ROI3,other_immune,80,5.79
HPAP-012,Body of pancreas,ROI3,other_immune,90,1.45
HPAP-012,Body of pancreas,ROI3,other_immune,100,-3.22
HPAP-012,Body of pancreas,ROI3,other_immune,110,-4.93
HPAP-012,Body of pancreas,ROI3,other_immune,120,-2.89
HPAP-012,Body of pancreas,ROI3,other_immune,130,-3.28
HPAP-012,Body of pancreas,ROI3,other_immune,140,-5.6
HPAP-012,Body of pancreas,ROI3,other_immune,150,-8.33
HPAP-012,Body of pancreas,ROI3,other_immune,160,-12.54
HPAP-012,Body of pancreas,ROI3,other_immune,170,-8.47
HPAP-012,Body of pancreas,ROI3,other_immune,180,-1.73
HPAP-012,Body of pancreas,ROI3,other_immune,190,-4.38
HPAP-012,Body of pancreas,ROI3,other_immune,200,-6.44
HPAP-012,Body of pancreas,ROI3,fibroblast,10,1.49
HPAP-012,Body of pancreas,ROI3,fibroblast,20,5.83
HPAP-012,Body of pancreas,ROI3,fibroblast,30,7.56
HPAP-012,Body of pancreas,ROI3,fibroblast,40,8.54
HPAP-012,Body of pancreas,ROI3,fibroblast,50,8.26
HPAP-012,Body of pancreas,ROI3,fibroblast,60,8.06
HPAP-012,Body of pancreas,ROI3,fibroblast,70,7.37
HPAP-012,Body of pancreas,ROI3,fibroblast,80,6.86
HPAP-012,Body of pancreas,ROI3,fibroblast,90,6.17
HPAP-012,Body of pancreas,ROI3,fibroblast,100,5.53
HPAP-012,Body of pancreas,ROI3,fibroblast,110,4.87
HPAP-012,Body of pancreas,ROI3,fibroblast,120,4.06
HPAP-012,Body of pancreas,ROI3,fibroblast,130,3.13
HPAP-012,Body of pancreas,ROI3,fibroblast,140,1.93
HPAP-012,Body of pancreas,ROI3,fibroblast,150,1.04
HPAP-012,Body of pancreas,ROI3,fibroblast,160,-0.06
HPAP-012,Body of pancreas,ROI3,fibroblast,170,-1.38
HPAP-012,Body of pancreas,ROI3,fibroblast,180,-2.97
HPAP-012,Body of pancreas,ROI3,fibroblast,190,-4.66
HPAP-012,Body of pancreas,ROI3,fibroblast,200,-6.86
HPAP-012,Head of pancreas,ROI1,b_cell,10,16.0
HPAP-012,Head of pancreas,ROI1,b_cell,20,42.4
HPAP-012,Head of pancreas,ROI1,b_cell,30,62.41
HPAP-012,Head of pancreas,ROI1,b_cell,40,80.08
HPAP-012,Head of pancreas,ROI1,b_cell,50,95.5
HPAP-012,Head of pancreas,ROI1,b_cell,60,109.27
HPAP-012,Head of pancreas,ROI1,b_cell,70,121.44
HPAP-012,Head of pancreas,ROI1,b_cell,80,132.6
HPAP-012,Head of pancreas,ROI1,b_cell,90,140.87
HPAP-012,Head of pancreas,ROI1,b_cell,100,148.79
HPAP-012,Head of pancreas,ROI1,b_cell,110,155.13
HPAP-012,Head of pancreas,ROI1,b_cell,120,158.32
HPAP-012,Head of pancreas,ROI1,b_cell,130,162.03
HPAP-012,Head of pancreas,ROI1,b_cell,140,164.88
HPAP-012,Head of pancreas,ROI1,b_cell,150,166.64
HPAP-012,Head of pancreas,ROI1,b_cell,160,166.57
HPAP-012,Head of pancreas,ROI1,b_cell,170,165.24
HPAP-012,Head of pancreas,ROI1,b_cell,180,163.2
HPAP-012,Head of pancreas,ROI1,b_cell,190,161.15
HPAP-012,Head of pancreas,ROI1,b_cell,200,158.02
HPAP-012,Head of pancreas,ROI1,macrophage,10,13.69
HPAP-012,Head of pancreas,ROI1,macrophage,20,21.66
HPAP-012,Head of pancreas,ROI1,macrophage,30,25.34
HPAP-012,Head of pancreas,ROI1,macrophage,40,28.9
HPAP-012,Head of pancreas,ROI1,macrophage,50,29.87
HPAP-012,Head of pancreas,ROI1,macrophage,60,29.8
HPAP-012,Head of pancreas,ROI1,macrophage,70,27.17
HPAP-012,Head of pancreas,ROI1,macrophage,80,26.45
HPAP-012,Head of pancreas,ROI1,macrophage,90,25.64
HPAP-012,Head of pancreas,ROI1,macrophage,100,27.4
HPAP-012,Head of pancreas,ROI1,macrophage,110,28.71
HPAP-012,Head of pancreas,ROI1,macrophage,120,27.28
HPAP-012,Head of pancreas,ROI1,macrophage,130,26.68
HPAP-012,Head of pancreas,ROI1,macrophage,140,27.24
HPAP-012,Head of pancreas,ROI1,macrophage,150,26.3
HPAP-012,Head of pancreas,ROI1,macrophage,160,23.26
HPAP-012,Head of pancreas,ROI1,macrophage,170,21.83
HPAP-012,Head of pancreas,ROI1,macrophage,180,19.78
HPAP-012,Head of pancreas,ROI1,macrophage,190,18.65
HPAP-012,Head of pancreas,ROI1,macrophage,200,16.1
HPAP-012,Head of pancreas,ROI1,other_immune,10,3.13
HPAP-012,Head of pancreas,ROI1,other_immune,20,7.77
HPAP-012,Head of pancreas,ROI1,other_immune,30,9.53
HPAP-012,Head of pancreas,ROI1,other_immune,40,13.29
HPAP-012,Head of pancreas,ROI1,other_immune,50,15.84
HPAP-012,Head of pancreas,ROI1,other_immune,60,17.52
HPAP-012,Head of pancreas,ROI1,other_immune,70,19.55
HPAP-012,Head of pancreas,ROI1,other_immune,80,21.36
HPAP-012,Head of pancreas,ROI1,other_immune,90,22.7
HPAP-012,Head of pancreas,ROI1,other_immune,100,23.92
HPAP-012,Head of pancreas,ROI1,other_immune,110,24.82
HPAP-012,Head of pancreas,ROI1,other_immune,120,24.95
HPAP-012,Head of pancreas,ROI1,other_immune,130,26.1
HPAP-012,Head of pancreas,ROI1,other_immune,140,26.65
HPAP-012,Head of pancreas,ROI1,other_immune,150,26.74
HPAP-012,Head of pancreas,ROI1,other_immune,160,26.61
HPAP-012,Head of pancreas,ROI1,other_immune,170,26.48
HPAP-012,Head of pancreas,ROI1,other_immune,180,25.92
HPAP-012,Head of pancreas,ROI1,other_immune,190,24.99
HPAP-012,Head of pancreas,ROI1,other_immune,200,24.13
HPAP-012,Head of pancreas,ROI1,fibroblast,10,1.34
HPAP-012,Head of pancreas,ROI1,fibroblast,20,5.52
HPAP-012,Head of pancreas,ROI1,fibroblast,30,8.48
HPAP-012,Head of pancreas,ROI1,fibroblast,40,10.53
HPAP-012,Head of pancreas,ROI1,fibroblast,50,12.82
HPAP-012,Head of pancreas,ROI1,fibroblast,60,14.58
HPAP-012,Head of pancreas,ROI1,fibroblast,70,16.54
HPAP-012,Head of pancreas,ROI1,fibroblast,80,18.51
HPAP-012,Head of pancreas,ROI1,fibroblast,90,19.92
HPAP-012,Head of pancreas,ROI1,fibroblast,100,21.16
HPAP-012,Head of pancreas,ROI1,fibroblast,110,22.09
HPAP-012,Head of pancreas,ROI1,fibroblast,120,22.59
HPAP-012,Head of pancreas,ROI1,fibroblast,130,22.72
HPAP-012,Head of pancreas,ROI1,fibroblast,140,22.37
HPAP-012,Head of pancreas,ROI1,fibroblast,150,22.19
HPAP-012,Head of pancreas,ROI1,fibroblast,160,21.94
HPAP-012,Head of pancreas,ROI1,fibroblast,170,21.33
HPAP-012,Head of pancreas,ROI1,fibroblast,180,20.56
HPAP-012,Head of pancreas,ROI1,fibroblast,190,19.82
HPAP-012,Head of pancreas,ROI1,fibroblast,200,18.49
HPAP-012,Head of pancreas,ROI2,cd8_t,10,5.0
HPAP-012,Head of pancreas,ROI2,cd8_t,20,9.79
HPAP-012,Head of pancreas,ROI2,cd8_t,30,11.38
HPAP-012,Head of pancreas,ROI2,cd8_t,40,12.08
HPAP-012,Head of pancreas,ROI2,cd8_t,50,13.24
HPAP-012,Head of pancreas,ROI2,cd8_t,60,13.18
HPAP-012,Head of pancreas,ROI2,cd8_t,70,13.55
HPAP-012,Head of pancreas,ROI2,cd8_t,80,15.36
HPAP-012,Head of pancreas,ROI2,cd8_t,90,16.09
HPAP-012,Head of pancreas,ROI2,cd8_t,100,16.69
HPAP-012,Head of pancreas,ROI2,cd8_t,110,17.3
HPAP-012,Head of pancreas,ROI2,cd8_t,120,17.81
HPAP-012,Head of pancreas,ROI2,cd8_t,130,18.29
HPAP-012,Head of pancreas,ROI2,cd8_t,140,17.13
HPAP-012,Head of pancreas,ROI2,cd8_t,150,17.25
HPAP-012,Head of pancreas,ROI2,cd8_t,160,16.96
HPAP-012,Head of pancreas,ROI2,cd8_t,170,16.1
HPAP-012,Head of pancreas,ROI2,cd8_t,180,15.72
HPAP-012,Head of pancreas,ROI2,cd8_t,190,14.28
HPAP-012,Head of pancreas,ROI2,cd8_t,200,13.34
HPAP-012,Head of pancreas,ROI2,b_cell,10,4.77
HPAP-012,Head of pancreas,ROI2,b_cell,20,20.44
HPAP-012,Head of pancreas,ROI2,b_cell,30,27.67
HPAP-012,Head of pancreas,ROI2,b_cell,40,30.82
HPAP-012,Head of pancreas,ROI2,b_cell,50,31.55
HPAP-012,Head of pancreas,ROI2,b_cell,60,37.95
HPAP-012,Head of pancreas,ROI2,b_cell,70,40.26
HPAP-012,Head of pancreas,ROI2,b_cell,80,41.77
HPAP-012,Head of pancreas,ROI2,b_cell,90,40.62
HPAP-012,Head of pancreas,ROI2,b_cell,100,39.7
HPAP-012,Head of pancreas,ROI2,b_cell,110,42.75
HPAP-012,Head of pancreas,ROI2,b_cell,120,45.1
HPAP-012,Head of pancreas,ROI2,b_cell,130,45.81
HPAP-012,Head of pancreas,ROI2,b_cell,140,46.78
HPAP-012,Head of pancreas,ROI2,b_cell,150,48.94
HPAP-012,Head of pancreas,ROI2,b_cell,160,49.74
HPAP-012,Head of pancreas,ROI2,b_cell,170,49.15
HPAP-012,Head of pancreas,ROI2,b_cell,180,47.81
HPAP-012,Head of pancreas,ROI2,b_cell,190,47.07
HPAP-012,Head of pancreas,ROI2,b_cell,200,47.31
HPAP-012,Head of pancreas,ROI2,macrophage,10,9.13
HPAP-012,Head of pancreas,ROI2,macrophage,20,13.13
HPAP-012,Head of pancreas,ROI2,macrophage,30,20.6
HPAP-012,Head of pancreas,ROI2,macrophage,40,26.26
HPAP-012,Head of pancreas,ROI2,macrophage,50,24.08
HPAP-012,Head of pancreas,ROI2,macrophage,60,31.73
HPAP-012,Head of pancreas,ROI2,macrophage,70,31.21
HPAP-012,Head of pancreas,ROI2,macrophage,80,28.2
HPAP-012,Head of pancreas,ROI2,macrophage,90,30.97
HPAP-012,Head of pancreas,ROI2,macrophage,100,33.89
HPAP-012,Head of pancreas,ROI2,macrophage,110,30.55
HPAP-012,Head of pancreas,ROI2,macrophage,120,25.66
HPAP-012,Head of pancreas,ROI2,macrophage,130,23.01
HPAP-012,Head of pancreas,ROI2,macrophage,140,18.88
HPAP-012,Head of pancreas,ROI2,macrophage,150,20.0
HPAP-012,Head of pancreas,ROI2,macrophage,160,18.4
HPAP-012,Head of pancreas,ROI2,macrophage,170,21.27
HPAP-012,Head of pancreas,ROI2,macrophage,180,21.51
HPAP-012,Head of pancreas,ROI2,macrophage,190,22.12
HPAP-012,Head of pancreas,ROI2,macrophage,200,22.23
HPAP-012,Head of pancreas,ROI2,fibroblast,10,1.71
HPAP-012,Head of pancreas,ROI2,fibroblast,20,10.5
HPAP-012,Head of pancreas,ROI2,fibroblast,30,14.78
HPAP-012,Head of pancreas,ROI2,fibroblast,40,17.56
HPAP-012,Head of pancreas,ROI2,fibroblast,50,19.73
HPAP-012,Head of pancreas,ROI2,fibroblast,60,21.74
HPAP-012,Head of pancreas,ROI2,fibroblast,70,22.49
HPAP-012,Head of pancreas,ROI2,fibroblast,80,22.98
HPAP-012,Head of pancreas,ROI2,fibroblast,90,24.0
HPAP-012,Head of pancreas,ROI2,fibroblast,100,24.07
HPAP-012,Head of pancreas,ROI2,fibroblast,110,23.7
HPAP-012,Head of pancreas,ROI2,fibroblast,120,23.51
HPAP-012,Head of pancreas,ROI2,fibroblast,130,23.54
HPAP-012,Head of pancreas,ROI2,fibroblast,140,23.68
HPAP-012,Head of pancreas,ROI2,fibroblast,150,23.96
HPAP-012,Head of pancreas,ROI2,fibroblast,160,23.67
HPAP-012,Head of pancreas,ROI2,fibroblast,170,23.84
HPAP-012,Head of pancreas,ROI2,fibroblast,180,23.24
HPAP-012,Head of pancreas,ROI2,fibroblast,190,23.23
HPAP-012,Head of pancreas,ROI2,fibroblast,200,22.72
HPAP-012,Head of pancreas,ROI3,cd8_t,10,-10.0
HPAP-012,Head of pancreas,ROI3,cd8_t,20,43.81
HPAP-012,Head of pancreas,ROI3,cd8_t,30,60.24
HPAP-012,Head of pancreas,ROI3,cd8_t,40,50.24
HPAP-012,Head of pancreas,ROI3,cd8_t,50,40.24
HPAP-012,Head of pancreas,ROI3,cd8_t,60,50.52
HPAP-012,Head of pancreas,ROI3,cd8_t,70,57.62
HPAP-012,Head of pancreas,ROI3,cd8_t,80,47.62
HPAP-012,Head of pancreas,ROI3,cd8_t,90,37.62
HPAP-012,Head of pancreas,ROI3,cd8_t,100,27.62
HPAP-012,Head of pancreas,ROI3,cd8_t,110,17.62
HPAP-012,Head of pancreas,ROI3,cd8_t,120,7.62
HPAP-012,Head of pancreas,ROI3,cd8_t,130,-2.38
HPAP-012,Head of pancreas,ROI3,cd8_t,140,-12.38
HPAP-012,Head of pancreas,ROI3,cd8_t,150,-22.38
HPAP-012,Head of pancreas,ROI3,cd8_t,160,-32.38
HPAP-012,Head of pancreas,ROI3,cd8_t,170,-42.38
HPAP-012,Head of pancreas,ROI3,cd8_t,180,-37.32
HPAP-012,Head of pancreas,ROI3,cd8_t,190,-33.7
HPAP-012,Head of pancreas,ROI3,cd8_t,200,-43.7
HPAP-012,Head of pancreas,ROI3,b_cell,10,8.94
HPAP-012,Head of pancreas,ROI3,b_cell,20,36.83
HPAP-012,Head of pancreas,ROI3,b_cell,30,45.77
HPAP-012,Head of pancreas,ROI3,b_cell,40,55.66
HPAP-012,Head of pancreas,ROI3,b_cell,50,69.06
HPAP-012,Head of pancreas,ROI3,b_cell,60,79.85
HPAP-012,Head of pancreas,ROI3,b_cell,70,86.21
HPAP-012,Head of pancreas,ROI3,b_cell,80,93.1
HPAP-012,Head of pancreas,ROI3,b_cell,90,94.64
HPAP-012,Head of pancreas,ROI3,b_cell,100,97.32
HPAP-012,Head of pancreas,ROI3,b_cell,110,103.9
HPAP-012,Head of pancreas,ROI3,b_cell,120,109.29
HPAP-012,Head of pancreas,ROI3,b_cell,130,109.99
HPAP-012,Head of pancreas,ROI3,b_cell,140,111.31
HPAP-012,Head of pancreas,ROI3,b_cell,150,114.87
HPAP-012,Head of pancreas,ROI3,b_cell,160,112.55
HPAP-012,Head of pancreas,ROI3,b_cell,170,109.38
HPAP-012,Head of pancreas,ROI3,b_cell,180,106.98
HPAP-012,Head of pancreas,ROI3,b_cell,190,101.63
HPAP-012,Head of pancreas,ROI3,b_cell,200,98.02
HPAP-012,Head of pancreas,ROI3,macrophage,10,9.08
HPAP-012,Head of pancreas,ROI3,macrophage,20,13.83
HPAP-012,Head of pancreas,ROI3,macrophage,30,9.5
HPAP-012,Head of pancreas,ROI3,macrophage,40,7.3
HPAP-012,Head of pancreas,ROI3,macrophage,50,5.87
HPAP-012,Head of pancreas,ROI3,macrophage,60,4.11
HPAP-012,Head of pancreas,ROI3,macrophage,70,2.13
HPAP-012,Head of pancreas,ROI3,macrophage,80,2.55
HPAP-012,Head of pancreas,ROI3,macrophage,90,1.8
HPAP-012,Head of pancreas,ROI3,macrophage,100,-0.32
HPAP-012,Head of pancreas,ROI3,macrophage,110,-1.81
HPAP-012,Head of pancreas,ROI3,macrophage,120,-5.73
HPAP-012,Head of pancreas,ROI3,macrophage,130,-8.88
HPAP-012,Head of pancreas,ROI3,macrophage,140,-13.42
HPAP-012,Head of pancreas,ROI3,macrophage,150,-14.68
HPAP-012,Head of pancreas,ROI3,macrophage,160,-15.21
HPAP-012,Head of pancreas,ROI3,macrophage,170,-14.47
HPAP-012,Head of pancreas,ROI3,macrophage,180,-14.58
HPAP-012,Head of pancreas,ROI3,macrophage,190,-19.02
HPAP-012,Head of pancreas,ROI3,macrophage,200,-20.99
HPAP-012,Head of pancreas,ROI3,other_immune,10,-2.18
HPAP-012,Head of pancreas,ROI3,other_immune,20,-0.07
HPAP-012,Head of pancreas,ROI3,other_immune,30,1.06
HPAP-012,Head of pancreas,ROI3,other_immune,40,1.3
HPAP-012,Head of pancreas,ROI3,other_immune,50,0.91
HPAP-012,Head of pancreas,ROI3,other_immune,60,0.63
HPAP-012,Head of pancreas,ROI3,other_immune,70,0.26
HPAP-012,Head of pancreas,ROI3,other_immune,80,0.1
HPAP-012,Head of pancreas,ROI3,other_immune,90,-0.36
HPAP-012,Head of pancreas,ROI3,other_immune,100,-1.26
HPAP-012,Head of pancreas,ROI3,other_immune,110,-2.08
HPAP-012,Head of pancreas,ROI3,other_immune,120,-3.12
HPAP-012,Head of pancreas,ROI3,other_immune,130,-4.18
HPAP-012,Head of pancreas,ROI3,other_immune,140,-5.39
HPAP-012,Head of pancreas,ROI3,other_immune,150,-6.69
HPAP-012,Head of pancreas,ROI3,other_immune,160,-7.96
HPAP-012,Head of pancreas,ROI3,other_immune,170,-9.37
HPAP-012,Head of pancreas,ROI3,other_immune,180,-11.09
HPAP-012,Head of pancreas,ROI3,other_immune,190,-12.85
HPAP-012,Head of pancreas,ROI3,other_immune,200,-14.82
HPAP-012,Head of pancreas,ROI3,fibroblast,10,1.05
HPAP-012,Head of pancreas,ROI3,fibroblast,20,5.03
HPAP-012,Head of pancreas,ROI3,fibroblast,30,5.82
HPAP-012,Head of pancreas,ROI3,fibroblast,40,6.63
HPAP-012,Head of pancreas,ROI3,fibroblast,50,7.06
HPAP-012,Head of pancreas,ROI3,fibroblast,60,6.35
HPAP-012,Head of pancreas,ROI3,fibroblast,70,5.94
HPAP-012,Head of pancreas,ROI3,fibroblast,80,5.75
HPAP-012,Head of pancreas,ROI3,fibroblast,90,5.95
HPAP-012,Head of pancreas,ROI3,fibroblast,100,5.08
HPAP-012,Head of pancreas,ROI3,fibroblast,110,4.47
HPAP-012,Head of pancreas,ROI3,fibroblast,120,3.89
HPAP-012,Head of pancreas,ROI3,fibroblast,130,3.11
HPAP-012,Head of pancreas,ROI3,fibroblast,140,2.1
HPAP-012,Head of pancreas,ROI3,fibroblast,150,0.96
HPAP-012,Head of pancreas,ROI3,fibroblast,160,-0.83
HPAP-012,Head of pancreas,ROI3,fibroblast,170,-2.68
HPAP-012,Head of pancreas,ROI3,fibroblast,180,-4.37
HPAP-012,Head of pancreas,ROI3,fibroblast,190,-6.49
HPAP-012,Head of pancreas,ROI3,fibroblast,200,-8.39
HPAP-012,Tail of pancreas,ROI1,cd8_t,10,-10.0
HPAP-012,Tail of pancreas,ROI1,cd8_t,20,78.05
HPAP-012,Tail of pancreas,ROI1,cd8_t,30,125.03
HPAP-012,Tail of pancreas,ROI1,cd8_t,40,129.83
HPAP-012,Tail of pancreas,ROI1,cd8_t,50,133.43
HPAP-012,Tail of pancreas,ROI1,cd8_t,60,136.1
HPAP-012,Tail of pancreas,ROI1,cd8_t,70,137.99
HPAP-012,Tail of pancreas,ROI1,cd8_t,80,139.24
HPAP-012,Tail of pancreas,ROI1,cd8_t,90,129.24
HPAP-012,Tail of pancreas,ROI1,cd8_t,100,119.24
HPAP-012,Tail of pancreas,ROI1,cd8_t,110,109.24
HPAP-012,Tail of pancreas,ROI1,cd8_t,120,120.17
HPAP-012,Tail of pancreas,ROI1,cd8_t,130,119.98
HPAP-012,Tail of pancreas,ROI1,cd8_t,140,109.98
HPAP-012,Tail of pancreas,ROI1,cd8_t,150,99.98
HPAP-012,Tail of pancreas,ROI1,cd8_t,160,99.41
HPAP-012,Tail of pancreas,ROI1,cd8_t,170,89.41
HPAP-012,Tail of pancreas,ROI1,cd8_t,180,88.52
HPAP-012,Tail of pancreas,ROI1,cd8_t,190,78.52
HPAP-012,Tail of pancreas,ROI1,cd8_t,200,77.32
HPAP-012,Tail of pancreas,ROI1,macrophage,10,1.3
HPAP-012,Tail of pancreas,ROI1,macrophage,20,5.27
HPAP-012,Tail of pancreas,ROI1,macrophage,30,7.47
HPAP-012,Tail of pancreas,ROI1,macrophage,40,11.78
HPAP-012,Tail of pancreas,ROI1,macrophage,50,15.88
HPAP-012,Tail of pancreas,ROI1,macrophage,60,13.23
HPAP-012,Tail of pancreas,ROI1,macrophage,70,10.69
HPAP-012,Tail of pancreas,ROI1,macrophage,80,8.25
HPAP-012,Tail of pancreas,ROI1,macrophage,90,5.21
HPAP-012,Tail of pancreas,ROI1,macrophage,100,1.69
HPAP-012,Tail of pancreas,ROI1,macrophage,110,-0.45
HPAP-012,Tail of pancreas,ROI1,macrophage,120,0.11
HPAP-012,Tail of pancreas,ROI1,macrophage,130,2.25
HPAP-012,Tail of pancreas,ROI1,macrophage,140,2.03
HPAP-012,Tail of pancreas,ROI1,macrophage,150,4.1
HPAP-012,Tail of pancreas,ROI1,macrophage,160,3.35
HPAP-012,Tail of pancreas,ROI1,macrophage,170,0.61
HPAP-012,Tail of pancreas,ROI1,macrophage,180,-0.28
HPAP-012,Tail of pancreas,ROI1,macrophage,190,-1.95
HPAP-012,Tail of pancreas,ROI1,macrophage,200,-2.67
HPAP-012,Tail of pancreas,ROI1,other_immune,10,-2.03
HPAP-012,Tail of pancreas,ROI1,other_immune,20,1.57
HPAP-012,Tail of pancreas,ROI1,other_immune,30,1.13
HPAP-012,Tail of pancreas,ROI1,other_immune,40,2.1
HPAP-012,Tail of pancreas,ROI1,other_immune,50,2.16
HPAP-012,Tail of pancreas,ROI1,other_immune,60,2.21
HPAP-012,Tail of pancreas,ROI1,other_immune,70,1.55
HPAP-012,Tail of pancreas,ROI1,other_immune,80,0.24
HPAP-012,Tail of pancreas,ROI1,other_immune,90,-0.95
HPAP-012,Tail of pancreas,ROI1,other_immune,100,-2.16
HPAP-012,Tail of pancreas,ROI1,other_immune,110,-2.57
HPAP-012,Tail of pancreas,ROI1,other_immune,120,-3.75
HPAP-012,Tail of pancreas,ROI1,other_immune,130,-5.37
HPAP-012,Tail of pancreas,ROI1,other_immune,140,-6.95
HPAP-012,Tail of pancreas,ROI1,other_immune,150,-8.5
HPAP-012,Tail of pancreas,ROI1,other_immune,160,-9.73
HPAP-012,Tail of pancreas,ROI1,other_immune,170,-10.95
HPAP-012,Tail of pancreas,ROI1,other_immune,180,-12.97
HPAP-012,Tail of pancreas,ROI1,other_immune,190,-14.92
HPAP-012,Tail of pancreas,ROI1,other_immune,200,-16.57
HPAP-012,Tail of pancreas,ROI2,macrophage,10,4.78
HPAP-012,Tail of pancreas,ROI2,macrophage,20,19.66
HPAP-012,Tail of pancreas,ROI2,macrophage,30,23.7
HPAP-012,Tail of pancreas,ROI2,macrophage,40,29.33
HPAP-012,Tail of pancreas,ROI2,macrophage,50,33.09
HPAP-012,Tail of pancreas,ROI2,macrophage,60,33.95
HPAP-012,Tail of pancreas,ROI2,macrophage,70,35.98
HPAP-012,Tail of pancreas,ROI2,macrophage,80,37.88
HPAP-012,Tail of pancreas,ROI2,macrophage,90,42.54
HPAP-012,Tail of pancreas,ROI2,macrophage,100,46.48
HPAP-012,Tail of pancreas,ROI2,macrophage,110,49.89
HPAP-012,Tail of pancreas,ROI2,macrophage,120,50.6
HPAP-012,Tail of pancreas,ROI2,macrophage,130,50.43
HPAP-012,Tail of pancreas,ROI2,macrophage,140,50.45
HPAP-012,Tail of pancreas,ROI2,macrophage,150,50.73
HPAP-012,Tail of pancreas,ROI2,macrophage,160,49.57
HPAP-012,Tail of pancreas,ROI2,macrophage,170,49.85
HPAP-012,Tail of pancreas,ROI2,macrophage,180,49.0
HPAP-012,Tail of pancreas,ROI2,macrophage,190,47.34
HPAP-012,Tail of pancreas,ROI2,macrophage,200,44.59
HPAP-012,Tail of pancreas,ROI2,other_immune,10,0.34
HPAP-012,Tail of pancreas,ROI2,other_immune,20,4.65
HPAP-012,Tail of pancreas,ROI2,other_immune,30,5.59
HPAP-012,Tail of pancreas,ROI2,other_immune,40,6.22
HPAP-012,Tail of pancreas,ROI2,other_immune,50,6.7
HPAP-012,Tail of pancreas,ROI2,other_immune,60,6.37
HPAP-012,Tail of pancreas,ROI2,other_immune,70,6.46
HPAP-012,Tail of pancreas,ROI2,other_immune,80,6.28
HPAP-012,Tail of pancreas,ROI2,other_immune,90,6.06
HPAP-012,Tail of pancreas,ROI2,other_immune,100,5.77
HPAP-012,Tail of pancreas,ROI2,other_immune,110,4.96
HPAP-012,Tail of pancreas,ROI2,other_immune,120,4.16
HPAP-012,Tail of pancreas,ROI2,other_immune,130,3.24
HPAP-012,Tail of pancreas,ROI2,other_immune,140,2.53
HPAP-012,Tail of pancreas,ROI2,other_immune,150,1.6
HPAP-012,Tail of pancreas,ROI2,other_immune,160,0.56
HPAP-012,Tail of pancreas,ROI2,other_immune,170,-0.84
HPAP-012,Tail of pancreas,ROI2,other_immune,180,-2.34
HPAP-012,Tail of pancreas,ROI2,other_immune,190,-3.91
HPAP-012,Tail of pancreas,ROI2,other_immune,200,-5.66
HPAP-012,Tail of pancreas,ROI2,endothelial,10,9.85
HPAP-012,Tail of pancreas,ROI2,endothelial,20,67.29
HPAP-012,Tail of pancreas,ROI2,endothelial,30,95.03
HPAP-012,Tail of pancreas,ROI2,endothelial,40,116.32
HPAP-012,Tail of pancreas,ROI2,endothelial,50,136.58
HPAP-012,Tail of pancreas,ROI2,endothelial,60,149.78
HPAP-012,Tail of pancreas,ROI2,endothelial,70,160.66
HPAP-012,Tail of pancreas,ROI2,endothelial,80,167.95
HPAP-012,Tail of pancreas,ROI2,endothelial,90,167.06
HPAP-012,Tail of pancreas,ROI2,endothelial,100,163.37
HPAP-012,Tail of pancreas,ROI2,endothelial,110,160.02
HPAP-012,Tail of pancreas,ROI2,endothelial,120,153.64
HPAP-012,Tail of pancreas,ROI2,endothelial,130,145.32
HPAP-012,Tail of pancreas,ROI2,endothelial,140,136.51
HPAP-012,Tail of pancreas,ROI2,endothelial,150,130.05
HPAP-012,Tail of pancreas,ROI2,endothelial,160,124.01
HPAP-012,Tail of pancreas,ROI2,endothelial,170,116.31
HPAP-012,Tail of pancreas,ROI2,endothelial,180,108.83
HPAP-012,Tail of pancreas,ROI2,endothelial,190,102.67
HPAP-012,Tail of pancreas,ROI2,endothelial,200,96.46
HPAP-012,Tail of pancreas,ROI3,b_cell,10,9.64
HPAP-012,Tail of pancreas,ROI3,b_cell,20,56.07
HPAP-012,Tail of pancreas,ROI3,b_cell,30,64.19
HPAP-012,Tail of pancreas,ROI3,b_cell,40,88.79
HPAP-012,Tail of pancreas,ROI3,b_cell,50,98.29
HPAP-012,Tail of pancreas,ROI3,b_cell,60,104.33
HPAP-012,Tail of pancreas,ROI3,b_cell,70,110.01
HPAP-012,Tail of pancreas,ROI3,b_cell,80,109.41
HPAP-012,Tail of pancreas,ROI3,b_cell,90,104.44
HPAP-012,Tail of pancreas,ROI3,b_cell,100,99.33
HPAP-012,Tail of pancreas,ROI3,b_cell,110,95.06
HPAP-012,Tail of pancreas,ROI3,b_cell,120,90.63
HPAP-012,Tail of pancreas,ROI3,b_cell,130,83.35
HPAP-012,Tail of pancreas,ROI3,b_cell,140,80.47
HPAP-012,Tail of pancreas,ROI3,b_cell,150,74.8
HPAP-012,Tail of pancreas,ROI3,b_cell,160,69.05
HPAP-012,Tail of pancreas,ROI3,b_cell,170,68.13
HPAP-012,Tail of pancreas,ROI3,b_cell,180,66.1
HPAP-012,Tail of pancreas,ROI3,b_cell,190,64.58
HPAP-012,Tail of pancreas,ROI3,b_cell,200,67.15
HPAP-012,Tail of pancreas,ROI3,macrophage,10,16.51
HPAP-012,Tail of pancreas,ROI3,macrophage,20,24.62
HPAP-012,Tail of pancreas,ROI3,macrophage,30,25.18
HPAP-012,Tail of pancreas,ROI3,macrophage,40,24.02
HPAP-012,Tail of pancreas,ROI3,macrophage,50,24.98
HPAP-012,Tail of pancreas,ROI3,macrophage,60,19.52
HPAP-012,Tail of pancreas,ROI3,macrophage,70,13.13
HPAP-012,Tail of pancreas,ROI3,macrophage,80,9.24
HPAP-012,Tail of pancreas,ROI3,macrophage,90,9.18
HPAP-012,Tail of pancreas,ROI3,macrophage,100,7.68
HPAP-012,Tail of pancreas,ROI3,macrophage,110,5.55
HPAP-012,Tail of pancreas,ROI3,macrophage,120,6.67
HPAP-012,Tail of pancreas,ROI3,macrophage,130,5.17
HPAP-012,Tail of pancreas,ROI3,macrophage,140,9.95
HPAP-012,Tail of pancreas,ROI3,macrophage,150,8.68
HPAP-012,Tail of pancreas,ROI3,macrophage,160,5.19
HPAP-012,Tail of pancreas,ROI3,macrophage,170,3.83
HPAP-012,Tail of pancreas,ROI3,macrophage,180,2.38
HPAP-012,Tail of pancreas,ROI3,macrophage,190,2.98
HPAP-012,Tail of pancreas,ROI3,macrophage,200,0.43
HPAP-012,Tail of pancreas,ROI3,other_immune,10,-1.88
HPAP-012,Tail of pancreas,ROI3,other_immune,20,1.66
HPAP-012,Tail of pancreas,ROI3,other_immune,30,2.2
HPAP-012,Tail of pancreas,ROI3,other_immune,40,2.61
HPAP-012,Tail of pancreas,ROI3,other_immune,50,2.48
HPAP-012,Tail of pancreas,ROI3,other_immune,60,2.59
HPAP-012,Tail of pancreas,ROI3,other_immune,70,2.59
HPAP-012,Tail of pancreas,ROI3,other_immune,80,2.3
HPAP-012,Tail of pancreas,ROI3,other_immune,90,1.23
HPAP-012,Tail of pancreas,ROI3,other_immune,100,0.08
HPAP-012,Tail of pancreas,ROI3,other_immune,110,-0.99
HPAP-012,Tail of pancreas,ROI3,other_immune,120,-1.93
HPAP-012,Tail of pancreas,ROI3,other_immune,130,-3.19
HPAP-012,Tail of pancreas,ROI3,other_immune,140,-4.38
HPAP-012,Tail of pancreas,ROI3,other_immune,150,-5.98
HPAP-012,Tail of pancreas,ROI3,other_immune,160,-7.48
HPAP-012,Tail of pancreas,ROI3,other_immune,170,-9.11
HPAP-012,Tail of pancreas,ROI3,other_immune,180,-10.3
HPAP-012,Tail of pancreas,ROI3,other_immune,190,-11.79
HPAP-012,Tail of pancreas,ROI3,other_immune,200,-13.69
HPAP-012,Tail of pancreas,ROI3,endothelial,10,10.14
HPAP-012,Tail of pancreas,ROI3,endothelial,20,14.88
HPAP-012,Tail of pancreas,ROI3,endothelial,30,22.73
HPAP-012,Tail of pancreas,ROI3,endothelial,40,27.22
HPAP-012,Tail of pancreas,ROI3,endothelial,50,27.62
HPAP-012,Tail of pancreas,ROI3,endothelial,60,32.28
HPAP-012,Tail of pancreas,ROI3,endothelial,70,33.25
HPAP-012,Tail of pancreas,ROI3,endothelial,80,31.87
HPAP-012,Tail of pancreas,ROI3,endothelial,90,31.07
HPAP-012,Tail of pancreas,ROI3,endothelial,100,28.72
HPAP-012,Tail of pancreas,ROI3,endothelial,110,28.27
HPAP-012,Tail of pancreas,ROI3,endothelial,120,25.42
HPAP-012,Tail of pancreas,ROI3,endothelial,130,21.85
HPAP-012,Tail of pancreas,ROI3,endothelial,140,20.02
HPAP-012,Tail of pancreas,ROI3,endothelial,150,18.14
HPAP-012,Tail of pancreas,ROI3,endothelial,160,17.37
HPAP-012,Tail of pancreas,ROI3,endothelial,170,14.88
HPAP-012,Tail of pancreas,ROI3,endothelial,180,11.05
HPAP-012,Tail of pancreas,ROI3,endothelial,190,7.31
HPAP-012,Tail of pancreas,ROI3,endothelial,200,4.1
HPAP-014,Body of pancreas,ROI1,macrophage,10,-10.0
HPAP-014,Body of pancreas,ROI1,macrophage,20,45.4
HPAP-014,Body of pancreas,ROI1,macrophage,30,45.52
HPAP-014,Body of pancreas,ROI1,macrophage,40,56.27
HPAP-014,Body of pancreas,ROI1,macrophage,50,60.08
HPAP-014,Body of pancreas,ROI1,macrophage,60,62.35
HPAP-014,Body of pancreas,ROI1,macrophage,70,60.8
HPAP-014,Body of pancreas,ROI1,macrophage,80,68.66
HPAP-014,Body of pancreas,ROI1,macrophage,90,72.41
HPAP-014,Body of pancreas,ROI1,macrophage,100,68.86
HPAP-014,Body of pancreas,ROI1,macrophage,110,71.08
HPAP-014,Body of pancreas,ROI1,macrophage,120,66.89
HPAP-014,Body of pancreas,ROI1,macrophage,130,60.67
HPAP-014,Body of pancreas,ROI1,macrophage,140,61.57
HPAP-014,Body of pancreas,ROI1,macrophage,150,56.81
HPAP-014,Body of pancreas,ROI1,macrophage,160,66.55
HPAP-014,Body of pancreas,ROI1,macrophage,170,64.28
HPAP-014,Body of pancreas,ROI1,macrophage,180,69.03
HPAP-014,Body of pancreas,ROI1,macrophage,190,67.48
HPAP-014,Body of pancreas,ROI1,macrophage,200,66.99
HPAP-014,Body of pancreas,ROI1,other_immune,10,2.94
HPAP-014,Body of pancreas,ROI1,other_immune,20,14.23
HPAP-014,Body of pancreas,ROI1,other_immune,30,17.18
HPAP-014,Body of pancreas,ROI1,other_immune,40,15.94
HPAP-014,Body of pancreas,ROI1,other_immune,50,16.72
HPAP-014,Body of pancreas,ROI1,other_immune,60,16.97
HPAP-014,Body of pancreas,ROI1,other_immune,70,17.17
HPAP-014,Body of pancreas,ROI1,other_immune,80,15.33
HPAP-014,Body of pancreas,ROI1,other_immune,90,13.9
HPAP-014,Body of pancreas,ROI1,other_immune,100,13.15
HPAP-014,Body of pancreas,ROI1,other_immune,110,12.87
HPAP-014,Body of pancreas,ROI1,other_immune,120,11.1
HPAP-014,Body of pancreas,ROI1,other_immune,130,10.17
HPAP-014,Body of pancreas,ROI1,other_immune,140,8.07
HPAP-014,Body of pancreas,ROI1,other_immune,150,5.83
HPAP-014,Body of pancreas,ROI1,other_immune,160,3.9
HPAP-014,Body of pancreas,ROI1,other_immune,170,3.37
HPAP-014,Body of pancreas,ROI1,other_immune,180,1.76
HPAP-014,Body of pancreas,ROI1,other_immune,190,0.97
HPAP-014,Body of pancreas,ROI1,other_immune,200,-0.5
HPAP-014,Body of pancreas,ROI1,endothelial,10,44.34
HPAP-014,Body of pancreas,ROI1,endothelial,20,101.52
HPAP-014,Body of pancreas,ROI1,endothelial,30,137.5
HPAP-014,Body of pancreas,ROI1,endothelial,40,170.47
HPAP-014,Body of pancreas,ROI1,endothelial,50,177.34
HPAP-014,Body of pancreas,ROI1,endothelial,60,206.23
HPAP-014,Body of pancreas,ROI1,endothelial,70,217.56
HPAP-014,Body of pancreas,ROI1,endothelial,80,227.41
HPAP-014,Body of pancreas,ROI1,endothelial,90,229.2
HPAP-014,Body of pancreas,ROI1,endothelial,100,232.79
HPAP-014,Body of pancreas,ROI1,endothelial,110,233.7
HPAP-014,Body of pancreas,ROI1,endothelial,120,236.36
HPAP-014,Body of pancreas,ROI1,endothelial,130,232.52
HPAP-014,Body of pancreas,ROI1,endothelial,140,230.57
HPAP-014,Body of pancreas,ROI1,endothelial,150,226.5
HPAP-014,Body of pancreas,ROI1,endothelial,160,231.88
HPAP-014,Body of pancreas,ROI1,endothelial,170,231.19
HPAP-014,Body of pancreas,ROI1,endothelial,180,232.08
HPAP-014,Body of pancreas,ROI1,endothelial,190,236.17
HPAP-014,Body of pancreas,ROI1,endothelial,200,231.34
HPAP-014,Body of pancreas,ROI2,cd8_t,10,21.17
HPAP-014,Body of pancreas,ROI2,cd8_t,20,11.17
HPAP-014,Body of pancreas,ROI2,cd8_t,30,14.08
HPAP-014,Body of pancreas,ROI2,cd8_t,40,4.08
HPAP-014,Body of pancreas,ROI2,cd8_t,50,12.34
HPAP-014,Body of pancreas,ROI2,cd8_t,60,2.34
HPAP-014,Body of pancreas,ROI2,cd8_t,70,6.35
HPAP-014,Body of pancreas,ROI2,cd8_t,80,8.16
HPAP-014,Body of pancreas,ROI2,cd8_t,90,3.51
HPAP-014,Body of pancreas,ROI2,cd8_t,100,16.63
HPAP-014,Body of pancreas,ROI2,cd8_t,110,18.52
HPAP-014,Body of pancreas,ROI2,cd8_t,120,26.2
HPAP-014,Body of pancreas,ROI2,cd8_t,130,19.49
HPAP-014,Body of pancreas,ROI2,cd8_t,140,21.96
HPAP-014,Body of pancreas,ROI2,cd8_t,150,23.55
HPAP-014,Body of pancreas,ROI2,cd8_t,160,19.06
HPAP-014,Body of pancreas,ROI2,cd8_t,170,22.15
HPAP-014,Body of pancreas,ROI2,cd8_t,180,17.14
HPAP-014,Body of pancreas,ROI2,cd8_t,190,12.01
HPAP-014,Body of pancreas,ROI2,cd8_t,200,13.69
HPAP-014,Body of pancreas,ROI2,macrophage,10,7.1
HPAP-014,Body of pancreas,ROI2,macrophage,20,11.22
HPAP-014,Body of pancreas,ROI2,macrophage,30,9.49
HPAP-014,Body of pancreas,ROI2,macrophage,40,13.16
HPAP-014,Body of pancreas,ROI2,macrophage,50,12.44
HPAP-014,Body of pancreas,ROI2,macrophage,60,12.54
HPAP-014,Body of pancreas,ROI2,macrophage,70,10.81
HPAP-014,Body of pancreas,ROI2,macrophage,80,11.55
HPAP-014,Body of pancreas,ROI2,macrophage,90,15.4
HPAP-014,Body of pancreas,ROI2,macrophage,100,15.55
HPAP-014,Body of pancreas,ROI2,macrophage,110,16.42
HPAP-014,Body of pancreas,ROI2,macrophage,120,18.56
HPAP-014,Body of pancreas,ROI2,macrophage,130,18.41
HPAP-014,Body of pancreas,ROI2,macrophage,140,21.91
HPAP-014,Body of pancreas,ROI2,macrophage,150,20.7
HPAP-014,Body of pancreas,ROI2,macrophage,160,24.69
HPAP-014,Body of pancreas,ROI2,macrophage,170,27.69
HPAP-014,Body of pancreas,ROI2,macrophage,180,27.78
HPAP-014,Body of pancreas,ROI2,macrophage,190,26.96
HPAP-014,Body of pancreas,ROI2,macrophage,200,25.12
HPAP-014,Body of pancreas,ROI2,other_immune,10,-1.89
HPAP-014,Body of pancreas,ROI2,other_immune,20,4.28
HPAP-014,Body of pancreas,ROI2,other_immune,30,6.73
HPAP-014,Body of pancreas,ROI2,other_immune,40,8.31
HPAP-014,Body of pancreas,ROI2,other_immune,50,9.59
HPAP-014,Body of pancreas,ROI2,other_immune,60,11.01
HPAP-014,Body of pancreas,ROI2,other_immune,70,12.88
HPAP-014,Body of pancreas,ROI2,other_immune,80,15.38
HPAP-014,Body of pancreas,ROI2,other_immune,90,16.82
HPAP-014,Body of pancreas,ROI2,other_immune,100,17.7
HPAP-014,Body of pancreas,ROI2,other_immune,110,18.22
HPAP-014,Body of pancreas,ROI2,other_immune,120,18.8
HPAP-014,Body of pancreas,ROI2,other_immune,130,19.45
HPAP-014,Body of pancreas,ROI2,other_immune,140,20.13
HPAP-014,Body of pancreas,ROI2,other_immune,150,20.57
HPAP-014,Body of pancreas,ROI2,other_immune,160,20.57
HPAP-014,Body of pancreas,ROI2,other_immune,170,20.56
HPAP-014,Body of pancreas,ROI2,other_immune,180,20.36
HPAP-014,Body of pancreas,ROI2,other_immune,190,20.15
HPAP-014,Body of pancreas,ROI2,other_immune,200,20.17
HPAP-014,Body of pancreas,ROI3,macrophage,10,-10.0
HPAP-014,Body of pancreas,ROI3,macrophage,20,41.21
HPAP-014,Body of pancreas,ROI3,macrophage,30,31.21
HPAP-014,Body of pancreas,ROI3,macrophage,40,30.68
HPAP-014,Body of pancreas,ROI3,macrophage,50,20.68
HPAP-014,Body of pancreas,ROI3,macrophage,60,46.02
HPAP-014,Body of pancreas,ROI3,macrophage,70,41.76
HPAP-014,Body of pancreas,ROI3,macrophage,80,42.43
HPAP-014,Body of pancreas,ROI3,macrophage,90,37.42
HPAP-014,Body of pancreas,ROI3,macrophage,100,32.23
HPAP-014,Body of pancreas,ROI3,macrophage,110,26.88
HPAP-014,Body of pancreas,ROI3,macrophage,120,41.95
HPAP-014,Body of pancreas,ROI3,macrophage,130,46.71
HPAP-014,Body of pancreas,ROI3,macrophage,140,53.57
HPAP-014,Body of pancreas,ROI3,macrophage,150,53.02
HPAP-014,Body of pancreas,ROI3,macrophage,160,49.08
HPAP-014,Body of pancreas,ROI3,macrophage,170,44.97
HPAP-014,Body of pancreas,ROI3,macrophage,180,51.75
HPAP-014,Body of pancreas,ROI3,macrophage,190,47.08
HPAP-014,Body of pancreas,ROI3,macrophage,200,39.7
HPAP-014,Body of pancreas,ROI3,other_immune,10,-0.79
HPAP-014,Body of pancreas,ROI3,other_immune,20,13.63
HPAP-014,Body of pancreas,ROI3,other_immune,30,18.15
HPAP-014,Body of pancreas,ROI3,other_immune,40,22.69
HPAP-014,Body of pancreas,ROI3,other_immune,50,25.76
HPAP-014,Body of pancreas,ROI3,other_immune,60,28.5
HPAP-014,Body of pancreas,ROI3,other_immune,70,30.19
HPAP-014,Body of pancreas,ROI3,other_immune,80,33.93
HPAP-014,Body of pancreas,ROI3,other_immune,90,35.84
HPAP-014,Body of pancreas,ROI3,other_immune,100,37.64
HPAP-014,Body of pancreas,ROI3,other_immune,110,38.04
HPAP-014,Body of pancreas,ROI3,other_immune,120,38.64
HPAP-014,Body of pancreas,ROI3,other_immune,130,37.48
HPAP-014,Body of pancreas,ROI3,other_immune,140,37.24
HPAP-014,Body of pancreas,ROI3,other_immune,150,36.19
HPAP-014,Body of pancreas,ROI3,other_immune,160,33.64
HPAP-014,Body of pancreas,ROI3,other_immune,170,31.02
HPAP-014,Body of pancreas,ROI3,other_immune,180,28.95
HPAP-014,Body of pancreas,ROI3,other_immune,190,26.92
HPAP-014,Body of pancreas,ROI3,other_immune,200,24.6
HPAP-014,Head of pancreas,ROI1,macrophage,10,-10.0
HPAP-014,Head of pancreas,ROI1,macrophage,20,28.03
HPAP-014,Head of pancreas,ROI1,macrophage,30,25.46
HPAP-014,Head of pancreas,ROI1,macrophage,40,22.01
HPAP-014,Head of pancreas,ROI1,macrophage,50,17.93
HPAP-014,Head of pancreas,ROI1,macrophage,60,18.44
HPAP-014,Head of pancreas,ROI1,macrophage,70,13.2
HPAP-014,Head of pancreas,ROI1,macrophage,80,19.99
HPAP-014,Head of pancreas,ROI1,macrophage,90,17.4
HPAP-014,Head of pancreas,ROI1,macrophage,100,10.93
HPAP-014,Head of pancreas,ROI1,macrophage,110,14.02
HPAP-014,Head of pancreas,ROI1,macrophage,120,10.07
HPAP-014,Head of pancreas,ROI1,macrophage,130,8.66
HPAP-014,Head of pancreas,ROI1,macrophage,140,6.74
HPAP-014,Head of pancreas,ROI1,macrophage,150,-3.26
HPAP-014,Head of pancreas,ROI1,macrophage,160,-8.11
HPAP-014,Head of pancreas,ROI1,macrophage,170,-15.6
HPAP-014,Head of pancreas,ROI1,macrophage,180,-4.61
HPAP-014,Head of pancreas,ROI1,macrophage,190,2.13
HPAP-014,Head of pancreas,ROI1,macrophage,200,1.89
HPAP-014,Head of pancreas,ROI1,other_immune,10,-0.82
HPAP-014,Head of pancreas,ROI1,other_immune,20,8.0
HPAP-014,Head of pancreas,ROI1,other_immune,30,10.6
HPAP-014,Head of pancreas,ROI1,other_immune,40,12.29
HPAP-014,Head of pancreas,ROI1,other_immune,50,13.02
HPAP-014,Head of pancreas,ROI1,other_immune,60,13.05
HPAP-014,Head of pancreas,ROI1,other_immune,70,12.87
HPAP-014,Head of pancreas,ROI1,other_immune,80,12.53
HPAP-014,Head of pancreas,ROI1,other_immune,90,12.4
HPAP-014,Head of pancreas,ROI1,other_immune,100,11.96
HPAP-014,Head of pancreas,ROI1,other_immune,110,11.68
HPAP-014,Head of pancreas,ROI1,other_immune,120,10.82
HPAP-014,Head of pancreas,ROI1,other_immune,130,9.42
HPAP-014,Head of pancreas,ROI1,other_immune,140,7.94
HPAP-014,Head of pancreas,ROI1,other_immune,150,6.56
HPAP-014,Head of pancreas,ROI1,other_immune,160,5.08
HPAP-014,Head of pancreas,ROI1,other_immune,170,3.43
HPAP-014,Head of pancreas,ROI1,other_immune,180,1.25
HPAP-014,Head of pancreas,ROI1,other_immune,190,-1.12
HPAP-014,Head of pancreas,ROI1,other_immune,200,-3.59
HPAP-014,Head of pancreas,ROI1,endothelial,10,-10.0
HPAP-014,Head of pancreas,ROI1,endothelial,20,89.36
HPAP-014,Head of pancreas,ROI1,endothelial,30,116.3
HPAP-014,Head of pancreas,ROI1,endothelial,40,142.66
HPAP-014,Head of pancreas,ROI1,endothelial,50,158.41
HPAP-014,Head of pancreas,ROI1,endothelial,60,174.02
HPAP-014,Head of pancreas,ROI1,endothelial,70,184.64
HPAP-014,Head of pancreas,ROI1,endothelial,80,193.7
HPAP-014,Head of pancreas,ROI1,endothelial,90,202.6
HPAP-014,Head of pancreas,ROI1,endothelial,100,205.23
HPAP-014,Head of pancreas,ROI1,endothelial,110,208.36
HPAP-014,Head of pancreas,ROI1,endothelial,120,210.96
HPAP-014,Head of pancreas,ROI1,endothelial,130,204.74
HPAP-014,Head of pancreas,ROI1,endothelial,140,198.48
HPAP-014,Head of pancreas,ROI1,endothelial,150,191.26
HPAP-014,Head of pancreas,ROI1,endothelial,160,181.26
HPAP-014,Head of pancreas,ROI1,endothelial,170,171.26
HPAP-014,Head of pancreas,ROI1,endothelial,180,161.26
HPAP-014,Head of pancreas,ROI1,endothelial,190,151.26
HPAP-014,Head of pancreas,ROI1,endothelial,200,141.26
HPAP-014,Head of pancreas,ROI2,cd8_t,10,-10.0
HPAP-014,Head of pancreas,ROI2,cd8_t,20,85.98
HPAP-014,Head of pancreas,ROI2,cd8_t,30,99.8
HPAP-014,Head of pancreas,ROI2,cd8_t,40,89.8
HPAP-014,Head of pancreas,ROI2,cd8_t,50,99.87
HPAP-014,Head of pancreas,ROI2,cd8_t,60,89.87
HPAP-014,Head of pancreas,ROI2,cd8_t,70,79.87
HPAP-014,Head of pancreas,ROI2,cd8_t,80,69.87
HPAP-014,Head of pancreas,ROI2,cd8_t,90,59.87
HPAP-014,Head of pancreas,ROI2,cd8_t,100,67.57
HPAP-014,Head of pancreas,ROI2,cd8_t,110,57.57
HPAP-014,Head of pancreas,ROI2,cd8_t,120,47.57
HPAP-014,Head of pancreas,ROI2,cd8_t,130,37.57
HPAP-014,Head of pancreas,ROI2,cd8_t,140,58.27
HPAP-014,Head of pancreas,ROI2,cd8_t,150,74.81
HPAP-014,Head of pancreas,ROI2,cd8_t,160,76.97
HPAP-014,Head of pancreas,ROI2,cd8_t,170,78.54
HPAP-014,Head of pancreas,ROI2,cd8_t,180,79.59
HPAP-014,Head of pancreas,ROI2,cd8_t,190,69.59
HPAP-014,Head of pancreas,ROI2,cd8_t,200,59.59
HPAP-014,Head of pancreas,ROI2,macrophage,10,-10.0
HPAP-014,Head of pancreas,ROI2,macrophage,20,-20.0
HPAP-014,Head of pancreas,ROI2,macrophage,30,52.85
HPAP-014,Head of pancreas,ROI2,macrophage,40,42.85
HPAP-014,Head of pancreas,ROI2,macrophage,50,32.85
HPAP-014,Head of pancreas,ROI2,macrophage,60,22.85
HPAP-014,Head of pancreas,ROI2,macrophage,70,12.85
HPAP-014,Head of pancreas,ROI2,macrophage,80,2.85
HPAP-014,Head of pancreas,ROI2,macrophage,90,27.16
HPAP-014,Head of pancreas,ROI2,macrophage,100,17.16
HPAP-014,Head of pancreas,ROI2,macrophage,110,7.16
HPAP-014,Head of pancreas,ROI2,macrophage,120,-2.84
HPAP-014,Head of pancreas,ROI2,macrophage,130,-12.84
HPAP-014,Head of pancreas,ROI2,macrophage,140,-22.84
HPAP-014,Head of pancreas,ROI2,macrophage,150,-32.84
HPAP-014,Head of pancreas,ROI2,macrophage,160,-42.84
HPAP-014,Head of pancreas,ROI2,macrophage,170,-52.84
HPAP-014,Head of pancreas,ROI2,macrophage,180,-62.84
HPAP-014,Head of pancreas,ROI2,macrophage,190,-46.51
HPAP-014,Head of pancreas,ROI2,macrophage,200,-34.31
HPAP-014,Head of pancreas,ROI2,other_immune,10,-3.44
HPAP-014,Head of pancreas,ROI2,other_immune,20,13.44
HPAP-014,Head of pancreas,ROI2,other_immune,30,20.58
HPAP-014,Head of pancreas,ROI2,other_immune,40,23.41
HPAP-014,Head of pancreas,ROI2,other_immune,50,24.91
HPAP-014,Head of pancreas,ROI2,other_immune,60,27.98
HPAP-014,Head of pancreas,ROI2,other_immune,70,28.47
HPAP-014,Head of pancreas,ROI2,other_immune,80,30.8
HPAP-014,Head of pancreas,ROI2,other_immune,90,29.39
HPAP-014,Head of pancreas,ROI2,other_immune,100,28.67
HPAP-014,Head of pancreas,ROI2,other_immune,110,28.18
HPAP-014,Head of pancreas,ROI2,other_immune,120,27.51
HPAP-014,Head of pancreas,ROI2,other_immune,130,26.15
HPAP-014,Head of pancreas,ROI2,other_immune,140,24.79
HPAP-014,Head of pancreas,ROI2,other_immune,150,23.37
HPAP-014,Head of pancreas,ROI2,other_immune,160,21.91
HPAP-014,Head of pancreas,ROI2,other_immune,170,21.24
HPAP-014,Head of pancreas,ROI2,other_immune,180,21.74
HPAP-014,Head of pancreas,ROI2,other_immune,190,21.27
HPAP-014,Head of pancreas,ROI2,other_immune,200,20.68
HPAP-014,Head of pancreas,ROI3,cd8_t,10,-10.0
HPAP-014,Head of pancreas,ROI3,cd8_t,20,-20.0
HPAP-014,Head of pancreas,ROI3,cd8_t,30,28.66
HPAP-014,Head of pancreas,ROI3,cd8_t,40,18.66
HPAP-014,Head of pancreas,ROI3,cd8_t,50,8.66
HPAP-014,Head of pancreas,ROI3,cd8_t,60,-1.34
HPAP-014,Head of pancreas,ROI3,cd8_t,70,12.96
HPAP-014,Head of pancreas,ROI3,cd8_t,80,21.6
HPAP-014,Head of pancreas,ROI3,cd8_t,90,11.6
HPAP-014,Head of pancreas,ROI3,cd8_t,100,1.6
HPAP-014,Head of pancreas,ROI3,cd8_t,110,7.32
HPAP-014,Head of pancreas,ROI3,cd8_t,120,-2.68
HPAP-014,Head of pancreas,ROI3,cd8_t,130,1.17
HPAP-014,Head of pancreas,ROI3,cd8_t,140,-8.83
HPAP-014,Head of pancreas,ROI3,cd8_t,150,-18.83
HPAP-014,Head of pancreas,ROI3,cd8_t,160,-16.31
HPAP-014,Head of pancreas,ROI3,cd8_t,170,-14.8
HPAP-014,Head of pancreas,ROI3,cd8_t,180,5.5
HPAP-014,Head of pancreas,ROI3,cd8_t,190,-4.5
HPAP-014,Head of pancreas,ROI3,cd8_t,200,-14.5
HPAP-014,Head of pancreas,ROI3,macrophage,10,13.56
HPAP-014,Head of pancreas,ROI3,macrophage,20,40.07
HPAP-014,Head of pancreas,ROI3,macrophage,30,42.62
HPAP-014,Head of pancreas,ROI3,macrophage,40,43.31
HPAP-014,Head of pancreas,ROI3,macrophage,50,38.16
HPAP-014,Head of pancreas,ROI3,macrophage,60,45.37
HPAP-014,Head of pancreas,ROI3,macrophage,70,46.63
HPAP-014,Head of pancreas,ROI3,macrophage,80,44.68
HPAP-014,Head of pancreas,ROI3,macrophage,90,42.24
HPAP-014,Head of pancreas,ROI3,macrophage,100,43.32
HPAP-014,Head of pancreas,ROI3,macrophage,110,42.7
HPAP-014,Head of pancreas,ROI3,macrophage,120,42.39
HPAP-014,Head of pancreas,ROI3,macrophage,130,40.73
HPAP-014,Head of pancreas,ROI3,macrophage,140,34.74
HPAP-014,Head of pancreas,ROI3,macrophage,150,27.89
HPAP-014,Head of pancreas,ROI3,macrophage,160,20.99
HPAP-014,Head of pancreas,ROI3,macrophage,170,18.5
HPAP-014,Head of pancreas,ROI3,macrophage,180,15.72
HPAP-014,Head of pancreas,ROI3,macrophage,190,11.32
HPAP-014,Head of pancreas,ROI3,macrophage,200,8.76
HPAP-014,Head of pancreas,ROI3,other_immune,10,1.09
HPAP-014,Head of pancreas,ROI3,other_immune,20,9.3
HPAP-014,Head of pancreas,ROI3,other_immune,30,10.98
HPAP-014,Head of pancreas,ROI3,other_immune,40,11.65
HPAP-014,Head of pancreas,ROI3,other_immune,50,11.85
HPAP-014,Head of pancreas,ROI3,other_immune,60,12.31
HPAP-014,Head of pancreas,ROI3,other_immune,70,12.84
HPAP-014,Head of pancreas,ROI3,other_immune,80,12.26
HPAP-014,Head of pancreas,ROI3,other_immune,90,11.67
HPAP-014,Head of pancreas,ROI3,other_immune,100,11.15
HPAP-014,Head of pancreas,ROI3,other_immune,110,9.69
HPAP-014,Head of pancreas,ROI3,other_immune,120,8.12
HPAP-014,Head of pancreas,ROI3,other_immune,130,6.7
HPAP-014,Head of pancreas,ROI3,other_immune,140,4.91
HPAP-014,Head of pancreas,ROI3,other_immune,150,3.98
HPAP-014,Head of pancreas,ROI3,other_immune,160,2.03
HPAP-014,Head of pancreas,ROI3,other_immune,170,0.24
HPAP-014,Head of pancreas,ROI3,other_immune,180,-1.66
HPAP-014,Head of pancreas,ROI3,other_immune,190,-3.81
HPAP-014,Head of pancreas,ROI3,other_immune,200,-5.83
HPAP-014,Head of pancreas,ROI3,fibroblast,10,3.59
HPAP-014,Head of pancreas,ROI3,fibroblast,20,15.94
HPAP-014,Head of pancreas,ROI3,fibroblast,30,18.03
HPAP-014,Head of pancreas,ROI3,fibroblast,40,19.99
HPAP-014,Head of pancreas,ROI3,fibroblast,50,23.48
HPAP-014,Head of pancreas,ROI3,fibroblast,60,20.37
HPAP-014,Head of pancreas,ROI3,fibroblast,70,18.57
HPAP-014,Head of pancreas,ROI3,fibroblast,80,15.34
HPAP-014,Head of pancreas,ROI3,fibroblast,90,14.79
HPAP-014,Head of pancreas,ROI3,fibroblast,100,13.06
HPAP-014,Head of pancreas,ROI3,fibroblast,110,11.89
HPAP-014,Head of pancreas,ROI3,fibroblast,120,7.81
HPAP-014,Head of pancreas,ROI3,fibroblast,130,6.53
HPAP-014,Head of pancreas,ROI3,fibroblast,140,5.21
HPAP-014,Head of pancreas,ROI3,fibroblast,150,3.7
HPAP-014,Head of pancreas,ROI3,fibroblast,160,2.18
HPAP-014,Head of pancreas,ROI3,fibroblast,170,1.44
HPAP-014,Head of pancreas,ROI3,fibroblast,180,0.36
HPAP-014,Head of pancreas,ROI3,fibroblast,190,-1.87
HPAP-014,Head of pancreas,ROI3,fibroblast,200,-3.95
HPAP-014,Tail of pancreas,ROI1,cd8_t,10,-10.0
HPAP-014,Tail of pancreas,ROI1,cd8_t,20,16.63
HPAP-014,Tail of pancreas,ROI1,cd8_t,30,21.8
HPAP-014,Tail of pancreas,ROI1,cd8_t,40,19.06
HPAP-014,Tail of pancreas,ROI1,cd8_t,50,19.5
HPAP-014,Tail of pancreas,ROI1,cd8_t,60,11.4
HPAP-014,Tail of pancreas,ROI1,cd8_t,70,10.25
HPAP-014,Tail of pancreas,ROI1,cd8_t,80,11.2
HPAP-014,Tail of pancreas,ROI1,cd8_t,90,13.6
HPAP-014,Tail of pancreas,ROI1,cd8_t,100,14.66
HPAP-014,Tail of pancreas,ROI1,cd8_t,110,10.37
HPAP-014,Tail of pancreas,ROI1,cd8_t,120,11.05
HPAP-014,Tail of pancreas,ROI1,cd8_t,130,8.99
HPAP-014,Tail of pancreas,ROI1,cd8_t,140,11.02
HPAP-014,Tail of pancreas,ROI1,cd8_t,150,14.62
HPAP-014,Tail of pancreas,ROI1,cd8_t,160,11.8
HPAP-014,Tail of pancreas,ROI1,cd8_t,170,7.94
HPAP-014,Tail of pancreas,ROI1,cd8_t,180,6.05
HPAP-014,Tail of pancreas,ROI1,cd8_t,190,-1.8
HPAP-014,Tail of pancreas,ROI1,cd8_t,200,-7.57
HPAP-014,Tail of pancreas,ROI1,macrophage,10,0.96
HPAP-014,Tail of pancreas,ROI1,macrophage,20,12.05
HPAP-014,Tail of pancreas,ROI1,macrophage,30,14.58
HPAP-014,Tail of pancreas,ROI1,macrophage,40,15.99
HPAP-014,Tail of pancreas,ROI1,macrophage,50,17.45
HPAP-014,Tail of pancreas,ROI1,macrophage,60,18.17
HPAP-014,Tail of pancreas,ROI1,macrophage,70,18.57
HPAP-014,Tail of pancreas,ROI1,macrophage,80,19.63
HPAP-014,Tail of pancreas,ROI1,macrophage,90,18.6
HPAP-014,Tail of pancreas,ROI1,macrophage,100,18.86
HPAP-014,Tail of pancreas,ROI1,macrophage,110,18.51
HPAP-014,Tail of pancreas,ROI1,macrophage,120,17.25
HPAP-014,Tail of pancreas,ROI1,macrophage,130,16.83
HPAP-014,Tail of pancreas,ROI1,macrophage,140,14.83
HPAP-014,Tail of pancreas,ROI1,macrophage,150,14.32
HPAP-014,Tail of pancreas,ROI1,macrophage,160,13.75
HPAP-014,Tail of pancreas,ROI1,macrophage,170,12.92
HPAP-014,Tail of pancreas,ROI1,macrophage,180,11.54
HPAP-014,Tail of pancreas,ROI1,macrophage,190,9.76
HPAP-014,Tail of pancreas,ROI1,macrophage,200,8.19
HPAP-014,Tail of pancreas,ROI1,other_immune,10,-0.07
HPAP-014,Tail of pancreas,ROI1,other_immune,20,7.41
HPAP-014,Tail of pancreas,ROI1,other_immune,30,11.26
HPAP-014,Tail of pancreas,ROI1,other_immune,40,13.98
HPAP-014,Tail of pancreas,ROI1,other_immune,50,15.77
HPAP-014,Tail of pancreas,ROI1,other_immune,60,16.98
HPAP-014,Tail of pancreas,ROI1,other_immune,70,17.69
HPAP-014,Tail of pancreas,ROI1,other_immune,80,17.8
HPAP-014,Tail of pancreas,ROI1,other_immune,90,18.03
HPAP-014,Tail of pancreas,ROI1,other_immune,100,18.01
HPAP-014,Tail of pancreas,ROI1,other_immune,110,18.16
HPAP-014,Tail of pancreas,ROI1,other_immune,120,17.66
HPAP-014,Tail of pancreas,ROI1,other_immune,130,16.87
HPAP-014,Tail of pancreas,ROI1,other_immune,140,15.94
HPAP-014,Tail of pancreas,ROI1,other_immune,150,14.73
HPAP-014,Tail of pancreas,ROI1,other_immune,160,13.39
HPAP-014,Tail of pancreas,ROI1,other_immune,170,11.98
HPAP-014,Tail of pancreas,ROI1,other_immune,180,10.92
HPAP-014,Tail of pancreas,ROI1,other_immune,190,9.66
HPAP-014,Tail of pancreas,ROI1,other_immune,200,8.08
HPAP-014,Tail of pancreas,ROI1,endothelial,10,1.47
HPAP-014,Tail of pancreas,ROI1,endothelial,20,10.96
HPAP-014,Tail of pancreas,ROI1,endothelial,30,15.26
HPAP-014,Tail of pancreas,ROI1,endothelial,40,18.02
HPAP-014,Tail of pancreas,ROI1,endothelial,50,19.22
HPAP-014,Tail of pancreas,ROI1,endothelial,60,19.54
HPAP-014,Tail of pancreas,ROI1,endothelial,70,18.74
HPAP-014,Tail of pancreas,ROI1,endothelial,80,17.38
HPAP-014,Tail of pancreas,ROI1,endothelial,90,15.82
HPAP-014,Tail of pancreas,ROI1,endothelial,100,13.77
HPAP-014,Tail of pancreas,ROI1,endothelial,110,11.86
HPAP-014,Tail of pancreas,ROI1,endothelial,120,9.86
HPAP-014,Tail of pancreas,ROI1,endothelial,130,7.6
HPAP-014,Tail of pancreas,ROI1,endothelial,140,5.32
HPAP-014,Tail of pancreas,ROI1,endothelial,150,3.35
HPAP-014,Tail of pancreas,ROI1,endothelial,160,1.0
HPAP-014,Tail of pancreas,ROI1,endothelial,170,-1.17
HPAP-014,Tail of pancreas,ROI1,endothelial,180,-2.8
HPAP-014,Tail of pancreas,ROI1,endothelial,190,-4.36
HPAP-014,Tail of pancreas,ROI1,endothelial,200,-6.42
HPAP-014,Tail of pancreas,ROI2,cd8_t,10,-10.0
HPAP-014,Tail of pancreas,ROI2,cd8_t,20,-20.0
HPAP-014,Tail of pancreas,ROI2,cd8_t,30,-30.0
HPAP-014,Tail of pancreas,ROI2,cd8_t,40,-40.0
HPAP-014,Tail of pancreas,ROI2,cd8_t,50,-50.0
HPAP-014,Tail of pancreas,ROI2,cd8_t,60,-17.06
HPAP-014,Tail of pancreas,ROI2,cd8_t,70,-27.06
HPAP-014,Tail of pancreas,ROI2,cd8_t,80,-37.06
HPAP-014,Tail of pancreas,ROI2,cd8_t,90,-29.27
HPAP-014,Tail of pancreas,ROI2,cd8_t,100,-3.98
HPAP-014,Tail of pancreas,ROI2,cd8_t,110,11.46
HPAP-014,Tail of pancreas,ROI2,cd8_t,120,8.83
HPAP-014,Tail of pancreas,ROI2,cd8_t,130,5.8
HPAP-014,Tail of pancreas,ROI2,cd8_t,140,2.43
HPAP-014,Tail of pancreas,ROI2,cd8_t,150,-1.24
HPAP-014,Tail of pancreas,ROI2,cd8_t,160,-11.24
HPAP-014,Tail of pancreas,ROI2,cd8_t,170,-15.17
HPAP-014,Tail of pancreas,ROI2,cd8_t,180,-13.68
HPAP-014,Tail of pancreas,ROI2,cd8_t,190,-7.81
HPAP-014,Tail of pancreas,ROI2,cd8_t,200,-12.81
HPAP-014,Tail of pancreas,ROI2,macrophage,10,1.11
HPAP-014,Tail of pancreas,ROI2,macrophage,20,25.8
HPAP-014,Tail of pancreas,ROI2,macrophage,30,41.12
HPAP-014,Tail of pancreas,ROI2,macrophage,40,41.62
HPAP-014,Tail of pancreas,ROI2,macrophage,50,47.47
HPAP-014,Tail of pancreas,ROI2,macrophage,60,48.83
HPAP-014,Tail of pancreas,ROI2,macrophage,70,48.6
HPAP-014,Tail of pancreas,ROI2,macrophage,80,47.61
HPAP-014,Tail of pancreas,ROI2,macrophage,90,46.49
HPAP-014,Tail of pancreas,ROI2,macrophage,100,46.1
HPAP-014,Tail of pancreas,ROI2,macrophage,110,45.9
HPAP-014,Tail of pancreas,ROI2,macrophage,120,49.91
HPAP-014,Tail of pancreas,ROI2,macrophage,130,48.76
HPAP-014,Tail of pancreas,ROI2,macrophage,140,50.45
HPAP-014,Tail of pancreas,ROI2,macrophage,150,49.01
HPAP-014,Tail of pancreas,ROI2,macrophage,160,45.71
HPAP-014,Tail of pancreas,ROI2,macrophage,170,44.23
HPAP-014,Tail of pancreas,ROI2,macrophage,180,42.15
HPAP-014,Tail of pancreas,ROI2,macrophage,190,38.99
HPAP-014,Tail of pancreas,ROI2,macrophage,200,36.93
HPAP-014,Tail of pancreas,ROI2,other_immune,10,-3.19
HPAP-014,Tail of pancreas,ROI2,other_immune,20,8.85
HPAP-014,Tail of pancreas,ROI2,other_immune,30,12.32
HPAP-014,Tail of pancreas,ROI2,other_immune,40,14.87
HPAP-014,Tail of pancreas,ROI2,other_immune,50,16.47
HPAP-014,Tail of pancreas,ROI2,other_immune,60,19.11
HPAP-014,Tail of pancreas,ROI2,other_immune,70,21.55
HPAP-014,Tail of pancreas,ROI2,other_immune,80,23.24
HPAP-014,Tail of pancreas,ROI2,other_immune,90,24.39
HPAP-014,Tail of pancreas,ROI2,other_immune,100,24.92
HPAP-014,Tail of pancreas,ROI2,other_immune,110,25.48
HPAP-014,Tail of pancreas,ROI2,other_immune,120,25.11
HPAP-014,Tail of pancreas,ROI2,other_immune,130,24.63
HPAP-014,Tail of pancreas,ROI2,other_immune,140,23.3
HPAP-014,Tail of pancreas,ROI2,other_immune,150,22.55
HPAP-014,Tail of pancreas,ROI2,other_immune,160,20.99
HPAP-014,Tail of pancreas,ROI2,other_immune,170,19.53
HPAP-014,Tail of pancreas,ROI2,other_immune,180,18.04
HPAP-014,Tail of pancreas,ROI2,other_immune,190,16.5
HPAP-014,Tail of pancreas,ROI2,other_immune,200,14.63
HPAP-014,Tail of pancreas,ROI2,endothelial,10,-2.92
HPAP-014,Tail of pancreas,ROI2,endothelial,20,5.41
HPAP-014,Tail of pancreas,ROI2,endothelial,30,8.63
HPAP-014,Tail of pancreas,ROI2,endothelial,40,10.56
HPAP-014,Tail of pancreas,ROI2,endothelial,50,11.6
HPAP-014,Tail of pancreas,ROI2,endothelial,60,12.75
HPAP-014,Tail of pancreas,ROI2,endothelial,70,13.33
HPAP-014,Tail of pancreas,ROI2,endothelial,80,13.37
HPAP-014,Tail of pancreas,ROI2,endothelial,90,14.09
HPAP-014,Tail of pancreas,ROI2,endothelial,100,13.54
HPAP-014,Tail of pancreas,ROI2,endothelial,110,13.18
HPAP-014,Tail of pancreas,ROI2,endothelial,120,12.35
HPAP-014,Tail of pancreas,ROI2,endothelial,130,11.08
HPAP-014,Tail of pancreas,ROI2,endothelial,140,10.11
HPAP-014,Tail of pancreas,ROI2,endothelial,150,8.63
HPAP-014,Tail of pancreas,ROI2,endothelial,160,7.1
HPAP-014,Tail of pancreas,ROI2,endothelial,170,5.81
HPAP-014,Tail of pancreas,ROI2,endothelial,180,4.44
HPAP-014,Tail of pancreas,ROI2,endothelial,190,2.91
HPAP-014,Tail of pancreas,ROI2,endothelial,200,1.03
HPAP-014,Tail of pancreas,ROI3,cd4_t,10,-10.0
HPAP-014,Tail of pancreas,ROI3,cd4_t,20,-20.0
HPAP-014,Tail of pancreas,ROI3,cd4_t,30,34.25
HPAP-014,Tail of pancreas,ROI3,cd4_t,40,50.87
HPAP-014,Tail of pancreas,ROI3,cd4_t,50,51.59
HPAP-014,Tail of pancreas,ROI3,cd4_t,60,60.21
HPAP-014,Tail of pancreas,ROI3,cd4_t,70,58.51
HPAP-014,Tail of pancreas,ROI3,cd4_t,80,48.51
HPAP-014,Tail of pancreas,ROI3,cd4_t,90,46.3
HPAP-014,Tail of pancreas,ROI3,cd4_t,100,50.69
HPAP-014,Tail of pancreas,ROI3,cd4_t,110,60.0
HPAP-014,Tail of pancreas,ROI3,cd4_t,120,50.0
HPAP-014,Tail of pancreas,ROI3,cd4_t,130,57.33
HPAP-014,Tail of pancreas,ROI3,cd4_t,140,58.04
HPAP-014,Tail of pancreas,ROI3,cd4_t,150,58.21
HPAP-014,Tail of pancreas,ROI3,cd4_t,160,57.9
HPAP-014,Tail of pancreas,ROI3,cd4_t,170,47.9
HPAP-014,Tail of pancreas,ROI3,cd4_t,180,37.9
HPAP-014,Tail of pancreas,ROI3,cd4_t,190,27.9
HPAP-014,Tail of pancreas,ROI3,cd4_t,200,27.17
HPAP-014,Tail of pancreas,ROI3,cd8_t,10,-0.0
HPAP-014,Tail of pancreas,ROI3,cd8_t,20,25.81
HPAP-014,Tail of pancreas,ROI3,cd8_t,30,31.63
HPAP-014,Tail of pancreas,ROI3,cd8_t,40,34.81
HPAP-014,Tail of pancreas,ROI3,cd8_t,50,39.98
HPAP-014,Tail of pancreas,ROI3,cd8_t,60,40.97
HPAP-014,Tail of pancreas,ROI3,cd8_t,70,40.43
HPAP-014,Tail of pancreas,ROI3,cd8_t,80,39.13
HPAP-014,Tail of pancreas,ROI3,cd8_t,90,37.64
HPAP-014,Tail of pancreas,ROI3,cd8_t,100,35.98
HPAP-014,Tail of pancreas,ROI3,cd8_t,110,36.59
HPAP-014,Tail of pancreas,ROI3,cd8_t,120,37.76
HPAP-014,Tail of pancreas,ROI3,cd8_t,130,34.88
HPAP-014,Tail of pancreas,ROI3,cd8_t,140,32.29
HPAP-014,Tail of pancreas,ROI3,cd8_t,150,28.0
HPAP-014,Tail of pancreas,ROI3,cd8_t,160,25.96
HPAP-014,Tail of pancreas,ROI3,cd8_t,170,23.08
HPAP-014,Tail of pancreas,ROI3,cd8_t,180,20.7
HPAP-014,Tail of pancreas,ROI3,cd8_t,190,17.31
HPAP-014,Tail of pancreas,ROI3,cd8_t,200,16.28
HPAP-014,Tail of pancreas,ROI3,macrophage,10,-4.26
HPAP-014,Tail of pancreas,ROI3,macrophage,20,17.63
HPAP-014,Tail of pancreas,ROI3,macrophage,30,23.53
HPAP-014,Tail of pancreas,ROI3,macrophage,40,28.62
HPAP-014,Tail of pancreas,ROI3,macrophage,50,31.15
HPAP-014,Tail of pancreas,ROI3,macrophage,60,31.82
HPAP-014,Tail of pancreas,ROI3,macrophage,70,33.61
HPAP-014,Tail of pancreas,ROI3,macrophage,80,33.04
HPAP-014,Tail of pancreas,ROI3,macrophage,90,31.73
HPAP-014,Tail of pancreas,ROI3,macrophage,100,31.86
HPAP-014,Tail of pancreas,ROI3,macrophage,110,30.21
HPAP-014,Tail of pancreas,ROI3,macrophage,120,30.85
HPAP-014,Tail of pancreas,ROI3,macrophage,130,28.72
HPAP-014,Tail of pancreas,ROI3,macrophage,140,28.09
HPAP-014,Tail of pancreas,ROI3,macrophage,150,28.63
HPAP-014,Tail of pancreas,ROI3,macrophage,160,25.86
HPAP-014,Tail of pancreas,ROI3,macrophage,170,24.09
HPAP-014,Tail of pancreas,ROI3,macrophage,180,22.72
HPAP-014,Tail of pancreas,ROI3,macrophage,190,20.77
HPAP-014,Tail of pancreas,ROI3,macrophage,200,21.21
HPAP-014,Tail of pancreas,ROI3,other_immune,10,-3.4
HPAP-014,Tail of pancreas,ROI3,other_immune,20,19.02
HPAP-014,Tail of pancreas,ROI3,other_immune,30,22.35
HPAP-014,Tail of pancreas,ROI3,other_immune,40,24.96
HPAP-014,Tail of pancreas,ROI3,other_immune,50,24.91
HPAP-014,Tail of pancreas,ROI3,other_immune,60,24.21
HPAP-014,Tail of pancreas,ROI3,other_immune,70,25.13
HPAP-014,Tail of pancreas,ROI3,other_immune,80,24.91
HPAP-014,Tail of pancreas,ROI3,other_immune,90,23.86
HPAP-014,Tail of pancreas,ROI3,other_immune,100,24.45
HPAP-014,Tail of pancreas,ROI3,other_immune,110,24.2
HPAP-014,Tail of pancreas,ROI3,other_immune,120,21.92
HPAP-014,Tail of pancreas,ROI3,other_immune,130,20.41
HPAP-014,Tail of pancreas,ROI3,other_immune,140,19.39
HPAP-014,Tail of pancreas,ROI3,other_immune,150,18.03
HPAP-014,Tail of pancreas,ROI3,other_immune,160,16.61
HPAP-014,Tail of pancreas,ROI3,other_immune,170,15.03
HPAP-014,Tail of pancreas,ROI3,other_immune,180,11.39
HPAP-014,Tail of pancreas,ROI3,other_immune,190,7.43
HPAP-014,Tail of pancreas,ROI3,other_immune,200,4.79
HPAP-018,Body of pancreas,ROI1,cd8_t,10,-10.0
HPAP-018,Body of pancreas,ROI1,cd8_t,20,18.82
HPAP-018,Body of pancreas,ROI1,cd8_t,30,24.9
HPAP-018,Body of pancreas,ROI1,cd8_t,40,14.9
HPAP-018,Body of pancreas,ROI1,cd8_t,50,4.9
HPAP-018,Body of pancreas,ROI1,cd8_t,60,7.23
HPAP-018,Body of pancreas,ROI1,cd8_t,70,7.64
HPAP-018,Body of pancreas,ROI1,cd8_t,80,-2.36
HPAP-018,Body of pancreas,ROI1,cd8_t,90,-3.2
HPAP-018,Body of pancreas,ROI1,cd8_t,100,-4.92
HPAP-018,Body of pancreas,ROI1,cd8_t,110,-7.3
HPAP-018,Body of pancreas,ROI1,cd8_t,120,-17.3
HPAP-018,Body of pancreas,ROI1,cd8_t,130,-20.21
HPAP-018,Body of pancreas,ROI1,cd8_t,140,-23.55
HPAP-018,Body of pancreas,ROI1,cd8_t,150,-21.25
HPAP-018,Body of pancreas,ROI1,cd8_t,160,-31.25
HPAP-018,Body of pancreas,ROI1,cd8_t,170,-30.04
HPAP-018,Body of pancreas,ROI1,cd8_t,180,-29.66
HPAP-018,Body of pancreas,ROI1,cd8_t,190,-34.73
HPAP-018,Body of pancreas,ROI1,cd8_t,200,-35.31
HPAP-018,Body of pancreas,ROI1,macrophage,10,-10.0
HPAP-018,Body of pancreas,ROI1,macrophage,20,1.22
HPAP-018,Body of pancreas,ROI1,macrophage,30,0.0
HPAP-018,Body of pancreas,ROI1,macrophage,40,-3.25
HPAP-018,Body of pancreas,ROI1,macrophage,50,1.97
HPAP-018,Body of pancreas,ROI1,macrophage,60,3.65
HPAP-018,Body of pancreas,ROI1,macrophage,70,6.5
HPAP-018,Body of pancreas,ROI1,macrophage,80,-0.62
HPAP-018,Body of pancreas,ROI1,macrophage,90,16.08
HPAP-018,Body of pancreas,ROI1,macrophage,100,12.27
HPAP-018,Body of pancreas,ROI1,macrophage,110,4.25
HPAP-018,Body of pancreas,ROI1,macrophage,120,-3.79
HPAP-018,Body of pancreas,ROI1,macrophage,130,-2.7
HPAP-018,Body of pancreas,ROI1,macrophage,140,-0.88
HPAP-018,Body of pancreas,ROI1,macrophage,150,-1.49
HPAP-018,Body of pancreas,ROI1,macrophage,160,-4.09
HPAP-018,Body of pancreas,ROI1,macrophage,170,-2.94
HPAP-018,Body of pancreas,ROI1,macrophage,180,-11.6
HPAP-018,Body of pancreas,ROI1,macrophage,190,-13.77
HPAP-018,Body of pancreas,ROI1,macrophage,200,-15.04
HPAP-018,Body of pancreas,ROI1,other_immune,10,-3.06
HPAP-018,Body of pancreas,ROI1,other_immune,20,-0.04
HPAP-018,Body of pancreas,ROI1,other_immune,30,0.68
HPAP-018,Body of pancreas,ROI1,other_immune,40,1.68
HPAP-018,Body of pancreas,ROI1,other_immune,50,1.53
HPAP-018,Body of pancreas,ROI1,other_immune,60,1.58
HPAP-018,Body of pancreas,ROI1,other_immune,70,1.33
HPAP-018,Body of pancreas,ROI1,other_immune,80,0.85
HPAP-018,Body of pancreas,ROI1,other_immune,90,0.43
HPAP-018,Body of pancreas,ROI1,other_immune,100,-0.04
HPAP-018,Body of pancreas,ROI1,other_immune,110,-0.7
HPAP-018,Body of pancreas,ROI1,other_immune,120,-1.9
HPAP-018,Body of pancreas,ROI1,other_immune,130,-3.0
HPAP-018,Body of pancreas,ROI1,other_immune,140,-3.76
HPAP-018,Body of pancreas,ROI1,other_immune,150,-4.71
HPAP-018,Body of pancreas,ROI1,other_immune,160,-6.1
HPAP-018,Body of pancreas,ROI1,other_immune,170,-7.12
HPAP-018,Body of pancreas,ROI1,other_immune,180,-8.03
HPAP-018,Body of pancreas,ROI1,other_immune,190,-9.15
HPAP-018,Body of pancreas,ROI1,other_immune,200,-11.0
HPAP-018,Body of pancreas,ROI2,cd8_t,10,-10.0
HPAP-018,Body of pancreas,ROI2,cd8_t,20,8.95
HPAP-018,Body of pancreas,ROI2,cd8_t,30,10.94
HPAP-018,Body of pancreas,ROI2,cd8_t,40,41.88
HPAP-018,Body of pancreas,ROI2,cd8_t,50,41.54
HPAP-018,Body of pancreas,ROI2,cd8_t,60,48.31
HPAP-018,Body of pancreas,ROI2,cd8_t,70,52.81
HPAP-018,Body of pancreas,ROI2,cd8_t,80,49.46
HPAP-018,Body of pancreas,ROI2,cd8_t,90,48.83
HPAP-018,Body of pancreas,ROI2,cd8_t,100,41.81
HPAP-018,Body of pancreas,ROI2,cd8_t,110,34.74
HPAP-018,Body of pancreas,ROI2,cd8_t,120,30.41
HPAP-018,Body of pancreas,ROI2,cd8_t,130,28.55
HPAP-018,Body of pancreas,ROI2,cd8_t,140,21.17
HPAP-018,Body of pancreas,ROI2,cd8_t,150,21.25
HPAP-018,Body of pancreas,ROI2,cd8_t,160,13.68
HPAP-018,Body of pancreas,ROI2,cd8_t,170,17.6
HPAP-018,Body of pancreas,ROI2,cd8_t,180,16.33
HPAP-018,Body of pancreas,ROI2,cd8_t,190,6.33
HPAP-018,Body of pancreas,ROI2,cd8_t,200,8.74
HPAP-018,Body of pancreas,ROI2,macrophage,10,-10.0
HPAP-018,Body of pancreas,ROI2,macrophage,20,5.27
HPAP-018,Body of pancreas,ROI2,macrophage,30,13.77
HPAP-018,Body of pancreas,ROI2,macrophage,40,16.51
HPAP-018,Body of pancreas,ROI2,macrophage,50,29.91
HPAP-018,Body of pancreas,ROI2,macrophage,60,23.81
HPAP-018,Body of pancreas,ROI2,macrophage,70,21.11
HPAP-018,Body of pancreas,ROI2,macrophage,80,17.87
HPAP-018,Body of pancreas,ROI2,macrophage,90,23.01
HPAP-018,Body of pancreas,ROI2,macrophage,100,21.19
HPAP-018,Body of pancreas,ROI2,macrophage,110,21.31
HPAP-018,Body of pancreas,ROI2,macrophage,120,18.41
HPAP-018,Body of pancreas,ROI2,macrophage,130,25.78
HPAP-018,Body of pancreas,ROI2,macrophage,140,23.77
HPAP-018,Body of pancreas,ROI2,macrophage,150,21.39
HPAP-018,Body of pancreas,ROI2,macrophage,160,18.69
HPAP-018,Body of pancreas,ROI2,macrophage,170,17.41
HPAP-018,Body of pancreas,ROI2,macrophage,180,14.11
HPAP-018,Body of pancreas,ROI2,macrophage,190,10.58
HPAP-018,Body of pancreas,ROI2,macrophage,200,11.43
HPAP-018,Body of pancreas,ROI2,other_immune,10,-3.05
HPAP-018,Body of pancreas,ROI2,other_immune,20,2.93
HPAP-018,Body of pancreas,ROI2,other_immune,30,3.65
HPAP-018,Body of pancreas,ROI2,other_immune,40,3.14
HPAP-018,Body of pancreas,ROI2,other_immune,50,3.42
HPAP-018,Body of pancreas,ROI2,other_immune,60,3.66
HPAP-018,Body of pancreas,ROI2,other_immune,70,4.36
HPAP-018,Body of pancreas,ROI2,other_immune,80,3.86
HPAP-018,Body of pancreas,ROI2,other_immune,90,3.96
HPAP-018,Body of pancreas,ROI2,other_immune,100,3.54
HPAP-018,Body of pancreas,ROI2,other_immune,110,3.01
HPAP-018,Body of pancreas,ROI2,other_immune,120,2.17
HPAP-018,Body of pancreas,ROI2,other_immune,130,1.68
HPAP-018,Body of pancreas,ROI2,other_immune,140,0.64
HPAP-018,Body of pancreas,ROI2,other_immune,150,-0.85
HPAP-018,Body of pancreas,ROI2,other_immune,160,-1.58
HPAP-018,Body of pancreas,ROI2,other_immune,170,-3.21
HPAP-018,Body of pancreas,ROI2,other_immune,180,-4.86
HPAP-018,Body of pancreas,ROI2,other_immune,190,-6.65
HPAP-018,Body of pancreas,ROI2,other_immune,200,-8.18
HPAP-018,Body of pancreas,ROI3,fibroblast,10,0.28
HPAP-018,Body of pancreas,ROI3,fibroblast,20,8.16
HPAP-018,Body of pancreas,ROI3,fibroblast,30,12.4
HPAP-018,Body of pancreas,ROI3,fibroblast,40,14.17
HPAP-018,Body of pancreas,ROI3,fibroblast,50,14.21
HPAP-018,Body of pancreas,ROI3,fibroblast,60,14.33
HPAP-018,Body of pancreas,ROI3,fibroblast,70,12.9
HPAP-018,Body of pancreas,ROI3,fibroblast,80,11.83
HPAP-018,Body of pancreas,ROI3,fibroblast,90,11.79
HPAP-018,Body of pancreas,ROI3,fibroblast,100,12.4
HPAP-018,Body of pancreas,ROI3,fibroblast,110,13.18
HPAP-018,Body of pancreas,ROI3,fibroblast,120,12.68
HPAP-018,Body of pancreas,ROI3,fibroblast,130,10.99
HPAP-018,Body of pancreas,ROI3,fibroblast,140,9.63
HPAP-018,Body of pancreas,ROI3,fibroblast,150,8.71
HPAP-018,Body of pancreas,ROI3,fibroblast,160,6.83
HPAP-018,Body of pancreas,ROI3,fibroblast,170,6.01
HPAP-018,Body of pancreas,ROI3,fibroblast,180,4.44
HPAP-018,Body of pancreas,ROI3,fibroblast,190,2.64
HPAP-018,Body of pancreas,ROI3,fibroblast,200,0.18
HPAP-018,Head of pancreas,ROI1,cd8_t,10,9.24
HPAP-018,Head of pancreas,ROI1,cd8_t,20,34.43
HPAP-018,Head of pancreas,ROI1,cd8_t,30,43.53
HPAP-018,Head of pancreas,ROI1,cd8_t,40,55.05
HPAP-018,Head of pancreas,ROI1,cd8_t,50,67.37
HPAP-018,Head of pancreas,ROI1,cd8_t,60,77.15
HPAP-018,Head of pancreas,ROI1,cd8_t,70,86.57
HPAP-018,Head of pancreas,ROI1,cd8_t,80,90.82
HPAP-018,Head of pancreas,ROI1,cd8_t,90,97.56
HPAP-018,Head of pancreas,ROI1,cd8_t,100,103.47
HPAP-018,Head of pancreas,ROI1,cd8_t,110,107.03
HPAP-018,Head of pancreas,ROI1,cd8_t,120,112.67
HPAP-018,Head of pancreas,ROI1,cd8_t,130,117.33
HPAP-018,Head of pancreas,ROI1,cd8_t,140,122.86
HPAP-018,Head of pancreas,ROI1,cd8_t,150,124.04
HPAP-018,Head of pancreas,ROI1,cd8_t,160,123.73
HPAP-018,Head of pancreas,ROI1,cd8_t,170,122.72
HPAP-018,Head of pancreas,ROI1,cd8_t,180,120.83
HPAP-018,Head of pancreas,ROI1,cd8_t,190,117.89
HPAP-018,Head of pancreas,ROI1,cd8_t,200,114.91
HPAP-018,Head of pancreas,ROI1,b_cell,10,-10.0
HPAP-018,Head of pancreas,ROI1,b_cell,20,23.04
HPAP-018,Head of pancreas,ROI1,b_cell,30,30.87
HPAP-018,Head of pancreas,ROI1,b_cell,40,34.55
HPAP-018,Head of pancreas,ROI1,b_cell,50,36.09
HPAP-018,Head of pancreas,ROI1,b_cell,60,36.25
HPAP-018,Head of pancreas,ROI1,b_cell,70,43.88
HPAP-018,Head of pancreas,ROI1,b_cell,80,69.11
HPAP-018,Head of pancreas,ROI1,b_cell,90,65.2
HPAP-018,Head of pancreas,ROI1,b_cell,100,66.71
HPAP-018,Head of pancreas,ROI1,b_cell,110,77.62
HPAP-018,Head of pancreas,ROI1,b_cell,120,72.5
HPAP-018,Head of pancreas,ROI1,b_cell,130,80.87
HPAP-018,Head of pancreas,ROI1,b_cell,140,79.48
HPAP-018,Head of pancreas,ROI1,b_cell,150,69.48
HPAP-018,Head of pancreas,ROI1,b_cell,160,67.77
HPAP-018,Head of pancreas,ROI1,b_cell,170,73.49
HPAP-018,Head of pancreas,ROI1,b_cell,180,67.27
HPAP-018,Head of pancreas,ROI1,b_cell,190,68.26
HPAP-018,Head of pancreas,ROI1,b_cell,200,61.83
HPAP-018,Head of pancreas,ROI1,macrophage,10,9.18
HPAP-018,Head of pancreas,ROI1,macrophage,20,22.89
HPAP-018,Head of pancreas,ROI1,macrophage,30,24.26
HPAP-018,Head of pancreas,ROI1,macrophage,40,23.62
HPAP-018,Head of pancreas,ROI1,macrophage,50,24.29
HPAP-018,Head of pancreas,ROI1,macrophage,60,19.09
HPAP-018,Head of pancreas,ROI1,macrophage,70,22.0
HPAP-018,Head of pancreas,ROI1,macrophage,80,21.5
HPAP-018,Head of pancreas,ROI1,macrophage,90,16.8
HPAP-018,Head of pancreas,ROI1,macrophage,100,10.2
HPAP-018,Head of pancreas,ROI1,macrophage,110,8.25
HPAP-018,Head of pancreas,ROI1,macrophage,120,10.1
HPAP-018,Head of pancreas,ROI1,macrophage,130,10.96
HPAP-018,Head of pancreas,ROI1,macrophage,140,14.66
HPAP-018,Head of pancreas,ROI1,macrophage,150,11.64
HPAP-018,Head of pancreas,ROI1,macrophage,160,9.42
HPAP-018,Head of pancreas,ROI1,macrophage,170,4.76
HPAP-018,Head of pancreas,ROI1,macrophage,180,1.98
HPAP-018,Head of pancreas,ROI1,macrophage,190,-3.03
HPAP-018,Head of pancreas,ROI1,macrophage,200,-3.44
HPAP-018,Head of pancreas,ROI1,other_immune,10,-3.43
HPAP-018,Head of pancreas,ROI1,other_immune,20,-0.48
HPAP-018,Head of pancreas,ROI1,other_immune,30,0.86
HPAP-018,Head of pancreas,ROI1,other_immune,40,1.13
HPAP-018,Head of pancreas,ROI1,other_immune,50,0.29
HPAP-018,Head of pancreas,ROI1,other_immune,60,0.16
HPAP-018,Head of pancreas,ROI1,other_immune,70,-0.21
HPAP-018,Head of pancreas,ROI1,other_immune,80,-0.65
HPAP-018,Head of pancreas,ROI1,other_immune,90,-1.07
HPAP-018,Head of pancreas,ROI1,other_immune,100,-1.71
HPAP-018,Head of pancreas,ROI1,other_immune,110,-2.68
HPAP-018,Head of pancreas,ROI1,other_immune,120,-3.77
HPAP-018,Head of pancreas,ROI1,other_immune,130,-4.96
HPAP-018,Head of pancreas,ROI1,other_immune,140,-5.75
HPAP-018,Head of pancreas,ROI1,other_immune,150,-7.11
HPAP-018,Head of pancreas,ROI1,other_immune,160,-8.57
HPAP-018,Head of pancreas,ROI1,other_immune,170,-10.33
HPAP-018,Head of pancreas,ROI1,other_immune,180,-11.73
HPAP-018,Head of pancreas,ROI1,other_immune,190,-13.44
HPAP-018,Head of pancreas,ROI1,other_immune,200,-15.02
HPAP-018,Head of pancreas,ROI1,fibroblast,10,-10.0
HPAP-018,Head of pancreas,ROI1,fibroblast,20,31.6
HPAP-018,Head of pancreas,ROI1,fibroblast,30,65.14
HPAP-018,Head of pancreas,ROI1,fibroblast,40,75.38
HPAP-018,Head of pancreas,ROI1,fibroblast,50,90.36
HPAP-018,Head of pancreas,ROI1,fibroblast,60,94.8
HPAP-018,Head of pancreas,ROI1,fibroblast,70,105.74
HPAP-018,Head of pancreas,ROI1,fibroblast,80,98.74
HPAP-018,Head of pancreas,ROI1,fibroblast,90,96.04
HPAP-018,Head of pancreas,ROI1,fibroblast,100,94.44
HPAP-018,Head of pancreas,ROI1,fibroblast,110,92.49
HPAP-018,Head of pancreas,ROI1,fibroblast,120,90.23
HPAP-018,Head of pancreas,ROI1,fibroblast,130,87.69
HPAP-018,Head of pancreas,ROI1,fibroblast,140,87.27
HPAP-018,Head of pancreas,ROI1,fibroblast,150,88.69
HPAP-018,Head of pancreas,ROI1,fibroblast,160,96.96
HPAP-018,Head of pancreas,ROI1,fibroblast,170,98.11
HPAP-018,Head of pancreas,ROI1,fibroblast,180,102.62
HPAP-018,Head of pancreas,ROI1,fibroblast,190,99.14
HPAP-018,Head of pancreas,ROI1,fibroblast,200,107.87
HPAP-018,Head of pancreas,ROI2,cd8_t,10,3.16
HPAP-018,Head of pancreas,ROI2,cd8_t,20,17.23
HPAP-018,Head of pancreas,ROI2,cd8_t,30,17.46
HPAP-018,Head of pancreas,ROI2,cd8_t,40,20.32
HPAP-018,Head of pancreas,ROI2,cd8_t,50,22.7
HPAP-018,Head of pancreas,ROI2,cd8_t,60,27.81
HPAP-018,Head of pancreas,ROI2,cd8_t,70,31.11
HPAP-018,Head of pancreas,ROI2,cd8_t,80,36.63
HPAP-018,Head of pancreas,ROI2,cd8_t,90,41.63
HPAP-018,Head of pancreas,ROI2,cd8_t,100,49.8
HPAP-018,Head of pancreas,ROI2,cd8_t,110,54.15
HPAP-018,Head of pancreas,ROI2,cd8_t,120,53.89
HPAP-018,Head of pancreas,ROI2,cd8_t,130,56.86
HPAP-018,Head of pancreas,ROI2,cd8_t,140,57.23
HPAP-018,Head of pancreas,ROI2,cd8_t,150,57.92
HPAP-018,Head of pancreas,ROI2,cd8_t,160,58.49
HPAP-018,Head of pancreas,ROI2,cd8_t,170,60.83
HPAP-018,Head of pancreas,ROI2,cd8_t,180,60.57
HPAP-018,Head of pancreas,ROI2,cd8_t,190,58.37
HPAP-018,Head of pancreas,ROI2,cd8_t,200,57.61
HPAP-018,Head of pancreas,ROI2,b_cell,10,-10.0
HPAP-018,Head of pancreas,ROI2,b_cell,20,-20.0
HPAP-018,Head of pancreas,ROI2,b_cell,30,24.92
HPAP-018,Head of pancreas,ROI2,b_cell,40,27.26
HPAP-018,Head of pancreas,ROI2,b_cell,50,27.66
HPAP-018,Head of pancreas,ROI2,b_cell,60,26.83
HPAP-018,Head of pancreas,ROI2,b_cell,70,16.83
HPAP-018,Head of pancreas,ROI2,b_cell,80,22.74
HPAP-018,Head of pancreas,ROI2,b_cell,90,19.83
HPAP-018,Head of pancreas,ROI2,b_cell,100,16.5
HPAP-018,Head of pancreas,ROI2,b_cell,110,6.5
HPAP-018,Head of pancreas,ROI2,b_cell,120,20.01
HPAP-018,Head of pancreas,ROI2,b_cell,130,25.33
HPAP-018,Head of pancreas,ROI2,b_cell,140,37.95
HPAP-018,Head of pancreas,ROI2,b_cell,150,40.24
HPAP-018,Head of pancreas,ROI2,b_cell,160,38.0
HPAP-018,Head of pancreas,ROI2,b_cell,170,31.78
HPAP-018,Head of pancreas,ROI2,b_cell,180,32.69
HPAP-018,Head of pancreas,ROI2,b_cell,190,26.21
HPAP-018,Head of pancreas,ROI2,b_cell,200,16.21
HPAP-018,Head of pancreas,ROI2,macrophage,10,-0.58
HPAP-018,Head of pancreas,ROI2,macrophage,20,13.96
HPAP-018,Head of pancreas,ROI2,macrophage,30,16.14
HPAP-018,Head of pancreas,ROI2,macrophage,40,25.25
HPAP-018,Head of pancreas,ROI2,macrophage,50,31.02
HPAP-018,Head of pancreas,ROI2,macrophage,60,27.85
HPAP-018,Head of pancreas,ROI2,macrophage,70,26.05
HPAP-018,Head of pancreas,ROI2,macrophage,80,27.38
HPAP-018,Head of pancreas,ROI2,macrophage,90,24.96
HPAP-018,Head of pancreas,ROI2,macrophage,100,24.95
HPAP-018,Head of pancreas,ROI2,macrophage,110,23.19
HPAP-018,Head of pancreas,ROI2,macrophage,120,22.21
HPAP-018,Head of pancreas,ROI2,macrophage,130,21.28
HPAP-018,Head of pancreas,ROI2,macrophage,140,22.85
HPAP-018,Head of pancreas,ROI2,macrophage,150,23.15
HPAP-018,Head of pancreas,ROI2,macrophage,160,20.92
HPAP-018,Head of pancreas,ROI2,macrophage,170,19.77
HPAP-018,Head of pancreas,ROI2,macrophage,180,16.88
HPAP-018,Head of pancreas,ROI2,macrophage,190,15.69
HPAP-018,Head of pancreas,ROI2,macrophage,200,15.18
HPAP-018,Head of pancreas,ROI2,other_immune,10,-2.7
HPAP-018,Head of pancreas,ROI2,other_immune,20,1.49
HPAP-018,Head of pancreas,ROI2,other_immune,30,2.06
HPAP-018,Head of pancreas,ROI2,other_immune,40,2.72
HPAP-018,Head of pancreas,ROI2,other_immune,50,2.48
HPAP-018,Head of pancreas,ROI2,other_immune,60,2.99
HPAP-018,Head of pancreas,ROI2,other_immune,70,3.58
HPAP-018,Head of pancreas,ROI2,other_immune,80,3.12
HPAP-018,Head of pancreas,ROI2,other_immune,90,2.78
HPAP-018,Head of pancreas,ROI2,other_immune,100,2.99
HPAP-018,Head of pancreas,ROI2,other_immune,110,2.91
HPAP-018,Head of pancreas,ROI2,other_immune,120,2.5
HPAP-018,Head of pancreas,ROI2,other_immune,130,1.65
HPAP-018,Head of pancreas,ROI2,other_immune,140,0.65
HPAP-018,Head of pancreas,ROI2,other_immune,150,-0.29
HPAP-018,Head of pancreas,ROI2,other_immune,160,-0.89
HPAP-018,Head of pancreas,ROI2,other_immune,170,-2.29
HPAP-018,Head of pancreas,ROI2,other_immune,180,-3.31
HPAP-018,Head of pancreas,ROI2,other_immune,190,-4.92
HPAP-018,Head of pancreas,ROI2,other_immune,200,-6.91
HPAP-018,Tail of pancreas,ROI4,cd8_t,10,-10.0
HPAP-018,Tail of pancreas,ROI4,cd8_t,20,34.87
HPAP-018,Tail of pancreas,ROI4,cd8_t,30,24.87
HPAP-018,Tail of pancreas,ROI4,cd8_t,40,14.87
HPAP-018,Tail of pancreas,ROI4,cd8_t,50,4.87
HPAP-018,Tail of pancreas,ROI4,cd8_t,60,35.03
HPAP-018,Tail of pancreas,ROI4,cd8_t,70,39.73
HPAP-018,Tail of pancreas,ROI4,cd8_t,80,42.69
HPAP-018,Tail of pancreas,ROI4,cd8_t,90,44.4
HPAP-018,Tail of pancreas,ROI4,cd8_t,100,34.4
HPAP-018,Tail of pancreas,ROI4,cd8_t,110,35.16
HPAP-018,Tail of pancreas,ROI4,cd8_t,120,35.19
HPAP-018,Tail of pancreas,ROI4,cd8_t,130,25.19
HPAP-018,Tail of pancreas,ROI4,cd8_t,140,15.19
HPAP-018,Tail of pancreas,ROI4,cd8_t,150,5.19
HPAP-018,Tail of pancreas,ROI4,cd8_t,160,4.6
HPAP-018,Tail of pancreas,ROI4,cd8_t,170,20.06
HPAP-018,Tail of pancreas,ROI4,cd8_t,180,25.29
HPAP-018,Tail of pancreas,ROI4,cd8_t,190,22.5
HPAP-018,Tail of pancreas,ROI4,cd8_t,200,12.5
HPAP-018,Tail of pancreas,ROI4,other_immune,10,1.28
HPAP-018,Tail of pancreas,ROI4,other_immune,20,7.63
HPAP-018,Tail of pancreas,ROI4,other_immune,30,9.54
HPAP-018,Tail of pancreas,ROI4,other_immune,40,11.16
HPAP-018,Tail of pancreas,ROI4,other_immune,50,11.93
HPAP-018,Tail of pancreas,ROI4,other_immune,60,11.59
HPAP-018,Tail of pancreas,ROI4,other_immune,70,11.23
HPAP-018,Tail of pancreas,ROI4,other_immune,80,10.44
HPAP-018,Tail of pancreas,ROI4,other_immune,90,9.8
HPAP-018,Tail of pancreas,ROI4,other_immune,100,8.69
HPAP-018,Tail of pancreas,ROI4,other_immune,110,7.14
HPAP-018,Tail of pancreas,ROI4,other_immune,120,6.54
HPAP-018,Tail of pancreas,ROI4,other_immune,130,3.73
HPAP-018,Tail of pancreas,ROI4,other_immune,140,0.82
HPAP-018,Tail of pancreas,ROI4,other_immune,150,-1.58
HPAP-018,Tail of pancreas,ROI4,other_immune,160,-3.76
HPAP-018,Tail of pancreas,ROI4,other_immune,170,-7.6
HPAP-018,Tail of pancreas,ROI4,other_immune,180,-10.59
HPAP-018,Tail of pancreas,ROI4,other_immune,190,-12.06
HPAP-018,Tail of pancreas,ROI4,other_immune,200,-15.0
HPAP-018,Tail of pancreas,ROI5,cd8_t,10,-10.0
HPAP-018,Tail of pancreas,ROI5,cd8_t,20,-20.0
HPAP-018,Tail of pancreas,ROI5,cd8_t,30,-30.0
HPAP-018,Tail of pancreas,ROI5,cd8_t,40,-40.0
HPAP-018,Tail of pancreas,ROI5,cd8_t,50,-50.0
HPAP-018,Tail of pancreas,ROI5,cd8_t,60,-60.0
HPAP-018,Tail of pancreas,ROI5,cd8_t,70,10.8
HPAP-018,Tail of pancreas,ROI5,cd8_t,80,0.8
HPAP-018,Tail of pancreas,ROI5,cd8_t,90,-9.2
HPAP-018,Tail of pancreas,ROI5,cd8_t,100,14.27
HPAP-018,Tail of pancreas,ROI5,cd8_t,110,4.27
HPAP-018,Tail of pancreas,ROI5,cd8_t,120,-5.73
HPAP-018,Tail of pancreas,ROI5,cd8_t,130,9.95
HPAP-018,Tail of pancreas,ROI5,cd8_t,140,21.6
HPAP-018,Tail of pancreas,ROI5,cd8_t,150,11.6
HPAP-018,Tail of pancreas,ROI5,cd8_t,160,1.6
HPAP-018,Tail of pancreas,ROI5,cd8_t,170,-8.4
HPAP-018,Tail of pancreas,ROI5,cd8_t,180,-18.4
HPAP-018,Tail of pancreas,ROI5,cd8_t,190,-28.4
HPAP-018,Tail of pancreas,ROI5,cd8_t,200,-38.4
HPAP-018,Tail of pancreas,ROI5,other_immune,10,-4.91
HPAP-018,Tail of pancreas,ROI5,other_immune,20,2.81
HPAP-018,Tail of pancreas,ROI5,other_immune,30,4.14
HPAP-018,Tail of pancreas,ROI5,other_immune,40,5.6
HPAP-018,Tail of pancreas,ROI5,other_immune,50,6.18
HPAP-018,Tail of pancreas,ROI5,other_immune,60,6.82
HPAP-018,Tail of pancreas,ROI5,other_immune,70,7.37
HPAP-018,Tail of pancreas,ROI5,other_immune,80,7.77
HPAP-018,Tail of pancreas,ROI5,other_immune,90,8.12
HPAP-018,Tail of pancreas,ROI5,other_immune,100,7.8
HPAP-018,Tail of pancreas,ROI5,other_immune,110,7.27
HPAP-018,Tail of pancreas,ROI5,other_immune,120,6.61
HPAP-018,Tail of pancreas,ROI5,other_immune,130,6.0
HPAP-018,Tail of pancreas,ROI5,other_immune,140,5.3
HPAP-018,Tail of pancreas,ROI5,other_immune,150,4.3
HPAP-018,Tail of pancreas,ROI5,other_immune,160,3.2
HPAP-018,Tail of pancreas,ROI5,other_immune,170,1.99
HPAP-018,Tail of pancreas,ROI5,other_immune,180,0.54
HPAP-018,Tail of pancreas,ROI5,other_immune,190,-0.98
HPAP-018,Tail of pancreas,ROI5,other_immune,200,-2.86
HPAP-026,Head of pancreas,ROI1,macrophage,10,-5.74
HPAP-026,Head of pancreas,ROI1,macrophage,20,8.88
HPAP-026,Head of pancreas,ROI1,macrophage,30,10.39
HPAP-026,Head of pancreas,ROI1,macrophage,40,11.27
HPAP-026,Head of pancreas,ROI1,macrophage,50,11.99
HPAP-026,Head of pancreas,ROI1,macrophage,60,13.25
HPAP-026,Head of pancreas,ROI1,macrophage,70,13.65
HPAP-026,Head of pancreas,ROI1,macrophage,80,14.25
HPAP-026,Head of pancreas,ROI1,macrophage,90,13.6
HPAP-026,Head of pancreas,ROI1,macrophage,100,13.61
HPAP-026,Head of pancreas,ROI1,macrophage,110,13.77
HPAP-026,Head of pancreas,ROI1,macrophage,120,12.95
HPAP-026,Head of pancreas,ROI1,macrophage,130,11.92
HPAP-026,Head of pancreas,ROI1,macrophage,140,11.44
HPAP-026,Head of pancreas,ROI1,macrophage,150,9.99
HPAP-026,Head of pancreas,ROI1,macrophage,160,8.71
HPAP-026,Head of pancreas,ROI1,macrophage,170,7.5
HPAP-026,Head of pancreas,ROI1,macrophage,180,6.95
HPAP-026,Head of pancreas,ROI1,macrophage,190,5.53
HPAP-026,Head of pancreas,ROI1,macrophage,200,3.84
HPAP-026,Head of pancreas,ROI2,cd8_t,10,-10.0
HPAP-026,Head of pancreas,ROI2,cd8_t,20,-20.0
HPAP-026,Head of pancreas,ROI2,cd8_t,30,53.46
HPAP-026,Head of pancreas,ROI2,cd8_t,40,78.03
HPAP-026,Head of pancreas,ROI2,cd8_t,50,68.03
HPAP-026,Head of pancreas,ROI2,cd8_t,60,84.56
HPAP-026,Head of pancreas,ROI2,cd8_t,70,74.56
HPAP-026,Head of pancreas,ROI2,cd8_t,80,64.56
HPAP-026,Head of pancreas,ROI2,cd8_t,90,54.56
HPAP-026,Head of pancreas,ROI2,cd8_t,100,86.62
HPAP-026,Head of pancreas,ROI2,cd8_t,110,94.43
HPAP-026,Head of pancreas,ROI2,cd8_t,120,84.43
HPAP-026,Head of pancreas,ROI2,cd8_t,130,120.38
HPAP-026,Head of pancreas,ROI2,cd8_t,140,110.38
HPAP-026,Head of pancreas,ROI2,cd8_t,150,100.38
HPAP-026,Head of pancreas,ROI2,cd8_t,160,103.92
HPAP-026,Head of pancreas,ROI2,cd8_t,170,93.92
HPAP-026,Head of pancreas,ROI2,cd8_t,180,109.11
HPAP-026,Head of pancreas,ROI2,cd8_t,190,99.11
HPAP-026,Head of pancreas,ROI2,cd8_t,200,100.92
HPAP-026,Head of pancreas,ROI2,macrophage,10,-0.16
HPAP-026,Head of pancreas,ROI2,macrophage,20,16.8
HPAP-026,Head of pancreas,ROI2,macrophage,30,22.05
HPAP-026,Head of pancreas,ROI2,macrophage,40,27.43
HPAP-026,Head of pancreas,ROI2,macrophage,50,28.07
HPAP-026,Head of pancreas,ROI2,macrophage,60,29.07
HPAP-026,Head of pancreas,ROI2,macrophage,70,25.87
HPAP-026,Head of pancreas,ROI2,macrophage,80,27.3
HPAP-026,Head of pancreas,ROI2,macrophage,90,25.54
HPAP-026,Head of pancreas,ROI2,macrophage,100,23.24
HPAP-026,Head of pancreas,ROI2,macrophage,110,20.49
HPAP-026,Head of pancreas,ROI2,macrophage,120,21.51
HPAP-026,Head of pancreas,ROI2,macrophage,130,21.42
HPAP-026,Head of pancreas,ROI2,macrophage,140,21.02
HPAP-026,Head of pancreas,ROI2,macrophage,150,17.21
HPAP-026,Head of pancreas,ROI2,macrophage,160,13.18
HPAP-026,Head of pancreas,ROI2,macrophage,170,11.1
HPAP-026,Head of pancreas,ROI2,macrophage,180,10.22
HPAP-026,Head of pancreas,ROI2,macrophage,190,9.16
HPAP-026,Head of pancreas,ROI2,macrophage,200,9.11
HPAP-026,Head of pancreas,ROI2,other_immune,10,-3.93
HPAP-026,Head of pancreas,ROI2,other_immune,20,6.45
HPAP-026,Head of pancreas,ROI2,other_immune,30,7.89
HPAP-026,Head of pancreas,ROI2,other_immune,40,8.92
HPAP-026,Head of pancreas,ROI2,other_immune,50,10.06
HPAP-026,Head of pancreas,ROI2,other_immune,60,10.76
HPAP-026,Head of pancreas,ROI2,other_immune,70,11.85
HPAP-026,Head of pancreas,ROI2,other_immune,80,12.41
HPAP-026,Head of pancreas,ROI2,other_immune,90,9.32
HPAP-026,Head of pancreas,ROI2,other_immune,100,9.04
HPAP-026,Head of pancreas,ROI2,other_immune,110,9.82
HPAP-026,Head of pancreas,ROI2,other_immune,120,8.28
HPAP-026,Head of pancreas,ROI2,other_immune,130,6.34
HPAP-026,Head of pancreas,ROI2,other_immune,140,4.73
HPAP-026,Head of pancreas,ROI2,other_immune,150,1.92
HPAP-026,Head of pancreas,ROI2,other_immune,160,0.41
HPAP-026,Head of pancreas,ROI2,other_immune,170,-0.44
HPAP-026,Head of pancreas,ROI2,other_immune,180,-0.22
HPAP-026,Head of pancreas,ROI2,other_immune,190,-1.13
HPAP-026,Head of pancreas,ROI2,other_immune,200,-4.24
HPAP-026,Head of pancreas,ROI2,endothelial,10,0.61
HPAP-026,Head of pancreas,ROI2,endothelial,20,29.21
HPAP-026,Head of pancreas,ROI2,endothelial,30,44.67
HPAP-026,Head of pancreas,ROI2,endothelial,40,56.4
HPAP-026,Head of pancreas,ROI2,endothelial,50,62.57
HPAP-026,Head of pancreas,ROI2,endothelial,60,69.99
HPAP-026,Head of pancreas,ROI2,endothelial,70,71.6
HPAP-026,Head of pancreas,ROI2,endothelial,80,74.17
HPAP-026,Head of pancreas,ROI2,endothelial,90,75.79
HPAP-026,Head of pancreas,ROI2,endothelial,100,73.43
HPAP-026,Head of pancreas,ROI2,endothelial,110,72.6
HPAP-026,Head of pancreas,ROI2,endothelial,120,68.82
HPAP-026,Head of pancreas,ROI2,endothelial,130,67.0
HPAP-026,Head of pancreas,ROI2,endothelial,140,62.63
HPAP-026,Head of pancreas,ROI2,endothelial,150,57.44
HPAP-026,Head of pancreas,ROI2,endothelial,160,51.08
HPAP-026,Head of pancreas,ROI2,endothelial,170,46.35
HPAP-026,Head of pancreas,ROI2,endothelial,180,42.13
HPAP-026,Head of pancreas,ROI2,endothelial,190,38.01
HPAP-026,Head of pancreas,ROI2,endothelial,200,32.9
HPAP-026,Head of pancreas,ROI3,cd4_t,10,-10.0
HPAP-026,Head of pancreas,ROI3,cd4_t,20,-20.0
HPAP-026,Head of pancreas,ROI3,cd4_t,30,-30.0
HPAP-026,Head of pancreas,ROI3,cd4_t,40,-40.0
HPAP-026,Head of pancreas,ROI3,cd4_t,50,32.99
HPAP-026,Head of pancreas,ROI3,cd4_t,60,22.99
HPAP-026,Head of pancreas,ROI3,cd4_t,70,12.99
HPAP-026,Head of pancreas,ROI3,cd4_t,80,2.99
HPAP-026,Head of pancreas,ROI3,cd4_t,90,-7.01
HPAP-026,Head of pancreas,ROI3,cd4_t,100,17.37
HPAP-026,Head of pancreas,ROI3,cd4_t,110,7.37
HPAP-026,Head of pancreas,ROI3,cd4_t,120,-2.63
HPAP-026,Head of pancreas,ROI3,cd4_t,130,-12.63
HPAP-026,Head of pancreas,ROI3,cd4_t,140,3.74
HPAP-026,Head of pancreas,ROI3,cd4_t,150,35.57
HPAP-026,Head of pancreas,ROI3,cd4_t,160,25.57
HPAP-026,Head of pancreas,ROI3,cd4_t,170,49.57
HPAP-026,Head of pancreas,ROI3,cd4_t,180,54.73
HPAP-026,Head of pancreas,ROI3,cd4_t,190,44.73
HPAP-026,Head of pancreas,ROI3,cd4_t,200,34.73
HPAP-026,Head of pancreas,ROI3,cd8_t,10,-10.0
HPAP-026,Head of pancreas,ROI3,cd8_t,20,15.99
HPAP-026,Head of pancreas,ROI3,cd8_t,30,20.89
HPAP-026,Head of pancreas,ROI3,cd8_t,40,10.89
HPAP-026,Head of pancreas,ROI3,cd8_t,50,12.33
HPAP-026,Head of pancreas,ROI3,cd8_t,60,35.21
HPAP-026,Head of pancreas,ROI3,cd8_t,70,31.79
HPAP-026,Head of pancreas,ROI3,cd8_t,80,21.79
HPAP-026,Head of pancreas,ROI3,cd8_t,90,34.66
HPAP-026,Head of pancreas,ROI3,cd8_t,100,43.95
HPAP-026,Head of pancreas,ROI3,cd8_t,110,46.86
HPAP-026,Head of pancreas,ROI3,cd8_t,120,48.79
HPAP-026,Head of pancreas,ROI3,cd8_t,130,42.59
HPAP-026,Head of pancreas,ROI3,cd8_t,140,43.5
HPAP-026,Head of pancreas,ROI3,cd8_t,150,50.37
HPAP-026,Head of pancreas,ROI3,cd8_t,160,52.9
HPAP-026,Head of pancreas,ROI3,cd8_t,170,60.43
HPAP-026,Head of pancreas,ROI3,cd8_t,180,69.32
HPAP-026,Head of pancreas,ROI3,cd8_t,190,71.99
HPAP-026,Head of pancreas,ROI3,cd8_t,200,69.3
HPAP-026,Head of pancreas,ROI3,b_cell,10,-10.0
HPAP-026,Head of pancreas,ROI3,b_cell,20,24.36
HPAP-026,Head of pancreas,ROI3,b_cell,30,32.73
HPAP-026,Head of pancreas,ROI3,b_cell,40,36.83
HPAP-026,Head of pancreas,ROI3,b_cell,50,38.72
HPAP-026,Head of pancreas,ROI3,b_cell,60,57.37
HPAP-026,Head of pancreas,ROI3,b_cell,70,55.47
HPAP-026,Head of pancreas,ROI3,b_cell,80,67.13
HPAP-026,Head of pancreas,ROI3,b_cell,90,69.94
HPAP-026,Head of pancreas,ROI3,b_cell,100,59.94
HPAP-026,Head of pancreas,ROI3,b_cell,110,61.81
HPAP-026,Head of pancreas,ROI3,b_cell,120,57.44
HPAP-026,Head of pancreas,ROI3,b_cell,130,52.9
HPAP-026,Head of pancreas,ROI3,b_cell,140,53.36
HPAP-026,Head of pancreas,ROI3,b_cell,150,58.07
HPAP-026,Head of pancreas,ROI3,b_cell,160,61.8
HPAP-026,Head of pancreas,ROI3,b_cell,170,60.5
HPAP-026,Head of pancreas,ROI3,b_cell,180,54.73
HPAP-026,Head of pancreas,ROI3,b_cell,190,56.99
HPAP-026,Head of pancreas,ROI3,b_cell,200,50.94
HPAP-026,Head of pancreas,ROI3,macrophage,10,-0.93
HPAP-026,Head of pancreas,ROI3,macrophage,20,8.77
HPAP-026,Head of pancreas,ROI3,macrophage,30,13.28
HPAP-026,Head of pancreas,ROI3,macrophage,40,16.1
HPAP-026,Head of pancreas,ROI3,macrophage,50,18.36
HPAP-026,Head of pancreas,ROI3,macrophage,60,18.74
HPAP-026,Head of pancreas,ROI3,macrophage,70,20.05
HPAP-026,Head of pancreas,ROI3,macrophage,80,20.7
HPAP-026,Head of pancreas,ROI3,macrophage,90,21.57
HPAP-026,Head of pancreas,ROI3,macrophage,100,21.54
HPAP-026,Head of pancreas,ROI3,macrophage,110,21.65
HPAP-026,Head of pancreas,ROI3,macrophage,120,21.72
HPAP-026,Head of pancreas,ROI3,macrophage,130,20.87
HPAP-026,Head of pancreas,ROI3,macrophage,140,20.07
HPAP-026,Head of pancreas,ROI3,macrophage,150,19.2
HPAP-026,Head of pancreas,ROI3,macrophage,160,18.65
HPAP-026,Head of pancreas,ROI3,macrophage,170,17.5
HPAP-026,Head of pancreas,ROI3,macrophage,180,15.66
HPAP-026,Head of pancreas,ROI3,macrophage,190,14.27
HPAP-026,Head of pancreas,ROI3,macrophage,200,12.64
HPAP-026,Head of pancreas,ROI3,other_immune,10,-0.65
HPAP-026,Head of pancreas,ROI3,other_immune,20,9.45
HPAP-026,Head of pancreas,ROI3,other_immune,30,13.95
HPAP-026,Head of pancreas,ROI3,other_immune,40,17.87
HPAP-026,Head of pancreas,ROI3,other_immune,50,22.69
HPAP-026,Head of pancreas,ROI3,other_immune,60,26.11
HPAP-026,Head of pancreas,ROI3,other_immune,70,28.58
HPAP-026,Head of pancreas,ROI3,other_immune,80,31.17
HPAP-026,Head of pancreas,ROI3,other_immune,90,34.59
HPAP-026,Head of pancreas,ROI3,other_immune,100,37.84
HPAP-026,Head of pancreas,ROI3,other_immune,110,39.98
HPAP-026,Head of pancreas,ROI3,other_immune,120,42.24
HPAP-026,Head of pancreas,ROI3,other_immune,130,44.71
HPAP-026,Head of pancreas,ROI3,other_immune,140,46.94
HPAP-026,Head of pancreas,ROI3,other_immune,150,48.65
HPAP-026,Head of pancreas,ROI3,other_immune,160,50.2
HPAP-026,Head of pancreas,ROI3,other_immune,170,51.6
HPAP-026,Head of pancreas,ROI3,other_immune,180,52.11
HPAP-026,Head of pancreas,ROI3,other_immune,190,53.12
HPAP-026,Head of pancreas,ROI3,other_immune,200,53.8
HPAP-026,Tail of pancreas,ROI1,cd4_t,10,-10.0
HPAP-026,Tail of pancreas,ROI1,cd4_t,20,-20.0
HPAP-026,Tail of pancreas,ROI1,cd4_t,30,-30.0
HPAP-026,Tail of pancreas,ROI1,cd4_t,40,18.89
HPAP-026,Tail of pancreas,ROI1,cd4_t,50,33.28
HPAP-026,Tail of pancreas,ROI1,cd4_t,60,42.0
HPAP-026,Tail of pancreas,ROI1,cd4_t,70,32.0
HPAP-026,Tail of pancreas,ROI1,cd4_t,80,22.0
HPAP-026,Tail of pancreas,ROI1,cd4_t,90,27.78
HPAP-026,Tail of pancreas,ROI1,cd4_t,100,17.78
HPAP-026,Tail of pancreas,ROI1,cd4_t,110,21.68
HPAP-026,Tail of pancreas,ROI1,cd4_t,120,11.68
HPAP-026,Tail of pancreas,ROI1,cd4_t,130,1.68
HPAP-026,Tail of pancreas,ROI1,cd4_t,140,-8.32
HPAP-026,Tail of pancreas,ROI1,cd4_t,150,-18.32
HPAP-026,Tail of pancreas,ROI1,cd4_t,160,-28.32
HPAP-026,Tail of pancreas,ROI1,cd4_t,170,-25.75
HPAP-026,Tail of pancreas,ROI1,cd4_t,180,-24.19
HPAP-026,Tail of pancreas,ROI1,cd4_t,190,-23.44
HPAP-026,Tail of pancreas,ROI1,cd4_t,200,-33.44
HPAP-026,Tail of pancreas,ROI1,cd8_t,10,0.52
HPAP-026,Tail of pancreas,ROI1,cd8_t,20,11.57
HPAP-026,Tail of pancreas,ROI1,cd8_t,30,14.64
HPAP-026,Tail of pancreas,ROI1,cd8_t,40,25.71
HPAP-026,Tail of pancreas,ROI1,cd8_t,50,27.33
HPAP-026,Tail of pancreas,ROI1,cd8_t,60,28.04
HPAP-026,Tail of pancreas,ROI1,cd8_t,70,25.87
HPAP-026,Tail of pancreas,ROI1,cd8_t,80,22.56
HPAP-026,Tail of pancreas,ROI1,cd8_t,90,23.33
HPAP-026,Tail of pancreas,ROI1,cd8_t,100,25.39
HPAP-026,Tail of pancreas,ROI1,cd8_t,110,25.17
HPAP-026,Tail of pancreas,ROI1,cd8_t,120,28.81
HPAP-026,Tail of pancreas,ROI1,cd8_t,130,27.84
HPAP-026,Tail of pancreas,ROI1,cd8_t,140,27.04
HPAP-026,Tail of pancreas,ROI1,cd8_t,150,28.58
HPAP-026,Tail of pancreas,ROI1,cd8_t,160,26.17
HPAP-026,Tail of pancreas,ROI1,cd8_t,170,25.17
HPAP-026,Tail of pancreas,ROI1,cd8_t,180,26.2
HPAP-026,Tail of pancreas,ROI1,cd8_t,190,24.88
HPAP-026,Tail of pancreas,ROI1,cd8_t,200,22.23
HPAP-026,Tail of pancreas,ROI1,macrophage,10,-3.84
HPAP-026,Tail of pancreas,ROI1,macrophage,20,0.98
HPAP-026,Tail of pancreas,ROI1,macrophage,30,2.79
HPAP-026,Tail of pancreas,ROI1,macrophage,40,2.91
HPAP-026,Tail of pancreas,ROI1,macrophage,50,2.32
HPAP-026,Tail of pancreas,ROI1,macrophage,60,2.52
HPAP-026,Tail of pancreas,ROI1,macrophage,70,2.22
HPAP-026,Tail of pancreas,ROI1,macrophage,80,1.3
HPAP-026,Tail of pancreas,ROI1,macrophage,90,1.31
HPAP-026,Tail of pancreas,ROI1,macrophage,100,0.91
HPAP-026,Tail of pancreas,ROI1,macrophage,110,0.3
HPAP-026,Tail of pancreas,ROI1,macrophage,120,-1.09
HPAP-026,Tail of pancreas,ROI1,macrophage,130,-3.34
HPAP-026,Tail of pancreas,ROI1,macrophage,140,-5.37
HPAP-026,Tail of pancreas,ROI1,macrophage,150,-7.26
HPAP-026,Tail of pancreas,ROI1,macrophage,160,-9.29
HPAP-026,Tail of pancreas,ROI1,macrophage,170,-11.63
HPAP-026,Tail of pancreas,ROI1,macrophage,180,-13.38
HPAP-026,Tail of pancreas,ROI1,macrophage,190,-15.15
HPAP-026,Tail of pancreas,ROI1,macrophage,200,-17.19
HPAP-026,Tail of pancreas,ROI1,other_immune,10,12.54
HPAP-026,Tail of pancreas,ROI1,other_immune,20,17.38
HPAP-026,Tail of pancreas,ROI1,other_immune,30,17.81
HPAP-026,Tail of pancreas,ROI1,other_immune,40,22.74
HPAP-026,Tail of pancreas,ROI1,other_immune,50,23.03
HPAP-026,Tail of pancreas,ROI1,other_immune,60,21.26
HPAP-026,Tail of pancreas,ROI1,other_immune,70,22.93
HPAP-026,Tail of pancreas,ROI1,other_immune,80,20.79
HPAP-026,Tail of pancreas,ROI1,other_immune,90,17.5
HPAP-026,Tail of pancreas,ROI1,other_immune,100,16.57
HPAP-026,Tail of pancreas,ROI1,other_immune,110,18.49
HPAP-026,Tail of pancreas,ROI1,other_immune,120,19.39
HPAP-026,Tail of pancreas,ROI1,other_immune,130,17.36
HPAP-026,Tail of pancreas,ROI1,other_immune,140,14.92
HPAP-026,Tail of pancreas,ROI1,other_immune,150,13.31
HPAP-026,Tail of pancreas,ROI1,other_immune,160,11.65
HPAP-026,Tail of pancreas,ROI1,other_immune,170,5.67
HPAP-026,Tail of pancreas,ROI1,other_immune,180,2.41
HPAP-026,Tail of pancreas,ROI1,other_immune,190,-1.09
HPAP-026,Tail of pancreas,ROI1,other_immune,200,-4.49
HPAP-026,Tail of pancreas,ROI1,endothelial,10,5.25
HPAP-026,Tail of pancreas,ROI1,endothelial,20,41.75
HPAP-026,Tail of pancreas,ROI1,endothelial,30,62.5
HPAP-026,Tail of pancreas,ROI1,endothelial,40,78.31
HPAP-026,Tail of pancreas,ROI1,endothelial,50,93.86
HPAP-026,Tail of pancreas,ROI1,endothelial,60,108.84
HPAP-026,Tail of pancreas,ROI1,endothelial,70,117.87
HPAP-026,Tail of pancreas,ROI1,endothelial,80,123.79
HPAP-026,Tail of pancreas,ROI1,endothelial,90,128.65
HPAP-026,Tail of pancreas,ROI1,endothelial,100,131.86
HPAP-026,Tail of pancreas,ROI1,endothelial,110,133.79
HPAP-026,Tail of pancreas,ROI1,endothelial,120,134.15
HPAP-026,Tail of pancreas,ROI1,endothelial,130,135.17
HPAP-026,Tail of pancreas,ROI1,endothelial,140,133.12
HPAP-026,Tail of pancreas,ROI1,endothelial,150,130.43
HPAP-026,Tail of pancreas,ROI1,endothelial,160,126.98
HPAP-026,Tail of pancreas,ROI1,endothelial,170,122.04
HPAP-026,Tail of pancreas,ROI1,endothelial,180,116.86
HPAP-026,Tail of pancreas,ROI1,endothelial,190,110.21
HPAP-026,Tail of pancreas,ROI1,endothelial,200,104.36
HPAP-026,Tail of pancreas,ROI2,macrophage,10,-0.75
HPAP-026,Tail of pancreas,ROI2,macrophage,20,6.96
HPAP-026,Tail of pancreas,ROI2,macrophage,30,8.98
HPAP-026,Tail of pancreas,ROI2,macrophage,40,10.28
HPAP-026,Tail of pancreas,ROI2,macrophage,50,10.97
HPAP-026,Tail of pancreas,ROI2,macrophage,60,12.8
HPAP-026,Tail of pancreas,ROI2,macrophage,70,14.28
HPAP-026,Tail of pancreas,ROI2,macrophage,80,15.26
HPAP-026,Tail of pancreas,ROI2,macrophage,90,15.88
HPAP-026,Tail of pancreas,ROI2,macrophage,100,16.69
HPAP-026,Tail of pancreas,ROI2,macrophage,110,17.16
HPAP-026,Tail of pancreas,ROI2,macrophage,120,17.56
HPAP-026,Tail of pancreas,ROI2,macrophage,130,17.64
HPAP-026,Tail of pancreas,ROI2,macrophage,140,17.72
HPAP-026,Tail of pancreas,ROI2,macrophage,150,17.55
HPAP-026,Tail of pancreas,ROI2,macrophage,160,17.35
HPAP-026,Tail of pancreas,ROI2,macrophage,170,16.42
HPAP-026,Tail of pancreas,ROI2,macrophage,180,15.68
HPAP-026,Tail of pancreas,ROI2,macrophage,190,14.38
HPAP-026,Tail of pancreas,ROI2,macrophage,200,12.99
HPAP-026,Tail of pancreas,ROI2,other_immune,10,-10.0
HPAP-026,Tail of pancreas,ROI2,other_immune,20,21.5
HPAP-026,Tail of pancreas,ROI2,other_immune,30,17.06
HPAP-026,Tail of pancreas,ROI2,other_immune,40,22.75
HPAP-026,Tail of pancreas,ROI2,other_immune,50,21.89
HPAP-026,Tail of pancreas,ROI2,other_immune,60,27.34
HPAP-026,Tail of pancreas,ROI2,other_immune,70,24.12
HPAP-026,Tail of pancreas,ROI2,other_immune,80,28.68
HPAP-026,Tail of pancreas,ROI2,other_immune,90,27.39
HPAP-026,Tail of pancreas,ROI2,other_immune,100,23.52
HPAP-026,Tail of pancreas,ROI2,other_immune,110,28.55
HPAP-026,Tail of pancreas,ROI2,other_immune,120,27.99
HPAP-026,Tail of pancreas,ROI2,other_immune,130,31.51
HPAP-026,Tail of pancreas,ROI2,other_immune,140,33.27
HPAP-026,Tail of pancreas,ROI2,other_immune,150,32.27
HPAP-026,Tail of pancreas,ROI2,other_immune,160,32.77
HPAP-026,Tail of pancreas,ROI2,other_immune,170,31.51
HPAP-026,Tail of pancreas,ROI2,other_immune,180,27.52
HPAP-026,Tail of pancreas,ROI2,other_immune,190,22.79
HPAP-026,Tail of pancreas,ROI2,other_immune,200,17.93
HPAP-026,Tail of pancreas,ROI3,cd4_t,10,-10.0
HPAP-026,Tail of pancreas,ROI3,cd4_t,20,43.28
HPAP-026,Tail of pancreas,ROI3,cd4_t,30,47.5
HPAP-026,Tail of pancreas,ROI3,cd4_t,40,49.49
HPAP-026,Tail of pancreas,ROI3,cd4_t,50,68.38
HPAP-026,Tail of pancreas,ROI3,cd4_t,60,58.38
HPAP-026,Tail of pancreas,ROI3,cd4_t,70,78.4
HPAP-026,Tail of pancreas,ROI3,cd4_t,80,68.4
HPAP-026,Tail of pancreas,ROI3,cd4_t,90,58.4
HPAP-026,Tail of pancreas,ROI3,cd4_t,100,48.4
HPAP-026,Tail of pancreas,ROI3,cd4_t,110,38.4
HPAP-026,Tail of pancreas,ROI3,cd4_t,120,47.41
HPAP-026,Tail of pancreas,ROI3,cd4_t,130,48.97
HPAP-026,Tail of pancreas,ROI3,cd4_t,140,44.48
HPAP-026,Tail of pancreas,ROI3,cd4_t,150,39.83
HPAP-026,Tail of pancreas,ROI3,cd4_t,160,35.03
HPAP-026,Tail of pancreas,ROI3,cd4_t,170,30.1
HPAP-026,Tail of pancreas,ROI3,cd4_t,180,34.58
HPAP-026,Tail of pancreas,ROI3,cd4_t,190,24.58
HPAP-026,Tail of pancreas,ROI3,cd4_t,200,19.19
HPAP-026,Tail of pancreas,ROI3,cd8_t,10,-10.0
HPAP-026,Tail of pancreas,ROI3,cd8_t,20,20.45
HPAP-026,Tail of pancreas,ROI3,cd8_t,30,19.54
HPAP-026,Tail of pancreas,ROI3,cd8_t,40,17.2
HPAP-026,Tail of pancreas,ROI3,cd8_t,50,13.95
HPAP-026,Tail of pancreas,ROI3,cd8_t,60,10.06
HPAP-026,Tail of pancreas,ROI3,cd8_t,70,5.67
HPAP-026,Tail of pancreas,ROI3,cd8_t,80,-4.33
HPAP-026,Tail of pancreas,ROI3,cd8_t,90,-9.11
HPAP-026,Tail of pancreas,ROI3,cd8_t,100,-19.11
HPAP-026,Tail of pancreas,ROI3,cd8_t,110,-19.56
HPAP-026,Tail of pancreas,ROI3,cd8_t,120,-16.88
HPAP-026,Tail of pancreas,ROI3,cd8_t,130,-12.08
HPAP-026,Tail of pancreas,ROI3,cd8_t,140,-12.09
HPAP-026,Tail of pancreas,ROI3,cd8_t,150,-18.94
HPAP-026,Tail of pancreas,ROI3,cd8_t,160,-19.89
HPAP-026,Tail of pancreas,ROI3,cd8_t,170,-18.66
HPAP-026,Tail of pancreas,ROI3,cd8_t,180,-28.66
HPAP-026,Tail of pancreas,ROI3,cd8_t,190,-30.76
HPAP-026,Tail of pancreas,ROI3,cd8_t,200,-35.7
HPAP-026,Tail of pancreas,ROI3,b_cell,10,-10.0
HPAP-026,Tail of pancreas,ROI3,b_cell,20,48.42
HPAP-026,Tail of pancreas,ROI3,b_cell,30,60.51
HPAP-026,Tail of pancreas,ROI3,b_cell,40,73.46
HPAP-026,Tail of pancreas,ROI3,b_cell,50,68.51
HPAP-026,Tail of pancreas,ROI3,b_cell,60,68.0
HPAP-026,Tail of pancreas,ROI3,b_cell,70,62.5
HPAP-026,Tail of pancreas,ROI3,b_cell,80,52.5
HPAP-026,Tail of pancreas,ROI3,b_cell,90,46.84
HPAP-026,Tail of pancreas,ROI3,b_cell,100,45.14
HPAP-026,Tail of pancreas,ROI3,b_cell,110,39.12
HPAP-026,Tail of pancreas,ROI3,b_cell,120,36.77
HPAP-026,Tail of pancreas,ROI3,b_cell,130,30.46
HPAP-026,Tail of pancreas,ROI3,b_cell,140,20.46
HPAP-026,Tail of pancreas,ROI3,b_cell,150,10.46
HPAP-026,Tail of pancreas,ROI3,b_cell,160,7.6
HPAP-026,Tail of pancreas,ROI3,b_cell,170,-2.4
HPAP-026,Tail of pancreas,ROI3,b_cell,180,-5.56
HPAP-026,Tail of pancreas,ROI3,b_cell,190,-8.98
HPAP-026,Tail of pancreas,ROI3,b_cell,200,-12.62
HPAP-026,Tail of pancreas,ROI3,macrophage,10,-6.23
HPAP-026,Tail of pancreas,ROI3,macrophage,20,6.36
HPAP-026,Tail of pancreas,ROI3,macrophage,30,9.14
HPAP-026,Tail of pancreas,ROI3,macrophage,40,10.18
HPAP-026,Tail of pancreas,ROI3,macrophage,50,11.02
HPAP-026,Tail of pancreas,ROI3,macrophage,60,12.01
HPAP-026,Tail of pancreas,ROI3,macrophage,70,11.7
HPAP-026,Tail of pancreas,ROI3,macrophage,80,10.9
HPAP-026,Tail of pancreas,ROI3,macrophage,90,10.07
HPAP-026,Tail of pancreas,ROI3,macrophage,100,8.9
HPAP-026,Tail of pancreas,ROI3,macrophage,110,7.72
HPAP-026,Tail of pancreas,ROI3,macrophage,120,5.93
HPAP-026,Tail of pancreas,ROI3,macrophage,130,3.59
HPAP-026,Tail of pancreas,ROI3,macrophage,140,1.35
HPAP-026,Tail of pancreas,ROI3,macrophage,150,-0.13
HPAP-026,Tail of pancreas,ROI3,macrophage,160,-2.33
HPAP-026,Tail of pancreas,ROI3,macrophage,170,-4.35
HPAP-026,Tail of pancreas,ROI3,macrophage,180,-6.26
HPAP-026,Tail of pancreas,ROI3,macrophage,190,-8.1
HPAP-026,Tail of pancreas,ROI3,macrophage,200,-9.49
HPAP-026,Tail of pancreas,ROI3,other_immune,10,-1.47
HPAP-026,Tail of pancreas,ROI3,other_immune,20,7.64
HPAP-026,Tail of pancreas,ROI3,other_immune,30,9.55
HPAP-026,Tail of pancreas,ROI3,other_immune,40,9.12
HPAP-026,Tail of pancreas,ROI3,other_immune,50,9.19
HPAP-026,Tail of pancreas,ROI3,other_immune,60,9.72
HPAP-026,Tail of pancreas,ROI3,other_immune,70,7.7
HPAP-026,Tail of pancreas,ROI3,other_immune,80,7.32
HPAP-026,Tail of pancreas,ROI3,other_immune,90,5.99
HPAP-026,Tail of pancreas,ROI3,other_immune,100,5.26
HPAP-026,Tail of pancreas,ROI3,other_immune,110,3.52
HPAP-026,Tail of pancreas,ROI3,other_immune,120,2.26
HPAP-026,Tail of pancreas,ROI3,other_immune,130,-0.19
HPAP-026,Tail of pancreas,ROI3,other_immune,140,-3.01
HPAP-026,Tail of pancreas,ROI3,other_immune,150,-5.1
HPAP-026,Tail of pancreas,ROI3,other_immune,160,-5.97
HPAP-026,Tail of pancreas,ROI3,other_immune,170,-8.52
HPAP-026,Tail of pancreas,ROI3,other_immune,180,-9.82
HPAP-026,Tail of pancreas,ROI3,other_immune,190,-12.9
HPAP-026,Tail of pancreas,ROI3,other_immune,200,-15.5
HPAP-026,Tail of pancreas,ROI3,endothelial,10,-10.0
HPAP-026,Tail of pancreas,ROI3,endothelial,20,27.58
HPAP-026,Tail of pancreas,ROI3,endothelial,30,40.04
HPAP-026,Tail of pancreas,ROI3,endothelial,40,51.11
HPAP-026,Tail of pancreas,ROI3,endothelial,50,63.27
HPAP-026,Tail of pancreas,ROI3,endothelial,60,79.4
HPAP-026,Tail of pancreas,ROI3,endothelial,70,93.1
HPAP-026,Tail of pancreas,ROI3,endothelial,80,101.71
HPAP-026,Tail of pancreas,ROI3,endothelial,90,105.71
HPAP-026,Tail of pancreas,ROI3,endothelial,100,111.01
HPAP-026,Tail of pancreas,ROI3,endothelial,110,113.18
HPAP-026,Tail of pancreas,ROI3,endothelial,120,112.29
HPAP-026,Tail of pancreas,ROI3,endothelial,130,114.17
HPAP-026,Tail of pancreas,ROI3,endothelial,140,114.02
HPAP-026,Tail of pancreas,ROI3,endothelial,150,110.26
HPAP-026,Tail of pancreas,ROI3,endothelial,160,106.35
HPAP-026,Tail of pancreas,ROI3,endothelial,170,101.26
HPAP-026,Tail of pancreas,ROI3,endothelial,180,97.11
HPAP-026,Tail of pancreas,ROI3,endothelial,190,90.83
HPAP-026,Tail of pancreas,ROI3,endothelial,200,84.17
HPAP-027,Body of pancreas,ROI1,cd8_t,10,-10.0
HPAP-027,Body of pancreas,ROI1,cd8_t,20,13.5
HPAP-027,Body of pancreas,ROI1,cd8_t,30,17.38
HPAP-027,Body of pancreas,ROI1,cd8_t,40,10.25
HPAP-027,Body of pancreas,ROI1,cd8_t,50,14.88
HPAP-027,Body of pancreas,ROI1,cd8_t,60,16.76
HPAP-027,Body of pancreas,ROI1,cd8_t,70,23.26
HPAP-027,Body of pancreas,ROI1,cd8_t,80,24.61
HPAP-027,Body of pancreas,ROI1,cd8_t,90,29.62
HPAP-027,Body of pancreas,ROI1,cd8_t,100,30.83
HPAP-027,Body of pancreas,ROI1,cd8_t,110,32.14
HPAP-027,Body of pancreas,ROI1,cd8_t,120,28.88
HPAP-027,Body of pancreas,ROI1,cd8_t,130,32.4
HPAP-027,Body of pancreas,ROI1,cd8_t,140,30.0
HPAP-027,Body of pancreas,ROI1,cd8_t,150,28.85
HPAP-027,Body of pancreas,ROI1,cd8_t,160,24.26
HPAP-027,Body of pancreas,ROI1,cd8_t,170,28.9
HPAP-027,Body of pancreas,ROI1,cd8_t,180,28.55
HPAP-027,Body of pancreas,ROI1,cd8_t,190,27.11
HPAP-027,Body of pancreas,ROI1,cd8_t,200,26.6
HPAP-027,Body of pancreas,ROI1,b_cell,10,3.6
HPAP-027,Body of pancreas,ROI1,b_cell,20,18.47
HPAP-027,Body of pancreas,ROI1,b_cell,30,24.4
HPAP-027,Body of pancreas,ROI1,b_cell,40,34.49
HPAP-027,Body of pancreas,ROI1,b_cell,50,36.02
HPAP-027,Body of pancreas,ROI1,b_cell,60,32.25
HPAP-027,Body of pancreas,ROI1,b_cell,70,34.47
HPAP-027,Body of pancreas,ROI1,b_cell,80,37.0
HPAP-027,Body of pancreas,ROI1,b_cell,90,36.86
HPAP-027,Body of pancreas,ROI1,b_cell,100,38.7
HPAP-027,Body of pancreas,ROI1,b_cell,110,45.07
HPAP-027,Body of pancreas,ROI1,b_cell,120,44.34
HPAP-027,Body of pancreas,ROI1,b_cell,130,44.18
HPAP-027,Body of pancreas,ROI1,b_cell,140,45.49
HPAP-027,Body of pancreas,ROI1,b_cell,150,44.73
HPAP-027,Body of pancreas,ROI1,b_cell,160,44.92
HPAP-027,Body of pancreas,ROI1,b_cell,170,42.89
HPAP-027,Body of pancreas,ROI1,b_cell,180,41.82
HPAP-027,Body of pancreas,ROI1,b_cell,190,41.61
HPAP-027,Body of pancreas,ROI1,b_cell,200,42.16
HPAP-027,Body of pancreas,ROI1,macrophage,10,2.95
HPAP-027,Body of pancreas,ROI1,macrophage,20,12.69
HPAP-027,Body of pancreas,ROI1,macrophage,30,16.12
HPAP-027,Body of pancreas,ROI1,macrophage,40,18.4
HPAP-027,Body of pancreas,ROI1,macrophage,50,19.8
HPAP-027,Body of pancreas,ROI1,macrophage,60,19.58
HPAP-027,Body of pancreas,ROI1,macrophage,70,20.46
HPAP-027,Body of pancreas,ROI1,macrophage,80,20.28
HPAP-027,Body of pancreas,ROI1,macrophage,90,20.01
HPAP-027,Body of pancreas,ROI1,macrophage,100,18.44
HPAP-027,Body of pancreas,ROI1,macrophage,110,16.72
HPAP-027,Body of pancreas,ROI1,macrophage,120,15.44
HPAP-027,Body of pancreas,ROI1,macrophage,130,13.89
HPAP-027,Body of pancreas,ROI1,macrophage,140,12.08
HPAP-027,Body of pancreas,ROI1,macrophage,150,10.07
HPAP-027,Body of pancreas,ROI1,macrophage,160,7.59
HPAP-027,Body of pancreas,ROI1,macrophage,170,4.29
HPAP-027,Body of pancreas,ROI1,macrophage,180,1.05
HPAP-027,Body of pancreas,ROI1,macrophage,190,-1.98
HPAP-027,Body of pancreas,ROI1,macrophage,200,-5.72
HPAP-027,Body of pancreas,ROI1,mdsc,10,18.64
HPAP-027,Body of pancreas,ROI1,mdsc,20,29.61
HPAP-027,Body of pancreas,ROI1,mdsc,30,39.31
HPAP-027,Body of pancreas,ROI1,mdsc,40,44.55
HPAP-027,Body of pancreas,ROI1,mdsc,50,46.82
HPAP-027,Body of pancreas,ROI1,mdsc,60,53.53
HPAP-027,Body of pancreas,ROI1,mdsc,70,54.37
HPAP-027,Body of pancreas,ROI1,mdsc,80,52.14
HPAP-027,Body of pancreas,ROI1,mdsc,90,52.38
HPAP-027,Body of pancreas,ROI1,mdsc,100,53.47
HPAP-027,Body of pancreas,ROI1,mdsc,110,54.17
HPAP-027,Body of pancreas,ROI1,mdsc,120,53.2
HPAP-027,Body of pancreas,ROI1,mdsc,130,52.43
HPAP-027,Body of pancreas,ROI1,mdsc,140,51.51
HPAP-027,Body of pancreas,ROI1,mdsc,150,50.19
HPAP-027,Body of pancreas,ROI1,mdsc,160,47.38
HPAP-027,Body of pancreas,ROI1,mdsc,170,48.65
HPAP-027,Body of pancreas,ROI1,mdsc,180,49.63
HPAP-027,Body of pancreas,ROI1,mdsc,190,49.87
HPAP-027,Body of pancreas,ROI1,mdsc,200,48.97
HPAP-027,Body of pancreas,ROI1,other_immune,10,-0.13
HPAP-027,Body of pancreas,ROI1,other_immune,20,9.5
HPAP-027,Body of pancreas,ROI1,other_immune,30,11.81
HPAP-027,Body of pancreas,ROI1,other_immune,40,14.53
HPAP-027,Body of pancreas,ROI1,other_immune,50,16.6
HPAP-027,Body of pancreas,ROI1,other_immune,60,17.84
HPAP-027,Body of pancreas,ROI1,other_immune,70,18.16
HPAP-027,Body of pancreas,ROI1,other_immune,80,18.91
HPAP-027,Body of pancreas,ROI1,other_immune,90,19.76
HPAP-027,Body of pancreas,ROI1,other_immune,100,20.84
HPAP-027,Body of pancreas,ROI1,other_immune,110,20.75
HPAP-027,Body of pancreas,ROI1,other_immune,120,20.38
HPAP-027,Body of pancreas,ROI1,other_immune,130,20.53
HPAP-027,Body of pancreas,ROI1,other_immune,140,20.28
HPAP-027,Body of pancreas,ROI1,other_immune,150,19.77
HPAP-027,Body of pancreas,ROI1,other_immune,160,18.86
HPAP-027,Body of pancreas,ROI1,other_immune,170,18.1
HPAP-027,Body of pancreas,ROI1,other_immune,180,16.89
HPAP-027,Body of pancreas,ROI1,other_immune,190,15.24
HPAP-027,Body of pancreas,ROI1,other_immune,200,13.39
HPAP-027,Body of pancreas,ROI2,cd8_t,10,-10.0
HPAP-027,Body of pancreas,ROI2,cd8_t,20,19.44
HPAP-027,Body of pancreas,ROI2,cd8_t,30,25.78
HPAP-027,Body of pancreas,ROI2,cd8_t,40,38.89
HPAP-027,Body of pancreas,ROI2,cd8_t,50,28.89
HPAP-027,Body of pancreas,ROI2,cd8_t,60,28.2
HPAP-027,Body of pancreas,ROI2,cd8_t,70,22.5
HPAP-027,Body of pancreas,ROI2,cd8_t,80,20.56
HPAP-027,Body of pancreas,ROI2,cd8_t,90,21.56
HPAP-027,Body of pancreas,ROI2,cd8_t,100,21.57
HPAP-027,Body of pancreas,ROI2,cd8_t,110,17.81
HPAP-027,Body of pancreas,ROI2,cd8_t,120,13.76
HPAP-027,Body of pancreas,ROI2,cd8_t,130,6.64
HPAP-027,Body of pancreas,ROI2,cd8_t,140,12.76
HPAP-027,Body of pancreas,ROI2,cd8_t,150,5.29
HPAP-027,Body of pancreas,ROI2,cd8_t,160,5.0
HPAP-027,Body of pancreas,ROI2,cd8_t,170,6.4
HPAP-027,Body of pancreas,ROI2,cd8_t,180,0.75
HPAP-027,Body of pancreas,ROI2,cd8_t,190,-0.84
HPAP-027,Body of pancreas,ROI2,cd8_t,200,-2.78
HPAP-027,Body of pancreas,ROI2,b_cell,10,5.94
HPAP-027,Body of pancreas,ROI2,b_cell,20,22.18
HPAP-027,Body of pancreas,ROI2,b_cell,30,27.48
HPAP-027,Body of pancreas,ROI2,b_cell,40,35.62
HPAP-027,Body of pancreas,ROI2,b_cell,50,35.11
HPAP-027,Body of pancreas,ROI2,b_cell,60,30.89
HPAP-027,Body of pancreas,ROI2,b_cell,70,30.83
HPAP-027,Body of pancreas,ROI2,b_cell,80,28.72
HPAP-027,Body of pancreas,ROI2,b_cell,90,23.3
HPAP-027,Body of pancreas,ROI2,b_cell,100,17.7
HPAP-027,Body of pancreas,ROI2,b_cell,110,17.05
HPAP-027,Body of pancreas,ROI2,b_cell,120,13.39
HPAP-027,Body of pancreas,ROI2,b_cell,130,10.81
HPAP-027,Body of pancreas,ROI2,b_cell,140,7.42
HPAP-027,Body of pancreas,ROI2,b_cell,150,4.99
HPAP-027,Body of pancreas,ROI2,b_cell,160,0.23
HPAP-027,Body of pancreas,ROI2,b_cell,170,-3.55
HPAP-027,Body of pancreas,ROI2,b_cell,180,-7.55
HPAP-027,Body of pancreas,ROI2,b_cell,190,-7.87
HPAP-027,Body of pancreas,ROI2,b_cell,200,-10.02
HPAP-027,Body of pancreas,ROI2,macrophage,10,-3.12
HPAP-027,Body of pancreas,ROI2,macrophage,20,13.71
HPAP-027,Body of pancreas,ROI2,macrophage,30,17.17
HPAP-027,Body of pancreas,ROI2,macrophage,40,24.18
HPAP-027,Body of pancreas,ROI2,macrophage,50,25.69
HPAP-027,Body of pancreas,ROI2,macrophage,60,24.84
HPAP-027,Body of pancreas,ROI2,macrophage,70,26.58
HPAP-027,Body of pancreas,ROI2,macrophage,80,28.15
HPAP-027,Body of pancreas,ROI2,macrophage,90,26.37
HPAP-027,Body of pancreas,ROI2,macrophage,100,26.13
HPAP-027,Body of pancreas,ROI2,macrophage,110,26.41
HPAP-027,Body of pancreas,ROI2,macrophage,120,24.83
HPAP-027,Body of pancreas,ROI2,macrophage,130,23.87
HPAP-027,Body of pancreas,ROI2,macrophage,140,22.4
HPAP-027,Body of pancreas,ROI2,macrophage,150,17.99
HPAP-027,Body of pancreas,ROI2,macrophage,160,14.76
HPAP-027,Body of pancreas,ROI2,macrophage,170,12.45
HPAP-027,Body of pancreas,ROI2,macrophage,180,8.57
HPAP-027,Body of pancreas,ROI2,macrophage,190,3.16
HPAP-027,Body of pancreas,ROI2,macrophage,200,-0.57
HPAP-027,Body of pancreas,ROI2,other_immune,10,0.49
HPAP-027,Body of pancreas,ROI2,other_immune,20,7.16
HPAP-027,Body of pancreas,ROI2,other_immune,30,11.31
HPAP-027,Body of pancreas,ROI2,other_immune,40,11.94
HPAP-027,Body of pancreas,ROI2,other_immune,50,12.79
HPAP-027,Body of pancreas,ROI2,other_immune,60,14.2
HPAP-027,Body of pancreas,ROI2,other_immune,70,14.73
HPAP-027,Body of pancreas,ROI2,other_immune,80,15.31
HPAP-027,Body of pancreas,ROI2,other_immune,90,15.3
HPAP-027,Body of pancreas,ROI2,other_immune,100,15.62
HPAP-027,Body of pancreas,ROI2,other_immune,110,14.47
HPAP-027,Body of pancreas,ROI2,other_immune,120,13.56
HPAP-027,Body of pancreas,ROI2,other_immune,130,13.23
HPAP-027,Body of pancreas,ROI2,other_immune,140,11.49
HPAP-027,Body of pancreas,ROI2,other_immune,150,8.97
HPAP-027,Body of pancreas,ROI2,other_immune,160,7.31
HPAP-027,Body of pancreas,ROI2,other_immune,170,5.78
HPAP-027,Body of pancreas,ROI2,other_immune,180,4.02
HPAP-027,Body of pancreas,ROI2,other_immune,190,2.5
HPAP-027,Body of pancreas,ROI2,other_immune,200,0.35
HPAP-027,Body of pancreas,ROI3,cd8_t,10,16.06
HPAP-027,Body of pancreas,ROI3,cd8_t,20,25.14
HPAP-027,Body of pancreas,ROI3,cd8_t,30,28.27
HPAP-027,Body of pancreas,ROI3,cd8_t,40,42.41
HPAP-027,Body of pancreas,ROI3,cd8_t,50,57.44
HPAP-027,Body of pancreas,ROI3,cd8_t,60,64.97
HPAP-027,Body of pancreas,ROI3,cd8_t,70,57.66
HPAP-027,Body of pancreas,ROI3,cd8_t,80,60.33
HPAP-027,Body of pancreas,ROI3,cd8_t,90,59.7
HPAP-027,Body of pancreas,ROI3,cd8_t,100,56.35
HPAP-027,Body of pancreas,ROI3,cd8_t,110,60.88
HPAP-027,Body of pancreas,ROI3,cd8_t,120,54.81
HPAP-027,Body of pancreas,ROI3,cd8_t,130,59.71
HPAP-027,Body of pancreas,ROI3,cd8_t,140,56.74
HPAP-027,Body of pancreas,ROI3,cd8_t,150,53.53
HPAP-027,Body of pancreas,ROI3,cd8_t,160,46.84
HPAP-027,Body of pancreas,ROI3,cd8_t,170,41.7
HPAP-027,Body of pancreas,ROI3,cd8_t,180,38.02
HPAP-027,Body of pancreas,ROI3,cd8_t,190,31.12
HPAP-027,Body of pancreas,ROI3,cd8_t,200,33.08
HPAP-027,Body of pancreas,ROI3,b_cell,10,7.09
HPAP-027,Body of pancreas,ROI3,b_cell,20,21.86
HPAP-027,Body of pancreas,ROI3,b_cell,30,15.22
HPAP-027,Body of pancreas,ROI3,b_cell,40,14.05
HPAP-027,Body of pancreas,ROI3,b_cell,50,20.47
HPAP-027,Body of pancreas,ROI3,b_cell,60,23.73
HPAP-027,Body of pancreas,ROI3,b_cell,70,25.16
HPAP-027,Body of pancreas,ROI3,b_cell,80,25.36
HPAP-027,Body of pancreas,ROI3,b_cell,90,20.76
HPAP-027,Body of pancreas,ROI3,b_cell,100,18.41
HPAP-027,Body of pancreas,ROI3,b_cell,110,19.03
HPAP-027,Body of pancreas,ROI3,b_cell,120,16.73
HPAP-027,Body of pancreas,ROI3,b_cell,130,12.99
HPAP-027,Body of pancreas,ROI3,b_cell,140,11.91
HPAP-027,Body of pancreas,ROI3,b_cell,150,10.33
HPAP-027,Body of pancreas,ROI3,b_cell,160,3.93
HPAP-027,Body of pancreas,ROI3,b_cell,170,0.91
HPAP-027,Body of pancreas,ROI3,b_cell,180,-2.38
HPAP-027,Body of pancreas,ROI3,b_cell,190,-2.0
HPAP-027,Body of pancreas,ROI3,b_cell,200,-2.9
HPAP-027,Body of pancreas,ROI3,macrophage,10,-1.45
HPAP-027,Body of pancreas,ROI3,macrophage,20,12.54
HPAP-027,Body of pancreas,ROI3,macrophage,30,14.0
HPAP-027,Body of pancreas,ROI3,macrophage,40,13.71
HPAP-027,Body of pancreas,ROI3,macrophage,50,16.2
HPAP-027,Body of pancreas,ROI3,macrophage,60,19.26
HPAP-027,Body of pancreas,ROI3,macrophage,70,20.25
HPAP-027,Body of pancreas,ROI3,macrophage,80,20.03
HPAP-027,Body of pancreas,ROI3,macrophage,90,20.61
HPAP-027,Body of pancreas,ROI3,macrophage,100,20.56
HPAP-027,Body of pancreas,ROI3,macrophage,110,19.9
HPAP-027,Body of pancreas,ROI3,macrophage,120,17.94
HPAP-027,Body of pancreas,ROI3,macrophage,130,17.16
HPAP-027,Body of pancreas,ROI3,macrophage,140,13.84
HPAP-027,Body of pancreas,ROI3,macrophage,150,11.93
HPAP-027,Body of pancreas,ROI3,macrophage,160,10.61
HPAP-027,Body of pancreas,ROI3,macrophage,170,7.43
HPAP-027,Body of pancreas,ROI3,macrophage,180,4.49
HPAP-027,Body of pancreas,ROI3,macrophage,190,4.14
HPAP-027,Body of pancreas,ROI3,macrophage,200,2.07
HPAP-027,Body of pancreas,ROI3,mdsc,10,-10.0
HPAP-027,Body of pancreas,ROI3,mdsc,20,7.89
HPAP-027,Body of pancreas,ROI3,mdsc,30,18.3
HPAP-027,Body of pancreas,ROI3,mdsc,40,8.3
HPAP-027,Body of pancreas,ROI3,mdsc,50,23.78
HPAP-027,Body of pancreas,ROI3,mdsc,60,28.19
HPAP-027,Body of pancreas,ROI3,mdsc,70,34.35
HPAP-027,Body of pancreas,ROI3,mdsc,80,31.55
HPAP-027,Body of pancreas,ROI3,mdsc,90,28.32
HPAP-027,Body of pancreas,ROI3,mdsc,100,30.81
HPAP-027,Body of pancreas,ROI3,mdsc,110,32.2
HPAP-027,Body of pancreas,ROI3,mdsc,120,35.27
HPAP-027,Body of pancreas,ROI3,mdsc,130,27.76
HPAP-027,Body of pancreas,ROI3,mdsc,140,17.76
HPAP-027,Body of pancreas,ROI3,mdsc,150,24.16
HPAP-027,Body of pancreas,ROI3,mdsc,160,24.99
HPAP-027,Body of pancreas,ROI3,mdsc,170,21.19
HPAP-027,Body of pancreas,ROI3,mdsc,180,11.19
HPAP-027,Body of pancreas,ROI3,mdsc,190,7.2
HPAP-027,Body of pancreas,ROI3,mdsc,200,4.93
HPAP-027,Body of pancreas,ROI3,other_immune,10,-1.89
HPAP-027,Body of pancreas,ROI3,other_immune,20,4.7
HPAP-027,Body of pancreas,ROI3,other_immune,30,6.45
HPAP-027,Body of pancreas,ROI3,other_immune,40,6.11
HPAP-027,Body of pancreas,ROI3,other_immune,50,6.02
HPAP-027,Body of pancreas,ROI3,other_immune,60,5.77
HPAP-027,Body of pancreas,ROI3,other_immune,70,6.0
HPAP-027,Body of pancreas,ROI3,other_immune,80,5.9
HPAP-027,Body of pancreas,ROI3,other_immune,90,6.15
HPAP-027,Body of pancreas,ROI3,other_immune,100,6.31
HPAP-027,Body of pancreas,ROI3,other_immune,110,5.98
HPAP-027,Body of pancreas,ROI3,other_immune,120,6.28
HPAP-027,Body of pancreas,ROI3,other_immune,130,5.56
HPAP-027,Body of pancreas,ROI3,other_immune,140,4.58
HPAP-027,Body of pancreas,ROI3,other_immune,150,3.72
HPAP-027,Body of pancreas,ROI3,other_immune,160,2.71
HPAP-027,Body of pancreas,ROI3,other_immune,170,1.55
HPAP-027,Body of pancreas,ROI3,other_immune,180,0.54
HPAP-027,Body of pancreas,ROI3,other_immune,190,-0.81
HPAP-027,Body of pancreas,ROI3,other_immune,200,-2.2
HPAP-027,Body of pancreas,ROI3,endothelial,10,-4.38
HPAP-027,Body of pancreas,ROI3,endothelial,20,4.48
HPAP-027,Body of pancreas,ROI3,endothelial,30,8.09
HPAP-027,Body of pancreas,ROI3,endothelial,40,9.92
HPAP-027,Body of pancreas,ROI3,endothelial,50,10.49
HPAP-027,Body of pancreas,ROI3,endothelial,60,11.92
HPAP-027,Body of pancreas,ROI3,endothelial,70,11.39
HPAP-027,Body of pancreas,ROI3,endothelial,80,12.79
HPAP-027,Body of pancreas,ROI3,endothelial,90,12.49
HPAP-027,Body of pancreas,ROI3,endothelial,100,11.2
HPAP-027,Body of pancreas,ROI3,endothelial,110,10.45
HPAP-027,Body of pancreas,ROI3,endothelial,120,10.15
HPAP-027,Body of pancreas,ROI3,endothelial,130,10.97
HPAP-027,Body of pancreas,ROI3,endothelial,140,9.96
HPAP-027,Body of pancreas,ROI3,endothelial,150,8.85
HPAP-027,Body of pancreas,ROI3,endothelial,160,8.3
HPAP-027,Body of pancreas,ROI3,endothelial,170,9.54
HPAP-027,Body of pancreas,ROI3,endothelial,180,8.96
HPAP-027,Body of pancreas,ROI3,endothelial,190,7.21
HPAP-027,Body of pancreas,ROI3,endothelial,200,5.59
HPAP-027,Head of pancreas,ROI1,cd8_t,10,-1.88
HPAP-027,Head of pancreas,ROI1,cd8_t,20,11.45
HPAP-027,Head of pancreas,ROI1,cd8_t,30,14.62
HPAP-027,Head of pancreas,ROI1,cd8_t,40,17.42
HPAP-027,Head of pancreas,ROI1,cd8_t,50,20.88
HPAP-027,Head of pancreas,ROI1,cd8_t,60,23.68
HPAP-027,Head of pancreas,ROI1,cd8_t,70,25.39
HPAP-027,Head of pancreas,ROI1,cd8_t,80,25.99
HPAP-027,Head of pancreas,ROI1,cd8_t,90,24.83
HPAP-027,Head of pancreas,ROI1,cd8_t,100,24.9
HPAP-027,Head of pancreas,ROI1,cd8_t,110,23.03
HPAP-027,Head of pancreas,ROI1,cd8_t,120,21.16
HPAP-027,Head of pancreas,ROI1,cd8_t,130,18.35
HPAP-027,Head of pancreas,ROI1,cd8_t,140,16.53
HPAP-027,Head of pancreas,ROI1,cd8_t,150,14.05
HPAP-027,Head of pancreas,ROI1,cd8_t,160,11.4
HPAP-027,Head of pancreas,ROI1,cd8_t,170,8.27
HPAP-027,Head of pancreas,ROI1,cd8_t,180,5.55
HPAP-027,Head of pancreas,ROI1,cd8_t,190,2.22
HPAP-027,Head of pancreas,ROI1,cd8_t,200,-1.84
HPAP-027,Head of pancreas,ROI1,macrophage,10,-1.45
HPAP-027,Head of pancreas,ROI1,macrophage,20,10.26
HPAP-027,Head of pancreas,ROI1,macrophage,30,14.77
HPAP-027,Head of pancreas,ROI1,macrophage,40,16.41
HPAP-027,Head of pancreas,ROI1,macrophage,50,17.84
HPAP-027,Head of pancreas,ROI1,macrophage,60,18.88
HPAP-027,Head of pancreas,ROI1,macrophage,70,19.31
HPAP-027,Head of pancreas,ROI1,macrophage,80,19.73
HPAP-027,Head of pancreas,ROI1,macrophage,90,19.18
HPAP-027,Head of pancreas,ROI1,macrophage,100,19.54
HPAP-027,Head of pancreas,ROI1,macrophage,110,19.79
HPAP-027,Head of pancreas,ROI1,macrophage,120,18.63
HPAP-027,Head of pancreas,ROI1,macrophage,130,18.38
HPAP-027,Head of pancreas,ROI1,macrophage,140,17.28
HPAP-027,Head of pancreas,ROI1,macrophage,150,15.94
HPAP-027,Head of pancreas,ROI1,macrophage,160,14.68
HPAP-027,Head of pancreas,ROI1,macrophage,170,12.84
HPAP-027,Head of pancreas,ROI1,macrophage,180,10.88
HPAP-027,Head of pancreas,ROI1,macrophage,190,8.76
HPAP-027,Head of pancreas,ROI1,macrophage,200,6.35
HPAP-027,Head of pancreas,ROI1,endothelial,10,-1.42
HPAP-027,Head of pancreas,ROI1,endothelial,20,40.05
HPAP-027,Head of pancreas,ROI1,endothelial,30,50.01
HPAP-027,Head of pancreas,ROI1,endothelial,40,64.71
HPAP-027,Head of pancreas,ROI1,endothelial,50,71.31
HPAP-027,Head of pancreas,ROI1,endothelial,60,80.16
HPAP-027,Head of pancreas,ROI1,endothelial,70,83.69
HPAP-027,Head of pancreas,ROI1,endothelial,80,87.87
HPAP-027,Head of pancreas,ROI1,endothelial,90,88.29
HPAP-027,Head of pancreas,ROI1,endothelial,100,89.49
HPAP-027,Head of pancreas,ROI1,endothelial,110,88.04
HPAP-027,Head of pancreas,ROI1,endothelial,120,88.0
HPAP-027,Head of pancreas,ROI1,endothelial,130,85.99
HPAP-027,Head of pancreas,ROI1,endothelial,140,86.3
HPAP-027,Head of pancreas,ROI1,endothelial,150,85.85
HPAP-027,Head of pancreas,ROI1,endothelial,160,83.38
HPAP-027,Head of pancreas,ROI1,endothelial,170,82.72
HPAP-027,Head of pancreas,ROI1,endothelial,180,80.46
HPAP-027,Head of pancreas,ROI1,endothelial,190,78.39
HPAP-027,Head of pancreas,ROI1,endothelial,200,74.89
HPAP-027,Head of pancreas,ROI2,cd4_t,10,-10.0
HPAP-027,Head of pancreas,ROI2,cd4_t,20,-20.0
HPAP-027,Head of pancreas,ROI2,cd4_t,30,28.79
HPAP-027,Head of pancreas,ROI2,cd4_t,40,18.79
HPAP-027,Head of pancreas,ROI2,cd4_t,50,33.14
HPAP-027,Head of pancreas,ROI2,cd4_t,60,23.14
HPAP-027,Head of pancreas,ROI2,cd4_t,70,61.45
HPAP-027,Head of pancreas,ROI2,cd4_t,80,51.45
HPAP-027,Head of pancreas,ROI2,cd4_t,90,41.45
HPAP-027,Head of pancreas,ROI2,cd4_t,100,44.0
HPAP-027,Head of pancreas,ROI2,cd4_t,110,45.54
HPAP-027,Head of pancreas,ROI2,cd4_t,120,46.28
HPAP-027,Head of pancreas,ROI2,cd4_t,130,46.37
HPAP-027,Head of pancreas,ROI2,cd4_t,140,36.37
HPAP-027,Head of pancreas,ROI2,cd4_t,150,35.91
HPAP-027,Head of pancreas,ROI2,cd4_t,160,25.91
HPAP-027,Head of pancreas,ROI2,cd4_t,170,15.91
HPAP-027,Head of pancreas,ROI2,cd4_t,180,14.98
HPAP-027,Head of pancreas,ROI2,cd4_t,190,21.96
HPAP-027,Head of pancreas,ROI2,cd4_t,200,27.69
HPAP-027,Head of pancreas,ROI2,cd8_t,10,-0.38
HPAP-027,Head of pancreas,ROI2,cd8_t,20,14.14
HPAP-027,Head of pancreas,ROI2,cd8_t,30,21.45
HPAP-027,Head of pancreas,ROI2,cd8_t,40,26.21
HPAP-027,Head of pancreas,ROI2,cd8_t,50,30.51
HPAP-027,Head of pancreas,ROI2,cd8_t,60,33.79
HPAP-027,Head of pancreas,ROI2,cd8_t,70,37.09
HPAP-027,Head of pancreas,ROI2,cd8_t,80,39.32
HPAP-027,Head of pancreas,ROI2,cd8_t,90,40.68
HPAP-027,Head of pancreas,ROI2,cd8_t,100,42.95
HPAP-027,Head of pancreas,ROI2,cd8_t,110,43.54
HPAP-027,Head of pancreas,ROI2,cd8_t,120,44.44
HPAP-027,Head of pancreas,ROI2,cd8_t,130,43.68
HPAP-027,Head of pancreas,ROI2,cd8_t,140,42.65
HPAP-027,Head of pancreas,ROI2,cd8_t,150,41.54
HPAP-027,Head of pancreas,ROI2,cd8_t,160,40.38
HPAP-027,Head of pancreas,ROI2,cd8_t,170,39.25
HPAP-027,Head of pancreas,ROI2,cd8_t,180,37.46
HPAP-027,Head of pancreas,ROI2,cd8_t,190,35.92
HPAP-027,Head of pancreas,ROI2,cd8_t,200,34.67
HPAP-027,Head of pancreas,ROI2,b_cell,10,-10.0
HPAP-027,Head of pancreas,ROI2,b_cell,20,28.09
HPAP-027,Head of pancreas,ROI2,b_cell,30,38.01
HPAP-027,Head of pancreas,ROI2,b_cell,40,43.29
HPAP-027,Head of pancreas,ROI2,b_cell,50,33.29
HPAP-027,Head of pancreas,ROI2,b_cell,60,23.29
HPAP-027,Head of pancreas,ROI2,b_cell,70,26.18
HPAP-027,Head of pancreas,ROI2,b_cell,80,27.53
HPAP-027,Head of pancreas,ROI2,b_cell,90,37.23
HPAP-027,Head of pancreas,ROI2,b_cell,100,36.02
HPAP-027,Head of pancreas,ROI2,b_cell,110,34.27
HPAP-027,Head of pancreas,ROI2,b_cell,120,24.27
HPAP-027,Head of pancreas,ROI2,b_cell,130,22.07
HPAP-027,Head of pancreas,ROI2,b_cell,140,12.07
HPAP-027,Head of pancreas,ROI2,b_cell,150,9.49
HPAP-027,Head of pancreas,ROI2,b_cell,160,6.58
HPAP-027,Head of pancreas,ROI2,b_cell,170,28.27
HPAP-027,Head of pancreas,ROI2,b_cell,180,18.27
HPAP-027,Head of pancreas,ROI2,b_cell,190,14.02
HPAP-027,Head of pancreas,ROI2,b_cell,200,15.06
HPAP-027,Head of pancreas,ROI2,macrophage,10,-10.0
HPAP-027,Head of pancreas,ROI2,macrophage,20,12.89
HPAP-027,Head of pancreas,ROI2,macrophage,30,17.61
HPAP-027,Head of pancreas,ROI2,macrophage,40,17.87
HPAP-027,Head of pancreas,ROI2,macrophage,50,23.9
HPAP-027,Head of pancreas,ROI2,macrophage,60,24.92
HPAP-027,Head of pancreas,ROI2,macrophage,70,27.62
HPAP-027,Head of pancreas,ROI2,macrophage,80,28.61
HPAP-027,Head of pancreas,ROI2,macrophage,90,30.74
HPAP-027,Head of pancreas,ROI2,macrophage,100,29.79
HPAP-027,Head of pancreas,ROI2,macrophage,110,30.47
HPAP-027,Head of pancreas,ROI2,macrophage,120,27.79
HPAP-027,Head of pancreas,ROI2,macrophage,130,25.77
HPAP-027,Head of pancreas,ROI2,macrophage,140,26.79
HPAP-027,Head of pancreas,ROI2,macrophage,150,26.1
HPAP-027,Head of pancreas,ROI2,macrophage,160,23.97
HPAP-027,Head of pancreas,ROI2,macrophage,170,21.52
HPAP-027,Head of pancreas,ROI2,macrophage,180,19.55
HPAP-027,Head of pancreas,ROI2,macrophage,190,16.28
HPAP-027,Head of pancreas,ROI2,macrophage,200,13.76
HPAP-027,Head of pancreas,ROI2,mdsc,10,-10.0
HPAP-027,Head of pancreas,ROI2,mdsc,20,25.04
HPAP-027,Head of pancreas,ROI2,mdsc,30,43.56
HPAP-027,Head of pancreas,ROI2,mdsc,40,50.09
HPAP-027,Head of pancreas,ROI2,mdsc,50,47.31
HPAP-027,Head of pancreas,ROI2,mdsc,60,44.03
HPAP-027,Head of pancreas,ROI2,mdsc,70,37.23
HPAP-027,Head of pancreas,ROI2,mdsc,80,33.36
HPAP-027,Head of pancreas,ROI2,mdsc,90,29.18
HPAP-027,Head of pancreas,ROI2,mdsc,100,24.72
HPAP-027,Head of pancreas,ROI2,mdsc,110,17.41
HPAP-027,Head of pancreas,ROI2,mdsc,120,12.61
HPAP-027,Head of pancreas,ROI2,mdsc,130,7.61
HPAP-027,Head of pancreas,ROI2,mdsc,140,16.04
HPAP-027,Head of pancreas,ROI2,mdsc,150,18.54
HPAP-027,Head of pancreas,ROI2,mdsc,160,16.39
HPAP-027,Head of pancreas,ROI2,mdsc,170,10.18
HPAP-027,Head of pancreas,ROI2,mdsc,180,7.54
HPAP-027,Head of pancreas,ROI2,mdsc,190,11.45
HPAP-027,Head of pancreas,ROI2,mdsc,200,9.67
HPAP-027,Head of pancreas,ROI2,other_immune,10,-10.0
HPAP-027,Head of pancreas,ROI2,other_immune,20,-1.0
HPAP-027,Head of pancreas,ROI2,other_immune,30,6.79
HPAP-027,Head of pancreas,ROI2,other_immune,40,16.99
HPAP-027,Head of pancreas,ROI2,other_immune,50,15.81
HPAP-027,Head of pancreas,ROI2,other_immune,60,17.17
HPAP-027,Head of pancreas,ROI2,other_immune,70,17.57
HPAP-027,Head of pancreas,ROI2,other_immune,80,14.03
HPAP-027,Head of pancreas,ROI2,other_immune,90,16.19
HPAP-027,Head of pancreas,ROI2,other_immune,100,19.01
HPAP-027,Head of pancreas,ROI2,other_immune,110,19.54
HPAP-027,Head of pancreas,ROI2,other_immune,120,20.56
HPAP-027,Head of pancreas,ROI2,other_immune,130,19.58
HPAP-027,Head of pancreas,ROI2,other_immune,140,19.22
HPAP-027,Head of pancreas,ROI2,other_immune,150,17.77
HPAP-027,Head of pancreas,ROI2,other_immune,160,16.68
HPAP-027,Head of pancreas,ROI2,other_immune,170,14.91
HPAP-027,Head of pancreas,ROI2,other_immune,180,12.33
HPAP-027,Head of pancreas,ROI2,other_immune,190,11.71
HPAP-027,Head of pancreas,ROI2,other_immune,200,9.83
HPAP-027,Head of pancreas,ROI2,fibroblast,10,-2.3
HPAP-027,Head of pancreas,ROI2,fibroblast,20,7.39
HPAP-027,Head of pancreas,ROI2,fibroblast,30,9.49
HPAP-027,Head of pancreas,ROI2,fibroblast,40,12.01
HPAP-027,Head of pancreas,ROI2,fibroblast,50,12.84
HPAP-027,Head of pancreas,ROI2,fibroblast,60,14.48
HPAP-027,Head of pancreas,ROI2,fibroblast,70,16.61
HPAP-027,Head of pancreas,ROI2,fibroblast,80,17.85
HPAP-027,Head of pancreas,ROI2,fibroblast,90,19.2
HPAP-027,Head of pancreas,ROI2,fibroblast,100,18.89
HPAP-027,Head of pancreas,ROI2,fibroblast,110,20.98
HPAP-027,Head of pancreas,ROI2,fibroblast,120,20.15
HPAP-027,Head of pancreas,ROI2,fibroblast,130,18.9
HPAP-027,Head of pancreas,ROI2,fibroblast,140,20.02
HPAP-027,Head of pancreas,ROI2,fibroblast,150,18.61
HPAP-027,Head of pancreas,ROI2,fibroblast,160,18.23
HPAP-027,Head of pancreas,ROI2,fibroblast,170,15.76
HPAP-027,Head of pancreas,ROI2,fibroblast,180,14.13
HPAP-027,Head of pancreas,ROI2,fibroblast,190,10.78
HPAP-027,Head of pancreas,ROI2,fibroblast,200,8.07
HPAP-027,Head of pancreas,ROI3,cd4_t,10,-10.0
HPAP-027,Head of pancreas,ROI3,cd4_t,20,5.27
HPAP-027,Head of pancreas,ROI3,cd4_t,30,2.62
HPAP-027,Head of pancreas,ROI3,cd4_t,40,10.53
HPAP-027,Head of pancreas,ROI3,cd4_t,50,13.59
HPAP-027,Head of pancreas,ROI3,cd4_t,60,18.56
HPAP-027,Head of pancreas,ROI3,cd4_t,70,17.53
HPAP-027,Head of pancreas,ROI3,cd4_t,80,16.76
HPAP-027,Head of pancreas,ROI3,cd4_t,90,17.2
HPAP-027,Head of pancreas,ROI3,cd4_t,100,16.7
HPAP-027,Head of pancreas,ROI3,cd4_t,110,14.64
HPAP-027,Head of pancreas,ROI3,cd4_t,120,11.29
HPAP-027,Head of pancreas,ROI3,cd4_t,130,12.93
HPAP-027,Head of pancreas,ROI3,cd4_t,140,9.48
HPAP-027,Head of pancreas,ROI3,cd4_t,150,11.13
HPAP-027,Head of pancreas,ROI3,cd4_t,160,8.87
HPAP-027,Head of pancreas,ROI3,cd4_t,170,5.05
HPAP-027,Head of pancreas,ROI3,cd4_t,180,0.44
HPAP-027,Head of pancreas,ROI3,cd4_t,190,4.08
HPAP-027,Head of pancreas,ROI3,cd4_t,200,1.08
HPAP-027,Head of pancreas,ROI3,cd8_t,10,-1.64
HPAP-027,Head of pancreas,ROI3,cd8_t,20,5.29
HPAP-027,Head of pancreas,ROI3,cd8_t,30,5.06
HPAP-027,Head of pancreas,ROI3,cd8_t,40,5.15
HPAP-027,Head of pancreas,ROI3,cd8_t,50,6.63
HPAP-027,Head of pancreas,ROI3,cd8_t,60,6.23
HPAP-027,Head of pancreas,ROI3,cd8_t,70,5.47
HPAP-027,Head of pancreas,ROI3,cd8_t,80,4.52
HPAP-027,Head of pancreas,ROI3,cd8_t,90,4.67
HPAP-027,Head of pancreas,ROI3,cd8_t,100,3.26
HPAP-027,Head of pancreas,ROI3,cd8_t,110,2.34
HPAP-027,Head of pancreas,ROI3,cd8_t,120,1.28
HPAP-027,Head of pancreas,ROI3,cd8_t,130,-0.44
HPAP-027,Head of pancreas,ROI3,cd8_t,140,-2.18
HPAP-027,Head of pancreas,ROI3,cd8_t,150,-4.25
HPAP-027,Head of pancreas,ROI3,cd8_t,160,-6.14
HPAP-027,Head of pancreas,ROI3,cd8_t,170,-8.42
HPAP-027,Head of pancreas,ROI3,cd8_t,180,-11.1
HPAP-027,Head of pancreas,ROI3,cd8_t,190,-13.49
HPAP-027,Head of pancreas,ROI3,cd8_t,200,-15.98
HPAP-027,Head of pancreas,ROI3,b_cell,10,-10.0
HPAP-027,Head of pancreas,ROI3,b_cell,20,28.32
HPAP-027,Head of pancreas,ROI3,b_cell,30,32.38
HPAP-027,Head of pancreas,ROI3,b_cell,40,43.7
HPAP-027,Head of pancreas,ROI3,b_cell,50,50.59
HPAP-027,Head of pancreas,ROI3,b_cell,60,61.61
HPAP-027,Head of pancreas,ROI3,b_cell,70,66.68
HPAP-027,Head of pancreas,ROI3,b_cell,80,59.5
HPAP-027,Head of pancreas,ROI3,b_cell,90,57.63
HPAP-027,Head of pancreas,ROI3,b_cell,100,50.24
HPAP-027,Head of pancreas,ROI3,b_cell,110,50.27
HPAP-027,Head of pancreas,ROI3,b_cell,120,47.39
HPAP-027,Head of pancreas,ROI3,b_cell,130,57.15
HPAP-027,Head of pancreas,ROI3,b_cell,140,57.28
HPAP-027,Head of pancreas,ROI3,b_cell,150,56.91
HPAP-027,Head of pancreas,ROI3,b_cell,160,61.44
HPAP-027,Head of pancreas,ROI3,b_cell,170,70.0
HPAP-027,Head of pancreas,ROI3,b_cell,180,75.7
HPAP-027,Head of pancreas,ROI3,b_cell,190,79.05
HPAP-027,Head of pancreas,ROI3,b_cell,200,80.38
HPAP-027,Head of pancreas,ROI3,macrophage,10,-4.95
HPAP-027,Head of pancreas,ROI3,macrophage,20,10.29
HPAP-027,Head of pancreas,ROI3,macrophage,30,11.01
HPAP-027,Head of pancreas,ROI3,macrophage,40,13.66
HPAP-027,Head of pancreas,ROI3,macrophage,50,15.03
HPAP-027,Head of pancreas,ROI3,macrophage,60,16.05
HPAP-027,Head of pancreas,ROI3,macrophage,70,16.99
HPAP-027,Head of pancreas,ROI3,macrophage,80,16.83
HPAP-027,Head of pancreas,ROI3,macrophage,90,15.16
HPAP-027,Head of pancreas,ROI3,macrophage,100,14.99
HPAP-027,Head of pancreas,ROI3,macrophage,110,13.64
HPAP-027,Head of pancreas,ROI3,macrophage,120,11.04
HPAP-027,Head of pancreas,ROI3,macrophage,130,8.79
HPAP-027,Head of pancreas,ROI3,macrophage,140,7.08
HPAP-027,Head of pancreas,ROI3,macrophage,150,5.66
HPAP-027,Head of pancreas,ROI3,macrophage,160,3.87
HPAP-027,Head of pancreas,ROI3,macrophage,170,1.1
HPAP-027,Head of pancreas,ROI3,macrophage,180,-1.47
HPAP-027,Head of pancreas,ROI3,macrophage,190,-3.17
HPAP-027,Head of pancreas,ROI3,macrophage,200,-5.55
HPAP-027,Head of pancreas,ROI3,mdsc,10,3.14
HPAP-027,Head of pancreas,ROI3,mdsc,20,17.17
HPAP-027,Head of pancreas,ROI3,mdsc,30,25.75
HPAP-027,Head of pancreas,ROI3,mdsc,40,31.98
HPAP-027,Head of pancreas,ROI3,mdsc,50,33.11
HPAP-027,Head of pancreas,ROI3,mdsc,60,32.92
HPAP-027,Head of pancreas,ROI3,mdsc,70,30.94
HPAP-027,Head of pancreas,ROI3,mdsc,80,30.73
HPAP-027,Head of pancreas,ROI3,mdsc,90,32.57
HPAP-027,Head of pancreas,ROI3,mdsc,100,26.73
HPAP-027,Head of pancreas,ROI3,mdsc,110,25.93
HPAP-027,Head of pancreas,ROI3,mdsc,120,26.33
HPAP-027,Head of pancreas,ROI3,mdsc,130,25.49
HPAP-027,Head of pancreas,ROI3,mdsc,140,24.13
HPAP-027,Head of pancreas,ROI3,mdsc,150,25.81
HPAP-027,Head of pancreas,ROI3,mdsc,160,25.84
HPAP-027,Head of pancreas,ROI3,mdsc,170,23.13
HPAP-027,Head of pancreas,ROI3,mdsc,180,23.15
HPAP-027,Head of pancreas,ROI3,mdsc,190,23.52
HPAP-027,Head of pancreas,ROI3,mdsc,200,22.23
HPAP-027,Head of pancreas,ROI3,other_immune,10,-2.24
HPAP-027,Head of pancreas,ROI3,other_immune,20,9.71
HPAP-027,Head of pancreas,ROI3,other_immune,30,12.96
HPAP-027,Head of pancreas,ROI3,other_immune,40,15.04
HPAP-027,Head of pancreas,ROI3,other_immune,50,15.37
HPAP-027,Head of pancreas,ROI3,other_immune,60,15.88
HPAP-027,Head of pancreas,ROI3,other_immune,70,15.33
HPAP-027,Head of pancreas,ROI3,other_immune,80,16.27
HPAP-027,Head of pancreas,ROI3,other_immune,90,17.03
HPAP-027,Head of pancreas,ROI3,other_immune,100,17.31
HPAP-027,Head of pancreas,ROI3,other_immune,110,17.39
HPAP-027,Head of pancreas,ROI3,other_immune,120,16.15
HPAP-027,Head of pancreas,ROI3,other_immune,130,15.06
HPAP-027,Head of pancreas,ROI3,other_immune,140,13.53
HPAP-027,Head of pancreas,ROI3,other_immune,150,12.54
HPAP-027,Head of pancreas,ROI3,other_immune,160,10.2
HPAP-027,Head of pancreas,ROI3,other_immune,170,8.54
HPAP-027,Head of pancreas,ROI3,other_immune,180,6.61
HPAP-027,Head of pancreas,ROI3,other_immune,190,3.73
HPAP-027,Head of pancreas,ROI3,other_immune,200,2.1
HPAP-034,Body of pancreas,ROI1,macrophage,10,-10.0
HPAP-034,Body of pancreas,ROI1,macrophage,20,-20.0
HPAP-034,Body of pancreas,ROI1,macrophage,30,-30.0
HPAP-034,Body of pancreas,ROI1,macrophage,40,-40.0
HPAP-034,Body of pancreas,ROI1,macrophage,50,-50.0
HPAP-034,Body of pancreas,ROI1,macrophage,60,-60.0
HPAP-034,Body of pancreas,ROI1,macrophage,70,-22.44
HPAP-034,Body of pancreas,ROI1,macrophage,80,-12.74
HPAP-034,Body of pancreas,ROI1,macrophage,90,-7.63
HPAP-034,Body of pancreas,ROI1,macrophage,100,-4.88
HPAP-034,Body of pancreas,ROI1,macrophage,110,-3.66
HPAP-034,Body of pancreas,ROI1,macrophage,120,-13.66
HPAP-034,Body of pancreas,ROI1,macrophage,130,-23.66
HPAP-034,Body of pancreas,ROI1,macrophage,140,-33.66
HPAP-034,Body of pancreas,ROI1,macrophage,150,-15.49
HPAP-034,Body of pancreas,ROI1,macrophage,160,-17.33
HPAP-034,Body of pancreas,ROI1,macrophage,170,-19.61
HPAP-034,Body of pancreas,ROI1,macrophage,180,-29.61
HPAP-034,Body of pancreas,ROI1,macrophage,190,-25.25
HPAP-034,Body of pancreas,ROI1,macrophage,200,-22.05
HPAP-034,Body of pancreas,ROI1,mdsc,10,-10.0
HPAP-034,Body of pancreas,ROI1,mdsc,20,19.55
HPAP-034,Body of pancreas,ROI1,mdsc,30,15.67
HPAP-034,Body of pancreas,ROI1,mdsc,40,15.93
HPAP-034,Body of pancreas,ROI1,mdsc,50,23.4
HPAP-034,Body of pancreas,ROI1,mdsc,60,21.26
HPAP-034,Body of pancreas,ROI1,mdsc,70,24.14
HPAP-034,Body of pancreas,ROI1,mdsc,80,25.46
HPAP-034,Body of pancreas,ROI1,mdsc,90,25.68
HPAP-034,Body of pancreas,ROI1,mdsc,100,22.25
HPAP-034,Body of pancreas,ROI1,mdsc,110,21.83
HPAP-034,Body of pancreas,ROI1,mdsc,120,22.59
HPAP-034,Body of pancreas,ROI1,mdsc,130,18.56
HPAP-034,Body of pancreas,ROI1,mdsc,140,17.64
HPAP-034,Body of pancreas,ROI1,mdsc,150,16.23
HPAP-034,Body of pancreas,ROI1,mdsc,160,15.39
HPAP-034,Body of pancreas,ROI1,mdsc,170,11.71
HPAP-034,Body of pancreas,ROI1,mdsc,180,9.21
HPAP-034,Body of pancreas,ROI1,mdsc,190,9.49
HPAP-034,Body of pancreas,ROI1,mdsc,200,5.08
HPAP-034,Body of pancreas,ROI1,other_immune,10,0.27
HPAP-034,Body of pancreas,ROI1,other_immune,20,5.33
HPAP-034,Body of pancreas,ROI1,other_immune,30,7.01
HPAP-034,Body of pancreas,ROI1,other_immune,40,6.91
HPAP-034,Body of pancreas,ROI1,other_immune,50,6.78
HPAP-034,Body of pancreas,ROI1,other_immune,60,6.37
HPAP-034,Body of pancreas,ROI1,other_immune,70,5.11
HPAP-034,Body of pancreas,ROI1,other_immune,80,3.96
HPAP-034,Body of pancreas,ROI1,other_immune,90,2.88
HPAP-034,Body of pancreas,ROI1,other_immune,100,1.83
HPAP-034,Body of pancreas,ROI1,other_immune,110,0.2
HPAP-034,Body of pancreas,ROI1,other_immune,120,-1.35
HPAP-034,Body of pancreas,ROI1,other_immune,130,-2.71
HPAP-034,Body of pancreas,ROI1,other_immune,140,-4.14
HPAP-034,Body of pancreas,ROI1,other_immune,150,-5.71
HPAP-034,Body of pancreas,ROI1,other_immune,160,-7.85
HPAP-034,Body of pancreas,ROI1,other_immune,170,-10.26
HPAP-034,Body of pancreas,ROI1,other_immune,180,-12.4
HPAP-034,Body of pancreas,ROI1,other_immune,190,-14.5
HPAP-034,Body of pancreas,ROI1,other_immune,200,-16.96
HPAP-034,Body of pancreas,ROI1,endothelial,10,32.95
HPAP-034,Body of pancreas,ROI1,endothelial,20,88.66
HPAP-034,Body of pancreas,ROI1,endothelial,30,126.19
HPAP-034,Body of pancreas,ROI1,endothelial,40,156.47
HPAP-034,Body of pancreas,ROI1,endothelial,50,179.89
HPAP-034,Body of pancreas,ROI1,endothelial,60,197.07
HPAP-034,Body of pancreas,ROI1,endothelial,70,209.26
HPAP-034,Body of pancreas,ROI1,endothelial,80,216.63
HPAP-034,Body of pancreas,ROI1,endothelial,90,221.42
HPAP-034,Body of pancreas,ROI1,endothelial,100,222.55
HPAP-034,Body of pancreas,ROI1,endothelial,110,221.16
HPAP-034,Body of pancreas,ROI1,endothelial,120,219.28
HPAP-034,Body of pancreas,ROI1,endothelial,130,215.14
HPAP-034,Body of pancreas,ROI1,endothelial,140,208.4
HPAP-034,Body of pancreas,ROI1,endothelial,150,200.71
HPAP-034,Body of pancreas,ROI1,endothelial,160,192.15
HPAP-034,Body of pancreas,ROI1,endothelial,170,182.93
HPAP-034,Body of pancreas,ROI1,endothelial,180,173.2
HPAP-034,Body of pancreas,ROI1,endothelial,190,163.33
HPAP-034,Body of pancreas,ROI1,endothelial,200,154.24
HPAP-034,Body of pancreas,ROI2,cd4_t,10,-10.0
HPAP-034,Body of pancreas,ROI2,cd4_t,20,100.69
HPAP-034,Body of pancreas,ROI2,cd4_t,30,90.69
HPAP-034,Body of pancreas,ROI2,cd4_t,40,80.69
HPAP-034,Body of pancreas,ROI2,cd4_t,50,70.69
HPAP-034,Body of pancreas,ROI2,cd4_t,60,60.69
HPAP-034,Body of pancreas,ROI2,cd4_t,70,50.69
HPAP-034,Body of pancreas,ROI2,cd4_t,80,67.81
HPAP-034,Body of pancreas,ROI2,cd4_t,90,57.81
HPAP-034,Body of pancreas,ROI2,cd4_t,100,47.81
HPAP-034,Body of pancreas,ROI2,cd4_t,110,60.68
HPAP-034,Body of pancreas,ROI2,cd4_t,120,121.38
HPAP-034,Body of pancreas,ROI2,cd4_t,130,111.38
HPAP-034,Body of pancreas,ROI2,cd4_t,140,129.87
HPAP-034,Body of pancreas,ROI2,cd4_t,150,145.62
HPAP-034,Body of pancreas,ROI2,cd4_t,160,135.62
HPAP-034,Body of pancreas,ROI2,cd4_t,170,125.62
HPAP-034,Body of pancreas,ROI2,cd4_t,180,150.52
HPAP-034,Body of pancreas,ROI2,cd4_t,190,151.36
HPAP-034,Body of pancreas,ROI2,cd4_t,200,141.36
HPAP-034,Body of pancreas,ROI2,cd8_t,10,-10.0
HPAP-034,Body of pancreas,ROI2,cd8_t,20,-20.0
HPAP-034,Body of pancreas,ROI2,cd8_t,30,13.59
HPAP-034,Body of pancreas,ROI2,cd8_t,40,21.64
HPAP-034,Body of pancreas,ROI2,cd8_t,50,11.64
HPAP-034,Body of pancreas,ROI2,cd8_t,60,15.5
HPAP-034,Body of pancreas,ROI2,cd8_t,70,36.77
HPAP-034,Body of pancreas,ROI2,cd8_t,80,26.77
HPAP-034,Body of pancreas,ROI2,cd8_t,90,33.28
HPAP-034,Body of pancreas,ROI2,cd8_t,100,30.76
HPAP-034,Body of pancreas,ROI2,cd8_t,110,27.84
HPAP-034,Body of pancreas,ROI2,cd8_t,120,30.99
HPAP-034,Body of pancreas,ROI2,cd8_t,130,33.09
HPAP-034,Body of pancreas,ROI2,cd8_t,140,39.72
HPAP-034,Body of pancreas,ROI2,cd8_t,150,49.74
HPAP-034,Body of pancreas,ROI2,cd8_t,160,53.53
HPAP-034,Body of pancreas,ROI2,cd8_t,170,47.94
HPAP-034,Body of pancreas,ROI2,cd8_t,180,42.25
HPAP-034,Body of pancreas,ROI2,cd8_t,190,32.25
HPAP-034,Body of pancreas,ROI2,cd8_t,200,26.49
HPAP-034,Body of pancreas,ROI2,macrophage,10,26.98
HPAP-034,Body of pancreas,ROI2,macrophage,20,25.29
HPAP-034,Body of pancreas,ROI2,macrophage,30,15.29
HPAP-034,Body of pancreas,ROI2,macrophage,40,24.05
HPAP-034,Body of pancreas,ROI2,macrophage,50,28.44
HPAP-034,Body of pancreas,ROI2,macrophage,60,22.69
HPAP-034,Body of pancreas,ROI2,macrophage,70,20.58
HPAP-034,Body of pancreas,ROI2,macrophage,80,17.84
HPAP-034,Body of pancreas,ROI2,macrophage,90,20.94
HPAP-034,Body of pancreas,ROI2,macrophage,100,19.83
HPAP-034,Body of pancreas,ROI2,macrophage,110,18.1
HPAP-034,Body of pancreas,ROI2,macrophage,120,10.74
HPAP-034,Body of pancreas,ROI2,macrophage,130,8.36
HPAP-034,Body of pancreas,ROI2,macrophage,140,0.81
HPAP-034,Body of pancreas,ROI2,macrophage,150,-2.08
HPAP-034,Body of pancreas,ROI2,macrophage,160,-7.53
HPAP-034,Body of pancreas,ROI2,macrophage,170,-6.7
HPAP-034,Body of pancreas,ROI2,macrophage,180,-0.74
HPAP-034,Body of pancreas,ROI2,macrophage,190,-6.96
HPAP-034,Body of pancreas,ROI2,macrophage,200,-6.08
HPAP-034,Body of pancreas,ROI2,mdsc,10,6.77
HPAP-034,Body of pancreas,ROI2,mdsc,20,18.23
HPAP-034,Body of pancreas,ROI2,mdsc,30,23.54
HPAP-034,Body of pancreas,ROI2,mdsc,40,23.03
HPAP-034,Body of pancreas,ROI2,mdsc,50,21.13
HPAP-034,Body of pancreas,ROI2,mdsc,60,20.29
HPAP-034,Body of pancreas,ROI2,mdsc,70,21.32
HPAP-034,Body of pancreas,ROI2,mdsc,80,20.59
HPAP-034,Body of pancreas,ROI2,mdsc,90,20.02
HPAP-034,Body of pancreas,ROI2,mdsc,100,18.31
HPAP-034,Body of pancreas,ROI2,mdsc,110,17.31
HPAP-034,Body of pancreas,ROI2,mdsc,120,16.41
HPAP-034,Body of pancreas,ROI2,mdsc,130,15.97
HPAP-034,Body of pancreas,ROI2,mdsc,140,15.36
HPAP-034,Body of pancreas,ROI2,mdsc,150,13.98
HPAP-034,Body of pancreas,ROI2,mdsc,160,12.99
HPAP-034,Body of pancreas,ROI2,mdsc,170,10.98
HPAP-034,Body of pancreas,ROI2,mdsc,180,8.34
HPAP-034,Body of pancreas,ROI2,mdsc,190,7.0
HPAP-034,Body of pancreas,ROI2,mdsc,200,5.06
HPAP-034,Body of pancreas,ROI2,other_immune,10,2.26
HPAP-034,Body of pancreas,ROI2,other_immune,20,5.37
HPAP-034,Body of pancreas,ROI2,other_immune,30,5.71
HPAP-034,Body of pancreas,ROI2,other_immune,40,5.4
HPAP-034,Body of pancreas,ROI2,other_immune,50,4.29
HPAP-034,Body of pancreas,ROI2,other_immune,60,3.09
HPAP-034,Body of pancreas,ROI2,other_immune,70,3.29
HPAP-034,Body of pancreas,ROI2,other_immune,80,3.81
HPAP-034,Body of pancreas,ROI2,other_immune,90,3.87
HPAP-034,Body of pancreas,ROI2,other_immune,100,2.37
HPAP-034,Body of pancreas,ROI2,other_immune,110,1.61
HPAP-034,Body of pancreas,ROI2,other_immune,120,1.61
HPAP-034,Body of pancreas,ROI2,other_immune,130,1.05
HPAP-034,Body of pancreas,ROI2,other_immune,140,-0.69
HPAP-034,Body of pancreas,ROI2,other_immune,150,-1.66
HPAP-034,Body of pancreas,ROI2,other_immune,160,-3.45
HPAP-034,Body of pancreas,ROI2,other_immune,170,-5.3
HPAP-034,Body of pancreas,ROI2,other_immune,180,-7.15
HPAP-034,Body of pancreas,ROI2,other_immune,190,-9.17
HPAP-034,Body of pancreas,ROI2,other_immune,200,-10.85
HPAP-034,Body of pancreas,ROI2,endothelial,10,19.56
HPAP-034,Body of pancreas,ROI2,endothelial,20,57.96
HPAP-034,Body of pancreas,ROI2,endothelial,30,82.59
HPAP-034,Body of pancreas,ROI2,endothelial,40,102.64
HPAP-034,Body of pancreas,ROI2,endothelial,50,118.23
HPAP-034,Body of pancreas,ROI2,endothelial,60,131.6
HPAP-034,Body of pancreas,ROI2,endothelial,70,140.26
HPAP-034,Body of pancreas,ROI2,endothelial,80,147.8
HPAP-034,Body of pancreas,ROI2,endothelial,90,153.38
HPAP-034,Body of pancreas,ROI2,endothelial,100,157.98
HPAP-034,Body of pancreas,ROI2,endothelial,110,160.9
HPAP-034,Body of pancreas,ROI2,endothelial,120,162.7
HPAP-034,Body of pancreas,ROI2,endothelial,130,163.21
HPAP-034,Body of pancreas,ROI2,endothelial,140,162.1
HPAP-034,Body of pancreas,ROI2,endothelial,150,160.28
HPAP-034,Body of pancreas,ROI2,endothelial,160,157.63
HPAP-034,Body of pancreas,ROI2,endothelial,170,153.83
HPAP-034,Body of pancreas,ROI2,endothelial,180,149.5
HPAP-034,Body of pancreas,ROI2,endothelial,190,144.55
HPAP-034,Body of pancreas,ROI2,endothelial,200,139.23
HPAP-034,Body of pancreas,ROI3,cd8_t,10,-10.0
HPAP-034,Body of pancreas,ROI3,cd8_t,20,27.75
HPAP-034,Body of pancreas,ROI3,cd8_t,30,37.53
HPAP-034,Body of pancreas,ROI3,cd8_t,40,42.71
HPAP-034,Body of pancreas,ROI3,cd8_t,50,45.5
HPAP-034,Body of pancreas,ROI3,cd8_t,60,56.97
HPAP-034,Body of pancreas,ROI3,cd8_t,70,46.97
HPAP-034,Body of pancreas,ROI3,cd8_t,80,36.97
HPAP-034,Body of pancreas,ROI3,cd8_t,90,26.97
HPAP-034,Body of pancreas,ROI3,cd8_t,100,26.34
HPAP-034,Body of pancreas,ROI3,cd8_t,110,16.34
HPAP-034,Body of pancreas,ROI3,cd8_t,120,6.34
HPAP-034,Body of pancreas,ROI3,cd8_t,130,-3.66
HPAP-034,Body of pancreas,ROI3,cd8_t,140,-13.66
HPAP-034,Body of pancreas,ROI3,cd8_t,150,-6.74
HPAP-034,Body of pancreas,ROI3,cd8_t,160,-16.74
HPAP-034,Body of pancreas,ROI3,cd8_t,170,-11.62
HPAP-034,Body of pancreas,ROI3,cd8_t,180,-21.62
HPAP-034,Body of pancreas,ROI3,cd8_t,190,-11.33
HPAP-034,Body of pancreas,ROI3,cd8_t,200,-21.33
HPAP-034,Body of pancreas,ROI3,macrophage,10,-10.0
HPAP-034,Body of pancreas,ROI3,macrophage,20,20.05
HPAP-034,Body of pancreas,ROI3,macrophage,30,10.05
HPAP-034,Body of pancreas,ROI3,macrophage,40,16.64
HPAP-034,Body of pancreas,ROI3,macrophage,50,24.93
HPAP-034,Body of pancreas,ROI3,macrophage,60,20.1
HPAP-034,Body of pancreas,ROI3,macrophage,70,10.1
HPAP-034,Body of pancreas,ROI3,macrophage,80,4.96
HPAP-034,Body of pancreas,ROI3,macrophage,90,3.93
HPAP-034,Body of pancreas,ROI3,macrophage,100,5.96
HPAP-034,Body of pancreas,ROI3,macrophage,110,-0.32
HPAP-034,Body of pancreas,ROI3,macrophage,120,-10.32
HPAP-034,Body of pancreas,ROI3,macrophage,130,-16.72
HPAP-034,Body of pancreas,ROI3,macrophage,140,-13.35
HPAP-034,Body of pancreas,ROI3,macrophage,150,-14.18
HPAP-034,Body of pancreas,ROI3,macrophage,160,-2.32
HPAP-034,Body of pancreas,ROI3,macrophage,170,2.27
HPAP-034,Body of pancreas,ROI3,macrophage,180,12.08
HPAP-034,Body of pancreas,ROI3,macrophage,190,12.25
HPAP-034,Body of pancreas,ROI3,macrophage,200,13.81
HPAP-034,Body of pancreas,ROI3,mdsc,10,14.1
HPAP-034,Body of pancreas,ROI3,mdsc,20,51.5
HPAP-034,Body of pancreas,ROI3,mdsc,30,68.2
HPAP-034,Body of pancreas,ROI3,mdsc,40,84.77
HPAP-034,Body of pancreas,ROI3,mdsc,50,91.36
HPAP-034,Body of pancreas,ROI3,mdsc,60,102.04
HPAP-034,Body of pancreas,ROI3,mdsc,70,101.11
HPAP-034,Body of pancreas,ROI3,mdsc,80,100.36
HPAP-034,Body of pancreas,ROI3,mdsc,90,96.07
HPAP-034,Body of pancreas,ROI3,mdsc,100,91.91
HPAP-034,Body of pancreas,ROI3,mdsc,110,87.28
HPAP-034,Body of pancreas,ROI3,mdsc,120,83.66
HPAP-034,Body of pancreas,ROI3,mdsc,130,77.89
HPAP-034,Body of pancreas,ROI3,mdsc,140,73.13
HPAP-034,Body of pancreas,ROI3,mdsc,150,66.11
HPAP-034,Body of pancreas,ROI3,mdsc,160,59.05
HPAP-034,Body of pancreas,ROI3,mdsc,170,50.9
HPAP-034,Body of pancreas,ROI3,mdsc,180,45.32
HPAP-034,Body of pancreas,ROI3,mdsc,190,39.66
HPAP-034,Body of pancreas,ROI3,mdsc,200,36.15
HPAP-034,Body of pancreas,ROI3,other_immune,10,6.63
HPAP-034,Body of pancreas,ROI3,other_immune,20,25.49
HPAP-034,Body of pancreas,ROI3,other_immune,30,35.65
HPAP-034,Body of pancreas,ROI3,other_immune,40,41.59
HPAP-034,Body of pancreas,ROI3,other_immune,50,45.23
HPAP-034,Body of pancreas,ROI3,other_immune,60,47.02
HPAP-034,Body of pancreas,ROI3,other_immune,70,46.0
HPAP-034,Body of pancreas,ROI3,other_immune,80,43.95
HPAP-034,Body of pancreas,ROI3,other_immune,90,41.13
HPAP-034,Body of pancreas,ROI3,other_immune,100,37.34
HPAP-034,Body of pancreas,ROI3,other_immune,110,33.55
HPAP-034,Body of pancreas,ROI3,other_immune,120,29.57
HPAP-034,Body of pancreas,ROI3,other_immune,130,27.07
HPAP-034,Body of pancreas,ROI3,other_immune,140,25.23
HPAP-034,Body of pancreas,ROI3,other_immune,150,24.72
HPAP-034,Body of pancreas,ROI3,other_immune,160,23.76
HPAP-034,Body of pancreas,ROI3,other_immune,170,23.34
HPAP-034,Body of pancreas,ROI3,other_immune,180,23.16
HPAP-034,Body of pancreas,ROI3,other_immune,190,23.21
HPAP-034,Body of pancreas,ROI3,other_immune,200,22.94
HPAP-034,Body of pancreas,ROI3,fibroblast,10,-0.99
HPAP-034,Body of pancreas,ROI3,fibroblast,20,2.37
HPAP-034,Body of pancreas,ROI3,fibroblast,30,3.15
HPAP-034,Body of pancreas,ROI3,fibroblast,40,4.69
HPAP-034,Body of pancreas,ROI3,fibroblast,50,4.34
HPAP-034,Body of pancreas,ROI3,fibroblast,60,3.7
HPAP-034,Body of pancreas,ROI3,fibroblast,70,3.35
HPAP-034,Body of pancreas,ROI3,fibroblast,80,2.59
HPAP-034,Body of pancreas,ROI3,fibroblast,90,2.16
HPAP-034,Body of pancreas,ROI3,fibroblast,100,1.26
HPAP-034,Body of pancreas,ROI3,fibroblast,110,-0.12
HPAP-034,Body of pancreas,ROI3,fibroblast,120,-2.15
HPAP-034,Body of pancreas,ROI3,fibroblast,130,-3.73
HPAP-034,Body of pancreas,ROI3,fibroblast,140,-5.43
HPAP-034,Body of pancreas,ROI3,fibroblast,150,-6.71
HPAP-034,Body of pancreas,ROI3,fibroblast,160,-8.2
HPAP-034,Body of pancreas,ROI3,fibroblast,170,-10.15
HPAP-034,Body of pancreas,ROI3,fibroblast,180,-12.14
HPAP-034,Body of pancreas,ROI3,fibroblast,190,-14.43
HPAP-034,Body of pancreas,ROI3,fibroblast,200,-17.41
HPAP-034,Head of pancreas,ROI1,cd8_t,10,-10.0
HPAP-034,Head of pancreas,ROI1,cd8_t,20,-20.0
HPAP-034,Head of pancreas,ROI1,cd8_t,30,-30.0
HPAP-034,Head of pancreas,ROI1,cd8_t,40,11.36
HPAP-034,Head of pancreas,ROI1,cd8_t,50,22.63
HPAP-034,Head of pancreas,ROI1,cd8_t,60,28.96
HPAP-034,Head of pancreas,ROI1,cd8_t,70,32.72
HPAP-034,Head of pancreas,ROI1,cd8_t,80,55.88
HPAP-034,Head of pancreas,ROI1,cd8_t,90,55.27
HPAP-034,Head of pancreas,ROI1,cd8_t,100,54.08
HPAP-034,Head of pancreas,ROI1,cd8_t,110,52.41
HPAP-034,Head of pancreas,ROI1,cd8_t,120,72.17
HPAP-034,Head of pancreas,ROI1,cd8_t,130,68.91
HPAP-034,Head of pancreas,ROI1,cd8_t,140,58.91
HPAP-034,Head of pancreas,ROI1,cd8_t,150,61.76
HPAP-034,Head of pancreas,ROI1,cd8_t,160,57.9
HPAP-034,Head of pancreas,ROI1,cd8_t,170,47.9
HPAP-034,Head of pancreas,ROI1,cd8_t,180,43.87
HPAP-034,Head of pancreas,ROI1,cd8_t,190,33.87
HPAP-034,Head of pancreas,ROI1,cd8_t,200,29.69
HPAP-034,Head of pancreas,ROI1,macrophage,10,21.21
HPAP-034,Head of pancreas,ROI1,macrophage,20,11.21
HPAP-034,Head of pancreas,ROI1,macrophage,30,1.21
HPAP-034,Head of pancreas,ROI1,macrophage,40,14.05
HPAP-034,Head of pancreas,ROI1,macrophage,50,12.42
HPAP-034,Head of pancreas,ROI1,macrophage,60,22.57
HPAP-034,Head of pancreas,ROI1,macrophage,70,42.52
HPAP-034,Head of pancreas,ROI1,macrophage,80,44.83
HPAP-034,Head of pancreas,ROI1,macrophage,90,38.67
HPAP-034,Head of pancreas,ROI1,macrophage,100,39.57
HPAP-034,Head of pancreas,ROI1,macrophage,110,39.67
HPAP-034,Head of pancreas,ROI1,macrophage,120,45.14
HPAP-034,Head of pancreas,ROI1,macrophage,130,43.76
HPAP-034,Head of pancreas,ROI1,macrophage,140,41.97
HPAP-034,Head of pancreas,ROI1,macrophage,150,39.83
HPAP-034,Head of pancreas,ROI1,macrophage,160,32.38
HPAP-034,Head of pancreas,ROI1,macrophage,170,29.83
HPAP-034,Head of pancreas,ROI1,macrophage,180,33.95
HPAP-034,Head of pancreas,ROI1,macrophage,190,35.04
HPAP-034,Head of pancreas,ROI1,macrophage,200,29.33
HPAP-034,Head of pancreas,ROI1,mdsc,10,1.04
HPAP-034,Head of pancreas,ROI1,mdsc,20,7.08
HPAP-034,Head of pancreas,ROI1,mdsc,30,7.83
HPAP-034,Head of pancreas,ROI1,mdsc,40,7.55
HPAP-034,Head of pancreas,ROI1,mdsc,50,7.3
HPAP-034,Head of pancreas,ROI1,mdsc,60,6.92
HPAP-034,Head of pancreas,ROI1,mdsc,70,5.94
HPAP-034,Head of pancreas,ROI1,mdsc,80,5.69
HPAP-034,Head of pancreas,ROI1,mdsc,90,5.33
HPAP-034,Head of pancreas,ROI1,mdsc,100,5.01
HPAP-034,Head of pancreas,ROI1,mdsc,110,4.83
HPAP-034,Head of pancreas,ROI1,mdsc,120,4.37
HPAP-034,Head of pancreas,ROI1,mdsc,130,3.95
HPAP-034,Head of pancreas,ROI1,mdsc,140,3.21
HPAP-034,Head of pancreas,ROI1,mdsc,150,2.28
HPAP-034,Head of pancreas,ROI1,mdsc,160,1.65
HPAP-034,Head of pancreas,ROI1,mdsc,170,0.34
HPAP-034,Head of pancreas,ROI1,mdsc,180,-0.98
HPAP-034,Head of pancreas,ROI1,mdsc,190,-2.22
HPAP-034,Head of pancreas,ROI1,mdsc,200,-4.08
HPAP-034,Head of pancreas,ROI1,other_immune,10,-2.2
HPAP-034,Head of pancreas,ROI1,other_immune,20,4.0
HPAP-034,Head of pancreas,ROI1,other_immune,30,5.08
HPAP-034,Head of pancreas,ROI1,other_immune,40,5.47
HPAP-034,Head of pancreas,ROI1,other_immune,50,5.0
HPAP-034,Head of pancreas,ROI1,other_immune,60,4.72
HPAP-034,Head of pancreas,ROI1,other_immune,70,4.8
HPAP-034,Head of pancreas,ROI1,other_immune,80,4.42
HPAP-034,Head of pancreas,ROI1,other_immune,90,3.94
HPAP-034,Head of pancreas,ROI1,other_immune,100,3.01
HPAP-034,Head of pancreas,ROI1,other_immune,110,1.96
HPAP-034,Head of pancreas,ROI1,other_immune,120,0.59
HPAP-034,Head of pancreas,ROI1,other_immune,130,-0.79
HPAP-034,Head of pancreas,ROI1,other_immune,140,-1.86
HPAP-034,Head of pancreas,ROI1,other_immune,150,-2.99
HPAP-034,Head of pancreas,ROI1,other_immune,160,-3.95
HPAP-034,Head of pancreas,ROI1,other_immune,170,-5.38
HPAP-034,Head of pancreas,ROI1,other_immune,180,-7.29
HPAP-034,Head of pancreas,ROI1,other_immune,190,-9.18
HPAP-034,Head of pancreas,ROI1,other_immune,200,-10.9
HPAP-034,Head of pancreas,ROI2,cd4_t,10,-10.0
HPAP-034,Head of pancreas,ROI2,cd4_t,20,-20.0
HPAP-034,Head of pancreas,ROI2,cd4_t,30,-30.0
HPAP-034,Head of pancreas,ROI2,cd4_t,40,-40.0
HPAP-034,Head of pancreas,ROI2,cd4_t,50,-50.0
HPAP-034,Head of pancreas,ROI2,cd4_t,60,-60.0
HPAP-034,Head of pancreas,ROI2,cd4_t,70,-70.0
HPAP-034,Head of pancreas,ROI2,cd4_t,80,-80.0
HPAP-034,Head of pancreas,ROI2,cd4_t,90,-2.02
HPAP-034,Head of pancreas,ROI2,cd4_t,100,-12.02
HPAP-034,Head of pancreas,ROI2,cd4_t,110,-22.02
HPAP-034,Head of pancreas,ROI2,cd4_t,120,-32.02
HPAP-034,Head of pancreas,ROI2,cd4_t,130,-42.02
HPAP-034,Head of pancreas,ROI2,cd4_t,140,-52.02
HPAP-034,Head of pancreas,ROI2,cd4_t,150,-62.02
HPAP-034,Head of pancreas,ROI2,cd4_t,160,-72.02
HPAP-034,Head of pancreas,ROI2,cd4_t,170,-82.02
HPAP-034,Head of pancreas,ROI2,cd4_t,180,-92.02
HPAP-034,Head of pancreas,ROI2,cd4_t,190,-102.02
HPAP-034,Head of pancreas,ROI2,cd4_t,200,-112.02
HPAP-034,Head of pancreas,ROI2,cd8_t,10,-10.0
HPAP-034,Head of pancreas,ROI2,cd8_t,20,-20.0
HPAP-034,Head of pancreas,ROI2,cd8_t,30,-30.0
HPAP-034,Head of pancreas,ROI2,cd8_t,40,17.6
HPAP-034,Head of pancreas,ROI2,cd8_t,50,31.46
HPAP-034,Head of pancreas,ROI2,cd8_t,60,21.46
HPAP-034,Head of pancreas,ROI2,cd8_t,70,11.46
HPAP-034,Head of pancreas,ROI2,cd8_t,80,1.46
HPAP-034,Head of pancreas,ROI2,cd8_t,90,9.76
HPAP-034,Head of pancreas,ROI2,cd8_t,100,15.2
HPAP-034,Head of pancreas,ROI2,cd8_t,110,5.2
HPAP-034,Head of pancreas,ROI2,cd8_t,120,8.79
HPAP-034,Head of pancreas,ROI2,cd8_t,130,-1.21
HPAP-034,Head of pancreas,ROI2,cd8_t,140,1.09
HPAP-034,Head of pancreas,ROI2,cd8_t,150,2.39
HPAP-034,Head of pancreas,ROI2,cd8_t,160,2.91
HPAP-034,Head of pancreas,ROI2,cd8_t,170,-7.09
HPAP-034,Head of pancreas,ROI2,cd8_t,180,-17.09
HPAP-034,Head of pancreas,ROI2,cd8_t,190,-27.09
HPAP-034,Head of pancreas,ROI2,cd8_t,200,-27.2
HPAP-034,Head of pancreas,ROI2,macrophage,10,15.39
HPAP-034,Head of pancreas,ROI2,macrophage,20,15.9
HPAP-034,Head of pancreas,ROI2,macrophage,30,17.49
HPAP-034,Head of pancreas,ROI2,macrophage,40,24.72
HPAP-034,Head of pancreas,ROI2,macrophage,50,19.52
HPAP-034,Head of pancreas,ROI2,macrophage,60,14.01
HPAP-034,Head of pancreas,ROI2,macrophage,70,14.2
HPAP-034,Head of pancreas,ROI2,macrophage,80,4.2
HPAP-034,Head of pancreas,ROI2,macrophage,90,4.99
HPAP-034,Head of pancreas,ROI2,macrophage,100,6.2
HPAP-034,Head of pancreas,ROI2,macrophage,110,9.07
HPAP-034,Head of pancreas,ROI2,macrophage,120,8.2
HPAP-034,Head of pancreas,ROI2,macrophage,130,1.91
HPAP-034,Head of pancreas,ROI2,macrophage,140,0.2
HPAP-034,Head of pancreas,ROI2,macrophage,150,-5.27
HPAP-034,Head of pancreas,ROI2,macrophage,160,-5.58
HPAP-034,Head of pancreas,ROI2,macrophage,170,-6.46
HPAP-034,Head of pancreas,ROI2,macrophage,180,-9.7
HPAP-034,Head of pancreas,ROI2,macrophage,190,-11.39
HPAP-034,Head of pancreas,ROI2,macrophage,200,-14.31
HPAP-034,Head of pancreas,ROI2,mdsc,10,-0.85
HPAP-034,Head of pancreas,ROI2,mdsc,20,2.04
HPAP-034,Head of pancreas,ROI2,mdsc,30,2.66
HPAP-034,Head of pancreas,ROI2,mdsc,40,2.96
HPAP-034,Head of pancreas,ROI2,mdsc,50,3.92
HPAP-034,Head of pancreas,ROI2,mdsc,60,3.94
HPAP-034,Head of pancreas,ROI2,mdsc,70,4.58
HPAP-034,Head of pancreas,ROI2,mdsc,80,4.4
HPAP-034,Head of pancreas,ROI2,mdsc,90,4.75
HPAP-034,Head of pancreas,ROI2,mdsc,100,4.76
HPAP-034,Head of pancreas,ROI2,mdsc,110,4.26
HPAP-034,Head of pancreas,ROI2,mdsc,120,3.85
HPAP-034,Head of pancreas,ROI2,mdsc,130,4.23
HPAP-034,Head of pancreas,ROI2,mdsc,140,3.98
HPAP-034,Head of pancreas,ROI2,mdsc,150,3.87
HPAP-034,Head of pancreas,ROI2,mdsc,160,3.51
HPAP-034,Head of pancreas,ROI2,mdsc,170,3.51
HPAP-034,Head of pancreas,ROI2,mdsc,180,2.57
HPAP-034,Head of pancreas,ROI2,mdsc,190,1.39
HPAP-034,Head of pancreas,ROI2,mdsc,200,0.4
HPAP-034,Head of pancreas,ROI2,other_immune,10,-3.98
HPAP-034,Head of pancreas,ROI2,other_immune,20,0.6
HPAP-034,Head of pancreas,ROI2,other_immune,30,1.79
HPAP-034,Head of pancreas,ROI2,other_immune,40,1.78
HPAP-034,Head of pancreas,ROI2,other_immune,50,2.47
HPAP-034,Head of pancreas,ROI2,other_immune,60,1.6
HPAP-034,Head of pancreas,ROI2,other_immune,70,0.56
HPAP-034,Head of pancreas,ROI2,other_immune,80,0.35
HPAP-034,Head of pancreas,ROI2,other_immune,90,-0.23
HPAP-034,Head of pancreas,ROI2,other_immune,100,-1.41
HPAP-034,Head of pancreas,ROI2,other_immune,110,-2.31
HPAP-034,Head of pancreas,ROI2,other_immune,120,-3.77
HPAP-034,Head of pancreas,ROI2,other_immune,130,-4.56
HPAP-034,Head of pancreas,ROI2,other_immune,140,-5.45
HPAP-034,Head of pancreas,ROI2,other_immune,150,-6.65
HPAP-034,Head of pancreas,ROI2,other_immune,160,-8.01
HPAP-034,Head of pancreas,ROI2,other_immune,170,-9.12
HPAP-034,Head of pancreas,ROI2,other_immune,180,-11.29
HPAP-034,Head of pancreas,ROI2,other_immune,190,-13.8
HPAP-034,Head of pancreas,ROI2,other_immune,200,-16.07
HPAP-034,Head of pancreas,ROI2,endothelial,10,5.61
HPAP-034,Head of pancreas,ROI2,endothelial,20,35.76
HPAP-034,Head of pancreas,ROI2,endothelial,30,50.03
HPAP-034,Head of pancreas,ROI2,endothelial,40,64.63
HPAP-034,Head of pancreas,ROI2,endothelial,50,75.38
HPAP-034,Head of pancreas,ROI2,endothelial,60,83.9
HPAP-034,Head of pancreas,ROI2,endothelial,70,92.46
HPAP-034,Head of pancreas,ROI2,endothelial,80,98.2
HPAP-034,Head of pancreas,ROI2,endothelial,90,102.39
HPAP-034,Head of pancreas,ROI2,endothelial,100,104.9
HPAP-034,Head of pancreas,ROI2,endothelial,110,107.09
HPAP-034,Head of pancreas,ROI2,endothelial,120,107.63
HPAP-034,Head of pancreas,ROI2,endothelial,130,107.37
HPAP-034,Head of pancreas,ROI2,endothelial,140,106.23
HPAP-034,Head of pancreas,ROI2,endothelial,150,103.88
HPAP-034,Head of pancreas,ROI2,endothelial,160,101.14
HPAP-034,Head of pancreas,ROI2,endothelial,170,96.76
HPAP-034,Head of pancreas,ROI2,endothelial,180,92.08
HPAP-034,Head of pancreas,ROI2,endothelial,190,87.09
HPAP-034,Head of pancreas,ROI2,endothelial,200,81.88
HPAP-034,Head of pancreas,ROI3,cd8_t,10,-10.0
HPAP-034,Head of pancreas,ROI3,cd8_t,20,-20.0
HPAP-034,Head of pancreas,ROI3,cd8_t,30,-30.0
HPAP-034,Head of pancreas,ROI3,cd8_t,40,-40.0
HPAP-034,Head of pancreas,ROI3,cd8_t,50,-50.0
HPAP-034,Head of pancreas,ROI3,cd8_t,60,51.41
HPAP-034,Head of pancreas,ROI3,cd8_t,70,58.64
HPAP-034,Head of pancreas,ROI3,cd8_t,80,48.64
HPAP-034,Head of pancreas,ROI3,cd8_t,90,38.64
HPAP-034,Head of pancreas,ROI3,cd8_t,100,28.64
HPAP-034,Head of pancreas,ROI3,cd8_t,110,18.64
HPAP-034,Head of pancreas,ROI3,cd8_t,120,8.64
HPAP-034,Head of pancreas,ROI3,cd8_t,130,-1.36
HPAP-034,Head of pancreas,ROI3,cd8_t,140,-11.36
HPAP-034,Head of pancreas,ROI3,cd8_t,150,7.55
HPAP-034,Head of pancreas,ROI3,cd8_t,160,10.18
HPAP-034,Head of pancreas,ROI3,cd8_t,170,0.18
HPAP-034,Head of pancreas,ROI3,cd8_t,180,-9.82
HPAP-034,Head of pancreas,ROI3,cd8_t,190,-8.07
HPAP-034,Head of pancreas,ROI3,cd8_t,200,-7.04
HPAP-034,Head of pancreas,ROI3,macrophage,10,13.98
HPAP-034,Head of pancreas,ROI3,macrophage,20,21.54
HPAP-034,Head of pancreas,ROI3,macrophage,30,17.97
HPAP-034,Head of pancreas,ROI3,macrophage,40,18.75
HPAP-034,Head of pancreas,ROI3,macrophage,50,13.46
HPAP-034,Head of pancreas,ROI3,macrophage,60,3.46
HPAP-034,Head of pancreas,ROI3,macrophage,70,-6.54
HPAP-034,Head of pancreas,ROI3,macrophage,80,-4.16
HPAP-034,Head of pancreas,ROI3,macrophage,90,-3.52
HPAP-034,Head of pancreas,ROI3,macrophage,100,-10.26
HPAP-034,Head of pancreas,ROI3,macrophage,110,-8.24
HPAP-034,Head of pancreas,ROI3,macrophage,120,-15.46
HPAP-034,Head of pancreas,ROI3,macrophage,130,-10.08
HPAP-034,Head of pancreas,ROI3,macrophage,140,-15.38
HPAP-034,Head of pancreas,ROI3,macrophage,150,-12.22
HPAP-034,Head of pancreas,ROI3,macrophage,160,-14.11
HPAP-034,Head of pancreas,ROI3,macrophage,170,-18.31
HPAP-034,Head of pancreas,ROI3,macrophage,180,-20.91
HPAP-034,Head of pancreas,ROI3,macrophage,190,-22.11
HPAP-034,Head of pancreas,ROI3,macrophage,200,-27.05
HPAP-034,Head of pancreas,ROI3,mdsc,10,-1.64
HPAP-034,Head of pancreas,ROI3,mdsc,20,1.09
HPAP-034,Head of pancreas,ROI3,mdsc,30,1.88
HPAP-034,Head of pancreas,ROI3,mdsc,40,1.07
HPAP-034,Head of pancreas,ROI3,mdsc,50,0.96
HPAP-034,Head of pancreas,ROI3,mdsc,60,0.84
HPAP-034,Head of pancreas,ROI3,mdsc,70,0.24
HPAP-034,Head of pancreas,ROI3,mdsc,80,-0.94
HPAP-034,Head of pancreas,ROI3,mdsc,90,-2.04
HPAP-034,Head of pancreas,ROI3,mdsc,100,-2.76
HPAP-034,Head of pancreas,ROI3,mdsc,110,-2.93
HPAP-034,Head of pancreas,ROI3,mdsc,120,-3.31
HPAP-034,Head of pancreas,ROI3,mdsc,130,-4.01
HPAP-034,Head of pancreas,ROI3,mdsc,140,-5.41
HPAP-034,Head of pancreas,ROI3,mdsc,150,-7.18
HPAP-034,Head of pancreas,ROI3,mdsc,160,-9.15
HPAP-034,Head of pancreas,ROI3,mdsc,170,-10.37
HPAP-034,Head of pancreas,ROI3,mdsc,180,-12.61
HPAP-034,Head of pancreas,ROI3,mdsc,190,-14.78
HPAP-034,Head of pancreas,ROI3,mdsc,200,-17.04
HPAP-034,Head of pancreas,ROI3,other_immune,10,-1.52
HPAP-034,Head of pancreas,ROI3,other_immune,20,6.3
HPAP-034,Head of pancreas,ROI3,other_immune,30,9.62
HPAP-034,Head of pancreas,ROI3,other_immune,40,11.76
HPAP-034,Head of pancreas,ROI3,other_immune,50,12.75
HPAP-034,Head of pancreas,ROI3,other_immune,60,14.0
HPAP-034,Head of pancreas,ROI3,other_immune,70,14.78
HPAP-034,Head of pancreas,ROI3,other_immune,80,14.71
HPAP-034,Head of pancreas,ROI3,other_immune,90,14.56
HPAP-034,Head of pancreas,ROI3,other_immune,100,13.99
HPAP-034,Head of pancreas,ROI3,other_immune,110,13.12
HPAP-034,Head of pancreas,ROI3,other_immune,120,11.42
HPAP-034,Head of pancreas,ROI3,other_immune,130,9.16
HPAP-034,Head of pancreas,ROI3,other_immune,140,7.56
HPAP-034,Head of pancreas,ROI3,other_immune,150,5.97
HPAP-034,Head of pancreas,ROI3,other_immune,160,3.86
HPAP-034,Head of pancreas,ROI3,other_immune,170,1.77
HPAP-034,Head of pancreas,ROI3,other_immune,180,-0.92
HPAP-034,Head of pancreas,ROI3,other_immune,190,-3.73
HPAP-034,Head of pancreas,ROI3,other_immune,200,-6.32
HPAP-034,Head of pancreas,ROI3,endothelial,10,21.06
HPAP-034,Head of pancreas,ROI3,endothelial,20,58.02
HPAP-034,Head of pancreas,ROI3,endothelial,30,81.33
HPAP-034,Head of pancreas,ROI3,endothelial,40,100.84
HPAP-034,Head of pancreas,ROI3,endothelial,50,113.97
HPAP-034,Head of pancreas,ROI3,endothelial,60,123.92
HPAP-034,Head of pancreas,ROI3,endothelial,70,130.71
HPAP-034,Head of pancreas,ROI3,endothelial,80,133.35
HPAP-034,Head of pancreas,ROI3,endothelial,90,132.17
HPAP-034,Head of pancreas,ROI3,endothelial,100,128.75
HPAP-034,Head of pancreas,ROI3,endothelial,110,122.93
HPAP-034,Head of pancreas,ROI3,endothelial,120,116.45
HPAP-034,Head of pancreas,ROI3,endothelial,130,109.69
HPAP-034,Head of pancreas,ROI3,endothelial,140,103.49
HPAP-034,Head of pancreas,ROI3,endothelial,150,97.01
HPAP-034,Head of pancreas,ROI3,endothelial,160,91.21
HPAP-034,Head of pancreas,ROI3,endothelial,170,86.15
HPAP-034,Head of pancreas,ROI3,endothelial,180,81.67
HPAP-034,Head of pancreas,ROI3,endothelial,190,77.66
HPAP-034,Head of pancreas,ROI3,endothelial,200,74.31
HPAP-034,Tail of pancreas,ROI1,macrophage,10,-10.0
HPAP-034,Tail of pancreas,ROI1,macrophage,20,9.19
HPAP-034,Tail of pancreas,ROI1,macrophage,30,-0.81
HPAP-034,Tail of pancreas,ROI1,macrophage,40,1.28
HPAP-034,Tail of pancreas,ROI1,macrophage,50,4.61
HPAP-034,Tail of pancreas,ROI1,macrophage,60,1.93
HPAP-034,Tail of pancreas,ROI1,macrophage,70,1.51
HPAP-034,Tail of pancreas,ROI1,macrophage,80,-5.57
HPAP-034,Tail of pancreas,ROI1,macrophage,90,-10.05
HPAP-034,Tail of pancreas,ROI1,macrophage,100,-17.43
HPAP-034,Tail of pancreas,ROI1,macrophage,110,-15.41
HPAP-034,Tail of pancreas,ROI1,macrophage,120,-16.79
HPAP-034,Tail of pancreas,ROI1,macrophage,130,-9.64
HPAP-034,Tail of pancreas,ROI1,macrophage,140,-7.83
HPAP-034,Tail of pancreas,ROI1,macrophage,150,-11.53
HPAP-034,Tail of pancreas,ROI1,macrophage,160,-12.59
HPAP-034,Tail of pancreas,ROI1,macrophage,170,-15.53
HPAP-034,Tail of pancreas,ROI1,macrophage,180,-12.3
HPAP-034,Tail of pancreas,ROI1,macrophage,190,-14.85
HPAP-034,Tail of pancreas,ROI1,macrophage,200,-13.08
HPAP-034,Tail of pancreas,ROI1,mdsc,10,2.41
HPAP-034,Tail of pancreas,ROI1,mdsc,20,11.73
HPAP-034,Tail of pancreas,ROI1,mdsc,30,17.72
HPAP-034,Tail of pancreas,ROI1,mdsc,40,22.22
HPAP-034,Tail of pancreas,ROI1,mdsc,50,25.64
HPAP-034,Tail of pancreas,ROI1,mdsc,60,29.53
HPAP-034,Tail of pancreas,ROI1,mdsc,70,32.15
HPAP-034,Tail of pancreas,ROI1,mdsc,80,34.7
HPAP-034,Tail of pancreas,ROI1,mdsc,90,37.35
HPAP-034,Tail of pancreas,ROI1,mdsc,100,39.59
HPAP-034,Tail of pancreas,ROI1,mdsc,110,41.22
HPAP-034,Tail of pancreas,ROI1,mdsc,120,42.22
HPAP-034,Tail of pancreas,ROI1,mdsc,130,43.17
HPAP-034,Tail of pancreas,ROI1,mdsc,140,43.67
HPAP-034,Tail of pancreas,ROI1,mdsc,150,43.95
HPAP-034,Tail of pancreas,ROI1,mdsc,160,43.8
HPAP-034,Tail of pancreas,ROI1,mdsc,170,43.83
HPAP-034,Tail of pancreas,ROI1,mdsc,180,43.65
HPAP-034,Tail of pancreas,ROI1,mdsc,190,42.86
HPAP-034,Tail of pancreas,ROI1,mdsc,200,41.85
HPAP-034,Tail of pancreas,ROI1,other_immune,10,4.16
HPAP-034,Tail of pancreas,ROI1,other_immune,20,10.03
HPAP-034,Tail of pancreas,ROI1,other_immune,30,12.24
HPAP-034,Tail of pancreas,ROI1,other_immune,40,12.02
HPAP-034,Tail of pancreas,ROI1,other_immune,50,12.52
HPAP-034,Tail of pancreas,ROI1,other_immune,60,14.24
HPAP-034,Tail of pancreas,ROI1,other_immune,70,15.88
HPAP-034,Tail of pancreas,ROI1,other_immune,80,14.97
HPAP-034,Tail of pancreas,ROI1,other_immune,90,14.03
HPAP-034,Tail of pancreas,ROI1,other_immune,100,14.49
HPAP-034,Tail of pancreas,ROI1,other_immune,110,13.58
HPAP-034,Tail of pancreas,ROI1,other_immune,120,13.41
HPAP-034,Tail of pancreas,ROI1,other_immune,130,12.63
HPAP-034,Tail of pancreas,ROI1,other_immune,140,11.89
HPAP-034,Tail of pancreas,ROI1,other_immune,150,10.3
HPAP-034,Tail of pancreas,ROI1,other_immune,160,9.53
HPAP-034,Tail of pancreas,ROI1,other_immune,170,9.02
HPAP-034,Tail of pancreas,ROI1,other_immune,180,6.43
HPAP-034,Tail of pancreas,ROI1,other_immune,190,4.58
HPAP-034,Tail of pancreas,ROI1,other_immune,200,2.85
HPAP-034,Tail of pancreas,ROI1,fibroblast,10,5.15
HPAP-034,Tail of pancreas,ROI1,fibroblast,20,12.72
HPAP-034,Tail of pancreas,ROI1,fibroblast,30,18.69
HPAP-034,Tail of pancreas,ROI1,fibroblast,40,20.59
HPAP-034,Tail of pancreas,ROI1,fibroblast,50,21.85
HPAP-034,Tail of pancreas,ROI1,fibroblast,60,23.66
HPAP-034,Tail of pancreas,ROI1,fibroblast,70,24.6
HPAP-034,Tail of pancreas,ROI1,fibroblast,80,23.11
HPAP-034,Tail of pancreas,ROI1,fibroblast,90,23.53
HPAP-034,Tail of pancreas,ROI1,fibroblast,100,22.6
HPAP-034,Tail of pancreas,ROI1,fibroblast,110,19.87
HPAP-034,Tail of pancreas,ROI1,fibroblast,120,18.14
HPAP-034,Tail of pancreas,ROI1,fibroblast,130,14.9
HPAP-034,Tail of pancreas,ROI1,fibroblast,140,14.85
HPAP-034,Tail of pancreas,ROI1,fibroblast,150,16.17
HPAP-034,Tail of pancreas,ROI1,fibroblast,160,16.11
HPAP-034,Tail of pancreas,ROI1,fibroblast,170,15.11
HPAP-034,Tail of pancreas,ROI1,fibroblast,180,14.97
HPAP-034,Tail of pancreas,ROI1,fibroblast,190,14.45
HPAP-034,Tail of pancreas,ROI1,fibroblast,200,15.83
HPAP-034,Tail of pancreas,ROI2,cd8_t,10,27.02
HPAP-034,Tail of pancreas,ROI2,cd8_t,20,17.02
HPAP-034,Tail of pancreas,ROI2,cd8_t,30,60.68
HPAP-034,Tail of pancreas,ROI2,cd8_t,40,64.71
HPAP-034,Tail of pancreas,ROI2,cd8_t,50,78.24
HPAP-034,Tail of pancreas,ROI2,cd8_t,60,73.48
HPAP-034,Tail of pancreas,ROI2,cd8_t,70,73.38
HPAP-034,Tail of pancreas,ROI2,cd8_t,80,72.64
HPAP-034,Tail of pancreas,ROI2,cd8_t,90,62.64
HPAP-034,Tail of pancreas,ROI2,cd8_t,100,69.65
HPAP-034,Tail of pancreas,ROI2,cd8_t,110,63.64
HPAP-034,Tail of pancreas,ROI2,cd8_t,120,53.64
HPAP-034,Tail of pancreas,ROI2,cd8_t,130,51.36
HPAP-034,Tail of pancreas,ROI2,cd8_t,140,45.1
HPAP-034,Tail of pancreas,ROI2,cd8_t,150,35.1
HPAP-034,Tail of pancreas,ROI2,cd8_t,160,25.1
HPAP-034,Tail of pancreas,ROI2,cd8_t,170,18.77
HPAP-034,Tail of pancreas,ROI2,cd8_t,180,19.36
HPAP-034,Tail of pancreas,ROI2,cd8_t,190,22.67
HPAP-034,Tail of pancreas,ROI2,cd8_t,200,31.19
HPAP-034,Tail of pancreas,ROI2,macrophage,10,4.52
HPAP-034,Tail of pancreas,ROI2,macrophage,20,12.48
HPAP-034,Tail of pancreas,ROI2,macrophage,30,13.57
HPAP-034,Tail of pancreas,ROI2,macrophage,40,11.97
HPAP-034,Tail of pancreas,ROI2,macrophage,50,10.59
HPAP-034,Tail of pancreas,ROI2,macrophage,60,11.16
HPAP-034,Tail of pancreas,ROI2,macrophage,70,11.91
HPAP-034,Tail of pancreas,ROI2,macrophage,80,11.17
HPAP-034,Tail of pancreas,ROI2,macrophage,90,10.84
HPAP-034,Tail of pancreas,ROI2,macrophage,100,8.89
HPAP-034,Tail of pancreas,ROI2,macrophage,110,8.18
HPAP-034,Tail of pancreas,ROI2,macrophage,120,7.79
HPAP-034,Tail of pancreas,ROI2,macrophage,130,6.57
HPAP-034,Tail of pancreas,ROI2,macrophage,140,3.94
HPAP-034,Tail of pancreas,ROI2,macrophage,150,2.06
HPAP-034,Tail of pancreas,ROI2,macrophage,160,2.78
HPAP-034,Tail of pancreas,ROI2,macrophage,170,2.47
HPAP-034,Tail of pancreas,ROI2,macrophage,180,0.13
HPAP-034,Tail of pancreas,ROI2,macrophage,190,-1.96
HPAP-034,Tail of pancreas,ROI2,macrophage,200,-4.16
HPAP-034,Tail of pancreas,ROI2,mdsc,10,-0.44
HPAP-034,Tail of pancreas,ROI2,mdsc,20,5.88
HPAP-034,Tail of pancreas,ROI2,mdsc,30,5.91
HPAP-034,Tail of pancreas,ROI2,mdsc,40,5.14
HPAP-034,Tail of pancreas,ROI2,mdsc,50,5.07
HPAP-034,Tail of pancreas,ROI2,mdsc,60,3.14
HPAP-034,Tail of pancreas,ROI2,mdsc,70,2.08
HPAP-034,Tail of pancreas,ROI2,mdsc,80,0.87
HPAP-034,Tail of pancreas,ROI2,mdsc,90,-0.32
HPAP-034,Tail of pancreas,ROI2,mdsc,100,-1.81
HPAP-034,Tail of pancreas,ROI2,mdsc,110,-2.76
HPAP-034,Tail of pancreas,ROI2,mdsc,120,-3.37
HPAP-034,Tail of pancreas,ROI2,mdsc,130,-4.6
HPAP-034,Tail of pancreas,ROI2,mdsc,140,-5.61
HPAP-034,Tail of pancreas,ROI2,mdsc,150,-6.95
HPAP-034,Tail of pancreas,ROI2,mdsc,160,-8.11
HPAP-034,Tail of pancreas,ROI2,mdsc,170,-9.84
HPAP-034,Tail of pancreas,ROI2,mdsc,180,-11.15
HPAP-034,Tail of pancreas,ROI2,mdsc,190,-12.81
HPAP-034,Tail of pancreas,ROI2,mdsc,200,-14.3
HPAP-034,Tail of pancreas,ROI2,other_immune,10,-2.88
HPAP-034,Tail of pancreas,ROI2,other_immune,20,0.02
HPAP-034,Tail of pancreas,ROI2,other_immune,30,0.64
HPAP-034,Tail of pancreas,ROI2,other_immune,40,0.65
HPAP-034,Tail of pancreas,ROI2,other_immune,50,0.5
HPAP-034,Tail of pancreas,ROI2,other_immune,60,-0.31
HPAP-034,Tail of pancreas,ROI2,other_immune,70,-1.11
HPAP-034,Tail of pancreas,ROI2,other_immune,80,-2.2
HPAP-034,Tail of pancreas,ROI2,other_immune,90,-3.1
HPAP-034,Tail of pancreas,ROI2,other_immune,100,-4.17
HPAP-034,Tail of pancreas,ROI2,other_immune,110,-5.13
HPAP-034,Tail of pancreas,ROI2,other_immune,120,-5.21
HPAP-034,Tail of pancreas,ROI2,other_immune,130,-6.26
HPAP-034,Tail of pancreas,ROI2,other_immune,140,-7.2
HPAP-034,Tail of pancreas,ROI2,other_immune,150,-8.49
HPAP-034,Tail of pancreas,ROI2,other_immune,160,-9.56
HPAP-034,Tail of pancreas,ROI2,other_immune,170,-10.8
HPAP-034,Tail of pancreas,ROI2,other_immune,180,-12.19
HPAP-034,Tail of pancreas,ROI2,other_immune,190,-13.68
HPAP-034,Tail of pancreas,ROI2,other_immune,200,-15.47
HPAP-034,Tail of pancreas,ROI2,fibroblast,10,0.75
HPAP-034,Tail of pancreas,ROI2,fibroblast,20,4.57
HPAP-034,Tail of pancreas,ROI2,fibroblast,30,3.31
HPAP-034,Tail of pancreas,ROI2,fibroblast,40,2.96
HPAP-034,Tail of pancreas,ROI2,fibroblast,50,3.21
HPAP-034,Tail of pancreas,ROI2,fibroblast,60,2.77
HPAP-034,Tail of pancreas,ROI2,fibroblast,70,2.34
HPAP-034,Tail of pancreas,ROI2,fibroblast,80,2.34
HPAP-034,Tail of pancreas,ROI2,fibroblast,90,1.06
HPAP-034,Tail of pancreas,ROI2,fibroblast,100,-0.19
HPAP-034,Tail of pancreas,ROI2,fibroblast,110,-0.9
HPAP-034,Tail of pancreas,ROI2,fibroblast,120,-2.17
HPAP-034,Tail of pancreas,ROI2,fibroblast,130,-3.57
HPAP-034,Tail of pancreas,ROI2,fibroblast,140,-4.78
HPAP-034,Tail of pancreas,ROI2,fibroblast,150,-5.37
HPAP-034,Tail of pancreas,ROI2,fibroblast,160,-6.72
HPAP-034,Tail of pancreas,ROI2,fibroblast,170,-7.97
HPAP-034,Tail of pancreas,ROI2,fibroblast,180,-10.07
HPAP-034,Tail of pancreas,ROI2,fibroblast,190,-11.96
HPAP-034,Tail of pancreas,ROI2,fibroblast,200,-13.89
HPAP-034,Tail of pancreas,ROI2,endothelial,10,16.76
HPAP-034,Tail of pancreas,ROI2,endothelial,20,98.46
HPAP-034,Tail of pancreas,ROI2,endothelial,30,135.81
HPAP-034,Tail of pancreas,ROI2,endothelial,40,165.18
HPAP-034,Tail of pancreas,ROI2,endothelial,50,187.82
HPAP-034,Tail of pancreas,ROI2,endothelial,60,202.98
HPAP-034,Tail of pancreas,ROI2,endothelial,70,213.42
HPAP-034,Tail of pancreas,ROI2,endothelial,80,216.02
HPAP-034,Tail of pancreas,ROI2,endothelial,90,213.67
HPAP-034,Tail of pancreas,ROI2,endothelial,100,206.01
HPAP-034,Tail of pancreas,ROI2,endothelial,110,196.71
HPAP-034,Tail of pancreas,ROI2,endothelial,120,187.41
HPAP-034,Tail of pancreas,ROI2,endothelial,130,177.65
HPAP-034,Tail of pancreas,ROI2,endothelial,140,168.58
HPAP-034,Tail of pancreas,ROI2,endothelial,150,159.27
HPAP-034,Tail of pancreas,ROI2,endothelial,160,149.5
HPAP-034,Tail of pancreas,ROI2,endothelial,170,140.43
HPAP-034,Tail of pancreas,ROI2,endothelial,180,131.58
HPAP-034,Tail of pancreas,ROI2,endothelial,190,122.27
HPAP-034,Tail of pancreas,ROI2,endothelial,200,112.27
HPAP-034,Tail of pancreas,ROI3,cd8_t,10,-10.0
HPAP-034,Tail of pancreas,ROI3,cd8_t,20,-20.0
HPAP-034,Tail of pancreas,ROI3,cd8_t,30,-30.0
HPAP-034,Tail of pancreas,ROI3,cd8_t,40,36.55
HPAP-034,Tail of pancreas,ROI3,cd8_t,50,26.55
HPAP-034,Tail of pancreas,ROI3,cd8_t,60,16.55
HPAP-034,Tail of pancreas,ROI3,cd8_t,70,38.26
HPAP-034,Tail of pancreas,ROI3,cd8_t,80,28.26
HPAP-034,Tail of pancreas,ROI3,cd8_t,90,42.59
HPAP-034,Tail of pancreas,ROI3,cd8_t,100,32.59
HPAP-034,Tail of pancreas,ROI3,cd8_t,110,22.59
HPAP-034,Tail of pancreas,ROI3,cd8_t,120,33.1
HPAP-034,Tail of pancreas,ROI3,cd8_t,130,41.18
HPAP-034,Tail of pancreas,ROI3,cd8_t,140,31.18
HPAP-034,Tail of pancreas,ROI3,cd8_t,150,21.18
HPAP-034,Tail of pancreas,ROI3,cd8_t,160,11.18
HPAP-034,Tail of pancreas,ROI3,cd8_t,170,46.52
HPAP-034,Tail of pancreas,ROI3,cd8_t,180,36.52
HPAP-034,Tail of pancreas,ROI3,cd8_t,190,26.52
HPAP-034,Tail of pancreas,ROI3,cd8_t,200,29.66
HPAP-034,Tail of pancreas,ROI3,macrophage,10,13.91
HPAP-034,Tail of pancreas,ROI3,macrophage,20,17.8
HPAP-034,Tail of pancreas,ROI3,macrophage,30,20.71
HPAP-034,Tail of pancreas,ROI3,macrophage,40,18.56
HPAP-034,Tail of pancreas,ROI3,macrophage,50,17.62
HPAP-034,Tail of pancreas,ROI3,macrophage,60,13.68
HPAP-034,Tail of pancreas,ROI3,macrophage,70,11.07
HPAP-034,Tail of pancreas,ROI3,macrophage,80,15.62
HPAP-034,Tail of pancreas,ROI3,macrophage,90,12.82
HPAP-034,Tail of pancreas,ROI3,macrophage,100,14.65
HPAP-034,Tail of pancreas,ROI3,macrophage,110,14.22
HPAP-034,Tail of pancreas,ROI3,macrophage,120,10.94
HPAP-034,Tail of pancreas,ROI3,macrophage,130,5.23
HPAP-034,Tail of pancreas,ROI3,macrophage,140,-0.61
HPAP-034,Tail of pancreas,ROI3,macrophage,150,-3.61
HPAP-034,Tail of pancreas,ROI3,macrophage,160,-3.24
HPAP-034,Tail of pancreas,ROI3,macrophage,170,-1.81
HPAP-034,Tail of pancreas,ROI3,macrophage,180,-3.52
HPAP-034,Tail of pancreas,ROI3,macrophage,190,-5.6
HPAP-034,Tail of pancreas,ROI3,macrophage,200,-10.26
HPAP-034,Tail of pancreas,ROI3,mdsc,10,1.81
HPAP-034,Tail of pancreas,ROI3,mdsc,20,11.25
HPAP-034,Tail of pancreas,ROI3,mdsc,30,16.06
HPAP-034,Tail of pancreas,ROI3,mdsc,40,18.73
HPAP-034,Tail of pancreas,ROI3,mdsc,50,20.69
HPAP-034,Tail of pancreas,ROI3,mdsc,60,20.9
HPAP-034,Tail of pancreas,ROI3,mdsc,70,20.54
HPAP-034,Tail of pancreas,ROI3,mdsc,80,20.11
HPAP-034,Tail of pancreas,ROI3,mdsc,90,19.7
HPAP-034,Tail of pancreas,ROI3,mdsc,100,18.19
HPAP-034,Tail of pancreas,ROI3,mdsc,110,16.78
HPAP-034,Tail of pancreas,ROI3,mdsc,120,15.16
HPAP-034,Tail of pancreas,ROI3,mdsc,130,13.88
HPAP-034,Tail of pancreas,ROI3,mdsc,140,11.73
HPAP-034,Tail of pancreas,ROI3,mdsc,150,9.73
HPAP-034,Tail of pancreas,ROI3,mdsc,160,7.4
HPAP-034,Tail of pancreas,ROI3,mdsc,170,5.31
HPAP-034,Tail of pancreas,ROI3,mdsc,180,2.68
HPAP-034,Tail of pancreas,ROI3,mdsc,190,-0.15
HPAP-034,Tail of pancreas,ROI3,mdsc,200,-3.43
HPAP-034,Tail of pancreas,ROI3,other_immune,10,0.58
HPAP-034,Tail of pancreas,ROI3,other_immune,20,8.17
HPAP-034,Tail of pancreas,ROI3,other_immune,30,12.63
HPAP-034,Tail of pancreas,ROI3,other_immune,40,15.42
HPAP-034,Tail of pancreas,ROI3,other_immune,50,17.91
HPAP-034,Tail of pancreas,ROI3,other_immune,60,19.57
HPAP-034,Tail of pancreas,ROI3,other_immune,70,19.37
HPAP-034,Tail of pancreas,ROI3,other_immune,80,18.97
HPAP-034,Tail of pancreas,ROI3,other_immune,90,18.44
HPAP-034,Tail of pancreas,ROI3,other_immune,100,18.27
HPAP-034,Tail of pancreas,ROI3,other_immune,110,17.33
HPAP-034,Tail of pancreas,ROI3,other_immune,120,16.66
HPAP-034,Tail of pancreas,ROI3,other_immune,130,15.72
HPAP-034,Tail of pancreas,ROI3,other_immune,140,14.39
HPAP-034,Tail of pancreas,ROI3,other_immune,150,12.86
HPAP-034,Tail of pancreas,ROI3,other_immune,160,11.52
HPAP-034,Tail of pancreas,ROI3,other_immune,170,10.72
HPAP-034,Tail of pancreas,ROI3,other_immune,180,9.49
HPAP-034,Tail of pancreas,ROI3,other_immune,190,7.87
HPAP-034,Tail of pancreas,ROI3,other_immune,200,5.73
HPAP-034,Tail of pancreas,ROI3,fibroblast,10,0.1
HPAP-034,Tail of pancreas,ROI3,fibroblast,20,11.92
HPAP-034,Tail of pancreas,ROI3,fibroblast,30,15.05
HPAP-034,Tail of pancreas,ROI3,fibroblast,40,18.79
HPAP-034,Tail of pancreas,ROI3,fibroblast,50,21.5
HPAP-034,Tail of pancreas,ROI3,fibroblast,60,24.31
HPAP-034,Tail of pancreas,ROI3,fibroblast,70,25.37
HPAP-034,Tail of pancreas,ROI3,fibroblast,80,27.35
HPAP-034,Tail of pancreas,ROI3,fibroblast,90,28.7
HPAP-034,Tail of pancreas,ROI3,fibroblast,100,29.48
HPAP-034,Tail of pancreas,ROI3,fibroblast,110,29.12
HPAP-034,Tail of pancreas,ROI3,fibroblast,120,28.91
HPAP-034,Tail of pancreas,ROI3,fibroblast,130,28.21
HPAP-034,Tail of pancreas,ROI3,fibroblast,140,27.82
HPAP-034,Tail of pancreas,ROI3,fibroblast,150,27.25
HPAP-034,Tail of pancreas,ROI3,fibroblast,160,26.26
HPAP-034,Tail of pancreas,ROI3,fibroblast,170,24.93
HPAP-034,Tail of pancreas,ROI3,fibroblast,180,23.58
HPAP-034,Tail of pancreas,ROI3,fibroblast,190,22.64
HPAP-034,Tail of pancreas,ROI3,fibroblast,200,21.58
HPAP-034,Tail of pancreas,ROI4,cd8_t,10,-10.0
HPAP-034,Tail of pancreas,ROI4,cd8_t,20,-20.0
HPAP-034,Tail of pancreas,ROI4,cd8_t,30,-30.0
HPAP-034,Tail of pancreas,ROI4,cd8_t,40,-40.0
HPAP-034,Tail of pancreas,ROI4,cd8_t,50,-50.0
HPAP-034,Tail of pancreas,ROI4,cd8_t,60,-60.0
HPAP-034,Tail of pancreas,ROI4,cd8_t,70,-70.0
HPAP-034,Tail of pancreas,ROI4,cd8_t,80,-80.0
HPAP-034,Tail of pancreas,ROI4,cd8_t,90,-26.38
HPAP-034,Tail of pancreas,ROI4,cd8_t,100,-10.03
HPAP-034,Tail of pancreas,ROI4,cd8_t,110,-20.03
HPAP-034,Tail of pancreas,ROI4,cd8_t,120,-30.03
HPAP-034,Tail of pancreas,ROI4,cd8_t,130,-40.03
HPAP-034,Tail of pancreas,ROI4,cd8_t,140,-50.03
HPAP-034,Tail of pancreas,ROI4,cd8_t,150,-60.03
HPAP-034,Tail of pancreas,ROI4,cd8_t,160,-49.81
HPAP-034,Tail of pancreas,ROI4,cd8_t,170,-59.81
HPAP-034,Tail of pancreas,ROI4,cd8_t,180,-52.76
HPAP-034,Tail of pancreas,ROI4,cd8_t,190,-47.74
HPAP-034,Tail of pancreas,ROI4,cd8_t,200,-57.74
HPAP-034,Tail of pancreas,ROI4,macrophage,10,-10.0
HPAP-034,Tail of pancreas,ROI4,macrophage,20,10.86
HPAP-034,Tail of pancreas,ROI4,macrophage,30,18.79
HPAP-034,Tail of pancreas,ROI4,macrophage,40,21.72
HPAP-034,Tail of pancreas,ROI4,macrophage,50,17.26
HPAP-034,Tail of pancreas,ROI4,macrophage,60,17.15
HPAP-034,Tail of pancreas,ROI4,macrophage,70,23.86
HPAP-034,Tail of pancreas,ROI4,macrophage,80,23.51
HPAP-034,Tail of pancreas,ROI4,macrophage,90,23.39
HPAP-034,Tail of pancreas,ROI4,macrophage,100,23.44
HPAP-034,Tail of pancreas,ROI4,macrophage,110,23.63
HPAP-034,Tail of pancreas,ROI4,macrophage,120,16.27
HPAP-034,Tail of pancreas,ROI4,macrophage,130,14.75
HPAP-034,Tail of pancreas,ROI4,macrophage,140,13.53
HPAP-034,Tail of pancreas,ROI4,macrophage,150,14.75
HPAP-034,Tail of pancreas,ROI4,macrophage,160,12.51
HPAP-034,Tail of pancreas,ROI4,macrophage,170,15.16
HPAP-034,Tail of pancreas,ROI4,macrophage,180,16.39
HPAP-034,Tail of pancreas,ROI4,macrophage,190,16.44
HPAP-034,Tail of pancreas,ROI4,macrophage,200,15.47
HPAP-034,Tail of pancreas,ROI4,mdsc,10,4.35
HPAP-034,Tail of pancreas,ROI4,mdsc,20,15.23
HPAP-034,Tail of pancreas,ROI4,mdsc,30,21.6
HPAP-034,Tail of pancreas,ROI4,mdsc,40,26.34
HPAP-034,Tail of pancreas,ROI4,mdsc,50,30.13
HPAP-034,Tail of pancreas,ROI4,mdsc,60,33.31
HPAP-034,Tail of pancreas,ROI4,mdsc,70,36.28
HPAP-034,Tail of pancreas,ROI4,mdsc,80,39.07
HPAP-034,Tail of pancreas,ROI4,mdsc,90,40.93
HPAP-034,Tail of pancreas,ROI4,mdsc,100,41.87
HPAP-034,Tail of pancreas,ROI4,mdsc,110,42.78
HPAP-034,Tail of pancreas,ROI4,mdsc,120,42.44
HPAP-034,Tail of pancreas,ROI4,mdsc,130,42.04
HPAP-034,Tail of pancreas,ROI4,mdsc,140,41.49
HPAP-034,Tail of pancreas,ROI4,mdsc,150,41.26
HPAP-034,Tail of pancreas,ROI4,mdsc,160,41.02
HPAP-034,Tail of pancreas,ROI4,mdsc,170,40.65
HPAP-034,Tail of pancreas,ROI4,mdsc,180,39.8
HPAP-034,Tail of pancreas,ROI4,mdsc,190,38.7
HPAP-034,Tail of pancreas,ROI4,mdsc,200,37.4
HPAP-034,Tail of pancreas,ROI4,other_immune,10,0.26
HPAP-034,Tail of pancreas,ROI4,other_immune,20,6.32
HPAP-034,Tail of pancreas,ROI4,other_immune,30,9.54
HPAP-034,Tail of pancreas,ROI4,other_immune,40,10.55
HPAP-034,Tail of pancreas,ROI4,other_immune,50,11.12
HPAP-034,Tail of pancreas,ROI4,other_immune,60,11.53
HPAP-034,Tail of pancreas,ROI4,other_immune,70,11.63
HPAP-034,Tail of pancreas,ROI4,other_immune,80,10.82
HPAP-034,Tail of pancreas,ROI4,other_immune,90,8.52
HPAP-034,Tail of pancreas,ROI4,other_immune,100,6.94
HPAP-034,Tail of pancreas,ROI4,other_immune,110,6.42
HPAP-034,Tail of pancreas,ROI4,other_immune,120,6.35
HPAP-034,Tail of pancreas,ROI4,other_immune,130,5.17
HPAP-034,Tail of pancreas,ROI4,other_immune,140,4.08
HPAP-034,Tail of pancreas,ROI4,other_immune,150,3.41
HPAP-034,Tail of pancreas,ROI4,other_immune,160,3.2
HPAP-034,Tail of pancreas,ROI4,other_immune,170,2.4
HPAP-034,Tail of pancreas,ROI4,other_immune,180,1.44
HPAP-034,Tail of pancreas,ROI4,other_immune,190,-0.18
HPAP-034,Tail of pancreas,ROI4,other_immune,200,-1.95
HPAP-034,Tail of pancreas,ROI4,endothelial,10,14.8
HPAP-034,Tail of pancreas,ROI4,endothelial,20,74.97
HPAP-034,Tail of pancreas,ROI4,endothelial,30,92.33
HPAP-034,Tail of pancreas,ROI4,endothelial,40,106.01
HPAP-034,Tail of pancreas,ROI4,endothelial,50,118.2
HPAP-034,Tail of pancreas,ROI4,endothelial,60,125.03
HPAP-034,Tail of pancreas,ROI4,endothelial,70,131.47
HPAP-034,Tail of pancreas,ROI4,endothelial,80,128.47
HPAP-034,Tail of pancreas,ROI4,endothelial,90,131.35
HPAP-034,Tail of pancreas,ROI4,endothelial,100,131.31
HPAP-034,Tail of pancreas,ROI4,endothelial,110,129.58
HPAP-034,Tail of pancreas,ROI4,endothelial,120,123.82
HPAP-034,Tail of pancreas,ROI4,endothelial,130,117.58
HPAP-034,Tail of pancreas,ROI4,endothelial,140,107.99
HPAP-034,Tail of pancreas,ROI4,endothelial,150,98.4
HPAP-034,Tail of pancreas,ROI4,endothelial,160,88.4
HPAP-034,Tail of pancreas,ROI4,endothelial,170,78.82
HPAP-034,Tail of pancreas,ROI4,endothelial,180,69.64
HPAP-034,Tail of pancreas,ROI4,endothelial,190,60.87
HPAP-034,Tail of pancreas,ROI4,endothelial,200,50.87
HPAP-035,Body of pancreas,ROI1,cd4_t,10,-1.77
HPAP-035,Body of pancreas,ROI1,cd4_t,20,6.17
HPAP-035,Body of pancreas,ROI1,cd4_t,30,11.15
HPAP-035,Body of pancreas,ROI1,cd4_t,40,14.66
HPAP-035,Body of pancreas,ROI1,cd4_t,50,17.19
HPAP-035,Body of pancreas,ROI1,cd4_t,60,19.17
HPAP-035,Body of pancreas,ROI1,cd4_t,70,19.6
HPAP-035,Body of pancreas,ROI1,cd4_t,80,20.97
HPAP-035,Body of pancreas,ROI1,cd4_t,90,20.82
HPAP-035,Body of pancreas,ROI1,cd4_t,100,21.54
HPAP-035,Body of pancreas,ROI1,cd4_t,110,21.75
HPAP-035,Body of pancreas,ROI1,cd4_t,120,21.98
HPAP-035,Body of pancreas,ROI1,cd4_t,130,22.9
HPAP-035,Body of pancreas,ROI1,cd4_t,140,23.3
HPAP-035,Body of pancreas,ROI1,cd4_t,150,24.14
HPAP-035,Body of pancreas,ROI1,cd4_t,160,24.56
HPAP-035,Body of pancreas,ROI1,cd4_t,170,25.38
HPAP-035,Body of pancreas,ROI1,cd4_t,180,25.64
HPAP-035,Body of pancreas,ROI1,cd4_t,190,25.07
HPAP-035,Body of pancreas,ROI1,cd4_t,200,24.35
HPAP-035,Body of pancreas,ROI1,cd8_t,10,-0.7
HPAP-035,Body of pancreas,ROI1,cd8_t,20,6.36
HPAP-035,Body of pancreas,ROI1,cd8_t,30,8.45
HPAP-035,Body of pancreas,ROI1,cd8_t,40,9.43
HPAP-035,Body of pancreas,ROI1,cd8_t,50,10.03
HPAP-035,Body of pancreas,ROI1,cd8_t,60,10.39
HPAP-035,Body of pancreas,ROI1,cd8_t,70,9.81
HPAP-035,Body of pancreas,ROI1,cd8_t,80,9.88
HPAP-035,Body of pancreas,ROI1,cd8_t,90,10.1
HPAP-035,Body of pancreas,ROI1,cd8_t,100,10.34
HPAP-035,Body of pancreas,ROI1,cd8_t,110,10.15
HPAP-035,Body of pancreas,ROI1,cd8_t,120,10.1
HPAP-035,Body of pancreas,ROI1,cd8_t,130,9.91
HPAP-035,Body of pancreas,ROI1,cd8_t,140,9.17
HPAP-035,Body of pancreas,ROI1,cd8_t,150,8.79
HPAP-035,Body of pancreas,ROI1,cd8_t,160,8.38
HPAP-035,Body of pancreas,ROI1,cd8_t,170,7.68
HPAP-035,Body of pancreas,ROI1,cd8_t,180,6.57
HPAP-035,Body of pancreas,ROI1,cd8_t,190,5.73
HPAP-035,Body of pancreas,ROI1,cd8_t,200,4.43
HPAP-035,Body of pancreas,ROI1,b_cell,10,-10.0
HPAP-035,Body of pancreas,ROI1,b_cell,20,-20.0
HPAP-035,Body of pancreas,ROI1,b_cell,30,-30.0
HPAP-035,Body of pancreas,ROI1,b_cell,40,1.98
HPAP-035,Body of pancreas,ROI1,b_cell,50,1.41
HPAP-035,Body of pancreas,ROI1,b_cell,60,10.66
HPAP-035,Body of pancreas,ROI1,b_cell,70,4.7
HPAP-035,Body of pancreas,ROI1,b_cell,80,10.69
HPAP-035,Body of pancreas,ROI1,b_cell,90,14.25
HPAP-035,Body of pancreas,ROI1,b_cell,100,13.68
HPAP-035,Body of pancreas,ROI1,b_cell,110,14.77
HPAP-035,Body of pancreas,ROI1,b_cell,120,19.23
HPAP-035,Body of pancreas,ROI1,b_cell,130,25.19
HPAP-035,Body of pancreas,ROI1,b_cell,140,26.16
HPAP-035,Body of pancreas,ROI1,b_cell,150,28.93
HPAP-035,Body of pancreas,ROI1,b_cell,160,30.07
HPAP-035,Body of pancreas,ROI1,b_cell,170,32.78
HPAP-035,Body of pancreas,ROI1,b_cell,180,32.68
HPAP-035,Body of pancreas,ROI1,b_cell,190,31.47
HPAP-035,Body of pancreas,ROI1,b_cell,200,29.93
HPAP-035,Body of pancreas,ROI1,macrophage,10,16.56
HPAP-035,Body of pancreas,ROI1,macrophage,20,23.37
HPAP-035,Body of pancreas,ROI1,macrophage,30,24.21
HPAP-035,Body of pancreas,ROI1,macrophage,40,24.14
HPAP-035,Body of pancreas,ROI1,macrophage,50,22.73
HPAP-035,Body of pancreas,ROI1,macrophage,60,23.98
HPAP-035,Body of pancreas,ROI1,macrophage,70,20.06
HPAP-035,Body of pancreas,ROI1,macrophage,80,18.18
HPAP-035,Body of pancreas,ROI1,macrophage,90,14.56
HPAP-035,Body of pancreas,ROI1,macrophage,100,11.63
HPAP-035,Body of pancreas,ROI1,macrophage,110,12.66
HPAP-035,Body of pancreas,ROI1,macrophage,120,7.37
HPAP-035,Body of pancreas,ROI1,macrophage,130,4.11
HPAP-035,Body of pancreas,ROI1,macrophage,140,0.53
HPAP-035,Body of pancreas,ROI1,macrophage,150,0.62
HPAP-035,Body of pancreas,ROI1,macrophage,160,-1.77
HPAP-035,Body of pancreas,ROI1,macrophage,170,-4.86
HPAP-035,Body of pancreas,ROI1,macrophage,180,-6.19
HPAP-035,Body of pancreas,ROI1,macrophage,190,-10.21
HPAP-035,Body of pancreas,ROI1,macrophage,200,-10.96
HPAP-035,Body of pancreas,ROI1,mdsc,10,-2.21
HPAP-035,Body of pancreas,ROI1,mdsc,20,4.71
HPAP-035,Body of pancreas,ROI1,mdsc,30,7.27
HPAP-035,Body of pancreas,ROI1,mdsc,40,7.7
HPAP-035,Body of pancreas,ROI1,mdsc,50,7.74
HPAP-035,Body of pancreas,ROI1,mdsc,60,8.18
HPAP-035,Body of pancreas,ROI1,mdsc,70,8.74
HPAP-035,Body of pancreas,ROI1,mdsc,80,8.67
HPAP-035,Body of pancreas,ROI1,mdsc,90,8.21
HPAP-035,Body of pancreas,ROI1,mdsc,100,7.41
HPAP-035,Body of pancreas,ROI1,mdsc,110,5.9
HPAP-035,Body of pancreas,ROI1,mdsc,120,4.55
HPAP-035,Body of pancreas,ROI1,mdsc,130,2.87
HPAP-035,Body of pancreas,ROI1,mdsc,140,1.54
HPAP-035,Body of pancreas,ROI1,mdsc,150,-0.33
HPAP-035,Body of pancreas,ROI1,mdsc,160,-2.42
HPAP-035,Body of pancreas,ROI1,mdsc,170,-4.78
HPAP-035,Body of pancreas,ROI1,mdsc,180,-7.09
HPAP-035,Body of pancreas,ROI1,mdsc,190,-9.59
HPAP-035,Body of pancreas,ROI1,mdsc,200,-11.67
HPAP-035,Body of pancreas,ROI1,other_immune,10,0.58
HPAP-035,Body of pancreas,ROI1,other_immune,20,6.17
HPAP-035,Body of pancreas,ROI1,other_immune,30,7.48
HPAP-035,Body of pancreas,ROI1,other_immune,40,8.31
HPAP-035,Body of pancreas,ROI1,other_immune,50,8.7
HPAP-035,Body of pancreas,ROI1,other_immune,60,7.89
HPAP-035,Body of pancreas,ROI1,other_immune,70,7.22
HPAP-035,Body of pancreas,ROI1,other_immune,80,6.31
HPAP-035,Body of pancreas,ROI1,other_immune,90,5.96
HPAP-035,Body of pancreas,ROI1,other_immune,100,5.14
HPAP-035,Body of pancreas,ROI1,other_immune,110,4.02
HPAP-035,Body of pancreas,ROI1,other_immune,120,3.29
HPAP-035,Body of pancreas,ROI1,other_immune,130,2.08
HPAP-035,Body of pancreas,ROI1,other_immune,140,0.53
HPAP-035,Body of pancreas,ROI1,other_immune,150,-0.86
HPAP-035,Body of pancreas,ROI1,other_immune,160,-2.06
HPAP-035,Body of pancreas,ROI1,other_immune,170,-3.15
HPAP-035,Body of pancreas,ROI1,other_immune,180,-4.21
HPAP-035,Body of pancreas,ROI1,other_immune,190,-5.08
HPAP-035,Body of pancreas,ROI1,other_immune,200,-6.41
HPAP-035,Body of pancreas,ROI1,endothelial,10,2.71
HPAP-035,Body of pancreas,ROI1,endothelial,20,8.12
HPAP-035,Body of pancreas,ROI1,endothelial,30,6.82
HPAP-035,Body of pancreas,ROI1,endothelial,40,5.92
HPAP-035,Body of pancreas,ROI1,endothelial,50,3.61
HPAP-035,Body of pancreas,ROI1,endothelial,60,1.75
HPAP-035,Body of pancreas,ROI1,endothelial,70,0.76
HPAP-035,Body of pancreas,ROI1,endothelial,80,0.22
HPAP-035,Body of pancreas,ROI1,endothelial,90,0.72
HPAP-035,Body of pancreas,ROI1,endothelial,100,-0.12
HPAP-035,Body of pancreas,ROI1,endothelial,110,-1.37
HPAP-035,Body of pancreas,ROI1,endothelial,120,-2.59
HPAP-035,Body of pancreas,ROI1,endothelial,130,-4.03
HPAP-035,Body of pancreas,ROI1,endothelial,140,-5.07
HPAP-035,Body of pancreas,ROI1,endothelial,150,-6.43
HPAP-035,Body of pancreas,ROI1,endothelial,160,-8.25
HPAP-035,Body of pancreas,ROI1,endothelial,170,-10.66
HPAP-035,Body of pancreas,ROI1,endothelial,180,-12.74
HPAP-035,Body of pancreas,ROI1,endothelial,190,-14.44
HPAP-035,Body of pancreas,ROI1,endothelial,200,-16.48
HPAP-035,Body of pancreas,ROI2,cd4_t,10,5.11
HPAP-035,Body of pancreas,ROI2,cd4_t,20,10.21
HPAP-035,Body of pancreas,ROI2,cd4_t,30,12.72
HPAP-035,Body of pancreas,ROI2,cd4_t,40,11.22
HPAP-035,Body of pancreas,ROI2,cd4_t,50,11.36
HPAP-035,Body of pancreas,ROI2,cd4_t,60,20.64
HPAP-035,Body of pancreas,ROI2,cd4_t,70,18.72
HPAP-035,Body of pancreas,ROI2,cd4_t,80,17.31
HPAP-035,Body of pancreas,ROI2,cd4_t,90,17.87
HPAP-035,Body of pancreas,ROI2,cd4_t,100,18.46
HPAP-035,Body of pancreas,ROI2,cd4_t,110,15.93
HPAP-035,Body of pancreas,ROI2,cd4_t,120,15.1
HPAP-035,Body of pancreas,ROI2,cd4_t,130,15.28
HPAP-035,Body of pancreas,ROI2,cd4_t,140,18.06
HPAP-035,Body of pancreas,ROI2,cd4_t,150,16.16
HPAP-035,Body of pancreas,ROI2,cd4_t,160,11.23
HPAP-035,Body of pancreas,ROI2,cd4_t,170,7.77
HPAP-035,Body of pancreas,ROI2,cd4_t,180,5.92
HPAP-035,Body of pancreas,ROI2,cd4_t,190,4.32
HPAP-035,Body of pancreas,ROI2,cd4_t,200,3.78
HPAP-035,Body of pancreas,ROI2,cd8_t,10,2.54
HPAP-035,Body of pancreas,ROI2,cd8_t,20,9.03
HPAP-035,Body of pancreas,ROI2,cd8_t,30,12.39
HPAP-035,Body of pancreas,ROI2,cd8_t,40,16.52
HPAP-035,Body of pancreas,ROI2,cd8_t,50,18.48
HPAP-035,Body of pancreas,ROI2,cd8_t,60,20.44
HPAP-035,Body of pancreas,ROI2,cd8_t,70,22.64
HPAP-035,Body of pancreas,ROI2,cd8_t,80,24.29
HPAP-035,Body of pancreas,ROI2,cd8_t,90,26.25
HPAP-035,Body of pancreas,ROI2,cd8_t,100,27.28
HPAP-035,Body of pancreas,ROI2,cd8_t,110,28.08
HPAP-035,Body of pancreas,ROI2,cd8_t,120,28.96
HPAP-035,Body of pancreas,ROI2,cd8_t,130,29.47
HPAP-035,Body of pancreas,ROI2,cd8_t,140,29.39
HPAP-035,Body of pancreas,ROI2,cd8_t,150,29.22
HPAP-035,Body of pancreas,ROI2,cd8_t,160,29.35
HPAP-035,Body of pancreas,ROI2,cd8_t,170,28.8
HPAP-035,Body of pancreas,ROI2,cd8_t,180,27.8
HPAP-035,Body of pancreas,ROI2,cd8_t,190,26.85
HPAP-035,Body of pancreas,ROI2,cd8_t,200,25.69
HPAP-035,Body of pancreas,ROI2,macrophage,10,7.5
HPAP-035,Body of pancreas,ROI2,macrophage,20,9.46
HPAP-035,Body of pancreas,ROI2,macrophage,30,12.27
HPAP-035,Body of pancreas,ROI2,macrophage,40,12.5
HPAP-035,Body of pancreas,ROI2,macrophage,50,11.88
HPAP-035,Body of pancreas,ROI2,macrophage,60,11.45
HPAP-035,Body of pancreas,ROI2,macrophage,70,11.31
HPAP-035,Body of pancreas,ROI2,macrophage,80,8.67
HPAP-035,Body of pancreas,ROI2,macrophage,90,6.65
HPAP-035,Body of pancreas,ROI2,macrophage,100,5.49
HPAP-035,Body of pancreas,ROI2,macrophage,110,4.99
HPAP-035,Body of pancreas,ROI2,macrophage,120,2.61
HPAP-035,Body of pancreas,ROI2,macrophage,130,1.94
HPAP-035,Body of pancreas,ROI2,macrophage,140,-0.35
HPAP-035,Body of pancreas,ROI2,macrophage,150,-4.19
HPAP-035,Body of pancreas,ROI2,macrophage,160,-6.18
HPAP-035,Body of pancreas,ROI2,macrophage,170,-8.8
HPAP-035,Body of pancreas,ROI2,macrophage,180,-12.29
HPAP-035,Body of pancreas,ROI2,macrophage,190,-15.72
HPAP-035,Body of pancreas,ROI2,macrophage,200,-17.21
HPAP-035,Body of pancreas,ROI2,mdsc,10,20.03
HPAP-035,Body of pancreas,ROI2,mdsc,20,10.03
HPAP-035,Body of pancreas,ROI2,mdsc,30,30.06
HPAP-035,Body of pancreas,ROI2,mdsc,40,50.1
HPAP-035,Body of pancreas,ROI2,mdsc,50,49.61
HPAP-035,Body of pancreas,ROI2,mdsc,60,48.28
HPAP-035,Body of pancreas,ROI2,mdsc,70,57.42
HPAP-035,Body of pancreas,ROI2,mdsc,80,57.63
HPAP-035,Body of pancreas,ROI2,mdsc,90,47.63
HPAP-035,Body of pancreas,ROI2,mdsc,100,47.13
HPAP-035,Body of pancreas,ROI2,mdsc,110,43.14
HPAP-035,Body of pancreas,ROI2,mdsc,120,41.73
HPAP-035,Body of pancreas,ROI2,mdsc,130,45.12
HPAP-035,Body of pancreas,ROI2,mdsc,140,45.13
HPAP-035,Body of pancreas,ROI2,mdsc,150,42.3
HPAP-035,Body of pancreas,ROI2,mdsc,160,41.46
HPAP-035,Body of pancreas,ROI2,mdsc,170,40.23
HPAP-035,Body of pancreas,ROI2,mdsc,180,46.74
HPAP-035,Body of pancreas,ROI2,mdsc,190,40.68
HPAP-035,Body of pancreas,ROI2,mdsc,200,36.47
HPAP-035,Body of pancreas,ROI2,other_immune,10,2.3
HPAP-035,Body of pancreas,ROI2,other_immune,20,7.5
HPAP-035,Body of pancreas,ROI2,other_immune,30,4.79
HPAP-035,Body of pancreas,ROI2,other_immune,40,6.83
HPAP-035,Body of pancreas,ROI2,other_immune,50,8.98
HPAP-035,Body of pancreas,ROI2,other_immune,60,12.76
HPAP-035,Body of pancreas,ROI2,other_immune,70,15.65
HPAP-035,Body of pancreas,ROI2,other_immune,80,17.23
HPAP-035,Body of pancreas,ROI2,other_immune,90,19.66
HPAP-035,Body of pancreas,ROI2,other_immune,100,17.64
HPAP-035,Body of pancreas,ROI2,other_immune,110,18.4
HPAP-035,Body of pancreas,ROI2,other_immune,120,17.5
HPAP-035,Body of pancreas,ROI2,other_immune,130,17.07
HPAP-035,Body of pancreas,ROI2,other_immune,140,15.57
HPAP-035,Body of pancreas,ROI2,other_immune,150,13.62
HPAP-035,Body of pancreas,ROI2,other_immune,160,13.28
HPAP-035,Body of pancreas,ROI2,other_immune,170,11.8
HPAP-035,Body of pancreas,ROI2,other_immune,180,10.73
HPAP-035,Body of pancreas,ROI2,other_immune,190,8.88
HPAP-035,Body of pancreas,ROI2,other_immune,200,5.06
HPAP-035,Body of pancreas,ROI2,fibroblast,10,-0.44
HPAP-035,Body of pancreas,ROI2,fibroblast,20,5.59
HPAP-035,Body of pancreas,ROI2,fibroblast,30,7.46
HPAP-035,Body of pancreas,ROI2,fibroblast,40,7.44
HPAP-035,Body of pancreas,ROI2,fibroblast,50,7.77
HPAP-035,Body of pancreas,ROI2,fibroblast,60,8.33
HPAP-035,Body of pancreas,ROI2,fibroblast,70,8.71
HPAP-035,Body of pancreas,ROI2,fibroblast,80,8.47
HPAP-035,Body of pancreas,ROI2,fibroblast,90,8.55
HPAP-035,Body of pancreas,ROI2,fibroblast,100,7.66
HPAP-035,Body of pancreas,ROI2,fibroblast,110,6.43
HPAP-035,Body of pancreas,ROI2,fibroblast,120,5.56
HPAP-035,Body of pancreas,ROI2,fibroblast,130,4.33
HPAP-035,Body of pancreas,ROI2,fibroblast,140,3.34
HPAP-035,Body of pancreas,ROI2,fibroblast,150,1.57
HPAP-035,Body of pancreas,ROI2,fibroblast,160,0.31
HPAP-035,Body of pancreas,ROI2,fibroblast,170,-1.95
HPAP-035,Body of pancreas,ROI2,fibroblast,180,-3.49
HPAP-035,Body of pancreas,ROI2,fibroblast,190,-5.55
HPAP-035,Body of pancreas,ROI2,fibroblast,200,-8.14
HPAP-035,Body of pancreas,ROI3,cd4_t,10,5.45
HPAP-035,Body of pancreas,ROI3,cd4_t,20,20.89
HPAP-035,Body of pancreas,ROI3,cd4_t,30,21.25
HPAP-035,Body of pancreas,ROI3,cd4_t,40,23.72
HPAP-035,Body of pancreas,ROI3,cd4_t,50,24.11
HPAP-035,Body of pancreas,ROI3,cd4_t,60,20.3
HPAP-035,Body of pancreas,ROI3,cd4_t,70,31.33
HPAP-035,Body of pancreas,ROI3,cd4_t,80,28.17
HPAP-035,Body of pancreas,ROI3,cd4_t,90,25.64
HPAP-035,Body of pancreas,ROI3,cd4_t,100,25.54
HPAP-035,Body of pancreas,ROI3,cd4_t,110,23.83
HPAP-035,Body of pancreas,ROI3,cd4_t,120,25.79
HPAP-035,Body of pancreas,ROI3,cd4_t,130,29.1
HPAP-035,Body of pancreas,ROI3,cd4_t,140,24.27
HPAP-035,Body of pancreas,ROI3,cd4_t,150,26.87
HPAP-035,Body of pancreas,ROI3,cd4_t,160,29.26
HPAP-035,Body of pancreas,ROI3,cd4_t,170,29.1
HPAP-035,Body of pancreas,ROI3,cd4_t,180,31.32
HPAP-035,Body of pancreas,ROI3,cd4_t,190,32.33
HPAP-035,Body of pancreas,ROI3,cd4_t,200,30.77
HPAP-035,Body of pancreas,ROI3,cd8_t,10,4.87
HPAP-035,Body of pancreas,ROI3,cd8_t,20,13.85
HPAP-035,Body of pancreas,ROI3,cd8_t,30,15.72
HPAP-035,Body of pancreas,ROI3,cd8_t,40,16.0
HPAP-035,Body of pancreas,ROI3,cd8_t,50,15.43
HPAP-035,Body of pancreas,ROI3,cd8_t,60,12.99
HPAP-035,Body of pancreas,ROI3,cd8_t,70,10.83
HPAP-035,Body of pancreas,ROI3,cd8_t,80,8.99
HPAP-035,Body of pancreas,ROI3,cd8_t,90,8.43
HPAP-035,Body of pancreas,ROI3,cd8_t,100,7.6
HPAP-035,Body of pancreas,ROI3,cd8_t,110,7.09
HPAP-035,Body of pancreas,ROI3,cd8_t,120,7.6
HPAP-035,Body of pancreas,ROI3,cd8_t,130,6.43
HPAP-035,Body of pancreas,ROI3,cd8_t,140,6.93
HPAP-035,Body of pancreas,ROI3,cd8_t,150,7.05
HPAP-035,Body of pancreas,ROI3,cd8_t,160,6.19
HPAP-035,Body of pancreas,ROI3,cd8_t,170,5.37
HPAP-035,Body of pancreas,ROI3,cd8_t,180,3.44
HPAP-035,Body of pancreas,ROI3,cd8_t,190,1.43
HPAP-035,Body of pancreas,ROI3,cd8_t,200,-0.3
HPAP-035,Body of pancreas,ROI3,b_cell,10,-10.0
HPAP-035,Body of pancreas,ROI3,b_cell,20,1.25
HPAP-035,Body of pancreas,ROI3,b_cell,30,4.91
HPAP-035,Body of pancreas,ROI3,b_cell,40,6.79
HPAP-035,Body of pancreas,ROI3,b_cell,50,6.82
HPAP-035,Body of pancreas,ROI3,b_cell,60,7.02
HPAP-035,Body of pancreas,ROI3,b_cell,70,6.76
HPAP-035,Body of pancreas,ROI3,b_cell,80,6.83
HPAP-035,Body of pancreas,ROI3,b_cell,90,6.09
HPAP-035,Body of pancreas,ROI3,b_cell,100,4.2
HPAP-035,Body of pancreas,ROI3,b_cell,110,2.33
HPAP-035,Body of pancreas,ROI3,b_cell,120,2.06
HPAP-035,Body of pancreas,ROI3,b_cell,130,1.41
HPAP-035,Body of pancreas,ROI3,b_cell,140,1.58
HPAP-035,Body of pancreas,ROI3,b_cell,150,0.02
HPAP-035,Body of pancreas,ROI3,b_cell,160,-1.71
HPAP-035,Body of pancreas,ROI3,b_cell,170,-1.82
HPAP-035,Body of pancreas,ROI3,b_cell,180,-2.42
HPAP-035,Body of pancreas,ROI3,b_cell,190,-3.79
HPAP-035,Body of pancreas,ROI3,b_cell,200,-3.99
HPAP-035,Body of pancreas,ROI3,macrophage,10,-10.0
HPAP-035,Body of pancreas,ROI3,macrophage,20,-20.0
HPAP-035,Body of pancreas,ROI3,macrophage,30,39.27
HPAP-035,Body of pancreas,ROI3,macrophage,40,29.27
HPAP-035,Body of pancreas,ROI3,macrophage,50,19.27
HPAP-035,Body of pancreas,ROI3,macrophage,60,9.27
HPAP-035,Body of pancreas,ROI3,macrophage,70,-0.73
HPAP-035,Body of pancreas,ROI3,macrophage,80,-10.73
HPAP-035,Body of pancreas,ROI3,macrophage,90,7.96
HPAP-035,Body of pancreas,ROI3,macrophage,100,-2.04
HPAP-035,Body of pancreas,ROI3,macrophage,110,-12.04
HPAP-035,Body of pancreas,ROI3,macrophage,120,-22.04
HPAP-035,Body of pancreas,ROI3,macrophage,130,-32.04
HPAP-035,Body of pancreas,ROI3,macrophage,140,-20.03
HPAP-035,Body of pancreas,ROI3,macrophage,150,-30.03
HPAP-035,Body of pancreas,ROI3,macrophage,160,-21.47
HPAP-035,Body of pancreas,ROI3,macrophage,170,-15.12
HPAP-035,Body of pancreas,ROI3,macrophage,180,-25.12
HPAP-035,Body of pancreas,ROI3,macrophage,190,-20.33
HPAP-035,Body of pancreas,ROI3,macrophage,200,-30.33
HPAP-035,Body of pancreas,ROI3,mdsc,10,0.12
HPAP-035,Body of pancreas,ROI3,mdsc,20,9.57
HPAP-035,Body of pancreas,ROI3,mdsc,30,12.57
HPAP-035,Body of pancreas,ROI3,mdsc,40,11.84
HPAP-035,Body of pancreas,ROI3,mdsc,50,11.44
HPAP-035,Body of pancreas,ROI3,mdsc,60,12.17
HPAP-035,Body of pancreas,ROI3,mdsc,70,12.37
HPAP-035,Body of pancreas,ROI3,mdsc,80,12.34
HPAP-035,Body of pancreas,ROI3,mdsc,90,11.52
HPAP-035,Body of pancreas,ROI3,mdsc,100,10.19
HPAP-035,Body of pancreas,ROI3,mdsc,110,9.09
HPAP-035,Body of pancreas,ROI3,mdsc,120,8.88
HPAP-035,Body of pancreas,ROI3,mdsc,130,8.03
HPAP-035,Body of pancreas,ROI3,mdsc,140,6.37
HPAP-035,Body of pancreas,ROI3,mdsc,150,5.23
HPAP-035,Body of pancreas,ROI3,mdsc,160,3.99
HPAP-035,Body of pancreas,ROI3,mdsc,170,3.31
HPAP-035,Body of pancreas,ROI3,mdsc,180,2.46
HPAP-035,Body of pancreas,ROI3,mdsc,190,2.14
HPAP-035,Body of pancreas,ROI3,mdsc,200,0.27
HPAP-035,Body of pancreas,ROI3,other_immune,10,-2.36
HPAP-035,Body of pancreas,ROI3,other_immune,20,0.09
HPAP-035,Body of pancreas,ROI3,other_immune,30,1.06
HPAP-035,Body of pancreas,ROI3,other_immune,40,0.99
HPAP-035,Body of pancreas,ROI3,other_immune,50,1.72
HPAP-035,Body of pancreas,ROI3,other_immune,60,0.9
HPAP-035,Body of pancreas,ROI3,other_immune,70,0.1
HPAP-035,Body of pancreas,ROI3,other_immune,80,-0.71
HPAP-035,Body of pancreas,ROI3,other_immune,90,-1.72
HPAP-035,Body of pancreas,ROI3,other_immune,100,-3.22
HPAP-035,Body of pancreas,ROI3,other_immune,110,-4.38
HPAP-035,Body of pancreas,ROI3,other_immune,120,-5.87
HPAP-035,Body of pancreas,ROI3,other_immune,130,-7.34
HPAP-035,Body of pancreas,ROI3,other_immune,140,-8.4
HPAP-035,Body of pancreas,ROI3,other_immune,150,-9.36
HPAP-035,Body of pancreas,ROI3,other_immune,160,-11.27
HPAP-035,Body of pancreas,ROI3,other_immune,170,-12.93
HPAP-035,Body of pancreas,ROI3,other_immune,180,-15.14
HPAP-035,Body of pancreas,ROI3,other_immune,190,-16.65
HPAP-035,Body of pancreas,ROI3,other_immune,200,-18.9
HPAP-035,Body of pancreas,ROI3,fibroblast,10,-0.44
HPAP-035,Body of pancreas,ROI3,fibroblast,20,4.68
HPAP-035,Body of pancreas,ROI3,fibroblast,30,5.16
HPAP-035,Body of pancreas,ROI3,fibroblast,40,5.23
HPAP-035,Body of pancreas,ROI3,fibroblast,50,4.12
HPAP-035,Body of pancreas,ROI3,fibroblast,60,3.13
HPAP-035,Body of pancreas,ROI3,fibroblast,70,2.5
HPAP-035,Body of pancreas,ROI3,fibroblast,80,1.53
HPAP-035,Body of pancreas,ROI3,fibroblast,90,0.8
HPAP-035,Body of pancreas,ROI3,fibroblast,100,-0.27
HPAP-035,Body of pancreas,ROI3,fibroblast,110,-1.65
HPAP-035,Body of pancreas,ROI3,fibroblast,120,-2.59
HPAP-035,Body of pancreas,ROI3,fibroblast,130,-4.07
HPAP-035,Body of pancreas,ROI3,fibroblast,140,-4.98
HPAP-035,Body of pancreas,ROI3,fibroblast,150,-6.25
HPAP-035,Body of pancreas,ROI3,fibroblast,160,-7.33
HPAP-035,Body of pancreas,ROI3,fibroblast,170,-9.09
HPAP-035,Body of pancreas,ROI3,fibroblast,180,-10.7
HPAP-035,Body of pancreas,ROI3,fibroblast,190,-12.28
HPAP-035,Body of pancreas,ROI3,fibroblast,200,-14.1
HPAP-035,Body of pancreas,ROI3,endothelial,10,3.32
HPAP-035,Body of pancreas,ROI3,endothelial,20,7.87
HPAP-035,Body of pancreas,ROI3,endothelial,30,7.22
HPAP-035,Body of pancreas,ROI3,endothelial,40,6.85
HPAP-035,Body of pancreas,ROI3,endothelial,50,6.8
HPAP-035,Body of pancreas,ROI3,endothelial,60,6.26
HPAP-035,Body of pancreas,ROI3,endothelial,70,6.41
HPAP-035,Body of pancreas,ROI3,endothelial,80,5.94
HPAP-035,Body of pancreas,ROI3,endothelial,90,4.52
HPAP-035,Body of pancreas,ROI3,endothelial,100,4.29
HPAP-035,Body of pancreas,ROI3,endothelial,110,3.61
HPAP-035,Body of pancreas,ROI3,endothelial,120,2.64
HPAP-035,Body of pancreas,ROI3,endothelial,130,1.74
HPAP-035,Body of pancreas,ROI3,endothelial,140,0.75
HPAP-035,Body of pancreas,ROI3,endothelial,150,-0.66
HPAP-035,Body of pancreas,ROI3,endothelial,160,-1.75
HPAP-035,Body of pancreas,ROI3,endothelial,170,-3.11
HPAP-035,Body of pancreas,ROI3,endothelial,180,-4.98
HPAP-035,Body of pancreas,ROI3,endothelial,190,-6.37
HPAP-035,Body of pancreas,ROI3,endothelial,200,-8.41
HPAP-035,Head of pancreas,ROI1,cd4_t,10,10.3
HPAP-035,Head of pancreas,ROI1,cd4_t,20,20.59
HPAP-035,Head of pancreas,ROI1,cd4_t,30,27.4
HPAP-035,Head of pancreas,ROI1,cd4_t,40,30.31
HPAP-035,Head of pancreas,ROI1,cd4_t,50,32.44
HPAP-035,Head of pancreas,ROI1,cd4_t,60,34.65
HPAP-035,Head of pancreas,ROI1,cd4_t,70,35.95
HPAP-035,Head of pancreas,ROI1,cd4_t,80,37.91
HPAP-035,Head of pancreas,ROI1,cd4_t,90,36.75
HPAP-035,Head of pancreas,ROI1,cd4_t,100,35.01
HPAP-035,Head of pancreas,ROI1,cd4_t,110,34.58
HPAP-035,Head of pancreas,ROI1,cd4_t,120,34.23
HPAP-035,Head of pancreas,ROI1,cd4_t,130,34.88
HPAP-035,Head of pancreas,ROI1,cd4_t,140,32.51
HPAP-035,Head of pancreas,ROI1,cd4_t,150,28.09
HPAP-035,Head of pancreas,ROI1,cd4_t,160,25.74
HPAP-035,Head of pancreas,ROI1,cd4_t,170,24.14
HPAP-035,Head of pancreas,ROI1,cd4_t,180,20.66
HPAP-035,Head of pancreas,ROI1,cd4_t,190,16.73
HPAP-035,Head of pancreas,ROI1,cd4_t,200,11.89
HPAP-035,Head of pancreas,ROI1,cd8_t,10,7.58
HPAP-035,Head of pancreas,ROI1,cd8_t,20,19.3
HPAP-035,Head of pancreas,ROI1,cd8_t,30,19.71
HPAP-035,Head of pancreas,ROI1,cd8_t,40,17.4
HPAP-035,Head of pancreas,ROI1,cd8_t,50,14.18
HPAP-035,Head of pancreas,ROI1,cd8_t,60,13.88
HPAP-035,Head of pancreas,ROI1,cd8_t,70,20.2
HPAP-035,Head of pancreas,ROI1,cd8_t,80,15.73
HPAP-035,Head of pancreas,ROI1,cd8_t,90,12.99
HPAP-035,Head of pancreas,ROI1,cd8_t,100,9.77
HPAP-035,Head of pancreas,ROI1,cd8_t,110,8.78
HPAP-035,Head of pancreas,ROI1,cd8_t,120,6.75
HPAP-035,Head of pancreas,ROI1,cd8_t,130,5.39
HPAP-035,Head of pancreas,ROI1,cd8_t,140,3.87
HPAP-035,Head of pancreas,ROI1,cd8_t,150,0.17
HPAP-035,Head of pancreas,ROI1,cd8_t,160,-0.51
HPAP-035,Head of pancreas,ROI1,cd8_t,170,-0.8
HPAP-035,Head of pancreas,ROI1,cd8_t,180,-4.82
HPAP-035,Head of pancreas,ROI1,cd8_t,190,-6.5
HPAP-035,Head of pancreas,ROI1,cd8_t,200,-7.99
HPAP-035,Head of pancreas,ROI1,b_cell,10,5.81
HPAP-035,Head of pancreas,ROI1,b_cell,20,16.66
HPAP-035,Head of pancreas,ROI1,b_cell,30,19.37
HPAP-035,Head of pancreas,ROI1,b_cell,40,23.74
HPAP-035,Head of pancreas,ROI1,b_cell,50,23.53
HPAP-035,Head of pancreas,ROI1,b_cell,60,25.88
HPAP-035,Head of pancreas,ROI1,b_cell,70,27.79
HPAP-035,Head of pancreas,ROI1,b_cell,80,28.25
HPAP-035,Head of pancreas,ROI1,b_cell,90,26.46
HPAP-035,Head of pancreas,ROI1,b_cell,100,26.49
HPAP-035,Head of pancreas,ROI1,b_cell,110,29.86
HPAP-035,Head of pancreas,ROI1,b_cell,120,31.76
HPAP-035,Head of pancreas,ROI1,b_cell,130,32.11
HPAP-035,Head of pancreas,ROI1,b_cell,140,32.12
HPAP-035,Head of pancreas,ROI1,b_cell,150,31.4
HPAP-035,Head of pancreas,ROI1,b_cell,160,34.21
HPAP-035,Head of pancreas,ROI1,b_cell,170,35.24
HPAP-035,Head of pancreas,ROI1,b_cell,180,34.47
HPAP-035,Head of pancreas,ROI1,b_cell,190,32.9
HPAP-035,Head of pancreas,ROI1,b_cell,200,30.96
HPAP-035,Head of pancreas,ROI1,macrophage,10,9.31
HPAP-035,Head of pancreas,ROI1,macrophage,20,23.18
HPAP-035,Head of pancreas,ROI1,macrophage,30,24.62
HPAP-035,Head of pancreas,ROI1,macrophage,40,22.58
HPAP-035,Head of pancreas,ROI1,macrophage,50,24.17
HPAP-035,Head of pancreas,ROI1,macrophage,60,22.5
HPAP-035,Head of pancreas,ROI1,macrophage,70,17.44
HPAP-035,Head of pancreas,ROI1,macrophage,80,14.61
HPAP-035,Head of pancreas,ROI1,macrophage,90,11.27
HPAP-035,Head of pancreas,ROI1,macrophage,100,9.24
HPAP-035,Head of pancreas,ROI1,macrophage,110,6.27
HPAP-035,Head of pancreas,ROI1,macrophage,120,3.28
HPAP-035,Head of pancreas,ROI1,macrophage,130,-0.81
HPAP-035,Head of pancreas,ROI1,macrophage,140,-5.16
HPAP-035,Head of pancreas,ROI1,macrophage,150,-5.81
HPAP-035,Head of pancreas,ROI1,macrophage,160,-7.33
HPAP-035,Head of pancreas,ROI1,macrophage,170,-7.85
HPAP-035,Head of pancreas,ROI1,macrophage,180,-10.82
HPAP-035,Head of pancreas,ROI1,macrophage,190,-13.01
HPAP-035,Head of pancreas,ROI1,macrophage,200,-13.27
HPAP-035,Head of pancreas,ROI1,mdsc,10,2.92
HPAP-035,Head of pancreas,ROI1,mdsc,20,11.16
HPAP-035,Head of pancreas,ROI1,mdsc,30,14.92
HPAP-035,Head of pancreas,ROI1,mdsc,40,20.35
HPAP-035,Head of pancreas,ROI1,mdsc,50,22.67
HPAP-035,Head of pancreas,ROI1,mdsc,60,24.54
HPAP-035,Head of pancreas,ROI1,mdsc,70,26.21
HPAP-035,Head of pancreas,ROI1,mdsc,80,28.02
HPAP-035,Head of pancreas,ROI1,mdsc,90,28.09
HPAP-035,Head of pancreas,ROI1,mdsc,100,29.13
HPAP-035,Head of pancreas,ROI1,mdsc,110,28.71
HPAP-035,Head of pancreas,ROI1,mdsc,120,28.74
HPAP-035,Head of pancreas,ROI1,mdsc,130,29.33
HPAP-035,Head of pancreas,ROI1,mdsc,140,28.04
HPAP-035,Head of pancreas,ROI1,mdsc,150,27.01
HPAP-035,Head of pancreas,ROI1,mdsc,160,26.0
HPAP-035,Head of pancreas,ROI1,mdsc,170,24.06
HPAP-035,Head of pancreas,ROI1,mdsc,180,24.09
HPAP-035,Head of pancreas,ROI1,mdsc,190,22.28
HPAP-035,Head of pancreas,ROI1,mdsc,200,20.56
HPAP-035,Head of pancreas,ROI1,other_immune,10,-0.98
HPAP-035,Head of pancreas,ROI1,other_immune,20,4.81
HPAP-035,Head of pancreas,ROI1,other_immune,30,8.14
HPAP-035,Head of pancreas,ROI1,other_immune,40,10.73
HPAP-035,Head of pancreas,ROI1,other_immune,50,11.72
HPAP-035,Head of pancreas,ROI1,other_immune,60,14.29
HPAP-035,Head of pancreas,ROI1,other_immune,70,16.59
HPAP-035,Head of pancreas,ROI1,other_immune,80,17.58
HPAP-035,Head of pancreas,ROI1,other_immune,90,19.32
HPAP-035,Head of pancreas,ROI1,other_immune,100,20.87
HPAP-035,Head of pancreas,ROI1,other_immune,110,22.13
HPAP-035,Head of pancreas,ROI1,other_immune,120,23.34
HPAP-035,Head of pancreas,ROI1,other_immune,130,24.16
HPAP-035,Head of pancreas,ROI1,other_immune,140,24.81
HPAP-035,Head of pancreas,ROI1,other_immune,150,25.45
HPAP-035,Head of pancreas,ROI1,other_immune,160,25.62
HPAP-035,Head of pancreas,ROI1,other_immune,170,25.3
HPAP-035,Head of pancreas,ROI1,other_immune,180,25.14
HPAP-035,Head of pancreas,ROI1,other_immune,190,25.0
HPAP-035,Head of pancreas,ROI1,other_immune,200,24.49
HPAP-035,Head of pancreas,ROI2,cd4_t,10,-10.0
HPAP-035,Head of pancreas,ROI2,cd4_t,20,32.05
HPAP-035,Head of pancreas,ROI2,cd4_t,30,25.64
HPAP-035,Head of pancreas,ROI2,cd4_t,40,30.93
HPAP-035,Head of pancreas,ROI2,cd4_t,50,28.69
HPAP-035,Head of pancreas,ROI2,cd4_t,60,21.11
HPAP-035,Head of pancreas,ROI2,cd4_t,70,17.98
HPAP-035,Head of pancreas,ROI2,cd4_t,80,14.34
HPAP-035,Head of pancreas,ROI2,cd4_t,90,15.94
HPAP-035,Head of pancreas,ROI2,cd4_t,100,16.38
HPAP-035,Head of pancreas,ROI2,cd4_t,110,21.97
HPAP-035,Head of pancreas,ROI2,cd4_t,120,23.22
HPAP-035,Head of pancreas,ROI2,cd4_t,130,21.11
HPAP-035,Head of pancreas,ROI2,cd4_t,140,17.38
HPAP-035,Head of pancreas,ROI2,cd4_t,150,15.76
HPAP-035,Head of pancreas,ROI2,cd4_t,160,12.62
HPAP-035,Head of pancreas,ROI2,cd4_t,170,13.49
HPAP-035,Head of pancreas,ROI2,cd4_t,180,12.75
HPAP-035,Head of pancreas,ROI2,cd4_t,190,8.68
HPAP-035,Head of pancreas,ROI2,cd4_t,200,6.32
HPAP-035,Head of pancreas,ROI2,cd8_t,10,5.25
HPAP-035,Head of pancreas,ROI2,cd8_t,20,25.74
HPAP-035,Head of pancreas,ROI2,cd8_t,30,30.99
HPAP-035,Head of pancreas,ROI2,cd8_t,40,34.31
HPAP-035,Head of pancreas,ROI2,cd8_t,50,29.59
HPAP-035,Head of pancreas,ROI2,cd8_t,60,24.89
HPAP-035,Head of pancreas,ROI2,cd8_t,70,18.58
HPAP-035,Head of pancreas,ROI2,cd8_t,80,15.22
HPAP-035,Head of pancreas,ROI2,cd8_t,90,13.97
HPAP-035,Head of pancreas,ROI2,cd8_t,100,12.04
HPAP-035,Head of pancreas,ROI2,cd8_t,110,8.35
HPAP-035,Head of pancreas,ROI2,cd8_t,120,8.02
HPAP-035,Head of pancreas,ROI2,cd8_t,130,8.91
HPAP-035,Head of pancreas,ROI2,cd8_t,140,7.63
HPAP-035,Head of pancreas,ROI2,cd8_t,150,4.74
HPAP-035,Head of pancreas,ROI2,cd8_t,160,2.8
HPAP-035,Head of pancreas,ROI2,cd8_t,170,1.32
HPAP-035,Head of pancreas,ROI2,cd8_t,180,0.09
HPAP-035,Head of pancreas,ROI2,cd8_t,190,-2.33
HPAP-035,Head of pancreas,ROI2,cd8_t,200,-6.53
HPAP-035,Head of pancreas,ROI2,b_cell,10,-2.07
HPAP-035,Head of pancreas,ROI2,b_cell,20,0.99
HPAP-035,Head of pancreas,ROI2,b_cell,30,4.68
HPAP-035,Head of pancreas,ROI2,b_cell,40,6.54
HPAP-035,Head of pancreas,ROI2,b_cell,50,9.27
HPAP-035,Head of pancreas,ROI2,b_cell,60,9.76
HPAP-035,Head of pancreas,ROI2,b_cell,70,10.14
HPAP-035,Head of pancreas,ROI2,b_cell,80,11.75
HPAP-035,Head of pancreas,ROI2,b_cell,90,12.32
HPAP-035,Head of pancreas,ROI2,b_cell,100,12.27
HPAP-035,Head of pancreas,ROI2,b_cell,110,12.57
HPAP-035,Head of pancreas,ROI2,b_cell,120,12.11
HPAP-035,Head of pancreas,ROI2,b_cell,130,12.1
HPAP-035,Head of pancreas,ROI2,b_cell,140,11.88
HPAP-035,Head of pancreas,ROI2,b_cell,150,12.19
HPAP-035,Head of pancreas,ROI2,b_cell,160,12.09
HPAP-035,Head of pancreas,ROI2,b_cell,170,11.62
HPAP-035,Head of pancreas,ROI2,b_cell,180,12.01
HPAP-035,Head of pancreas,ROI2,b_cell,190,12.22
HPAP-035,Head of pancreas,ROI2,b_cell,200,11.87
HPAP-035,Head of pancreas,ROI2,macrophage,10,35.54
HPAP-035,Head of pancreas,ROI2,macrophage,20,25.54
HPAP-035,Head of pancreas,ROI2,macrophage,30,15.54
HPAP-035,Head of pancreas,ROI2,macrophage,40,5.54
HPAP-035,Head of pancreas,ROI2,macrophage,50,14.41
HPAP-035,Head of pancreas,ROI2,macrophage,60,4.41
HPAP-035,Head of pancreas,ROI2,macrophage,70,-5.59
HPAP-035,Head of pancreas,ROI2,macrophage,80,-15.59
HPAP-035,Head of pancreas,ROI2,macrophage,90,1.08
HPAP-035,Head of pancreas,ROI2,macrophage,100,1.84
HPAP-035,Head of pancreas,ROI2,macrophage,110,10.49
HPAP-035,Head of pancreas,ROI2,macrophage,120,24.02
HPAP-035,Head of pancreas,ROI2,macrophage,130,21.05
HPAP-035,Head of pancreas,ROI2,macrophage,140,17.76
HPAP-035,Head of pancreas,ROI2,macrophage,150,20.4
HPAP-035,Head of pancreas,ROI2,macrophage,160,16.38
HPAP-035,Head of pancreas,ROI2,macrophage,170,12.17
HPAP-035,Head of pancreas,ROI2,macrophage,180,7.78
HPAP-035,Head of pancreas,ROI2,macrophage,190,-2.22
HPAP-035,Head of pancreas,ROI2,macrophage,200,-12.22
HPAP-035,Head of pancreas,ROI2,mdsc,10,4.63
HPAP-035,Head of pancreas,ROI2,mdsc,20,11.34
HPAP-035,Head of pancreas,ROI2,mdsc,30,14.04
HPAP-035,Head of pancreas,ROI2,mdsc,40,17.0
HPAP-035,Head of pancreas,ROI2,mdsc,50,17.61
HPAP-035,Head of pancreas,ROI2,mdsc,60,18.31
HPAP-035,Head of pancreas,ROI2,mdsc,70,19.49
HPAP-035,Head of pancreas,ROI2,mdsc,80,19.55
HPAP-035,Head of pancreas,ROI2,mdsc,90,20.24
HPAP-035,Head of pancreas,ROI2,mdsc,100,19.87
HPAP-035,Head of pancreas,ROI2,mdsc,110,19.32
HPAP-035,Head of pancreas,ROI2,mdsc,120,17.48
HPAP-035,Head of pancreas,ROI2,mdsc,130,14.58
HPAP-035,Head of pancreas,ROI2,mdsc,140,12.34
HPAP-035,Head of pancreas,ROI2,mdsc,150,11.02
HPAP-035,Head of pancreas,ROI2,mdsc,160,9.0
HPAP-035,Head of pancreas,ROI2,mdsc,170,6.36
HPAP-035,Head of pancreas,ROI2,mdsc,180,3.5
HPAP-035,Head of pancreas,ROI2,mdsc,190,1.03
HPAP-035,Head of pancreas,ROI2,mdsc,200,-1.98
HPAP-035,Head of pancreas,ROI2,other_immune,10,-3.42
HPAP-035,Head of pancreas,ROI2,other_immune,20,0.61
HPAP-035,Head of pancreas,ROI2,other_immune,30,2.33
HPAP-035,Head of pancreas,ROI2,other_immune,40,3.56
HPAP-035,Head of pancreas,ROI2,other_immune,50,4.25
HPAP-035,Head of pancreas,ROI2,other_immune,60,4.13
HPAP-035,Head of pancreas,ROI2,other_immune,70,3.56
HPAP-035,Head of pancreas,ROI2,other_immune,80,4.02
HPAP-035,Head of pancreas,ROI2,other_immune,90,3.27
HPAP-035,Head of pancreas,ROI2,other_immune,100,3.02
HPAP-035,Head of pancreas,ROI2,other_immune,110,2.39
HPAP-035,Head of pancreas,ROI2,other_immune,120,2.13
HPAP-035,Head of pancreas,ROI2,other_immune,130,1.5
HPAP-035,Head of pancreas,ROI2,other_immune,140,1.1
HPAP-035,Head of pancreas,ROI2,other_immune,150,0.48
HPAP-035,Head of pancreas,ROI2,other_immune,160,-0.56
HPAP-035,Head of pancreas,ROI2,other_immune,170,-1.5
HPAP-035,Head of pancreas,ROI2,other_immune,180,-2.93
HPAP-035,Head of pancreas,ROI2,other_immune,190,-4.02
HPAP-035,Head of pancreas,ROI2,other_immune,200,-5.28
HPAP-035,Head of pancreas,ROI2,endothelial,10,3.43
HPAP-035,Head of pancreas,ROI2,endothelial,20,7.4
HPAP-035,Head of pancreas,ROI2,endothelial,30,8.09
HPAP-035,Head of pancreas,ROI2,endothelial,40,6.92
HPAP-035,Head of pancreas,ROI2,endothelial,50,5.13
HPAP-035,Head of pancreas,ROI2,endothelial,60,4.37
HPAP-035,Head of pancreas,ROI2,endothelial,70,5.28
HPAP-035,Head of pancreas,ROI2,endothelial,80,5.31
HPAP-035,Head of pancreas,ROI2,endothelial,90,4.42
HPAP-035,Head of pancreas,ROI2,endothelial,100,3.12
HPAP-035,Head of pancreas,ROI2,endothelial,110,2.69
HPAP-035,Head of pancreas,ROI2,endothelial,120,0.85
HPAP-035,Head of pancreas,ROI2,endothelial,130,-1.31
HPAP-035,Head of pancreas,ROI2,endothelial,140,-3.26
HPAP-035,Head of pancreas,ROI2,endothelial,150,-5.33
HPAP-035,Head of pancreas,ROI2,endothelial,160,-8.36
HPAP-035,Head of pancreas,ROI2,endothelial,170,-10.52
HPAP-035,Head of pancreas,ROI2,endothelial,180,-13.48
HPAP-035,Head of pancreas,ROI2,endothelial,190,-16.35
HPAP-035,Head of pancreas,ROI2,endothelial,200,-18.74
HPAP-035,Head of pancreas,ROI3,cd4_t,10,-10.0
HPAP-035,Head of pancreas,ROI3,cd4_t,20,63.49
HPAP-035,Head of pancreas,ROI3,cd4_t,30,53.49
HPAP-035,Head of pancreas,ROI3,cd4_t,40,78.08
HPAP-035,Head of pancreas,ROI3,cd4_t,50,68.08
HPAP-035,Head of pancreas,ROI3,cd4_t,60,58.08
HPAP-035,Head of pancreas,ROI3,cd4_t,70,62.01
HPAP-035,Head of pancreas,ROI3,cd4_t,80,64.61
HPAP-035,Head of pancreas,ROI3,cd4_t,90,54.61
HPAP-035,Head of pancreas,ROI3,cd4_t,100,77.11
HPAP-035,Head of pancreas,ROI3,cd4_t,110,85.81
HPAP-035,Head of pancreas,ROI3,cd4_t,120,75.81
HPAP-035,Head of pancreas,ROI3,cd4_t,130,90.9
HPAP-035,Head of pancreas,ROI3,cd4_t,140,80.9
HPAP-035,Head of pancreas,ROI3,cd4_t,150,86.15
HPAP-035,Head of pancreas,ROI3,cd4_t,160,76.15
HPAP-035,Head of pancreas,ROI3,cd4_t,170,80.48
HPAP-035,Head of pancreas,ROI3,cd4_t,180,70.48
HPAP-035,Head of pancreas,ROI3,cd4_t,190,67.34
HPAP-035,Head of pancreas,ROI3,cd4_t,200,70.54
HPAP-035,Head of pancreas,ROI3,cd8_t,10,7.35
HPAP-035,Head of pancreas,ROI3,cd8_t,20,11.68
HPAP-035,Head of pancreas,ROI3,cd8_t,30,15.91
HPAP-035,Head of pancreas,ROI3,cd8_t,40,14.87
HPAP-035,Head of pancreas,ROI3,cd8_t,50,11.76
HPAP-035,Head of pancreas,ROI3,cd8_t,60,10.84
HPAP-035,Head of pancreas,ROI3,cd8_t,70,7.6
HPAP-035,Head of pancreas,ROI3,cd8_t,80,0.15
HPAP-035,Head of pancreas,ROI3,cd8_t,90,3.98
HPAP-035,Head of pancreas,ROI3,cd8_t,100,2.17
HPAP-035,Head of pancreas,ROI3,cd8_t,110,1.11
HPAP-035,Head of pancreas,ROI3,cd8_t,120,-0.61
HPAP-035,Head of pancreas,ROI3,cd8_t,130,-3.67
HPAP-035,Head of pancreas,ROI3,cd8_t,140,-2.27
HPAP-035,Head of pancreas,ROI3,cd8_t,150,-5.51
HPAP-035,Head of pancreas,ROI3,cd8_t,160,-5.12
HPAP-035,Head of pancreas,ROI3,cd8_t,170,-5.68
HPAP-035,Head of pancreas,ROI3,cd8_t,180,-7.93
HPAP-035,Head of pancreas,ROI3,cd8_t,190,-9.39
HPAP-035,Head of pancreas,ROI3,cd8_t,200,-10.17
HPAP-035,Head of pancreas,ROI3,b_cell,10,-1.33
HPAP-035,Head of pancreas,ROI3,b_cell,20,1.23
HPAP-035,Head of pancreas,ROI3,b_cell,30,1.72
HPAP-035,Head of pancreas,ROI3,b_cell,40,2.98
HPAP-035,Head of pancreas,ROI3,b_cell,50,3.98
HPAP-035,Head of pancreas,ROI3,b_cell,60,4.27
HPAP-035,Head of pancreas,ROI3,b_cell,70,4.95
HPAP-035,Head of pancreas,ROI3,b_cell,80,5.97
HPAP-035,Head of pancreas,ROI3,b_cell,90,6.04
HPAP-035,Head of pancreas,ROI3,b_cell,100,5.72
HPAP-035,Head of pancreas,ROI3,b_cell,110,5.1
HPAP-035,Head of pancreas,ROI3,b_cell,120,4.57
HPAP-035,Head of pancreas,ROI3,b_cell,130,4.87
HPAP-035,Head of pancreas,ROI3,b_cell,140,5.17
HPAP-035,Head of pancreas,ROI3,b_cell,150,5.32
HPAP-035,Head of pancreas,ROI3,b_cell,160,4.3
HPAP-035,Head of pancreas,ROI3,b_cell,170,3.2
HPAP-035,Head of pancreas,ROI3,b_cell,180,1.66
HPAP-035,Head of pancreas,ROI3,b_cell,190,0.07
HPAP-035,Head of pancreas,ROI3,b_cell,200,-2.22
HPAP-035,Head of pancreas,ROI3,macrophage,10,2.74
HPAP-035,Head of pancreas,ROI3,macrophage,20,11.22
HPAP-035,Head of pancreas,ROI3,macrophage,30,12.27
HPAP-035,Head of pancreas,ROI3,macrophage,40,14.07
HPAP-035,Head of pancreas,ROI3,macrophage,50,13.72
HPAP-035,Head of pancreas,ROI3,macrophage,60,19.58
HPAP-035,Head of pancreas,ROI3,macrophage,70,21.01
HPAP-035,Head of pancreas,ROI3,macrophage,80,17.05
HPAP-035,Head of pancreas,ROI3,macrophage,90,13.53
HPAP-035,Head of pancreas,ROI3,macrophage,100,6.62
HPAP-035,Head of pancreas,ROI3,macrophage,110,3.98
HPAP-035,Head of pancreas,ROI3,macrophage,120,4.86
HPAP-035,Head of pancreas,ROI3,macrophage,130,5.47
HPAP-035,Head of pancreas,ROI3,macrophage,140,0.76
HPAP-035,Head of pancreas,ROI3,macrophage,150,-1.38
HPAP-035,Head of pancreas,ROI3,macrophage,160,-2.88
HPAP-035,Head of pancreas,ROI3,macrophage,170,-5.31
HPAP-035,Head of pancreas,ROI3,macrophage,180,-7.61
HPAP-035,Head of pancreas,ROI3,macrophage,190,-11.59
HPAP-035,Head of pancreas,ROI3,macrophage,200,-16.65
HPAP-035,Head of pancreas,ROI3,mdsc,10,1.54
HPAP-035,Head of pancreas,ROI3,mdsc,20,3.09
HPAP-035,Head of pancreas,ROI3,mdsc,30,5.27
HPAP-035,Head of pancreas,ROI3,mdsc,40,7.13
HPAP-035,Head of pancreas,ROI3,mdsc,50,7.33
HPAP-035,Head of pancreas,ROI3,mdsc,60,11.47
HPAP-035,Head of pancreas,ROI3,mdsc,70,13.51
HPAP-035,Head of pancreas,ROI3,mdsc,80,15.43
HPAP-035,Head of pancreas,ROI3,mdsc,90,14.32
HPAP-035,Head of pancreas,ROI3,mdsc,100,14.86
HPAP-035,Head of pancreas,ROI3,mdsc,110,14.33
HPAP-035,Head of pancreas,ROI3,mdsc,120,14.63
HPAP-035,Head of pancreas,ROI3,mdsc,130,15.11
HPAP-035,Head of pancreas,ROI3,mdsc,140,14.59
HPAP-035,Head of pancreas,ROI3,mdsc,150,12.71
HPAP-035,Head of pancreas,ROI3,mdsc,160,10.84
HPAP-035,Head of pancreas,ROI3,mdsc,170,9.83
HPAP-035,Head of pancreas,ROI3,mdsc,180,8.28
HPAP-035,Head of pancreas,ROI3,mdsc,190,5.46
HPAP-035,Head of pancreas,ROI3,mdsc,200,3.91
HPAP-035,Head of pancreas,ROI3,other_immune,10,-0.17
HPAP-035,Head of pancreas,ROI3,other_immune,20,3.33
HPAP-035,Head of pancreas,ROI3,other_immune,30,5.04
HPAP-035,Head of pancreas,ROI3,other_immune,40,5.3
HPAP-035,Head of pancreas,ROI3,other_immune,50,6.69
HPAP-035,Head of pancreas,ROI3,other_immune,60,7.18
HPAP-035,Head of pancreas,ROI3,other_immune,70,6.75
HPAP-035,Head of pancreas,ROI3,other_immune,80,6.68
HPAP-035,Head of pancreas,ROI3,other_immune,90,6.17
HPAP-035,Head of pancreas,ROI3,other_immune,100,5.65
HPAP-035,Head of pancreas,ROI3,other_immune,110,5.29
HPAP-035,Head of pancreas,ROI3,other_immune,120,4.41
HPAP-035,Head of pancreas,ROI3,other_immune,130,3.57
HPAP-035,Head of pancreas,ROI3,other_immune,140,2.21
HPAP-035,Head of pancreas,ROI3,other_immune,150,1.26
HPAP-035,Head of pancreas,ROI3,other_immune,160,0.0
HPAP-035,Head of pancreas,ROI3,other_immune,170,-1.77
HPAP-035,Head of pancreas,ROI3,other_immune,180,-3.25
HPAP-035,Head of pancreas,ROI3,other_immune,190,-4.89
HPAP-035,Head of pancreas,ROI3,other_immune,200,-6.66
HPAP-035,Head of pancreas,ROI3,fibroblast,10,0.33
HPAP-035,Head of pancreas,ROI3,fibroblast,20,6.01
HPAP-035,Head of pancreas,ROI3,fibroblast,30,7.5
HPAP-035,Head of pancreas,ROI3,fibroblast,40,7.57
HPAP-035,Head of pancreas,ROI3,fibroblast,50,6.51
HPAP-035,Head of pancreas,ROI3,fibroblast,60,5.99
HPAP-035,Head of pancreas,ROI3,fibroblast,70,5.23
HPAP-035,Head of pancreas,ROI3,fibroblast,80,4.93
HPAP-035,Head of pancreas,ROI3,fibroblast,90,4.32
HPAP-035,Head of pancreas,ROI3,fibroblast,100,4.0
HPAP-035,Head of pancreas,ROI3,fibroblast,110,2.92
HPAP-035,Head of pancreas,ROI3,fibroblast,120,2.83
HPAP-035,Head of pancreas,ROI3,fibroblast,130,2.21
HPAP-035,Head of pancreas,ROI3,fibroblast,140,1.14
HPAP-035,Head of pancreas,ROI3,fibroblast,150,0.35
HPAP-035,Head of pancreas,ROI3,fibroblast,160,-0.53
HPAP-035,Head of pancreas,ROI3,fibroblast,170,-1.5
HPAP-035,Head of pancreas,ROI3,fibroblast,180,-2.78
HPAP-035,Head of pancreas,ROI3,fibroblast,190,-4.45
HPAP-035,Head of pancreas,ROI3,fibroblast,200,-6.41
HPAP-035,Head of pancreas,ROI3,endothelial,10,0.21
HPAP-035,Head of pancreas,ROI3,endothelial,20,3.49
HPAP-035,Head of pancreas,ROI3,endothelial,30,4.82
HPAP-035,Head of pancreas,ROI3,endothelial,40,6.05
HPAP-035,Head of pancreas,ROI3,endothelial,50,7.4
HPAP-035,Head of pancreas,ROI3,endothelial,60,7.99
HPAP-035,Head of pancreas,ROI3,endothelial,70,8.49
HPAP-035,Head of pancreas,ROI3,endothelial,80,8.03
HPAP-035,Head of pancreas,ROI3,endothelial,90,7.9
HPAP-035,Head of pancreas,ROI3,endothelial,100,7.56
HPAP-035,Head of pancreas,ROI3,endothelial,110,6.54
HPAP-035,Head of pancreas,ROI3,endothelial,120,5.13
HPAP-035,Head of pancreas,ROI3,endothelial,130,4.01
HPAP-035,Head of pancreas,ROI3,endothelial,140,2.84
HPAP-035,Head of pancreas,ROI3,endothelial,150,1.81
HPAP-035,Head of pancreas,ROI3,endothelial,160,0.34
HPAP-035,Head of pancreas,ROI3,endothelial,170,-0.49
HPAP-035,Head of pancreas,ROI3,endothelial,180,-1.54
HPAP-035,Head of pancreas,ROI3,endothelial,190,-2.67
HPAP-035,Head of pancreas,ROI3,endothelial,200,-3.96
HPAP-035,Tail of pancreas,ROI1,cd4_t,10,-10.0
HPAP-035,Tail of pancreas,ROI1,cd4_t,20,12.43
HPAP-035,Tail of pancreas,ROI1,cd4_t,30,34.86
HPAP-035,Tail of pancreas,ROI1,cd4_t,40,32.51
HPAP-035,Tail of pancreas,ROI1,cd4_t,50,47.29
HPAP-035,Tail of pancreas,ROI1,cd4_t,60,47.56
HPAP-035,Tail of pancreas,ROI1,cd4_t,70,42.34
HPAP-035,Tail of pancreas,ROI1,cd4_t,80,45.6
HPAP-035,Tail of pancreas,ROI1,cd4_t,90,47.59
HPAP-035,Tail of pancreas,ROI1,cd4_t,100,62.15
HPAP-035,Tail of pancreas,ROI1,cd4_t,110,70.56
HPAP-035,Tail of pancreas,ROI1,cd4_t,120,69.09
HPAP-035,Tail of pancreas,ROI1,cd4_t,130,72.52
HPAP-035,Tail of pancreas,ROI1,cd4_t,140,72.65
HPAP-035,Tail of pancreas,ROI1,cd4_t,150,74.68
HPAP-035,Tail of pancreas,ROI1,cd4_t,160,71.59
HPAP-035,Tail of pancreas,ROI1,cd4_t,170,85.35
HPAP-035,Tail of pancreas,ROI1,cd4_t,180,85.45
HPAP-035,Tail of pancreas,ROI1,cd4_t,190,79.38
HPAP-035,Tail of pancreas,ROI1,cd4_t,200,80.85
HPAP-035,Tail of pancreas,ROI1,cd8_t,10,-10.0
HPAP-035,Tail of pancreas,ROI1,cd8_t,20,38.56
HPAP-035,Tail of pancreas,ROI1,cd8_t,30,37.62
HPAP-035,Tail of pancreas,ROI1,cd8_t,40,27.62
HPAP-035,Tail of pancreas,ROI1,cd8_t,50,32.82
HPAP-035,Tail of pancreas,ROI1,cd8_t,60,35.63
HPAP-035,Tail of pancreas,ROI1,cd8_t,70,36.92
HPAP-035,Tail of pancreas,ROI1,cd8_t,80,32.13
HPAP-035,Tail of pancreas,ROI1,cd8_t,90,27.12
HPAP-035,Tail of pancreas,ROI1,cd8_t,100,35.24
HPAP-035,Tail of pancreas,ROI1,cd8_t,110,37.37
HPAP-035,Tail of pancreas,ROI1,cd8_t,120,38.58
HPAP-035,Tail of pancreas,ROI1,cd8_t,130,28.58
HPAP-035,Tail of pancreas,ROI1,cd8_t,140,32.4
HPAP-035,Tail of pancreas,ROI1,cd8_t,150,38.25
HPAP-035,Tail of pancreas,ROI1,cd8_t,160,48.42
HPAP-035,Tail of pancreas,ROI1,cd8_t,170,43.83
HPAP-035,Tail of pancreas,ROI1,cd8_t,180,41.71
HPAP-035,Tail of pancreas,ROI1,cd8_t,190,31.71
HPAP-035,Tail of pancreas,ROI1,cd8_t,200,34.24
HPAP-035,Tail of pancreas,ROI1,macrophage,10,9.62
HPAP-035,Tail of pancreas,ROI1,macrophage,20,23.86
HPAP-035,Tail of pancreas,ROI1,macrophage,30,28.85
HPAP-035,Tail of pancreas,ROI1,macrophage,40,35.97
HPAP-035,Tail of pancreas,ROI1,macrophage,50,42.0
HPAP-035,Tail of pancreas,ROI1,macrophage,60,34.07
HPAP-035,Tail of pancreas,ROI1,macrophage,70,35.63
HPAP-035,Tail of pancreas,ROI1,macrophage,80,29.21
HPAP-035,Tail of pancreas,ROI1,macrophage,90,27.69
HPAP-035,Tail of pancreas,ROI1,macrophage,100,22.5
HPAP-035,Tail of pancreas,ROI1,macrophage,110,20.11
HPAP-035,Tail of pancreas,ROI1,macrophage,120,15.9
HPAP-035,Tail of pancreas,ROI1,macrophage,130,19.38
HPAP-035,Tail of pancreas,ROI1,macrophage,140,18.14
HPAP-035,Tail of pancreas,ROI1,macrophage,150,22.12
HPAP-035,Tail of pancreas,ROI1,macrophage,160,25.05
HPAP-035,Tail of pancreas,ROI1,macrophage,170,21.18
HPAP-035,Tail of pancreas,ROI1,macrophage,180,21.0
HPAP-035,Tail of pancreas,ROI1,macrophage,190,18.51
HPAP-035,Tail of pancreas,ROI1,macrophage,200,20.18
HPAP-035,Tail of pancreas,ROI1,other_immune,10,11.16
HPAP-035,Tail of pancreas,ROI1,other_immune,20,30.24
HPAP-035,Tail of pancreas,ROI1,other_immune,30,35.69
HPAP-035,Tail of pancreas,ROI1,other_immune,40,40.71
HPAP-035,Tail of pancreas,ROI1,other_immune,50,42.68
HPAP-035,Tail of pancreas,ROI1,other_immune,60,46.57
HPAP-035,Tail of pancreas,ROI1,other_immune,70,47.65
HPAP-035,Tail of pancreas,ROI1,other_immune,80,52.92
HPAP-035,Tail of pancreas,ROI1,other_immune,90,54.09
HPAP-035,Tail of pancreas,ROI1,other_immune,100,55.9
HPAP-035,Tail of pancreas,ROI1,other_immune,110,56.38
HPAP-035,Tail of pancreas,ROI1,other_immune,120,56.47
HPAP-035,Tail of pancreas,ROI1,other_immune,130,57.11
HPAP-035,Tail of pancreas,ROI1,other_immune,140,56.97
HPAP-035,Tail of pancreas,ROI1,other_immune,150,56.55
HPAP-035,Tail of pancreas,ROI1,other_immune,160,56.46
HPAP-035,Tail of pancreas,ROI1,other_immune,170,54.5
HPAP-035,Tail of pancreas,ROI1,other_immune,180,51.55
HPAP-035,Tail of pancreas,ROI1,other_immune,190,51.28
HPAP-035,Tail of pancreas,ROI1,other_immune,200,50.87
HPAP-035,Tail of pancreas,ROI1,fibroblast,10,1.61
HPAP-035,Tail of pancreas,ROI1,fibroblast,20,20.78
HPAP-035,Tail of pancreas,ROI1,fibroblast,30,28.44
HPAP-035,Tail of pancreas,ROI1,fibroblast,40,32.51
HPAP-035,Tail of pancreas,ROI1,fibroblast,50,34.53
HPAP-035,Tail of pancreas,ROI1,fibroblast,60,37.37
HPAP-035,Tail of pancreas,ROI1,fibroblast,70,39.12
HPAP-035,Tail of pancreas,ROI1,fibroblast,80,41.4
HPAP-035,Tail of pancreas,ROI1,fibroblast,90,40.85
HPAP-035,Tail of pancreas,ROI1,fibroblast,100,40.29
HPAP-035,Tail of pancreas,ROI1,fibroblast,110,40.64
HPAP-035,Tail of pancreas,ROI1,fibroblast,120,39.9
HPAP-035,Tail of pancreas,ROI1,fibroblast,130,38.79
HPAP-035,Tail of pancreas,ROI1,fibroblast,140,36.47
HPAP-035,Tail of pancreas,ROI1,fibroblast,150,33.46
HPAP-035,Tail of pancreas,ROI1,fibroblast,160,31.49
HPAP-035,Tail of pancreas,ROI1,fibroblast,170,27.84
HPAP-035,Tail of pancreas,ROI1,fibroblast,180,25.74
HPAP-035,Tail of pancreas,ROI1,fibroblast,190,25.14
HPAP-035,Tail of pancreas,ROI1,fibroblast,200,23.64
HPAP-035,Tail of pancreas,ROI2,cd4_t,10,16.93
HPAP-035,Tail of pancreas,ROI2,cd4_t,20,26.65
HPAP-035,Tail of pancreas,ROI2,cd4_t,30,46.18
HPAP-035,Tail of pancreas,ROI2,cd4_t,40,64.31
HPAP-035,Tail of pancreas,ROI2,cd4_t,50,64.27
HPAP-035,Tail of pancreas,ROI2,cd4_t,60,66.33
HPAP-035,Tail of pancreas,ROI2,cd4_t,70,69.95
HPAP-035,Tail of pancreas,ROI2,cd4_t,80,69.96
HPAP-035,Tail of pancreas,ROI2,cd4_t,90,76.03
HPAP-035,Tail of pancreas,ROI2,cd4_t,100,80.67
HPAP-035,Tail of pancreas,ROI2,cd4_t,110,74.64
HPAP-035,Tail of pancreas,ROI2,cd4_t,120,64.64
HPAP-035,Tail of pancreas,ROI2,cd4_t,130,69.74
HPAP-035,Tail of pancreas,ROI2,cd4_t,140,65.12
HPAP-035,Tail of pancreas,ROI2,cd4_t,150,60.35
HPAP-035,Tail of pancreas,ROI2,cd4_t,160,60.46
HPAP-035,Tail of pancreas,ROI2,cd4_t,170,58.53
HPAP-035,Tail of pancreas,ROI2,cd4_t,180,53.25
HPAP-035,Tail of pancreas,ROI2,cd4_t,190,46.34
HPAP-035,Tail of pancreas,ROI2,cd4_t,200,45.37
HPAP-035,Tail of pancreas,ROI2,cd8_t,10,37.82
HPAP-035,Tail of pancreas,ROI2,cd8_t,20,55.61
HPAP-035,Tail of pancreas,ROI2,cd8_t,30,76.92
HPAP-035,Tail of pancreas,ROI2,cd8_t,40,90.95
HPAP-035,Tail of pancreas,ROI2,cd8_t,50,97.38
HPAP-035,Tail of pancreas,ROI2,cd8_t,60,102.16
HPAP-035,Tail of pancreas,ROI2,cd8_t,70,108.92
HPAP-035,Tail of pancreas,ROI2,cd8_t,80,105.2
HPAP-035,Tail of pancreas,ROI2,cd8_t,90,115.67
HPAP-035,Tail of pancreas,ROI2,cd8_t,100,116.51
HPAP-035,Tail of pancreas,ROI2,cd8_t,110,109.13
HPAP-035,Tail of pancreas,ROI2,cd8_t,120,104.29
HPAP-035,Tail of pancreas,ROI2,cd8_t,130,101.81
HPAP-035,Tail of pancreas,ROI2,cd8_t,140,101.47
HPAP-035,Tail of pancreas,ROI2,cd8_t,150,105.28
HPAP-035,Tail of pancreas,ROI2,cd8_t,160,97.51
HPAP-035,Tail of pancreas,ROI2,cd8_t,170,91.91
HPAP-035,Tail of pancreas,ROI2,cd8_t,180,88.38
HPAP-035,Tail of pancreas,ROI2,cd8_t,190,84.69
HPAP-035,Tail of pancreas,ROI2,cd8_t,200,76.77
HPAP-035,Tail of pancreas,ROI2,macrophage,10,-10.0
HPAP-035,Tail of pancreas,ROI2,macrophage,20,18.76
HPAP-035,Tail of pancreas,ROI2,macrophage,30,24.82
HPAP-035,Tail of pancreas,ROI2,macrophage,40,27.14
HPAP-035,Tail of pancreas,ROI2,macrophage,50,27.53
HPAP-035,Tail of pancreas,ROI2,macrophage,60,26.68
HPAP-035,Tail of pancreas,ROI2,macrophage,70,16.68
HPAP-035,Tail of pancreas,ROI2,macrophage,80,6.68
HPAP-035,Tail of pancreas,ROI2,macrophage,90,-3.32
HPAP-035,Tail of pancreas,ROI2,macrophage,100,-5.05
HPAP-035,Tail of pancreas,ROI2,macrophage,110,-7.44
HPAP-035,Tail of pancreas,ROI2,macrophage,120,-10.36
HPAP-035,Tail of pancreas,ROI2,macrophage,130,-7.42
HPAP-035,Tail of pancreas,ROI2,macrophage,140,-11.44
HPAP-035,Tail of pancreas,ROI2,macrophage,150,-21.44
HPAP-035,Tail of pancreas,ROI2,macrophage,160,-9.87
HPAP-035,Tail of pancreas,ROI2,macrophage,170,-5.54
HPAP-035,Tail of pancreas,ROI2,macrophage,180,-6.65
HPAP-035,Tail of pancreas,ROI2,macrophage,190,-8.18
HPAP-035,Tail of pancreas,ROI2,macrophage,200,-2.34
HPAP-035,Tail of pancreas,ROI2,other_immune,10,6.05
HPAP-035,Tail of pancreas,ROI2,other_immune,20,15.89
HPAP-035,Tail of pancreas,ROI2,other_immune,30,25.6
HPAP-035,Tail of pancreas,ROI2,other_immune,40,26.17
HPAP-035,Tail of pancreas,ROI2,other_immune,50,21.78
HPAP-035,Tail of pancreas,ROI2,other_immune,60,16.97
HPAP-035,Tail of pancreas,ROI2,other_immune,70,20.79
HPAP-035,Tail of pancreas,ROI2,other_immune,80,25.24
HPAP-035,Tail of pancreas,ROI2,other_immune,90,29.03
HPAP-035,Tail of pancreas,ROI2,other_immune,100,32.35
HPAP-035,Tail of pancreas,ROI2,other_immune,110,29.92
HPAP-035,Tail of pancreas,ROI2,other_immune,120,28.84
HPAP-035,Tail of pancreas,ROI2,other_immune,130,29.69
HPAP-035,Tail of pancreas,ROI2,other_immune,140,26.02
HPAP-035,Tail of pancreas,ROI2,other_immune,150,27.27
HPAP-035,Tail of pancreas,ROI2,other_immune,160,29.9
HPAP-035,Tail of pancreas,ROI2,other_immune,170,28.52
HPAP-035,Tail of pancreas,ROI2,other_immune,180,24.28
HPAP-035,Tail of pancreas,ROI2,other_immune,190,22.92
HPAP-035,Tail of pancreas,ROI2,other_immune,200,21.81
HPAP-035,Tail of pancreas,ROI2,endothelial,10,3.54
HPAP-035,Tail of pancreas,ROI2,endothelial,20,8.36
HPAP-035,Tail of pancreas,ROI2,endothelial,30,10.1
HPAP-035,Tail of pancreas,ROI2,endothelial,40,12.18
HPAP-035,Tail of pancreas,ROI2,endothelial,50,11.38
HPAP-035,Tail of pancreas,ROI2,endothelial,60,13.12
HPAP-035,Tail of pancreas,ROI2,endothelial,70,14.41
HPAP-035,Tail of pancreas,ROI2,endothelial,80,15.39
HPAP-035,Tail of pancreas,ROI2,endothelial,90,14.97
HPAP-035,Tail of pancreas,ROI2,endothelial,100,14.42
HPAP-035,Tail of pancreas,ROI2,endothelial,110,13.21
HPAP-035,Tail of pancreas,ROI2,endothelial,120,12.48
HPAP-035,Tail of pancreas,ROI2,endothelial,130,11.59
HPAP-035,Tail of pancreas,ROI2,endothelial,140,9.82
HPAP-035,Tail of pancreas,ROI2,endothelial,150,7.4
HPAP-035,Tail of pancreas,ROI2,endothelial,160,4.37
HPAP-035,Tail of pancreas,ROI2,endothelial,170,3.19
HPAP-035,Tail of pancreas,ROI2,endothelial,180,1.0
HPAP-035,Tail of pancreas,ROI2,endothelial,190,-1.33
HPAP-035,Tail of pancreas,ROI2,endothelial,200,-3.89
HPAP-035,Tail of pancreas,ROI3,cd4_t,10,-10.0
HPAP-035,Tail of pancreas,ROI3,cd4_t,20,34.91
HPAP-035,Tail of pancreas,ROI3,cd4_t,30,37.25
HPAP-035,Tail of pancreas,ROI3,cd4_t,40,62.72
HPAP-035,Tail of pancreas,ROI3,cd4_t,50,52.72
HPAP-035,Tail of pancreas,ROI3,cd4_t,60,49.82
HPAP-035,Tail of pancreas,ROI3,cd4_t,70,46.48
HPAP-035,Tail of pancreas,ROI3,cd4_t,80,42.78
HPAP-035,Tail of pancreas,ROI3,cd4_t,90,49.99
HPAP-035,Tail of pancreas,ROI3,cd4_t,100,39.99
HPAP-035,Tail of pancreas,ROI3,cd4_t,110,40.37
HPAP-035,Tail of pancreas,ROI3,cd4_t,120,44.73
HPAP-035,Tail of pancreas,ROI3,cd4_t,130,47.92
HPAP-035,Tail of pancreas,ROI3,cd4_t,140,42.11
HPAP-035,Tail of pancreas,ROI3,cd4_t,150,32.11
HPAP-035,Tail of pancreas,ROI3,cd4_t,160,34.13
HPAP-035,Tail of pancreas,ROI3,cd4_t,170,24.13
HPAP-035,Tail of pancreas,ROI3,cd4_t,180,32.66
HPAP-035,Tail of pancreas,ROI3,cd4_t,190,29.64
HPAP-035,Tail of pancreas,ROI3,cd4_t,200,39.34
HPAP-035,Tail of pancreas,ROI3,cd8_t,10,-10.0
HPAP-035,Tail of pancreas,ROI3,cd8_t,20,13.87
HPAP-035,Tail of pancreas,ROI3,cd8_t,30,17.9
HPAP-035,Tail of pancreas,ROI3,cd8_t,40,7.9
HPAP-035,Tail of pancreas,ROI3,cd8_t,50,8.66
HPAP-035,Tail of pancreas,ROI3,cd8_t,60,7.73
HPAP-035,Tail of pancreas,ROI3,cd8_t,70,-2.27
HPAP-035,Tail of pancreas,ROI3,cd8_t,80,-12.27
HPAP-035,Tail of pancreas,ROI3,cd8_t,90,-14.27
HPAP-035,Tail of pancreas,ROI3,cd8_t,100,-17.04
HPAP-035,Tail of pancreas,ROI3,cd8_t,110,-8.4
HPAP-035,Tail of pancreas,ROI3,cd8_t,120,11.17
HPAP-035,Tail of pancreas,ROI3,cd8_t,130,5.47
HPAP-035,Tail of pancreas,ROI3,cd8_t,140,3.69
HPAP-035,Tail of pancreas,ROI3,cd8_t,150,1.46
HPAP-035,Tail of pancreas,ROI3,cd8_t,160,-1.15
HPAP-035,Tail of pancreas,ROI3,cd8_t,170,-0.66
HPAP-035,Tail of pancreas,ROI3,cd8_t,180,-4.02
HPAP-035,Tail of pancreas,ROI3,cd8_t,190,-7.62
HPAP-035,Tail of pancreas,ROI3,cd8_t,200,-8.42
HPAP-035,Tail of pancreas,ROI3,macrophage,10,-10.0
HPAP-035,Tail of pancreas,ROI3,macrophage,20,19.99
HPAP-035,Tail of pancreas,ROI3,macrophage,30,17.31
HPAP-035,Tail of pancreas,ROI3,macrophage,40,16.55
HPAP-035,Tail of pancreas,ROI3,macrophage,50,14.47
HPAP-035,Tail of pancreas,ROI3,macrophage,60,23.87
HPAP-035,Tail of pancreas,ROI3,macrophage,70,22.92
HPAP-035,Tail of pancreas,ROI3,macrophage,80,22.72
HPAP-035,Tail of pancreas,ROI3,macrophage,90,24.5
HPAP-035,Tail of pancreas,ROI3,macrophage,100,32.62
HPAP-035,Tail of pancreas,ROI3,macrophage,110,33.06
HPAP-035,Tail of pancreas,ROI3,macrophage,120,30.68
HPAP-035,Tail of pancreas,ROI3,macrophage,130,27.93
HPAP-035,Tail of pancreas,ROI3,macrophage,140,31.52
HPAP-035,Tail of pancreas,ROI3,macrophage,150,35.84
HPAP-035,Tail of pancreas,ROI3,macrophage,160,32.6
HPAP-035,Tail of pancreas,ROI3,macrophage,170,26.7
HPAP-035,Tail of pancreas,ROI3,macrophage,180,25.45
HPAP-035,Tail of pancreas,ROI3,macrophage,190,22.34
HPAP-035,Tail of pancreas,ROI3,macrophage,200,23.35
HPAP-035,Tail of pancreas,ROI3,other_immune,10,2.02
HPAP-035,Tail of pancreas,ROI3,other_immune,20,8.77
HPAP-035,Tail of pancreas,ROI3,other_immune,30,10.37
HPAP-035,Tail of pancreas,ROI3,other_immune,40,11.27
HPAP-035,Tail of pancreas,ROI3,other_immune,50,11.63
HPAP-035,Tail of pancreas,ROI3,other_immune,60,10.2
HPAP-035,Tail of pancreas,ROI3,other_immune,70,8.92
HPAP-035,Tail of pancreas,ROI3,other_immune,80,8.35
HPAP-035,Tail of pancreas,ROI3,other_immune,90,7.81
HPAP-035,Tail of pancreas,ROI3,other_immune,100,6.74
HPAP-035,Tail of pancreas,ROI3,other_immune,110,3.95
HPAP-035,Tail of pancreas,ROI3,other_immune,120,2.45
HPAP-035,Tail of pancreas,ROI3,other_immune,130,-0.1
HPAP-035,Tail of pancreas,ROI3,other_immune,140,-1.49
HPAP-035,Tail of pancreas,ROI3,other_immune,150,-3.28
HPAP-035,Tail of pancreas,ROI3,other_immune,160,-5.39
HPAP-035,Tail of pancreas,ROI3,other_immune,170,-7.11
HPAP-035,Tail of pancreas,ROI3,other_immune,180,-9.58
HPAP-035,Tail of pancreas,ROI3,other_immune,190,-12.15
HPAP-035,Tail of pancreas,ROI3,other_immune,200,-15.37
HPAP-035,Tail of pancreas,ROI3,fibroblast,10,20.01
HPAP-035,Tail of pancreas,ROI3,fibroblast,20,27.45
HPAP-035,Tail of pancreas,ROI3,fibroblast,30,52.19
HPAP-035,Tail of pancreas,ROI3,fibroblast,40,52.5
HPAP-035,Tail of pancreas,ROI3,fibroblast,50,75.54
HPAP-035,Tail of pancreas,ROI3,fibroblast,60,87.02
HPAP-035,Tail of pancreas,ROI3,fibroblast,70,91.61
HPAP-035,Tail of pancreas,ROI3,fibroblast,80,100.06
HPAP-035,Tail of pancreas,ROI3,fibroblast,90,111.32
HPAP-035,Tail of pancreas,ROI3,fibroblast,100,123.57
HPAP-035,Tail of pancreas,ROI3,fibroblast,110,130.08
HPAP-035,Tail of pancreas,ROI3,fibroblast,120,137.29
HPAP-035,Tail of pancreas,ROI3,fibroblast,130,149.92
HPAP-035,Tail of pancreas,ROI3,fibroblast,140,160.85
HPAP-035,Tail of pancreas,ROI3,fibroblast,150,173.92
HPAP-035,Tail of pancreas,ROI3,fibroblast,160,179.53
HPAP-035,Tail of pancreas,ROI3,fibroblast,170,183.18
HPAP-035,Tail of pancreas,ROI3,fibroblast,180,185.71
HPAP-035,Tail of pancreas,ROI3,fibroblast,190,186.63
HPAP-035,Tail of pancreas,ROI3,fibroblast,200,187.82
HPAP-035,Tail of pancreas,ROI3,endothelial,10,8.75
HPAP-035,Tail of pancreas,ROI3,endothelial,20,14.24
HPAP-035,Tail of pancreas,ROI3,endothelial,30,13.3
HPAP-035,Tail of pancreas,ROI3,endothelial,40,13.04
HPAP-035,Tail of pancreas,ROI3,endothelial,50,16.74
HPAP-035,Tail of pancreas,ROI3,endothelial,60,15.78
HPAP-035,Tail of pancreas,ROI3,endothelial,70,16.61
HPAP-035,Tail of pancreas,ROI3,endothelial,80,18.03
HPAP-035,Tail of pancreas,ROI3,endothelial,90,15.52
HPAP-035,Tail of pancreas,ROI3,endothelial,100,14.06
HPAP-035,Tail of pancreas,ROI3,endothelial,110,12.0
HPAP-035,Tail of pancreas,ROI3,endothelial,120,9.01
HPAP-035,Tail of pancreas,ROI3,endothelial,130,4.78
HPAP-035,Tail of pancreas,ROI3,endothelial,140,4.03
HPAP-035,Tail of pancreas,ROI3,endothelial,150,5.76
HPAP-035,Tail of pancreas,ROI3,endothelial,160,1.31
HPAP-035,Tail of pancreas,ROI3,endothelial,170,0.15
HPAP-035,Tail of pancreas,ROI3,endothelial,180,-2.44
HPAP-035,Tail of pancreas,ROI3,endothelial,190,-4.37
HPAP-035,Tail of pancreas,ROI3,endothelial,200,-6.34
HPAP-036,Body of pancreas,ROI1,cd4_t,10,19.98
HPAP-036,Body of pancreas,ROI1,cd4_t,20,39.96
HPAP-036,Body of pancreas,ROI1,cd4_t,30,49.32
HPAP-036,Body of pancreas,ROI1,cd4_t,40,54.81
HPAP-036,Body of pancreas,ROI1,cd4_t,50,56.0
HPAP-036,Body of pancreas,ROI1,cd4_t,60,61.78
HPAP-036,Body of pancreas,ROI1,cd4_t,70,65.75
HPAP-036,Body of pancreas,ROI1,cd4_t,80,62.21
HPAP-036,Body of pancreas,ROI1,cd4_t,90,59.91
HPAP-036,Body of pancreas,ROI1,cd4_t,100,64.21
HPAP-036,Body of pancreas,ROI1,cd4_t,110,62.23
HPAP-036,Body of pancreas,ROI1,cd4_t,120,62.37
HPAP-036,Body of pancreas,ROI1,cd4_t,130,60.8
HPAP-036,Body of pancreas,ROI1,cd4_t,140,56.6
HPAP-036,Body of pancreas,ROI1,cd4_t,150,54.44
HPAP-036,Body of pancreas,ROI1,cd4_t,160,54.11
HPAP-036,Body of pancreas,ROI1,cd4_t,170,53.35
HPAP-036,Body of pancreas,ROI1,cd4_t,180,54.16
HPAP-036,Body of pancreas,ROI1,cd4_t,190,50.78
HPAP-036,Body of pancreas,ROI1,cd4_t,200,49.04
HPAP-036,Body of pancreas,ROI1,cd8_t,10,6.39
HPAP-036,Body of pancreas,ROI1,cd8_t,20,12.78
HPAP-036,Body of pancreas,ROI1,cd8_t,30,6.65
HPAP-036,Body of pancreas,ROI1,cd8_t,40,6.36
HPAP-036,Body of pancreas,ROI1,cd8_t,50,11.33
HPAP-036,Body of pancreas,ROI1,cd8_t,60,5.56
HPAP-036,Body of pancreas,ROI1,cd8_t,70,11.96
HPAP-036,Body of pancreas,ROI1,cd8_t,80,19.7
HPAP-036,Body of pancreas,ROI1,cd8_t,90,16.23
HPAP-036,Body of pancreas,ROI1,cd8_t,100,14.74
HPAP-036,Body of pancreas,ROI1,cd8_t,110,14.83
HPAP-036,Body of pancreas,ROI1,cd8_t,120,11.13
HPAP-036,Body of pancreas,ROI1,cd8_t,130,10.05
HPAP-036,Body of pancreas,ROI1,cd8_t,140,12.89
HPAP-036,Body of pancreas,ROI1,cd8_t,150,11.43
HPAP-036,Body of pancreas,ROI1,cd8_t,160,12.69
HPAP-036,Body of pancreas,ROI1,cd8_t,170,8.05
HPAP-036,Body of pancreas,ROI1,cd8_t,180,6.17
HPAP-036,Body of pancreas,ROI1,cd8_t,190,5.32
HPAP-036,Body of pancreas,ROI1,cd8_t,200,7.98
HPAP-036,Body of pancreas,ROI1,b_cell,10,3.22
HPAP-036,Body of pancreas,ROI1,b_cell,20,11.12
HPAP-036,Body of pancreas,ROI1,b_cell,30,14.73
HPAP-036,Body of pancreas,ROI1,b_cell,40,18.02
HPAP-036,Body of pancreas,ROI1,b_cell,50,20.38
HPAP-036,Body of pancreas,ROI1,b_cell,60,22.34
HPAP-036,Body of pancreas,ROI1,b_cell,70,25.05
HPAP-036,Body of pancreas,ROI1,b_cell,80,26.99
HPAP-036,Body of pancreas,ROI1,b_cell,90,30.07
HPAP-036,Body of pancreas,ROI1,b_cell,100,31.97
HPAP-036,Body of pancreas,ROI1,b_cell,110,33.0
HPAP-036,Body of pancreas,ROI1,b_cell,120,33.7
HPAP-036,Body of pancreas,ROI1,b_cell,130,34.72
HPAP-036,Body of pancreas,ROI1,b_cell,140,35.59
HPAP-036,Body of pancreas,ROI1,b_cell,150,35.91
HPAP-036,Body of pancreas,ROI1,b_cell,160,35.57
HPAP-036,Body of pancreas,ROI1,b_cell,170,35.04
HPAP-036,Body of pancreas,ROI1,b_cell,180,34.61
HPAP-036,Body of pancreas,ROI1,b_cell,190,34.94
HPAP-036,Body of pancreas,ROI1,b_cell,200,34.42
HPAP-036,Body of pancreas,ROI1,macrophage,10,5.43
HPAP-036,Body of pancreas,ROI1,macrophage,20,13.62
HPAP-036,Body of pancreas,ROI1,macrophage,30,14.09
HPAP-036,Body of pancreas,ROI1,macrophage,40,15.62
HPAP-036,Body of pancreas,ROI1,macrophage,50,16.95
HPAP-036,Body of pancreas,ROI1,macrophage,60,19.79
HPAP-036,Body of pancreas,ROI1,macrophage,70,21.48
HPAP-036,Body of pancreas,ROI1,macrophage,80,22.14
HPAP-036,Body of pancreas,ROI1,macrophage,90,22.04
HPAP-036,Body of pancreas,ROI1,macrophage,100,21.06
HPAP-036,Body of pancreas,ROI1,macrophage,110,22.26
HPAP-036,Body of pancreas,ROI1,macrophage,120,22.09
HPAP-036,Body of pancreas,ROI1,macrophage,130,22.2
HPAP-036,Body of pancreas,ROI1,macrophage,140,21.86
HPAP-036,Body of pancreas,ROI1,macrophage,150,21.27
HPAP-036,Body of pancreas,ROI1,macrophage,160,19.58
HPAP-036,Body of pancreas,ROI1,macrophage,170,17.52
HPAP-036,Body of pancreas,ROI1,macrophage,180,15.7
HPAP-036,Body of pancreas,ROI1,macrophage,190,14.23
HPAP-036,Body of pancreas,ROI1,macrophage,200,13.07
HPAP-036,Body of pancreas,ROI1,mdsc,10,6.39
HPAP-036,Body of pancreas,ROI1,mdsc,20,16.65
HPAP-036,Body of pancreas,ROI1,mdsc,30,21.83
HPAP-036,Body of pancreas,ROI1,mdsc,40,27.58
HPAP-036,Body of pancreas,ROI1,mdsc,50,36.73
HPAP-036,Body of pancreas,ROI1,mdsc,60,41.04
HPAP-036,Body of pancreas,ROI1,mdsc,70,41.17
HPAP-036,Body of pancreas,ROI1,mdsc,80,39.33
HPAP-036,Body of pancreas,ROI1,mdsc,90,40.1
HPAP-036,Body of pancreas,ROI1,mdsc,100,41.95
HPAP-036,Body of pancreas,ROI1,mdsc,110,43.76
HPAP-036,Body of pancreas,ROI1,mdsc,120,51.91
HPAP-036,Body of pancreas,ROI1,mdsc,130,52.52
HPAP-036,Body of pancreas,ROI1,mdsc,140,54.63
HPAP-036,Body of pancreas,ROI1,mdsc,150,58.62
HPAP-036,Body of pancreas,ROI1,mdsc,160,59.3
HPAP-036,Body of pancreas,ROI1,mdsc,170,57.71
HPAP-036,Body of pancreas,ROI1,mdsc,180,55.83
HPAP-036,Body of pancreas,ROI1,mdsc,190,54.77
HPAP-036,Body of pancreas,ROI1,mdsc,200,52.34
HPAP-036,Body of pancreas,ROI1,other_immune,10,1.48
HPAP-036,Body of pancreas,ROI1,other_immune,20,5.91
HPAP-036,Body of pancreas,ROI1,other_immune,30,8.43
HPAP-036,Body of pancreas,ROI1,other_immune,40,10.65
HPAP-036,Body of pancreas,ROI1,other_immune,50,12.61
HPAP-036,Body of pancreas,ROI1,other_immune,60,15.12
HPAP-036,Body of pancreas,ROI1,other_immune,70,16.33
HPAP-036,Body of pancreas,ROI1,other_immune,80,17.22
HPAP-036,Body of pancreas,ROI1,other_immune,90,17.98
HPAP-036,Body of pancreas,ROI1,other_immune,100,18.41
HPAP-036,Body of pancreas,ROI1,other_immune,110,18.82
HPAP-036,Body of pancreas,ROI1,other_immune,120,18.23
HPAP-036,Body of pancreas,ROI1,other_immune,130,18.33
HPAP-036,Body of pancreas,ROI1,other_immune,140,17.71
HPAP-036,Body of pancreas,ROI1,other_immune,150,17.15
HPAP-036,Body of pancreas,ROI1,other_immune,160,16.51
HPAP-036,Body of pancreas,ROI1,other_immune,170,15.57
HPAP-036,Body of pancreas,ROI1,other_immune,180,14.64
HPAP-036,Body of pancreas,ROI1,other_immune,190,13.8
HPAP-036,Body of pancreas,ROI1,other_immune,200,12.56
HPAP-036,Body of pancreas,ROI1,fibroblast,10,-0.46
HPAP-036,Body of pancreas,ROI1,fibroblast,20,8.17
HPAP-036,Body of pancreas,ROI1,fibroblast,30,10.86
HPAP-036,Body of pancreas,ROI1,fibroblast,40,12.62
HPAP-036,Body of pancreas,ROI1,fibroblast,50,14.22
HPAP-036,Body of pancreas,ROI1,fibroblast,60,16.77
HPAP-036,Body of pancreas,ROI1,fibroblast,70,15.86
HPAP-036,Body of pancreas,ROI1,fibroblast,80,17.62
HPAP-036,Body of pancreas,ROI1,fibroblast,90,18.3
HPAP-036,Body of pancreas,ROI1,fibroblast,100,18.71
HPAP-036,Body of pancreas,ROI1,fibroblast,110,18.89
HPAP-036,Body of pancreas,ROI1,fibroblast,120,19.1
HPAP-036,Body of pancreas,ROI1,fibroblast,130,19.25
HPAP-036,Body of pancreas,ROI1,fibroblast,140,19.32
HPAP-036,Body of pancreas,ROI1,fibroblast,150,18.79
HPAP-036,Body of pancreas,ROI1,fibroblast,160,18.06
HPAP-036,Body of pancreas,ROI1,fibroblast,170,18.17
HPAP-036,Body of pancreas,ROI1,fibroblast,180,17.56
HPAP-036,Body of pancreas,ROI1,fibroblast,190,17.04
HPAP-036,Body of pancreas,ROI1,fibroblast,200,16.29
HPAP-036,Body of pancreas,ROI2,cd4_t,10,11.79
HPAP-036,Body of pancreas,ROI2,cd4_t,20,23.58
HPAP-036,Body of pancreas,ROI2,cd4_t,30,27.66
HPAP-036,Body of pancreas,ROI2,cd4_t,40,25.38
HPAP-036,Body of pancreas,ROI2,cd4_t,50,34.4
HPAP-036,Body of pancreas,ROI2,cd4_t,60,34.99
HPAP-036,Body of pancreas,ROI2,cd4_t,70,34.51
HPAP-036,Body of pancreas,ROI2,cd4_t,80,33.23
HPAP-036,Body of pancreas,ROI2,cd4_t,90,35.18
HPAP-036,Body of pancreas,ROI2,cd4_t,100,34.33
HPAP-036,Body of pancreas,ROI2,cd4_t,110,34.55
HPAP-036,Body of pancreas,ROI2,cd4_t,120,32.54
HPAP-036,Body of pancreas,ROI2,cd4_t,130,31.61
HPAP-036,Body of pancreas,ROI2,cd4_t,140,25.96
HPAP-036,Body of pancreas,ROI2,cd4_t,150,20.2
HPAP-036,Body of pancreas,ROI2,cd4_t,160,12.97
HPAP-036,Body of pancreas,ROI2,cd4_t,170,11.02
HPAP-036,Body of pancreas,ROI2,cd4_t,180,12.46
HPAP-036,Body of pancreas,ROI2,cd4_t,190,9.73
HPAP-036,Body of pancreas,ROI2,cd4_t,200,4.43
HPAP-036,Body of pancreas,ROI2,cd8_t,10,19.0
HPAP-036,Body of pancreas,ROI2,cd8_t,20,30.23
HPAP-036,Body of pancreas,ROI2,cd8_t,30,22.95
HPAP-036,Body of pancreas,ROI2,cd8_t,40,15.54
HPAP-036,Body of pancreas,ROI2,cd8_t,50,10.37
HPAP-036,Body of pancreas,ROI2,cd8_t,60,4.85
HPAP-036,Body of pancreas,ROI2,cd8_t,70,17.01
HPAP-036,Body of pancreas,ROI2,cd8_t,80,20.47
HPAP-036,Body of pancreas,ROI2,cd8_t,90,24.8
HPAP-036,Body of pancreas,ROI2,cd8_t,100,21.9
HPAP-036,Body of pancreas,ROI2,cd8_t,110,18.62
HPAP-036,Body of pancreas,ROI2,cd8_t,120,15.0
HPAP-036,Body of pancreas,ROI2,cd8_t,130,13.07
HPAP-036,Body of pancreas,ROI2,cd8_t,140,9.77
HPAP-036,Body of pancreas,ROI2,cd8_t,150,6.18
HPAP-036,Body of pancreas,ROI2,cd8_t,160,2.35
HPAP-036,Body of pancreas,ROI2,cd8_t,170,-0.06
HPAP-036,Body of pancreas,ROI2,cd8_t,180,-1.22
HPAP-036,Body of pancreas,ROI2,cd8_t,190,-0.56
HPAP-036,Body of pancreas,ROI2,cd8_t,200,-4.72
HPAP-036,Body of pancreas,ROI2,b_cell,10,1.01
HPAP-036,Body of pancreas,ROI2,b_cell,20,4.86
HPAP-036,Body of pancreas,ROI2,b_cell,30,6.51
HPAP-036,Body of pancreas,ROI2,b_cell,40,6.04
HPAP-036,Body of pancreas,ROI2,b_cell,50,5.8
HPAP-036,Body of pancreas,ROI2,b_cell,60,6.41
HPAP-036,Body of pancreas,ROI2,b_cell,70,7.2
HPAP-036,Body of pancreas,ROI2,b_cell,80,9.22
HPAP-036,Body of pancreas,ROI2,b_cell,90,9.37
HPAP-036,Body of pancreas,ROI2,b_cell,100,10.01
HPAP-036,Body of pancreas,ROI2,b_cell,110,9.77
HPAP-036,Body of pancreas,ROI2,b_cell,120,9.58
HPAP-036,Body of pancreas,ROI2,b_cell,130,9.23
HPAP-036,Body of pancreas,ROI2,b_cell,140,8.25
HPAP-036,Body of pancreas,ROI2,b_cell,150,6.36
HPAP-036,Body of pancreas,ROI2,b_cell,160,6.05
HPAP-036,Body of pancreas,ROI2,b_cell,170,5.32
HPAP-036,Body of pancreas,ROI2,b_cell,180,3.72
HPAP-036,Body of pancreas,ROI2,b_cell,190,2.82
HPAP-036,Body of pancreas,ROI2,b_cell,200,1.58
HPAP-036,Body of pancreas,ROI2,macrophage,10,3.95
HPAP-036,Body of pancreas,ROI2,macrophage,20,11.68
HPAP-036,Body of pancreas,ROI2,macrophage,30,12.04
HPAP-036,Body of pancreas,ROI2,macrophage,40,12.36
HPAP-036,Body of pancreas,ROI2,macrophage,50,13.48
HPAP-036,Body of pancreas,ROI2,macrophage,60,15.54
HPAP-036,Body of pancreas,ROI2,macrophage,70,14.97
HPAP-036,Body of pancreas,ROI2,macrophage,80,13.69
HPAP-036,Body of pancreas,ROI2,macrophage,90,14.42
HPAP-036,Body of pancreas,ROI2,macrophage,100,13.17
HPAP-036,Body of pancreas,ROI2,macrophage,110,13.12
HPAP-036,Body of pancreas,ROI2,macrophage,120,12.33
HPAP-036,Body of pancreas,ROI2,macrophage,130,11.46
HPAP-036,Body of pancreas,ROI2,macrophage,140,9.74
HPAP-036,Body of pancreas,ROI2,macrophage,150,7.3
HPAP-036,Body of pancreas,ROI2,macrophage,160,4.43
HPAP-036,Body of pancreas,ROI2,macrophage,170,2.0
HPAP-036,Body of pancreas,ROI2,macrophage,180,0.12
HPAP-036,Body of pancreas,ROI2,macrophage,190,-2.18
HPAP-036,Body of pancreas,ROI2,macrophage,200,-4.29
HPAP-036,Body of pancreas,ROI2,mdsc,10,-0.47
HPAP-036,Body of pancreas,ROI2,mdsc,20,10.12
HPAP-036,Body of pancreas,ROI2,mdsc,30,10.41
HPAP-036,Body of pancreas,ROI2,mdsc,40,14.72
HPAP-036,Body of pancreas,ROI2,mdsc,50,18.02
HPAP-036,Body of pancreas,ROI2,mdsc,60,16.2
HPAP-036,Body of pancreas,ROI2,mdsc,70,17.3
HPAP-036,Body of pancreas,ROI2,mdsc,80,18.53
HPAP-036,Body of pancreas,ROI2,mdsc,90,19.85
HPAP-036,Body of pancreas,ROI2,mdsc,100,21.61
HPAP-036,Body of pancreas,ROI2,mdsc,110,24.37
HPAP-036,Body of pancreas,ROI2,mdsc,120,22.88
HPAP-036,Body of pancreas,ROI2,mdsc,130,23.0
HPAP-036,Body of pancreas,ROI2,mdsc,140,22.21
HPAP-036,Body of pancreas,ROI2,mdsc,150,21.72
HPAP-036,Body of pancreas,ROI2,mdsc,160,20.98
HPAP-036,Body of pancreas,ROI2,mdsc,170,17.38
HPAP-036,Body of pancreas,ROI2,mdsc,180,18.2
HPAP-036,Body of pancreas,ROI2,mdsc,190,14.07
HPAP-036,Body of pancreas,ROI2,mdsc,200,15.74
HPAP-036,Body of pancreas,ROI2,other_immune,10,-0.85
HPAP-036,Body of pancreas,ROI2,other_immune,20,3.99
HPAP-036,Body of pancreas,ROI2,other_immune,30,5.71
HPAP-036,Body of pancreas,ROI2,other_immune,40,7.85
HPAP-036,Body of pancreas,ROI2,other_immune,50,9.53
HPAP-036,Body of pancreas,ROI2,other_immune,60,10.94
HPAP-036,Body of pancreas,ROI2,other_immune,70,10.64
HPAP-036,Body of pancreas,ROI2,other_immune,80,11.45
HPAP-036,Body of pancreas,ROI2,other_immune,90,12.89
HPAP-036,Body of pancreas,ROI2,other_immune,100,13.07
HPAP-036,Body of pancreas,ROI2,other_immune,110,12.98
HPAP-036,Body of pancreas,ROI2,other_immune,120,12.6
HPAP-036,Body of pancreas,ROI2,other_immune,130,12.79
HPAP-036,Body of pancreas,ROI2,other_immune,140,12.13
HPAP-036,Body of pancreas,ROI2,other_immune,150,11.42
HPAP-036,Body of pancreas,ROI2,other_immune,160,10.3
HPAP-036,Body of pancreas,ROI2,other_immune,170,9.28
HPAP-036,Body of pancreas,ROI2,other_immune,180,8.25
HPAP-036,Body of pancreas,ROI2,other_immune,190,6.71
HPAP-036,Body of pancreas,ROI2,other_immune,200,5.44
HPAP-036,Body of pancreas,ROI2,fibroblast,10,135.21
HPAP-036,Body of pancreas,ROI2,fibroblast,20,231.51
HPAP-036,Body of pancreas,ROI2,fibroblast,30,248.05
HPAP-036,Body of pancreas,ROI2,fibroblast,40,284.69
HPAP-036,Body of pancreas,ROI2,fibroblast,50,324.92
HPAP-036,Body of pancreas,ROI2,fibroblast,60,342.06
HPAP-036,Body of pancreas,ROI2,fibroblast,70,365.62
HPAP-036,Body of pancreas,ROI2,fibroblast,80,363.61
HPAP-036,Body of pancreas,ROI2,fibroblast,90,353.61
HPAP-036,Body of pancreas,ROI2,fibroblast,100,343.61
HPAP-036,Body of pancreas,ROI2,fibroblast,110,333.61
HPAP-036,Body of pancreas,ROI2,fibroblast,120,323.61
HPAP-036,Body of pancreas,ROI2,fibroblast,130,313.61
HPAP-036,Body of pancreas,ROI2,fibroblast,140,303.61
HPAP-036,Body of pancreas,ROI2,fibroblast,150,293.61
HPAP-036,Body of pancreas,ROI2,fibroblast,160,283.61
HPAP-036,Body of pancreas,ROI2,fibroblast,170,273.61
HPAP-036,Body of pancreas,ROI2,fibroblast,180,263.61
HPAP-036,Body of pancreas,ROI2,fibroblast,190,253.61
HPAP-036,Body of pancreas,ROI2,fibroblast,200,243.61
HPAP-036,Body of pancreas,ROI3,b_cell,10,1.46
HPAP-036,Body of pancreas,ROI3,b_cell,20,4.18
HPAP-036,Body of pancreas,ROI3,b_cell,30,5.8
HPAP-036,Body of pancreas,ROI3,b_cell,40,6.99
HPAP-036,Body of pancreas,ROI3,b_cell,50,9.4
HPAP-036,Body of pancreas,ROI3,b_cell,60,10.53
HPAP-036,Body of pancreas,ROI3,b_cell,70,11.83
HPAP-036,Body of pancreas,ROI3,b_cell,80,12.78
HPAP-036,Body of pancreas,ROI3,b_cell,90,12.5
HPAP-036,Body of pancreas,ROI3,b_cell,100,13.74
HPAP-036,Body of pancreas,ROI3,b_cell,110,14.13
HPAP-036,Body of pancreas,ROI3,b_cell,120,14.84
HPAP-036,Body of pancreas,ROI3,b_cell,130,15.39
HPAP-036,Body of pancreas,ROI3,b_cell,140,16.3
HPAP-036,Body of pancreas,ROI3,b_cell,150,16.46
HPAP-036,Body of pancreas,ROI3,b_cell,160,15.79
HPAP-036,Body of pancreas,ROI3,b_cell,170,15.91
HPAP-036,Body of pancreas,ROI3,b_cell,180,15.32
HPAP-036,Body of pancreas,ROI3,b_cell,190,15.77
HPAP-036,Body of pancreas,ROI3,b_cell,200,14.24
HPAP-036,Body of pancreas,ROI3,macrophage,10,-10.0
HPAP-036,Body of pancreas,ROI3,macrophage,20,25.5
HPAP-036,Body of pancreas,ROI3,macrophage,30,34.35
HPAP-036,Body of pancreas,ROI3,macrophage,40,24.35
HPAP-036,Body of pancreas,ROI3,macrophage,50,41.0
HPAP-036,Body of pancreas,ROI3,macrophage,60,31.0
HPAP-036,Body of pancreas,ROI3,macrophage,70,21.0
HPAP-036,Body of pancreas,ROI3,macrophage,80,21.74
HPAP-036,Body of pancreas,ROI3,macrophage,90,30.38
HPAP-036,Body of pancreas,ROI3,macrophage,100,20.38
HPAP-036,Body of pancreas,ROI3,macrophage,110,40.91
HPAP-036,Body of pancreas,ROI3,macrophage,120,37.62
HPAP-036,Body of pancreas,ROI3,macrophage,130,34.05
HPAP-036,Body of pancreas,ROI3,macrophage,140,36.22
HPAP-036,Body of pancreas,ROI3,macrophage,150,43.04
HPAP-036,Body of pancreas,ROI3,macrophage,160,53.41
HPAP-036,Body of pancreas,ROI3,macrophage,170,43.41
HPAP-036,Body of pancreas,ROI3,macrophage,180,33.41
HPAP-036,Body of pancreas,ROI3,macrophage,190,37.5
HPAP-036,Body of pancreas,ROI3,macrophage,200,32.0
HPAP-036,Body of pancreas,ROI3,mdsc,10,7.12
HPAP-036,Body of pancreas,ROI3,mdsc,20,25.29
HPAP-036,Body of pancreas,ROI3,mdsc,30,44.61
HPAP-036,Body of pancreas,ROI3,mdsc,40,47.28
HPAP-036,Body of pancreas,ROI3,mdsc,50,59.61
HPAP-036,Body of pancreas,ROI3,mdsc,60,71.48
HPAP-036,Body of pancreas,ROI3,mdsc,70,69.06
HPAP-036,Body of pancreas,ROI3,mdsc,80,75.95
HPAP-036,Body of pancreas,ROI3,mdsc,90,75.08
HPAP-036,Body of pancreas,ROI3,mdsc,100,84.36
HPAP-036,Body of pancreas,ROI3,mdsc,110,88.15
HPAP-036,Body of pancreas,ROI3,mdsc,120,89.65
HPAP-036,Body of pancreas,ROI3,mdsc,130,93.84
HPAP-036,Body of pancreas,ROI3,mdsc,140,95.33
HPAP-036,Body of pancreas,ROI3,mdsc,150,95.68
HPAP-036,Body of pancreas,ROI3,mdsc,160,92.74
HPAP-036,Body of pancreas,ROI3,mdsc,170,93.52
HPAP-036,Body of pancreas,ROI3,mdsc,180,92.27
HPAP-036,Body of pancreas,ROI3,mdsc,190,88.65
HPAP-036,Body of pancreas,ROI3,mdsc,200,89.48
HPAP-036,Body of pancreas,ROI3,other_immune,10,-0.85
HPAP-036,Body of pancreas,ROI3,other_immune,20,1.91
HPAP-036,Body of pancreas,ROI3,other_immune,30,2.58
HPAP-036,Body of pancreas,ROI3,other_immune,40,5.74
HPAP-036,Body of pancreas,ROI3,other_immune,50,6.11
HPAP-036,Body of pancreas,ROI3,other_immune,60,6.66
HPAP-036,Body of pancreas,ROI3,other_immune,70,7.29
HPAP-036,Body of pancreas,ROI3,other_immune,80,7.71
HPAP-036,Body of pancreas,ROI3,other_immune,90,8.41
HPAP-036,Body of pancreas,ROI3,other_immune,100,9.34
HPAP-036,Body of pancreas,ROI3,other_immune,110,9.32
HPAP-036,Body of pancreas,ROI3,other_immune,120,9.87
HPAP-036,Body of pancreas,ROI3,other_immune,130,10.2
HPAP-036,Body of pancreas,ROI3,other_immune,140,9.71
HPAP-036,Body of pancreas,ROI3,other_immune,150,9.73
HPAP-036,Body of pancreas,ROI3,other_immune,160,9.46
HPAP-036,Body of pancreas,ROI3,other_immune,170,9.39
HPAP-036,Body of pancreas,ROI3,other_immune,180,8.55
HPAP-036,Body of pancreas,ROI3,other_immune,190,7.83
HPAP-036,Body of pancreas,ROI3,other_immune,200,7.18
HPAP-036,Body of pancreas,ROI3,endothelial,10,0.14
HPAP-036,Body of pancreas,ROI3,endothelial,20,5.45
HPAP-036,Body of pancreas,ROI3,endothelial,30,7.23
HPAP-036,Body of pancreas,ROI3,endothelial,40,7.26
HPAP-036,Body of pancreas,ROI3,endothelial,50,7.38
HPAP-036,Body of pancreas,ROI3,endothelial,60,7.11
HPAP-036,Body of pancreas,ROI3,endothelial,70,6.75
HPAP-036,Body of pancreas,ROI3,endothelial,80,5.76
HPAP-036,Body of pancreas,ROI3,endothelial,90,4.59
HPAP-036,Body of pancreas,ROI3,endothelial,100,3.51
HPAP-036,Body of pancreas,ROI3,endothelial,110,3.1
HPAP-036,Body of pancreas,ROI3,endothelial,120,2.72
HPAP-036,Body of pancreas,ROI3,endothelial,130,2.08
HPAP-036,Body of pancreas,ROI3,endothelial,140,1.29
HPAP-036,Body of pancreas,ROI3,endothelial,150,0.97
HPAP-036,Body of pancreas,ROI3,endothelial,160,-0.72
HPAP-036,Body of pancreas,ROI3,endothelial,170,-1.83
HPAP-036,Body of pancreas,ROI3,endothelial,180,-3.4
HPAP-036,Body of pancreas,ROI3,endothelial,190,-5.03
HPAP-036,Body of pancreas,ROI3,endothelial,200,-6.51
HPAP-036,Head of pancreas,ROI1,cd4_t,10,12.43
HPAP-036,Head of pancreas,ROI1,cd4_t,20,11.72
HPAP-036,Head of pancreas,ROI1,cd4_t,30,8.85
HPAP-036,Head of pancreas,ROI1,cd4_t,40,-1.15
HPAP-036,Head of pancreas,ROI1,cd4_t,50,13.44
HPAP-036,Head of pancreas,ROI1,cd4_t,60,32.48
HPAP-036,Head of pancreas,ROI1,cd4_t,70,32.79
HPAP-036,Head of pancreas,ROI1,cd4_t,80,34.37
HPAP-036,Head of pancreas,ROI1,cd4_t,90,34.89
HPAP-036,Head of pancreas,ROI1,cd4_t,100,38.27
HPAP-036,Head of pancreas,ROI1,cd4_t,110,40.47
HPAP-036,Head of pancreas,ROI1,cd4_t,120,37.02
HPAP-036,Head of pancreas,ROI1,cd4_t,130,40.83
HPAP-036,Head of pancreas,ROI1,cd4_t,140,42.23
HPAP-036,Head of pancreas,ROI1,cd4_t,150,46.83
HPAP-036,Head of pancreas,ROI1,cd4_t,160,44.35
HPAP-036,Head of pancreas,ROI1,cd4_t,170,42.8
HPAP-036,Head of pancreas,ROI1,cd4_t,180,44.31
HPAP-036,Head of pancreas,ROI1,cd4_t,190,42.03
HPAP-036,Head of pancreas,ROI1,cd4_t,200,42.63
HPAP-036,Head of pancreas,ROI1,b_cell,10,-10.0
HPAP-036,Head of pancreas,ROI1,b_cell,20,7.8
HPAP-036,Head of pancreas,ROI1,b_cell,30,9.32
HPAP-036,Head of pancreas,ROI1,b_cell,40,-0.68
HPAP-036,Head of pancreas,ROI1,b_cell,50,-1.84
HPAP-036,Head of pancreas,ROI1,b_cell,60,2.17
HPAP-036,Head of pancreas,ROI1,b_cell,70,13.41
HPAP-036,Head of pancreas,ROI1,b_cell,80,12.22
HPAP-036,Head of pancreas,ROI1,b_cell,90,12.16
HPAP-036,Head of pancreas,ROI1,b_cell,100,4.04
HPAP-036,Head of pancreas,ROI1,b_cell,110,4.64
HPAP-036,Head of pancreas,ROI1,b_cell,120,4.35
HPAP-036,Head of pancreas,ROI1,b_cell,130,0.42
HPAP-036,Head of pancreas,ROI1,b_cell,140,-3.78
HPAP-036,Head of pancreas,ROI1,b_cell,150,-6.87
HPAP-036,Head of pancreas,ROI1,b_cell,160,-8.98
HPAP-036,Head of pancreas,ROI1,b_cell,170,-4.33
HPAP-036,Head of pancreas,ROI1,b_cell,180,-5.25
HPAP-036,Head of pancreas,ROI1,b_cell,190,-10.88
HPAP-036,Head of pancreas,ROI1,b_cell,200,-15.56
HPAP-036,Head of pancreas,ROI1,macrophage,10,9.87
HPAP-036,Head of pancreas,ROI1,macrophage,20,18.57
HPAP-036,Head of pancreas,ROI1,macrophage,30,21.98
HPAP-036,Head of pancreas,ROI1,macrophage,40,24.96
HPAP-036,Head of pancreas,ROI1,macrophage,50,25.95
HPAP-036,Head of pancreas,ROI1,macrophage,60,24.83
HPAP-036,Head of pancreas,ROI1,macrophage,70,23.19
HPAP-036,Head of pancreas,ROI1,macrophage,80,21.0
HPAP-036,Head of pancreas,ROI1,macrophage,90,18.12
HPAP-036,Head of pancreas,ROI1,macrophage,100,14.13
HPAP-036,Head of pancreas,ROI1,macrophage,110,10.85
HPAP-036,Head of pancreas,ROI1,macrophage,120,9.22
HPAP-036,Head of pancreas,ROI1,macrophage,130,8.74
HPAP-036,Head of pancreas,ROI1,macrophage,140,5.78
HPAP-036,Head of pancreas,ROI1,macrophage,150,3.2
HPAP-036,Head of pancreas,ROI1,macrophage,160,1.02
HPAP-036,Head of pancreas,ROI1,macrophage,170,0.19
HPAP-036,Head of pancreas,ROI1,macrophage,180,-1.03
HPAP-036,Head of pancreas,ROI1,macrophage,190,-3.55
HPAP-036,Head of pancreas,ROI1,macrophage,200,-4.02
HPAP-036,Head of pancreas,ROI1,mdsc,10,-10.0
HPAP-036,Head of pancreas,ROI1,mdsc,20,-20.0
HPAP-036,Head of pancreas,ROI1,mdsc,30,11.17
HPAP-036,Head of pancreas,ROI1,mdsc,40,7.54
HPAP-036,Head of pancreas,ROI1,mdsc,50,3.15
HPAP-036,Head of pancreas,ROI1,mdsc,60,7.23
HPAP-036,Head of pancreas,ROI1,mdsc,70,5.17
HPAP-036,Head of pancreas,ROI1,mdsc,80,2.34
HPAP-036,Head of pancreas,ROI1,mdsc,90,8.01
HPAP-036,Head of pancreas,ROI1,mdsc,100,11.49
HPAP-036,Head of pancreas,ROI1,mdsc,110,4.0
HPAP-036,Head of pancreas,ROI1,mdsc,120,5.78
HPAP-036,Head of pancreas,ROI1,mdsc,130,4.46
HPAP-036,Head of pancreas,ROI1,mdsc,140,2.62
HPAP-036,Head of pancreas,ROI1,mdsc,150,0.34
HPAP-036,Head of pancreas,ROI1,mdsc,160,-7.8
HPAP-036,Head of pancreas,ROI1,mdsc,170,-5.32
HPAP-036,Head of pancreas,ROI1,mdsc,180,-11.92
HPAP-036,Head of pancreas,ROI1,mdsc,190,-12.12
HPAP-036,Head of pancreas,ROI1,mdsc,200,-14.35
HPAP-036,Head of pancreas,ROI1,other_immune,10,-1.57
HPAP-036,Head of pancreas,ROI1,other_immune,20,0.16
HPAP-036,Head of pancreas,ROI1,other_immune,30,1.24
HPAP-036,Head of pancreas,ROI1,other_immune,40,1.75
HPAP-036,Head of pancreas,ROI1,other_immune,50,2.36
HPAP-036,Head of pancreas,ROI1,other_immune,60,2.27
HPAP-036,Head of pancreas,ROI1,other_immune,70,2.03
HPAP-036,Head of pancreas,ROI1,other_immune,80,1.14
HPAP-036,Head of pancreas,ROI1,other_immune,90,1.12
HPAP-036,Head of pancreas,ROI1,other_immune,100,0.5
HPAP-036,Head of pancreas,ROI1,other_immune,110,-0.72
HPAP-036,Head of pancreas,ROI1,other_immune,120,-1.78
HPAP-036,Head of pancreas,ROI1,other_immune,130,-3.02
HPAP-036,Head of pancreas,ROI1,other_immune,140,-3.92
HPAP-036,Head of pancreas,ROI1,other_immune,150,-5.97
HPAP-036,Head of pancreas,ROI1,other_immune,160,-7.47
HPAP-036,Head of pancreas,ROI1,other_immune,170,-9.27
HPAP-036,Head of pancreas,ROI1,other_immune,180,-11.0
HPAP-036,Head of pancreas,ROI1,other_immune,190,-12.63
HPAP-036,Head of pancreas,ROI1,other_immune,200,-14.11
HPAP-036,Head of pancreas,ROI1,fibroblast,10,0.21
HPAP-036,Head of pancreas,ROI1,fibroblast,20,2.66
HPAP-036,Head of pancreas,ROI1,fibroblast,30,3.51
HPAP-036,Head of pancreas,ROI1,fibroblast,40,2.92
HPAP-036,Head of pancreas,ROI1,fibroblast,50,1.5
HPAP-036,Head of pancreas,ROI1,fibroblast,60,0.59
HPAP-036,Head of pancreas,ROI1,fibroblast,70,-0.14
HPAP-036,Head of pancreas,ROI1,fibroblast,80,-1.08
HPAP-036,Head of pancreas,ROI1,fibroblast,90,-1.56
HPAP-036,Head of pancreas,ROI1,fibroblast,100,-2.49
HPAP-036,Head of pancreas,ROI1,fibroblast,110,-4.04
HPAP-036,Head of pancreas,ROI1,fibroblast,120,-4.58
HPAP-036,Head of pancreas,ROI1,fibroblast,130,-5.55
HPAP-036,Head of pancreas,ROI1,fibroblast,140,-6.95
HPAP-036,Head of pancreas,ROI1,fibroblast,150,-8.01
HPAP-036,Head of pancreas,ROI1,fibroblast,160,-9.23
HPAP-036,Head of pancreas,ROI1,fibroblast,170,-11.37
HPAP-036,Head of pancreas,ROI1,fibroblast,180,-13.51
HPAP-036,Head of pancreas,ROI1,fibroblast,190,-15.24
HPAP-036,Head of pancreas,ROI1,fibroblast,200,-17.22
HPAP-036,Head of pancreas,ROI1,endothelial,10,6.42
HPAP-036,Head of pancreas,ROI1,endothelial,20,12.84
HPAP-036,Head of pancreas,ROI1,endothelial,30,13.44
HPAP-036,Head of pancreas,ROI1,endothelial,40,9.25
HPAP-036,Head of pancreas,ROI1,endothelial,50,4.45
HPAP-036,Head of pancreas,ROI1,endothelial,60,13.42
HPAP-036,Head of pancreas,ROI1,endothelial,70,16.87
HPAP-036,Head of pancreas,ROI1,endothelial,80,14.31
HPAP-036,Head of pancreas,ROI1,endothelial,90,15.12
HPAP-036,Head of pancreas,ROI1,endothelial,100,14.92
HPAP-036,Head of pancreas,ROI1,endothelial,110,9.52
HPAP-036,Head of pancreas,ROI1,endothelial,120,7.17
HPAP-036,Head of pancreas,ROI1,endothelial,130,0.31
HPAP-036,Head of pancreas,ROI1,endothelial,140,-3.63
HPAP-036,Head of pancreas,ROI1,endothelial,150,-1.33
HPAP-036,Head of pancreas,ROI1,endothelial,160,-4.25
HPAP-036,Head of pancreas,ROI1,endothelial,170,-5.82
HPAP-036,Head of pancreas,ROI1,endothelial,180,-2.42
HPAP-036,Head of pancreas,ROI1,endothelial,190,-4.26
HPAP-036,Head of pancreas,ROI1,endothelial,200,-4.36
HPAP-036,Head of pancreas,ROI2,cd4_t,10,-10.0
HPAP-036,Head of pancreas,ROI2,cd4_t,20,-20.0
HPAP-036,Head of pancreas,ROI2,cd4_t,30,-30.0
HPAP-036,Head of pancreas,ROI2,cd4_t,40,-40.0
HPAP-036,Head of pancreas,ROI2,cd4_t,50,47.97
HPAP-036,Head of pancreas,ROI2,cd4_t,60,78.55
HPAP-036,Head of pancreas,ROI2,cd4_t,70,68.55
HPAP-036,Head of pancreas,ROI2,cd4_t,80,58.55
HPAP-036,Head of pancreas,ROI2,cd4_t,90,79.68
HPAP-036,Head of pancreas,ROI2,cd4_t,100,69.68
HPAP-036,Head of pancreas,ROI2,cd4_t,110,59.68
HPAP-036,Head of pancreas,ROI2,cd4_t,120,49.68
HPAP-036,Head of pancreas,ROI2,cd4_t,130,65.93
HPAP-036,Head of pancreas,ROI2,cd4_t,140,67.82
HPAP-036,Head of pancreas,ROI2,cd4_t,150,69.06
HPAP-036,Head of pancreas,ROI2,cd4_t,160,59.06
HPAP-036,Head of pancreas,ROI2,cd4_t,170,59.75
HPAP-036,Head of pancreas,ROI2,cd4_t,180,49.75
HPAP-036,Head of pancreas,ROI2,cd4_t,190,39.75
HPAP-036,Head of pancreas,ROI2,cd4_t,200,39.97
HPAP-036,Head of pancreas,ROI2,cd8_t,10,25.74
HPAP-036,Head of pancreas,ROI2,cd8_t,20,30.54
HPAP-036,Head of pancreas,ROI2,cd8_t,30,26.5
HPAP-036,Head of pancreas,ROI2,cd8_t,40,21.9
HPAP-036,Head of pancreas,ROI2,cd8_t,50,25.81
HPAP-036,Head of pancreas,ROI2,cd8_t,60,31.11
HPAP-036,Head of pancreas,ROI2,cd8_t,70,37.21
HPAP-036,Head of pancreas,ROI2,cd8_t,80,30.15
HPAP-036,Head of pancreas,ROI2,cd8_t,90,20.15
HPAP-036,Head of pancreas,ROI2,cd8_t,100,15.8
HPAP-036,Head of pancreas,ROI2,cd8_t,110,13.79
HPAP-036,Head of pancreas,ROI2,cd8_t,120,11.3
HPAP-036,Head of pancreas,ROI2,cd8_t,130,8.41
HPAP-036,Head of pancreas,ROI2,cd8_t,140,5.16
HPAP-036,Head of pancreas,ROI2,cd8_t,150,9.82
HPAP-036,Head of pancreas,ROI2,cd8_t,160,5.7
HPAP-036,Head of pancreas,ROI2,cd8_t,170,6.89
HPAP-036,Head of pancreas,ROI2,cd8_t,180,14.1
HPAP-036,Head of pancreas,ROI2,cd8_t,190,8.97
HPAP-036,Head of pancreas,ROI2,cd8_t,200,5.29
HPAP-036,Head of pancreas,ROI2,macrophage,10,6.86
HPAP-036,Head of pancreas,ROI2,macrophage,20,13.37
HPAP-036,Head of pancreas,ROI2,macrophage,30,15.92
HPAP-036,Head of pancreas,ROI2,macrophage,40,16.35
HPAP-036,Head of pancreas,ROI2,macrophage,50,15.31
HPAP-036,Head of pancreas,ROI2,macrophage,60,14.94
HPAP-036,Head of pancreas,ROI2,macrophage,70,15.98
HPAP-036,Head of pancreas,ROI2,macrophage,80,13.89
HPAP-036,Head of pancreas,ROI2,macrophage,90,11.64
HPAP-036,Head of pancreas,ROI2,macrophage,100,9.5
HPAP-036,Head of pancreas,ROI2,macrophage,110,6.93
HPAP-036,Head of pancreas,ROI2,macrophage,120,4.96
HPAP-036,Head of pancreas,ROI2,macrophage,130,3.13
HPAP-036,Head of pancreas,ROI2,macrophage,140,1.92
HPAP-036,Head of pancreas,ROI2,macrophage,150,-0.83
HPAP-036,Head of pancreas,ROI2,macrophage,160,-3.17
HPAP-036,Head of pancreas,ROI2,macrophage,170,-5.43
HPAP-036,Head of pancreas,ROI2,macrophage,180,-9.0
HPAP-036,Head of pancreas,ROI2,macrophage,190,-11.41
HPAP-036,Head of pancreas,ROI2,macrophage,200,-12.48
HPAP-036,Head of pancreas,ROI2,mdsc,10,-10.0
HPAP-036,Head of pancreas,ROI2,mdsc,20,-20.0
HPAP-036,Head of pancreas,ROI2,mdsc,30,-30.0
HPAP-036,Head of pancreas,ROI2,mdsc,40,-40.0
HPAP-036,Head of pancreas,ROI2,mdsc,50,-50.0
HPAP-036,Head of pancreas,ROI2,mdsc,60,-60.0
HPAP-036,Head of pancreas,ROI2,mdsc,70,-70.0
HPAP-036,Head of pancreas,ROI2,mdsc,80,-80.0
HPAP-036,Head of pancreas,ROI2,mdsc,90,-14.11
HPAP-036,Head of pancreas,ROI2,mdsc,100,-24.11
HPAP-036,Head of pancreas,ROI2,mdsc,110,-34.11
HPAP-036,Head of pancreas,ROI2,mdsc,120,-12.68
HPAP-036,Head of pancreas,ROI2,mdsc,130,21.77
HPAP-036,Head of pancreas,ROI2,mdsc,140,29.68
HPAP-036,Head of pancreas,ROI2,mdsc,150,35.88
HPAP-036,Head of pancreas,ROI2,mdsc,160,40.77
HPAP-036,Head of pancreas,ROI2,mdsc,170,30.77
HPAP-036,Head of pancreas,ROI2,mdsc,180,20.77
HPAP-036,Head of pancreas,ROI2,mdsc,190,37.66
HPAP-036,Head of pancreas,ROI2,mdsc,200,27.66
HPAP-036,Head of pancreas,ROI2,other_immune,10,-0.44
HPAP-036,Head of pancreas,ROI2,other_immune,20,2.76
HPAP-036,Head of pancreas,ROI2,other_immune,30,3.69
HPAP-036,Head of pancreas,ROI2,other_immune,40,5.18
HPAP-036,Head of pancreas,ROI2,other_immune,50,5.29
HPAP-036,Head of pancreas,ROI2,other_immune,60,4.82
HPAP-036,Head of pancreas,ROI2,other_immune,70,3.98
HPAP-036,Head of pancreas,ROI2,other_immune,80,3.74
HPAP-036,Head of pancreas,ROI2,other_immune,90,2.76
HPAP-036,Head of pancreas,ROI2,other_immune,100,2.49
HPAP-036,Head of pancreas,ROI2,other_immune,110,1.38
HPAP-036,Head of pancreas,ROI2,other_immune,120,0.12
HPAP-036,Head of pancreas,ROI2,other_immune,130,-0.78
HPAP-036,Head of pancreas,ROI2,other_immune,140,-2.33
HPAP-036,Head of pancreas,ROI2,other_immune,150,-4.39
HPAP-036,Head of pancreas,ROI2,other_immune,160,-5.81
HPAP-036,Head of pancreas,ROI2,other_immune,170,-7.8
HPAP-036,Head of pancreas,ROI2,other_immune,180,-10.09
HPAP-036,Head of pancreas,ROI2,other_immune,190,-12.03
HPAP-036,Head of pancreas,ROI2,other_immune,200,-14.21
HPAP-036,Head of pancreas,ROI2,fibroblast,10,1.04
HPAP-036,Head of pancreas,ROI2,fibroblast,20,4.99
HPAP-036,Head of pancreas,ROI2,fibroblast,30,5.02
HPAP-036,Head of pancreas,ROI2,fibroblast,40,6.29
HPAP-036,Head of pancreas,ROI2,fibroblast,50,6.87
HPAP-036,Head of pancreas,ROI2,fibroblast,60,6.73
HPAP-036,Head of pancreas,ROI2,fibroblast,70,7.04
HPAP-036,Head of pancreas,ROI2,fibroblast,80,6.97
HPAP-036,Head of pancreas,ROI2,fibroblast,90,6.5
HPAP-036,Head of pancreas,ROI2,fibroblast,100,5.92
HPAP-036,Head of pancreas,ROI2,fibroblast,110,5.05
HPAP-036,Head of pancreas,ROI2,fibroblast,120,4.42
HPAP-036,Head of pancreas,ROI2,fibroblast,130,3.13
HPAP-036,Head of pancreas,ROI2,fibroblast,140,2.49
HPAP-036,Head of pancreas,ROI2,fibroblast,150,1.12
HPAP-036,Head of pancreas,ROI2,fibroblast,160,-0.6
HPAP-036,Head of pancreas,ROI2,fibroblast,170,-2.26
HPAP-036,Head of pancreas,ROI2,fibroblast,180,-4.03
HPAP-036,Head of pancreas,ROI2,fibroblast,190,-6.02
HPAP-036,Head of pancreas,ROI2,fibroblast,200,-7.93
HPAP-036,Head of pancreas,ROI3,cd8_t,10,-10.0
HPAP-036,Head of pancreas,ROI3,cd8_t,20,-20.0
HPAP-036,Head of pancreas,ROI3,cd8_t,30,-30.0
HPAP-036,Head of pancreas,ROI3,cd8_t,40,-40.0
HPAP-036,Head of pancreas,ROI3,cd8_t,50,-50.0
HPAP-036,Head of pancreas,ROI3,cd8_t,60,-60.0
HPAP-036,Head of pancreas,ROI3,cd8_t,70,61.87
HPAP-036,Head of pancreas,ROI3,cd8_t,80,86.8
HPAP-036,Head of pancreas,ROI3,cd8_t,90,86.92
HPAP-036,Head of pancreas,ROI3,cd8_t,100,95.59
HPAP-036,Head of pancreas,ROI3,cd8_t,110,94.29
HPAP-036,Head of pancreas,ROI3,cd8_t,120,92.63
HPAP-036,Head of pancreas,ROI3,cd8_t,130,105.9
HPAP-036,Head of pancreas,ROI3,cd8_t,140,123.74
HPAP-036,Head of pancreas,ROI3,cd8_t,150,113.74
HPAP-036,Head of pancreas,ROI3,cd8_t,160,128.91
HPAP-036,Head of pancreas,ROI3,cd8_t,170,142.06
HPAP-036,Head of pancreas,ROI3,cd8_t,180,143.01
HPAP-036,Head of pancreas,ROI3,cd8_t,190,148.78
HPAP-036,Head of pancreas,ROI3,cd8_t,200,153.84
HPAP-036,Head of pancreas,ROI3,b_cell,10,-10.0
HPAP-036,Head of pancreas,ROI3,b_cell,20,-20.0
HPAP-036,Head of pancreas,ROI3,b_cell,30,-30.0
HPAP-036,Head of pancreas,ROI3,b_cell,40,43.86
HPAP-036,Head of pancreas,ROI3,b_cell,50,33.86
HPAP-036,Head of pancreas,ROI3,b_cell,60,58.6
HPAP-036,Head of pancreas,ROI3,b_cell,70,48.6
HPAP-036,Head of pancreas,ROI3,b_cell,80,38.6
HPAP-036,Head of pancreas,ROI3,b_cell,90,28.6
HPAP-036,Head of pancreas,ROI3,b_cell,100,18.6
HPAP-036,Head of pancreas,ROI3,b_cell,110,8.6
HPAP-036,Head of pancreas,ROI3,b_cell,120,-1.4
HPAP-036,Head of pancreas,ROI3,b_cell,130,-11.4
HPAP-036,Head of pancreas,ROI3,b_cell,140,-21.4
HPAP-036,Head of pancreas,ROI3,b_cell,150,-4.74
HPAP-036,Head of pancreas,ROI3,b_cell,160,7.73
HPAP-036,Head of pancreas,ROI3,b_cell,170,-2.27
HPAP-036,Head of pancreas,ROI3,b_cell,180,-12.27
HPAP-036,Head of pancreas,ROI3,b_cell,190,-22.27
HPAP-036,Head of pancreas,ROI3,b_cell,200,-12.47
HPAP-036,Head of pancreas,ROI3,macrophage,10,10.71
HPAP-036,Head of pancreas,ROI3,macrophage,20,18.96
HPAP-036,Head of pancreas,ROI3,macrophage,30,22.33
HPAP-036,Head of pancreas,ROI3,macrophage,40,21.33
HPAP-036,Head of pancreas,ROI3,macrophage,50,24.68
HPAP-036,Head of pancreas,ROI3,macrophage,60,29.18
HPAP-036,Head of pancreas,ROI3,macrophage,70,29.99
HPAP-036,Head of pancreas,ROI3,macrophage,80,34.02
HPAP-036,Head of pancreas,ROI3,macrophage,90,34.8
HPAP-036,Head of pancreas,ROI3,macrophage,100,34.96
HPAP-036,Head of pancreas,ROI3,macrophage,110,37.35
HPAP-036,Head of pancreas,ROI3,macrophage,120,37.0
HPAP-036,Head of pancreas,ROI3,macrophage,130,34.2
HPAP-036,Head of pancreas,ROI3,macrophage,140,33.19
HPAP-036,Head of pancreas,ROI3,macrophage,150,31.02
HPAP-036,Head of pancreas,ROI3,macrophage,160,30.26
HPAP-036,Head of pancreas,ROI3,macrophage,170,26.57
HPAP-036,Head of pancreas,ROI3,macrophage,180,24.47
HPAP-036,Head of pancreas,ROI3,macrophage,190,20.83
HPAP-036,Head of pancreas,ROI3,macrophage,200,16.85
HPAP-036,Head of pancreas,ROI3,other_immune,10,-1.13
HPAP-036,Head of pancreas,ROI3,other_immune,20,3.3
HPAP-036,Head of pancreas,ROI3,other_immune,30,5.47
HPAP-036,Head of pancreas,ROI3,other_immune,40,5.75
HPAP-036,Head of pancreas,ROI3,other_immune,50,6.25
HPAP-036,Head of pancreas,ROI3,other_immune,60,6.59
HPAP-036,Head of pancreas,ROI3,other_immune,70,7.1
HPAP-036,Head of pancreas,ROI3,other_immune,80,7.91
HPAP-036,Head of pancreas,ROI3,other_immune,90,8.7
HPAP-036,Head of pancreas,ROI3,other_immune,100,8.36
HPAP-036,Head of pancreas,ROI3,other_immune,110,7.45
HPAP-036,Head of pancreas,ROI3,other_immune,120,7.49
HPAP-036,Head of pancreas,ROI3,other_immune,130,6.46
HPAP-036,Head of pancreas,ROI3,other_immune,140,5.3
HPAP-036,Head of pancreas,ROI3,other_immune,150,4.3
HPAP-036,Head of pancreas,ROI3,other_immune,160,3.22
HPAP-036,Head of pancreas,ROI3,other_immune,170,1.68
HPAP-036,Head of pancreas,ROI3,other_immune,180,0.69
HPAP-036,Head of pancreas,ROI3,other_immune,190,-1.09
HPAP-036,Head of pancreas,ROI3,other_immune,200,-3.41
HPAP-036,Head of pancreas,ROI3,endothelial,10,2.09
HPAP-036,Head of pancreas,ROI3,endothelial,20,6.07
HPAP-036,Head of pancreas,ROI3,endothelial,30,6.5
HPAP-036,Head of pancreas,ROI3,endothelial,40,7.66
HPAP-036,Head of pancreas,ROI3,endothelial,50,7.71
HPAP-036,Head of pancreas,ROI3,endothelial,60,7.79
HPAP-036,Head of pancreas,ROI3,endothelial,70,6.86
HPAP-036,Head of pancreas,ROI3,endothelial,80,6.57
HPAP-036,Head of pancreas,ROI3,endothelial,90,6.32
HPAP-036,Head of pancreas,ROI3,endothelial,100,5.65
HPAP-036,Head of pancreas,ROI3,endothelial,110,5.43
HPAP-036,Head of pancreas,ROI3,endothelial,120,4.8
HPAP-036,Head of pancreas,ROI3,endothelial,130,3.94
HPAP-036,Head of pancreas,ROI3,endothelial,140,2.74
HPAP-036,Head of pancreas,ROI3,endothelial,150,2.12
HPAP-036,Head of pancreas,ROI3,endothelial,160,1.21
HPAP-036,Head of pancreas,ROI3,endothelial,170,-0.11
HPAP-036,Head of pancreas,ROI3,endothelial,180,-1.67
HPAP-036,Head of pancreas,ROI3,endothelial,190,-2.85
HPAP-036,Head of pancreas,ROI3,endothelial,200,-5.26
HPAP-036,Tail of pancreas,ROI1,cd8_t,10,6.16
HPAP-036,Tail of pancreas,ROI1,cd8_t,20,12.99
HPAP-036,Tail of pancreas,ROI1,cd8_t,30,13.77
HPAP-036,Tail of pancreas,ROI1,cd8_t,40,18.64
HPAP-036,Tail of pancreas,ROI1,cd8_t,50,16.64
HPAP-036,Tail of pancreas,ROI1,cd8_t,60,16.66
HPAP-036,Tail of pancreas,ROI1,cd8_t,70,15.52
HPAP-036,Tail of pancreas,ROI1,cd8_t,80,14.24
HPAP-036,Tail of pancreas,ROI1,cd8_t,90,12.85
HPAP-036,Tail of pancreas,ROI1,cd8_t,100,10.6
HPAP-036,Tail of pancreas,ROI1,cd8_t,110,10.22
HPAP-036,Tail of pancreas,ROI1,cd8_t,120,8.45
HPAP-036,Tail of pancreas,ROI1,cd8_t,130,8.24
HPAP-036,Tail of pancreas,ROI1,cd8_t,140,6.8
HPAP-036,Tail of pancreas,ROI1,cd8_t,150,4.74
HPAP-036,Tail of pancreas,ROI1,cd8_t,160,4.16
HPAP-036,Tail of pancreas,ROI1,cd8_t,170,0.91
HPAP-036,Tail of pancreas,ROI1,cd8_t,180,-1.24
HPAP-036,Tail of pancreas,ROI1,cd8_t,190,-2.57
HPAP-036,Tail of pancreas,ROI1,cd8_t,200,-3.05
HPAP-036,Tail of pancreas,ROI1,b_cell,10,3.8
HPAP-036,Tail of pancreas,ROI1,b_cell,20,7.59
HPAP-036,Tail of pancreas,ROI1,b_cell,30,2.35
HPAP-036,Tail of pancreas,ROI1,b_cell,40,8.78
HPAP-036,Tail of pancreas,ROI1,b_cell,50,10.92
HPAP-036,Tail of pancreas,ROI1,b_cell,60,6.88
HPAP-036,Tail of pancreas,ROI1,b_cell,70,13.92
HPAP-036,Tail of pancreas,ROI1,b_cell,80,10.99
HPAP-036,Tail of pancreas,ROI1,b_cell,90,13.24
HPAP-036,Tail of pancreas,ROI1,b_cell,100,13.77
HPAP-036,Tail of pancreas,ROI1,b_cell,110,14.55
HPAP-036,Tail of pancreas,ROI1,b_cell,120,16.23
HPAP-036,Tail of pancreas,ROI1,b_cell,130,15.02
HPAP-036,Tail of pancreas,ROI1,b_cell,140,13.32
HPAP-036,Tail of pancreas,ROI1,b_cell,150,14.69
HPAP-036,Tail of pancreas,ROI1,b_cell,160,13.14
HPAP-036,Tail of pancreas,ROI1,b_cell,170,11.46
HPAP-036,Tail of pancreas,ROI1,b_cell,180,7.65
HPAP-036,Tail of pancreas,ROI1,b_cell,190,5.84
HPAP-036,Tail of pancreas,ROI1,b_cell,200,2.76
HPAP-036,Tail of pancreas,ROI1,macrophage,10,7.19
HPAP-036,Tail of pancreas,ROI1,macrophage,20,17.47
HPAP-036,Tail of pancreas,ROI1,macrophage,30,13.83
HPAP-036,Tail of pancreas,ROI1,macrophage,40,12.28
HPAP-036,Tail of pancreas,ROI1,macrophage,50,15.46
HPAP-036,Tail of pancreas,ROI1,macrophage,60,17.36
HPAP-036,Tail of pancreas,ROI1,macrophage,70,17.23
HPAP-036,Tail of pancreas,ROI1,macrophage,80,18.0
HPAP-036,Tail of pancreas,ROI1,macrophage,90,19.4
HPAP-036,Tail of pancreas,ROI1,macrophage,100,16.59
HPAP-036,Tail of pancreas,ROI1,macrophage,110,13.96
HPAP-036,Tail of pancreas,ROI1,macrophage,120,13.99
HPAP-036,Tail of pancreas,ROI1,macrophage,130,12.8
HPAP-036,Tail of pancreas,ROI1,macrophage,140,10.11
HPAP-036,Tail of pancreas,ROI1,macrophage,150,7.79
HPAP-036,Tail of pancreas,ROI1,macrophage,160,5.56
HPAP-036,Tail of pancreas,ROI1,macrophage,170,4.25
HPAP-036,Tail of pancreas,ROI1,macrophage,180,4.35
HPAP-036,Tail of pancreas,ROI1,macrophage,190,3.54
HPAP-036,Tail of pancreas,ROI1,macrophage,200,1.76
HPAP-036,Tail of pancreas,ROI1,other_immune,10,1.03
HPAP-036,Tail of pancreas,ROI1,other_immune,20,4.71
HPAP-036,Tail of pancreas,ROI1,other_immune,30,5.8
HPAP-036,Tail of pancreas,ROI1,other_immune,40,7.59
HPAP-036,Tail of pancreas,ROI1,other_immune,50,9.32
HPAP-036,Tail of pancreas,ROI1,other_immune,60,10.63
HPAP-036,Tail of pancreas,ROI1,other_immune,70,11.67
HPAP-036,Tail of pancreas,ROI1,other_immune,80,11.99
HPAP-036,Tail of pancreas,ROI1,other_immune,90,12.5
HPAP-036,Tail of pancreas,ROI1,other_immune,100,13.27
HPAP-036,Tail of pancreas,ROI1,other_immune,110,13.58
HPAP-036,Tail of pancreas,ROI1,other_immune,120,14.29
HPAP-036,Tail of pancreas,ROI1,other_immune,130,13.54
HPAP-036,Tail of pancreas,ROI1,other_immune,140,13.22
HPAP-036,Tail of pancreas,ROI1,other_immune,150,13.01
HPAP-036,Tail of pancreas,ROI1,other_immune,160,12.07
HPAP-036,Tail of pancreas,ROI1,other_immune,170,11.33
HPAP-036,Tail of pancreas,ROI1,other_immune,180,10.17
HPAP-036,Tail of pancreas,ROI1,other_immune,190,8.91
HPAP-036,Tail of pancreas,ROI1,other_immune,200,7.35
HPAP-036,Tail of pancreas,ROI1,fibroblast,10,2.23
HPAP-036,Tail of pancreas,ROI1,fibroblast,20,6.01
HPAP-036,Tail of pancreas,ROI1,fibroblast,30,8.23
HPAP-036,Tail of pancreas,ROI1,fibroblast,40,9.85
HPAP-036,Tail of pancreas,ROI1,fibroblast,50,11.69
HPAP-036,Tail of pancreas,ROI1,fibroblast,60,12.17
HPAP-036,Tail of pancreas,ROI1,fibroblast,70,11.97
HPAP-036,Tail of pancreas,ROI1,fibroblast,80,11.56
HPAP-036,Tail of pancreas,ROI1,fibroblast,90,11.04
HPAP-036,Tail of pancreas,ROI1,fibroblast,100,10.72
HPAP-036,Tail of pancreas,ROI1,fibroblast,110,9.67
HPAP-036,Tail of pancreas,ROI1,fibroblast,120,9.55
HPAP-036,Tail of pancreas,ROI1,fibroblast,130,8.2
HPAP-036,Tail of pancreas,ROI1,fibroblast,140,6.58
HPAP-036,Tail of pancreas,ROI1,fibroblast,150,4.66
HPAP-036,Tail of pancreas,ROI1,fibroblast,160,3.1
HPAP-036,Tail of pancreas,ROI1,fibroblast,170,1.07
HPAP-036,Tail of pancreas,ROI1,fibroblast,180,-1.45
HPAP-036,Tail of pancreas,ROI1,fibroblast,190,-3.56
HPAP-036,Tail of pancreas,ROI1,fibroblast,200,-5.64
HPAP-036,Tail of pancreas,ROI2,cd4_t,10,-10.0
HPAP-036,Tail of pancreas,ROI2,cd4_t,20,-20.0
HPAP-036,Tail of pancreas,ROI2,cd4_t,30,-30.0
HPAP-036,Tail of pancreas,ROI2,cd4_t,40,-40.0
HPAP-036,Tail of pancreas,ROI2,cd4_t,50,-50.0
HPAP-036,Tail of pancreas,ROI2,cd4_t,60,-60.0
HPAP-036,Tail of pancreas,ROI2,cd4_t,70,-70.0
HPAP-036,Tail of pancreas,ROI2,cd4_t,80,-37.06
HPAP-036,Tail of pancreas,ROI2,cd4_t,90,-15.63
HPAP-036,Tail of pancreas,ROI2,cd4_t,100,-3.98
HPAP-036,Tail of pancreas,ROI2,cd4_t,110,3.61
HPAP-036,Tail of pancreas,ROI2,cd4_t,120,8.82
HPAP-036,Tail of pancreas,ROI2,cd4_t,130,12.42
HPAP-036,Tail of pancreas,ROI2,cd4_t,140,14.82
HPAP-036,Tail of pancreas,ROI2,cd4_t,150,10.67
HPAP-036,Tail of pancreas,ROI2,cd4_t,160,6.31
HPAP-036,Tail of pancreas,ROI2,cd4_t,170,-3.69
HPAP-036,Tail of pancreas,ROI2,cd4_t,180,-8.24
HPAP-036,Tail of pancreas,ROI2,cd4_t,190,-2.83
HPAP-036,Tail of pancreas,ROI2,cd4_t,200,10.36
HPAP-036,Tail of pancreas,ROI2,cd8_t,10,0.66
HPAP-036,Tail of pancreas,ROI2,cd8_t,20,2.75
HPAP-036,Tail of pancreas,ROI2,cd8_t,30,3.71
HPAP-036,Tail of pancreas,ROI2,cd8_t,40,4.8
HPAP-036,Tail of pancreas,ROI2,cd8_t,50,4.7
HPAP-036,Tail of pancreas,ROI2,cd8_t,60,3.96
HPAP-036,Tail of pancreas,ROI2,cd8_t,70,2.29
HPAP-036,Tail of pancreas,ROI2,cd8_t,80,0.71
HPAP-036,Tail of pancreas,ROI2,cd8_t,90,-0.89
HPAP-036,Tail of pancreas,ROI2,cd8_t,100,-1.6
HPAP-036,Tail of pancreas,ROI2,cd8_t,110,-2.88
HPAP-036,Tail of pancreas,ROI2,cd8_t,120,-3.61
HPAP-036,Tail of pancreas,ROI2,cd8_t,130,-4.43
HPAP-036,Tail of pancreas,ROI2,cd8_t,140,-4.24
HPAP-036,Tail of pancreas,ROI2,cd8_t,150,-4.19
HPAP-036,Tail of pancreas,ROI2,cd8_t,160,-5.0
HPAP-036,Tail of pancreas,ROI2,cd8_t,170,-7.06
HPAP-036,Tail of pancreas,ROI2,cd8_t,180,-8.16
HPAP-036,Tail of pancreas,ROI2,cd8_t,190,-8.45
HPAP-036,Tail of pancreas,ROI2,cd8_t,200,-9.95
HPAP-036,Tail of pancreas,ROI2,b_cell,10,5.93
HPAP-036,Tail of pancreas,ROI2,b_cell,20,2.53
HPAP-036,Tail of pancreas,ROI2,b_cell,30,3.79
HPAP-036,Tail of pancreas,ROI2,b_cell,40,2.15
HPAP-036,Tail of pancreas,ROI2,b_cell,50,8.53
HPAP-036,Tail of pancreas,ROI2,b_cell,60,8.52
HPAP-036,Tail of pancreas,ROI2,b_cell,70,3.86
HPAP-036,Tail of pancreas,ROI2,b_cell,80,5.04
HPAP-036,Tail of pancreas,ROI2,b_cell,90,5.58
HPAP-036,Tail of pancreas,ROI2,b_cell,100,5.07
HPAP-036,Tail of pancreas,ROI2,b_cell,110,5.97
HPAP-036,Tail of pancreas,ROI2,b_cell,120,4.93
HPAP-036,Tail of pancreas,ROI2,b_cell,130,0.39
HPAP-036,Tail of pancreas,ROI2,b_cell,140,4.25
HPAP-036,Tail of pancreas,ROI2,b_cell,150,1.13
HPAP-036,Tail of pancreas,ROI2,b_cell,160,-3.11
HPAP-036,Tail of pancreas,ROI2,b_cell,170,-8.33
HPAP-036,Tail of pancreas,ROI2,b_cell,180,-13.69
HPAP-036,Tail of pancreas,ROI2,b_cell,190,-15.86
HPAP-036,Tail of pancreas,ROI2,b_cell,200,-18.37
HPAP-036,Tail of pancreas,ROI2,macrophage,10,17.73
HPAP-036,Tail of pancreas,ROI2,macrophage,20,13.96
HPAP-036,Tail of pancreas,ROI2,macrophage,30,3.96
HPAP-036,Tail of pancreas,ROI2,macrophage,40,-0.78
HPAP-036,Tail of pancreas,ROI2,macrophage,50,-1.97
HPAP-036,Tail of pancreas,ROI2,macrophage,60,-1.17
HPAP-036,Tail of pancreas,ROI2,macrophage,70,-7.99
HPAP-036,Tail of pancreas,ROI2,macrophage,80,-12.07
HPAP-036,Tail of pancreas,ROI2,macrophage,90,-14.05
HPAP-036,Tail of pancreas,ROI2,macrophage,100,-21.56
HPAP-036,Tail of pancreas,ROI2,macrophage,110,-18.03
HPAP-036,Tail of pancreas,ROI2,macrophage,120,-12.6
HPAP-036,Tail of pancreas,ROI2,macrophage,130,-15.66
HPAP-036,Tail of pancreas,ROI2,macrophage,140,-8.46
HPAP-036,Tail of pancreas,ROI2,macrophage,150,-8.6
HPAP-036,Tail of pancreas,ROI2,macrophage,160,-4.36
HPAP-036,Tail of pancreas,ROI2,macrophage,170,-7.11
HPAP-036,Tail of pancreas,ROI2,macrophage,180,-12.46
HPAP-036,Tail of pancreas,ROI2,macrophage,190,-14.61
HPAP-036,Tail of pancreas,ROI2,macrophage,200,-17.1
HPAP-036,Tail of pancreas,ROI2,other_immune,10,-0.2
HPAP-036,Tail of pancreas,ROI2,other_immune,20,5.24
HPAP-036,Tail of pancreas,ROI2,other_immune,30,6.15
HPAP-036,Tail of pancreas,ROI2,other_immune,40,6.24
HPAP-036,Tail of pancreas,ROI2,other_immune,50,7.41
HPAP-036,Tail of pancreas,ROI2,other_immune,60,7.45
HPAP-036,Tail of pancreas,ROI2,other_immune,70,7.23
HPAP-036,Tail of pancreas,ROI2,other_immune,80,6.98
HPAP-036,Tail of pancreas,ROI2,other_immune,90,6.68
HPAP-036,Tail of pancreas,ROI2,other_immune,100,6.51
HPAP-036,Tail of pancreas,ROI2,other_immune,110,5.89
HPAP-036,Tail of pancreas,ROI2,other_immune,120,5.04
HPAP-036,Tail of pancreas,ROI2,other_immune,130,4.41
HPAP-036,Tail of pancreas,ROI2,other_immune,140,3.21
HPAP-036,Tail of pancreas,ROI2,other_immune,150,1.8
HPAP-036,Tail of pancreas,ROI2,other_immune,160,-0.06
HPAP-036,Tail of pancreas,ROI2,other_immune,170,-1.3
HPAP-036,Tail of pancreas,ROI2,other_immune,180,-2.72
HPAP-036,Tail of pancreas,ROI2,other_immune,190,-4.03
HPAP-036,Tail of pancreas,ROI2,other_immune,200,-5.94
HPAP-036,Tail of pancreas,ROI2,endothelial,10,1.36
HPAP-036,Tail of pancreas,ROI2,endothelial,20,5.91
HPAP-036,Tail of pancreas,ROI2,endothelial,30,6.12
HPAP-036,Tail of pancreas,ROI2,endothelial,40,7.61
HPAP-036,Tail of pancreas,ROI2,endothelial,50,7.95
HPAP-036,Tail of pancreas,ROI2,endothelial,60,7.18
HPAP-036,Tail of pancreas,ROI2,endothelial,70,6.87
HPAP-036,Tail of pancreas,ROI2,endothelial,80,6.1
HPAP-036,Tail of pancreas,ROI2,endothelial,90,4.3
HPAP-036,Tail of pancreas,ROI2,endothelial,100,3.75
HPAP-036,Tail of pancreas,ROI2,endothelial,110,3.33
HPAP-036,Tail of pancreas,ROI2,endothelial,120,2.85
HPAP-036,Tail of pancreas,ROI2,endothelial,130,2.38
HPAP-036,Tail of pancreas,ROI2,endothelial,140,1.87
HPAP-036,Tail of pancreas,ROI2,endothelial,150,0.42
HPAP-036,Tail of pancreas,ROI2,endothelial,160,-1.12
HPAP-036,Tail of pancreas,ROI2,endothelial,170,-2.82
HPAP-036,Tail of pancreas,ROI2,endothelial,180,-4.02
HPAP-036,Tail of pancreas,ROI2,endothelial,190,-5.18
HPAP-036,Tail of pancreas,ROI2,endothelial,200,-7.12
HPAP-036,Tail of pancreas,ROI3,cd4_t,10,-10.0
HPAP-036,Tail of pancreas,ROI3,cd4_t,20,-20.0
HPAP-036,Tail of pancreas,ROI3,cd4_t,30,-30.0
HPAP-036,Tail of pancreas,ROI3,cd4_t,40,-40.0
HPAP-036,Tail of pancreas,ROI3,cd4_t,50,-50.0
HPAP-036,Tail of pancreas,ROI3,cd4_t,60,-5.98
HPAP-036,Tail of pancreas,ROI3,cd4_t,70,-15.98
HPAP-036,Tail of pancreas,ROI3,cd4_t,80,-17.63
HPAP-036,Tail of pancreas,ROI3,cd4_t,90,-1.79
HPAP-036,Tail of pancreas,ROI3,cd4_t,100,8.03
HPAP-036,Tail of pancreas,ROI3,cd4_t,110,2.45
HPAP-036,Tail of pancreas,ROI3,cd4_t,120,8.59
HPAP-036,Tail of pancreas,ROI3,cd4_t,130,2.32
HPAP-036,Tail of pancreas,ROI3,cd4_t,140,6.28
HPAP-036,Tail of pancreas,ROI3,cd4_t,150,15.03
HPAP-036,Tail of pancreas,ROI3,cd4_t,160,10.82
HPAP-036,Tail of pancreas,ROI3,cd4_t,170,9.16
HPAP-036,Tail of pancreas,ROI3,cd4_t,180,17.24
HPAP-036,Tail of pancreas,ROI3,cd4_t,190,19.21
HPAP-036,Tail of pancreas,ROI3,cd4_t,200,16.07
HPAP-036,Tail of pancreas,ROI3,cd8_t,10,0.19
HPAP-036,Tail of pancreas,ROI3,cd8_t,20,3.34
HPAP-036,Tail of pancreas,ROI3,cd8_t,30,4.4
HPAP-036,Tail of pancreas,ROI3,cd8_t,40,5.25
HPAP-036,Tail of pancreas,ROI3,cd8_t,50,6.3
HPAP-036,Tail of pancreas,ROI3,cd8_t,60,6.51
HPAP-036,Tail of pancreas,ROI3,cd8_t,70,6.92
HPAP-036,Tail of pancreas,ROI3,cd8_t,80,7.69
HPAP-036,Tail of pancreas,ROI3,cd8_t,90,7.88
HPAP-036,Tail of pancreas,ROI3,cd8_t,100,8.44
HPAP-036,Tail of pancreas,ROI3,cd8_t,110,8.61
HPAP-036,Tail of pancreas,ROI3,cd8_t,120,7.73
HPAP-036,Tail of pancreas,ROI3,cd8_t,130,7.29
HPAP-036,Tail of pancreas,ROI3,cd8_t,140,6.42
HPAP-036,Tail of pancreas,ROI3,cd8_t,150,5.72
HPAP-036,Tail of pancreas,ROI3,cd8_t,160,4.57
HPAP-036,Tail of pancreas,ROI3,cd8_t,170,2.96
HPAP-036,Tail of pancreas,ROI3,cd8_t,180,1.51
HPAP-036,Tail of pancreas,ROI3,cd8_t,190,-0.19
HPAP-036,Tail of pancreas,ROI3,cd8_t,200,-1.8
HPAP-036,Tail of pancreas,ROI3,b_cell,10,-10.0
HPAP-036,Tail of pancreas,ROI3,b_cell,20,32.31
HPAP-036,Tail of pancreas,ROI3,b_cell,30,34.07
HPAP-036,Tail of pancreas,ROI3,b_cell,40,33.98
HPAP-036,Tail of pancreas,ROI3,b_cell,50,40.61
HPAP-036,Tail of pancreas,ROI3,b_cell,60,37.87
HPAP-036,Tail of pancreas,ROI3,b_cell,70,34.63
HPAP-036,Tail of pancreas,ROI3,b_cell,80,36.98
HPAP-036,Tail of pancreas,ROI3,b_cell,90,38.14
HPAP-036,Tail of pancreas,ROI3,b_cell,100,28.14
HPAP-036,Tail of pancreas,ROI3,b_cell,110,33.27
HPAP-036,Tail of pancreas,ROI3,b_cell,120,23.27
HPAP-036,Tail of pancreas,ROI3,b_cell,130,22.52
HPAP-036,Tail of pancreas,ROI3,b_cell,140,12.52
HPAP-036,Tail of pancreas,ROI3,b_cell,150,15.43
HPAP-036,Tail of pancreas,ROI3,b_cell,160,21.22
HPAP-036,Tail of pancreas,ROI3,b_cell,170,29.21
HPAP-036,Tail of pancreas,ROI3,b_cell,180,22.61
HPAP-036,Tail of pancreas,ROI3,b_cell,190,19.26
HPAP-036,Tail of pancreas,ROI3,b_cell,200,12.5
HPAP-036,Tail of pancreas,ROI3,macrophage,10,7.57
HPAP-036,Tail of pancreas,ROI3,macrophage,20,10.44
HPAP-036,Tail of pancreas,ROI3,macrophage,30,13.93
HPAP-036,Tail of pancreas,ROI3,macrophage,40,15.57
HPAP-036,Tail of pancreas,ROI3,macrophage,50,18.62
HPAP-036,Tail of pancreas,ROI3,macrophage,60,16.09
HPAP-036,Tail of pancreas,ROI3,macrophage,70,15.18
HPAP-036,Tail of pancreas,ROI3,macrophage,80,12.57
HPAP-036,Tail of pancreas,ROI3,macrophage,90,10.18
HPAP-036,Tail of pancreas,ROI3,macrophage,100,7.61
HPAP-036,Tail of pancreas,ROI3,macrophage,110,5.23
HPAP-036,Tail of pancreas,ROI3,macrophage,120,3.63
HPAP-036,Tail of pancreas,ROI3,macrophage,130,3.25
HPAP-036,Tail of pancreas,ROI3,macrophage,140,3.02
HPAP-036,Tail of pancreas,ROI3,macrophage,150,1.67
HPAP-036,Tail of pancreas,ROI3,macrophage,160,0.57
HPAP-036,Tail of pancreas,ROI3,macrophage,170,-2.14
HPAP-036,Tail of pancreas,ROI3,macrophage,180,-2.97
HPAP-036,Tail of pancreas,ROI3,macrophage,190,-5.5
HPAP-036,Tail of pancreas,ROI3,macrophage,200,-7.71
HPAP-036,Tail of pancreas,ROI3,mdsc,10,-10.0
HPAP-036,Tail of pancreas,ROI3,mdsc,20,-20.0
HPAP-036,Tail of pancreas,ROI3,mdsc,30,12.99
HPAP-036,Tail of pancreas,ROI3,mdsc,40,2.99
HPAP-036,Tail of pancreas,ROI3,mdsc,50,10.8
HPAP-036,Tail of pancreas,ROI3,mdsc,60,14.47
HPAP-036,Tail of pancreas,ROI3,mdsc,70,26.14
HPAP-036,Tail of pancreas,ROI3,mdsc,80,33.75
HPAP-036,Tail of pancreas,ROI3,mdsc,90,38.98
HPAP-036,Tail of pancreas,ROI3,mdsc,100,35.96
HPAP-036,Tail of pancreas,ROI3,mdsc,110,56.52
HPAP-036,Tail of pancreas,ROI3,mdsc,120,46.52
HPAP-036,Tail of pancreas,ROI3,mdsc,130,36.52
HPAP-036,Tail of pancreas,ROI3,mdsc,140,37.27
HPAP-036,Tail of pancreas,ROI3,mdsc,150,27.27
HPAP-036,Tail of pancreas,ROI3,mdsc,160,22.41
HPAP-036,Tail of pancreas,ROI3,mdsc,170,27.03
HPAP-036,Tail of pancreas,ROI3,mdsc,180,34.97
HPAP-036,Tail of pancreas,ROI3,mdsc,190,41.53
HPAP-036,Tail of pancreas,ROI3,mdsc,200,43.22
HPAP-036,Tail of pancreas,ROI3,other_immune,10,-1.88
HPAP-036,Tail of pancreas,ROI3,other_immune,20,2.17
HPAP-036,Tail of pancreas,ROI3,other_immune,30,3.54
HPAP-036,Tail of pancreas,ROI3,other_immune,40,3.74
HPAP-036,Tail of pancreas,ROI3,other_immune,50,3.75
HPAP-036,Tail of pancreas,ROI3,other_immune,60,3.63
HPAP-036,Tail of pancreas,ROI3,other_immune,70,3.4
HPAP-036,Tail of pancreas,ROI3,other_immune,80,2.47
HPAP-036,Tail of pancreas,ROI3,other_immune,90,1.5
HPAP-036,Tail of pancreas,ROI3,other_immune,100,0.31
HPAP-036,Tail of pancreas,ROI3,other_immune,110,-0.65
HPAP-036,Tail of pancreas,ROI3,other_immune,120,-1.97
HPAP-036,Tail of pancreas,ROI3,other_immune,130,-3.21
HPAP-036,Tail of pancreas,ROI3,other_immune,140,-4.81
HPAP-036,Tail of pancreas,ROI3,other_immune,150,-6.57
HPAP-036,Tail of pancreas,ROI3,other_immune,160,-8.24
HPAP-036,Tail of pancreas,ROI3,other_immune,170,-10.05
HPAP-036,Tail of pancreas,ROI3,other_immune,180,-12.4
HPAP-036,Tail of pancreas,ROI3,other_immune,190,-14.64
HPAP-036,Tail of pancreas,ROI3,other_immune,200,-17.07
HPAP-036,Tail of pancreas,ROI3,endothelial,10,0.46
HPAP-036,Tail of pancreas,ROI3,endothelial,20,3.92
HPAP-036,Tail of pancreas,ROI3,endothelial,30,3.9
HPAP-036,Tail of pancreas,ROI3,endothelial,40,4.5
HPAP-036,Tail of pancreas,ROI3,endothelial,50,4.95
HPAP-036,Tail of pancreas,ROI3,endothelial,60,4.41
HPAP-036,Tail of pancreas,ROI3,endothelial,70,4.87
HPAP-036,Tail of pancreas,ROI3,endothelial,80,3.63
HPAP-036,Tail of pancreas,ROI3,endothelial,90,2.42
HPAP-036,Tail of pancreas,ROI3,endothelial,100,1.67
HPAP-036,Tail of pancreas,ROI3,endothelial,110,0.35
HPAP-036,Tail of pancreas,ROI3,endothelial,120,-0.72
HPAP-036,Tail of pancreas,ROI3,endothelial,130,-1.31
HPAP-036,Tail of pancreas,ROI3,endothelial,140,-2.89
HPAP-036,Tail of pancreas,ROI3,endothelial,150,-4.79
HPAP-036,Tail of pancreas,ROI3,endothelial,160,-7.16
HPAP-036,Tail of pancreas,ROI3,endothelial,170,-9.28
HPAP-036,Tail of pancreas,ROI3,endothelial,180,-11.33
HPAP-036,Tail of pancreas,ROI3,endothelial,190,-13.58
HPAP-036,Tail of pancreas,ROI3,endothelial,200,-16.42
HPAP-037,Body of pancreas,ROI1,cd8_t,10,-10.0
HPAP-037,Body of pancreas,ROI1,cd8_t,20,-20.0
HPAP-037,Body of pancreas,ROI1,cd8_t,30,-30.0
HPAP-037,Body of pancreas,ROI1,cd8_t,40,0.7
HPAP-037,Body of pancreas,ROI1,cd8_t,50,-9.3
HPAP-037,Body of pancreas,ROI1,cd8_t,60,21.4
HPAP-037,Body of pancreas,ROI1,cd8_t,70,11.4
HPAP-037,Body of pancreas,ROI1,cd8_t,80,11.01
HPAP-037,Body of pancreas,ROI1,cd8_t,90,9.7
HPAP-037,Body of pancreas,ROI1,cd8_t,100,-0.3
HPAP-037,Body of pancreas,ROI1,cd8_t,110,5.12
HPAP-037,Body of pancreas,ROI1,cd8_t,120,2.1
HPAP-037,Body of pancreas,ROI1,cd8_t,130,4.99
HPAP-037,Body of pancreas,ROI1,cd8_t,140,-5.01
HPAP-037,Body of pancreas,ROI1,cd8_t,150,7.63
HPAP-037,Body of pancreas,ROI1,cd8_t,160,2.8
HPAP-037,Body of pancreas,ROI1,cd8_t,170,-2.19
HPAP-037,Body of pancreas,ROI1,cd8_t,180,2.02
HPAP-037,Body of pancreas,ROI1,cd8_t,190,21.49
HPAP-037,Body of pancreas,ROI1,cd8_t,200,15.37
HPAP-037,Body of pancreas,ROI1,macrophage,10,16.12
HPAP-037,Body of pancreas,ROI1,macrophage,20,16.94
HPAP-037,Body of pancreas,ROI1,macrophage,30,33.97
HPAP-037,Body of pancreas,ROI1,macrophage,40,29.1
HPAP-037,Body of pancreas,ROI1,macrophage,50,32.59
HPAP-037,Body of pancreas,ROI1,macrophage,60,30.47
HPAP-037,Body of pancreas,ROI1,macrophage,70,27.72
HPAP-037,Body of pancreas,ROI1,macrophage,80,24.47
HPAP-037,Body of pancreas,ROI1,macrophage,90,26.8
HPAP-037,Body of pancreas,ROI1,macrophage,100,25.25
HPAP-037,Body of pancreas,ROI1,macrophage,110,33.05
HPAP-037,Body of pancreas,ROI1,macrophage,120,25.42
HPAP-037,Body of pancreas,ROI1,macrophage,130,28.87
HPAP-037,Body of pancreas,ROI1,macrophage,140,25.18
HPAP-037,Body of pancreas,ROI1,macrophage,150,17.23
HPAP-037,Body of pancreas,ROI1,macrophage,160,13.24
HPAP-037,Body of pancreas,ROI1,macrophage,170,14.68
HPAP-037,Body of pancreas,ROI1,macrophage,180,17.18
HPAP-037,Body of pancreas,ROI1,macrophage,190,22.18
HPAP-037,Body of pancreas,ROI1,macrophage,200,18.51
HPAP-037,Body of pancreas,ROI1,mdsc,10,5.08
HPAP-037,Body of pancreas,ROI1,mdsc,20,10.16
HPAP-037,Body of pancreas,ROI1,mdsc,30,12.27
HPAP-037,Body of pancreas,ROI1,mdsc,40,8.69
HPAP-037,Body of pancreas,ROI1,mdsc,50,8.4
HPAP-037,Body of pancreas,ROI1,mdsc,60,6.46
HPAP-037,Body of pancreas,ROI1,mdsc,70,6.25
HPAP-037,Body of pancreas,ROI1,mdsc,80,4.34
HPAP-037,Body of pancreas,ROI1,mdsc,90,4.0
HPAP-037,Body of pancreas,ROI1,mdsc,100,2.75
HPAP-037,Body of pancreas,ROI1,mdsc,110,1.83
HPAP-037,Body of pancreas,ROI1,mdsc,120,0.23
HPAP-037,Body of pancreas,ROI1,mdsc,130,-0.54
HPAP-037,Body of pancreas,ROI1,mdsc,140,0.18
HPAP-037,Body of pancreas,ROI1,mdsc,150,-0.51
HPAP-037,Body of pancreas,ROI1,mdsc,160,-2.67
HPAP-037,Body of pancreas,ROI1,mdsc,170,-3.74
HPAP-037,Body of pancreas,ROI1,mdsc,180,-5.26
HPAP-037,Body of pancreas,ROI1,mdsc,190,-6.38
HPAP-037,Body of pancreas,ROI1,mdsc,200,-6.56
HPAP-037,Body of pancreas,ROI1,other_immune,10,0.06
HPAP-037,Body of pancreas,ROI1,other_immune,20,3.89
HPAP-037,Body of pancreas,ROI1,other_immune,30,2.15
HPAP-037,Body of pancreas,ROI1,other_immune,40,1.74
HPAP-037,Body of pancreas,ROI1,other_immune,50,1.93
HPAP-037,Body of pancreas,ROI1,other_immune,60,1.8
HPAP-037,Body of pancreas,ROI1,other_immune,70,0.99
HPAP-037,Body of pancreas,ROI1,other_immune,80,0.32
HPAP-037,Body of pancreas,ROI1,other_immune,90,-0.42
HPAP-037,Body of pancreas,ROI1,other_immune,100,-0.37
HPAP-037,Body of pancreas,ROI1,other_immune,110,-1.1
HPAP-037,Body of pancreas,ROI1,other_immune,120,-2.04
HPAP-037,Body of pancreas,ROI1,other_immune,130,-2.86
HPAP-037,Body of pancreas,ROI1,other_immune,140,-3.9
HPAP-037,Body of pancreas,ROI1,other_immune,150,-4.7
HPAP-037,Body of pancreas,ROI1,other_immune,160,-5.8
HPAP-037,Body of pancreas,ROI1,other_immune,170,-7.14
HPAP-037,Body of pancreas,ROI1,other_immune,180,-8.82
HPAP-037,Body of pancreas,ROI1,other_immune,190,-9.98
HPAP-037,Body of pancreas,ROI1,other_immune,200,-11.54
HPAP-037,Body of pancreas,ROI1,endothelial,10,12.81
HPAP-037,Body of pancreas,ROI1,endothelial,20,48.04
HPAP-037,Body of pancreas,ROI1,endothelial,30,69.5
HPAP-037,Body of pancreas,ROI1,endothelial,40,86.8
HPAP-037,Body of pancreas,ROI1,endothelial,50,99.94
HPAP-037,Body of pancreas,ROI1,endothelial,60,110.86
HPAP-037,Body of pancreas,ROI1,endothelial,70,117.86
HPAP-037,Body of pancreas,ROI1,endothelial,80,122.16
HPAP-037,Body of pancreas,ROI1,endothelial,90,125.7
HPAP-037,Body of pancreas,ROI1,endothelial,100,127.85
HPAP-037,Body of pancreas,ROI1,endothelial,110,128.44
HPAP-037,Body of pancreas,ROI1,endothelial,120,129.03
HPAP-037,Body of pancreas,ROI1,endothelial,130,128.96
HPAP-037,Body of pancreas,ROI1,endothelial,140,127.3
HPAP-037,Body of pancreas,ROI1,endothelial,150,125.0
HPAP-037,Body of pancreas,ROI1,endothelial,160,121.45
HPAP-037,Body of pancreas,ROI1,endothelial,170,117.43
HPAP-037,Body of pancreas,ROI1,endothelial,180,112.68
HPAP-037,Body of pancreas,ROI1,endothelial,190,107.94
HPAP-037,Body of pancreas,ROI1,endothelial,200,102.94
HPAP-037,Body of pancreas,ROI2,cd8_t,10,21.21
HPAP-037,Body of pancreas,ROI2,cd8_t,20,24.14
HPAP-037,Body of pancreas,ROI2,cd8_t,30,14.14
HPAP-037,Body of pancreas,ROI2,cd8_t,40,22.42
HPAP-037,Body of pancreas,ROI2,cd8_t,50,26.45
HPAP-037,Body of pancreas,ROI2,cd8_t,60,48.11
HPAP-037,Body of pancreas,ROI2,cd8_t,70,50.87
HPAP-037,Body of pancreas,ROI2,cd8_t,80,48.68
HPAP-037,Body of pancreas,ROI2,cd8_t,90,56.38
HPAP-037,Body of pancreas,ROI2,cd8_t,100,46.38
HPAP-037,Body of pancreas,ROI2,cd8_t,110,42.89
HPAP-037,Body of pancreas,ROI2,cd8_t,120,36.04
HPAP-037,Body of pancreas,ROI2,cd8_t,130,35.14
HPAP-037,Body of pancreas,ROI2,cd8_t,140,30.94
HPAP-037,Body of pancreas,ROI2,cd8_t,150,26.54
HPAP-037,Body of pancreas,ROI2,cd8_t,160,19.28
HPAP-037,Body of pancreas,ROI2,cd8_t,170,14.63
HPAP-037,Body of pancreas,ROI2,cd8_t,180,4.63
HPAP-037,Body of pancreas,ROI2,cd8_t,190,7.38
HPAP-037,Body of pancreas,ROI2,cd8_t,200,-0.17
HPAP-037,Body of pancreas,ROI2,macrophage,10,-10.0
HPAP-037,Body of pancreas,ROI2,macrophage,20,7.12
HPAP-037,Body of pancreas,ROI2,macrophage,30,12.87
HPAP-037,Body of pancreas,ROI2,macrophage,40,6.97
HPAP-037,Body of pancreas,ROI2,macrophage,50,-3.03
HPAP-037,Body of pancreas,ROI2,macrophage,60,-5.77
HPAP-037,Body of pancreas,ROI2,macrophage,70,-9.37
HPAP-037,Body of pancreas,ROI2,macrophage,80,-5.74
HPAP-037,Body of pancreas,ROI2,macrophage,90,-13.3
HPAP-037,Body of pancreas,ROI2,macrophage,100,-20.94
HPAP-037,Body of pancreas,ROI2,macrophage,110,-16.07
HPAP-037,Body of pancreas,ROI2,macrophage,120,-14.98
HPAP-037,Body of pancreas,ROI2,macrophage,130,-16.56
HPAP-037,Body of pancreas,ROI2,macrophage,140,-15.74
HPAP-037,Body of pancreas,ROI2,macrophage,150,-14.42
HPAP-037,Body of pancreas,ROI2,macrophage,160,-10.24
HPAP-037,Body of pancreas,ROI2,macrophage,170,-8.44
HPAP-037,Body of pancreas,ROI2,macrophage,180,-10.66
HPAP-037,Body of pancreas,ROI2,macrophage,190,-12.19
HPAP-037,Body of pancreas,ROI2,macrophage,200,-12.13
HPAP-037,Body of pancreas,ROI2,mdsc,10,17.58
HPAP-037,Body of pancreas,ROI2,mdsc,20,30.86
HPAP-037,Body of pancreas,ROI2,mdsc,30,48.99
HPAP-037,Body of pancreas,ROI2,mdsc,40,54.76
HPAP-037,Body of pancreas,ROI2,mdsc,50,57.55
HPAP-037,Body of pancreas,ROI2,mdsc,60,57.68
HPAP-037,Body of pancreas,ROI2,mdsc,70,59.97
HPAP-037,Body of pancreas,ROI2,mdsc,80,64.39
HPAP-037,Body of pancreas,ROI2,mdsc,90,69.42
HPAP-037,Body of pancreas,ROI2,mdsc,100,73.59
HPAP-037,Body of pancreas,ROI2,mdsc,110,77.5
HPAP-037,Body of pancreas,ROI2,mdsc,120,74.66
HPAP-037,Body of pancreas,ROI2,mdsc,130,73.83
HPAP-037,Body of pancreas,ROI2,mdsc,140,74.38
HPAP-037,Body of pancreas,ROI2,mdsc,150,71.02
HPAP-037,Body of pancreas,ROI2,mdsc,160,71.12
HPAP-037,Body of pancreas,ROI2,mdsc,170,72.06
HPAP-037,Body of pancreas,ROI2,mdsc,180,72.52
HPAP-037,Body of pancreas,ROI2,mdsc,190,71.69
HPAP-037,Body of pancreas,ROI2,mdsc,200,72.52
HPAP-037,Body of pancreas,ROI2,other_immune,10,-2.04
HPAP-037,Body of pancreas,ROI2,other_immune,20,0.89
HPAP-037,Body of pancreas,ROI2,other_immune,30,2.25
HPAP-037,Body of pancreas,ROI2,other_immune,40,1.69
HPAP-037,Body of pancreas,ROI2,other_immune,50,2.08
HPAP-037,Body of pancreas,ROI2,other_immune,60,2.9
HPAP-037,Body of pancreas,ROI2,other_immune,70,2.72
HPAP-037,Body of pancreas,ROI2,other_immune,80,2.63
HPAP-037,Body of pancreas,ROI2,other_immune,90,2.68
HPAP-037,Body of pancreas,ROI2,other_immune,100,1.97
HPAP-037,Body of pancreas,ROI2,other_immune,110,1.61
HPAP-037,Body of pancreas,ROI2,other_immune,120,1.39
HPAP-037,Body of pancreas,ROI2,other_immune,130,1.15
HPAP-037,Body of pancreas,ROI2,other_immune,140,0.63
HPAP-037,Body of pancreas,ROI2,other_immune,150,0.45
HPAP-037,Body of pancreas,ROI2,other_immune,160,-0.71
HPAP-037,Body of pancreas,ROI2,other_immune,170,-2.2
HPAP-037,Body of pancreas,ROI2,other_immune,180,-3.66
HPAP-037,Body of pancreas,ROI2,other_immune,190,-5.48
HPAP-037,Body of pancreas,ROI2,other_immune,200,-7.34
HPAP-037,Body of pancreas,ROI2,endothelial,10,15.34
HPAP-037,Body of pancreas,ROI2,endothelial,20,64.03
HPAP-037,Body of pancreas,ROI2,endothelial,30,95.23
HPAP-037,Body of pancreas,ROI2,endothelial,40,117.65
HPAP-037,Body of pancreas,ROI2,endothelial,50,139.73
HPAP-037,Body of pancreas,ROI2,endothelial,60,154.57
HPAP-037,Body of pancreas,ROI2,endothelial,70,169.42
HPAP-037,Body of pancreas,ROI2,endothelial,80,177.77
HPAP-037,Body of pancreas,ROI2,endothelial,90,184.15
HPAP-037,Body of pancreas,ROI2,endothelial,100,187.46
HPAP-037,Body of pancreas,ROI2,endothelial,110,189.57
HPAP-037,Body of pancreas,ROI2,endothelial,120,190.25
HPAP-037,Body of pancreas,ROI2,endothelial,130,188.78
HPAP-037,Body of pancreas,ROI2,endothelial,140,184.55
HPAP-037,Body of pancreas,ROI2,endothelial,150,179.87
HPAP-037,Body of pancreas,ROI2,endothelial,160,174.02
HPAP-037,Body of pancreas,ROI2,endothelial,170,168.25
HPAP-037,Body of pancreas,ROI2,endothelial,180,161.82
HPAP-037,Body of pancreas,ROI2,endothelial,190,154.16
HPAP-037,Body of pancreas,ROI2,endothelial,200,146.09
HPAP-037,Body of pancreas,ROI3,cd8_t,10,-10.0
HPAP-037,Body of pancreas,ROI3,cd8_t,20,-20.0
HPAP-037,Body of pancreas,ROI3,cd8_t,30,-6.85
HPAP-037,Body of pancreas,ROI3,cd8_t,40,-7.26
HPAP-037,Body of pancreas,ROI3,cd8_t,50,11.25
HPAP-037,Body of pancreas,ROI3,cd8_t,60,9.45
HPAP-037,Body of pancreas,ROI3,cd8_t,70,6.77
HPAP-037,Body of pancreas,ROI3,cd8_t,80,20.9
HPAP-037,Body of pancreas,ROI3,cd8_t,90,18.58
HPAP-037,Body of pancreas,ROI3,cd8_t,100,18.03
HPAP-037,Body of pancreas,ROI3,cd8_t,110,16.79
HPAP-037,Body of pancreas,ROI3,cd8_t,120,20.81
HPAP-037,Body of pancreas,ROI3,cd8_t,130,23.55
HPAP-037,Body of pancreas,ROI3,cd8_t,140,26.93
HPAP-037,Body of pancreas,ROI3,cd8_t,150,23.23
HPAP-037,Body of pancreas,ROI3,cd8_t,160,19.31
HPAP-037,Body of pancreas,ROI3,cd8_t,170,18.06
HPAP-037,Body of pancreas,ROI3,cd8_t,180,12.29
HPAP-037,Body of pancreas,ROI3,cd8_t,190,11.8
HPAP-037,Body of pancreas,ROI3,cd8_t,200,17.15
HPAP-037,Body of pancreas,ROI3,macrophage,10,-10.0
HPAP-037,Body of pancreas,ROI3,macrophage,20,-20.0
HPAP-037,Body of pancreas,ROI3,macrophage,30,-30.0
HPAP-037,Body of pancreas,ROI3,macrophage,40,-9.0
HPAP-037,Body of pancreas,ROI3,macrophage,50,-6.16
HPAP-037,Body of pancreas,ROI3,macrophage,60,-6.31
HPAP-037,Body of pancreas,ROI3,macrophage,70,-16.31
HPAP-037,Body of pancreas,ROI3,macrophage,80,-26.31
HPAP-037,Body of pancreas,ROI3,macrophage,90,-20.69
HPAP-037,Body of pancreas,ROI3,macrophage,100,-12.33
HPAP-037,Body of pancreas,ROI3,macrophage,110,-7.19
HPAP-037,Body of pancreas,ROI3,macrophage,120,0.05
HPAP-037,Body of pancreas,ROI3,macrophage,130,1.51
HPAP-037,Body of pancreas,ROI3,macrophage,140,-4.89
HPAP-037,Body of pancreas,ROI3,macrophage,150,-4.61
HPAP-037,Body of pancreas,ROI3,macrophage,160,-5.01
HPAP-037,Body of pancreas,ROI3,macrophage,170,2.59
HPAP-037,Body of pancreas,ROI3,macrophage,180,13.58
HPAP-037,Body of pancreas,ROI3,macrophage,190,3.58
HPAP-037,Body of pancreas,ROI3,macrophage,200,0.89
HPAP-037,Body of pancreas,ROI3,mdsc,10,-10.0
HPAP-037,Body of pancreas,ROI3,mdsc,20,-20.0
HPAP-037,Body of pancreas,ROI3,mdsc,30,-30.0
HPAP-037,Body of pancreas,ROI3,mdsc,40,-40.0
HPAP-037,Body of pancreas,ROI3,mdsc,50,-50.0
HPAP-037,Body of pancreas,ROI3,mdsc,60,-13.1
HPAP-037,Body of pancreas,ROI3,mdsc,70,-3.67
HPAP-037,Body of pancreas,ROI3,mdsc,80,-13.67
HPAP-037,Body of pancreas,ROI3,mdsc,90,-8.76
HPAP-037,Body of pancreas,ROI3,mdsc,100,4.88
HPAP-037,Body of pancreas,ROI3,mdsc,110,14.09
HPAP-037,Body of pancreas,ROI3,mdsc,120,4.09
HPAP-037,Body of pancreas,ROI3,mdsc,130,10.71
HPAP-037,Body of pancreas,ROI3,mdsc,140,8.32
HPAP-037,Body of pancreas,ROI3,mdsc,150,5.56
HPAP-037,Body of pancreas,ROI3,mdsc,160,21.65
HPAP-037,Body of pancreas,ROI3,mdsc,170,11.65
HPAP-037,Body of pancreas,ROI3,mdsc,180,7.61
HPAP-037,Body of pancreas,ROI3,mdsc,190,3.38
HPAP-037,Body of pancreas,ROI3,mdsc,200,-1.01
HPAP-037,Body of pancreas,ROI3,other_immune,10,0.81
HPAP-037,Body of pancreas,ROI3,other_immune,20,8.29
HPAP-037,Body of pancreas,ROI3,other_immune,30,9.85
HPAP-037,Body of pancreas,ROI3,other_immune,40,9.5
HPAP-037,Body of pancreas,ROI3,other_immune,50,9.29
HPAP-037,Body of pancreas,ROI3,other_immune,60,10.13
HPAP-037,Body of pancreas,ROI3,other_immune,70,10.28
HPAP-037,Body of pancreas,ROI3,other_immune,80,10.31
HPAP-037,Body of pancreas,ROI3,other_immune,90,10.66
HPAP-037,Body of pancreas,ROI3,other_immune,100,10.21
HPAP-037,Body of pancreas,ROI3,other_immune,110,11.35
HPAP-037,Body of pancreas,ROI3,other_immune,120,10.89
HPAP-037,Body of pancreas,ROI3,other_immune,130,9.85
HPAP-037,Body of pancreas,ROI3,other_immune,140,9.2
HPAP-037,Body of pancreas,ROI3,other_immune,150,8.33
HPAP-037,Body of pancreas,ROI3,other_immune,160,7.25
HPAP-037,Body of pancreas,ROI3,other_immune,170,5.42
HPAP-037,Body of pancreas,ROI3,other_immune,180,3.74
HPAP-037,Body of pancreas,ROI3,other_immune,190,1.96
HPAP-037,Body of pancreas,ROI3,other_immune,200,0.59
HPAP-037,Body of pancreas,ROI3,fibroblast,10,0.19
HPAP-037,Body of pancreas,ROI3,fibroblast,20,6.46
HPAP-037,Body of pancreas,ROI3,fibroblast,30,6.79
HPAP-037,Body of pancreas,ROI3,fibroblast,40,7.49
HPAP-037,Body of pancreas,ROI3,fibroblast,50,7.24
HPAP-037,Body of pancreas,ROI3,fibroblast,60,7.92
HPAP-037,Body of pancreas,ROI3,fibroblast,70,7.23
HPAP-037,Body of pancreas,ROI3,fibroblast,80,6.59
HPAP-037,Body of pancreas,ROI3,fibroblast,90,6.2
HPAP-037,Body of pancreas,ROI3,fibroblast,100,5.86
HPAP-037,Body of pancreas,ROI3,fibroblast,110,4.86
HPAP-037,Body of pancreas,ROI3,fibroblast,120,4.58
HPAP-037,Body of pancreas,ROI3,fibroblast,130,3.67
HPAP-037,Body of pancreas,ROI3,fibroblast,140,2.92
HPAP-037,Body of pancreas,ROI3,fibroblast,150,1.89
HPAP-037,Body of pancreas,ROI3,fibroblast,160,0.84
HPAP-037,Body of pancreas,ROI3,fibroblast,170,0.14
HPAP-037,Body of pancreas,ROI3,fibroblast,180,-0.47
HPAP-037,Body of pancreas,ROI3,fibroblast,190,-1.89
HPAP-037,Body of pancreas,ROI3,fibroblast,200,-2.81
HPAP-037,Body of pancreas,ROI3,endothelial,10,20.32
HPAP-037,Body of pancreas,ROI3,endothelial,20,62.89
HPAP-037,Body of pancreas,ROI3,endothelial,30,91.15
HPAP-037,Body of pancreas,ROI3,endothelial,40,115.74
HPAP-037,Body of pancreas,ROI3,endothelial,50,139.15
HPAP-037,Body of pancreas,ROI3,endothelial,60,161.04
HPAP-037,Body of pancreas,ROI3,endothelial,70,178.11
HPAP-037,Body of pancreas,ROI3,endothelial,80,191.36
HPAP-037,Body of pancreas,ROI3,endothelial,90,202.7
HPAP-037,Body of pancreas,ROI3,endothelial,100,211.57
HPAP-037,Body of pancreas,ROI3,endothelial,110,217.5
HPAP-037,Body of pancreas,ROI3,endothelial,120,220.13
HPAP-037,Body of pancreas,ROI3,endothelial,130,220.73
HPAP-037,Body of pancreas,ROI3,endothelial,140,218.87
HPAP-037,Body of pancreas,ROI3,endothelial,150,214.94
HPAP-037,Body of pancreas,ROI3,endothelial,160,208.39
HPAP-037,Body of pancreas,ROI3,endothelial,170,200.25
HPAP-037,Body of pancreas,ROI3,endothelial,180,191.86
HPAP-037,Body of pancreas,ROI3,endothelial,190,182.82
HPAP-037,Body of pancreas,ROI3,endothelial,200,173.77
HPAP-037,Head of pancreas,ROI1,cd8_t,10,-10.0
HPAP-037,Head of pancreas,ROI1,cd8_t,20,14.18
HPAP-037,Head of pancreas,ROI1,cd8_t,30,4.18
HPAP-037,Head of pancreas,ROI1,cd8_t,40,19.21
HPAP-037,Head of pancreas,ROI1,cd8_t,50,9.21
HPAP-037,Head of pancreas,ROI1,cd8_t,60,8.36
HPAP-037,Head of pancreas,ROI1,cd8_t,70,13.73
HPAP-037,Head of pancreas,ROI1,cd8_t,80,3.73
HPAP-037,Head of pancreas,ROI1,cd8_t,90,6.68
HPAP-037,Head of pancreas,ROI1,cd8_t,100,8.09
HPAP-037,Head of pancreas,ROI1,cd8_t,110,17.9
HPAP-037,Head of pancreas,ROI1,cd8_t,120,16.73
HPAP-037,Head of pancreas,ROI1,cd8_t,130,19.0
HPAP-037,Head of pancreas,ROI1,cd8_t,140,20.33
HPAP-037,Head of pancreas,ROI1,cd8_t,150,17.46
HPAP-037,Head of pancreas,ROI1,cd8_t,160,10.91
HPAP-037,Head of pancreas,ROI1,cd8_t,170,4.3
HPAP-037,Head of pancreas,ROI1,cd8_t,180,0.88
HPAP-037,Head of pancreas,ROI1,cd8_t,190,-2.78
HPAP-037,Head of pancreas,ROI1,cd8_t,200,-9.68
HPAP-037,Head of pancreas,ROI1,macrophage,10,10.51
HPAP-037,Head of pancreas,ROI1,macrophage,20,9.0
HPAP-037,Head of pancreas,ROI1,macrophage,30,5.52
HPAP-037,Head of pancreas,ROI1,macrophage,40,10.23
HPAP-037,Head of pancreas,ROI1,macrophage,50,4.26
HPAP-037,Head of pancreas,ROI1,macrophage,60,-2.0
HPAP-037,Head of pancreas,ROI1,macrophage,70,-1.99
HPAP-037,Head of pancreas,ROI1,macrophage,80,-6.06
HPAP-037,Head of pancreas,ROI1,macrophage,90,-13.27
HPAP-037,Head of pancreas,ROI1,macrophage,100,-17.97
HPAP-037,Head of pancreas,ROI1,macrophage,110,-16.03
HPAP-037,Head of pancreas,ROI1,macrophage,120,-21.65
HPAP-037,Head of pancreas,ROI1,macrophage,130,-23.44
HPAP-037,Head of pancreas,ROI1,macrophage,140,-18.68
HPAP-037,Head of pancreas,ROI1,macrophage,150,-10.92
HPAP-037,Head of pancreas,ROI1,macrophage,160,-12.12
HPAP-037,Head of pancreas,ROI1,macrophage,170,-9.84
HPAP-037,Head of pancreas,ROI1,macrophage,180,-7.21
HPAP-037,Head of pancreas,ROI1,macrophage,190,-12.41
HPAP-037,Head of pancreas,ROI1,macrophage,200,-9.83
HPAP-037,Head of pancreas,ROI1,mdsc,10,1.57
HPAP-037,Head of pancreas,ROI1,mdsc,20,8.48
HPAP-037,Head of pancreas,ROI1,mdsc,30,11.72
HPAP-037,Head of pancreas,ROI1,mdsc,40,10.83
HPAP-037,Head of pancreas,ROI1,mdsc,50,9.41
HPAP-037,Head of pancreas,ROI1,mdsc,60,7.54
HPAP-037,Head of pancreas,ROI1,mdsc,70,5.88
HPAP-037,Head of pancreas,ROI1,mdsc,80,5.09
HPAP-037,Head of pancreas,ROI1,mdsc,90,3.3
HPAP-037,Head of pancreas,ROI1,mdsc,100,2.09
HPAP-037,Head of pancreas,ROI1,mdsc,110,0.18
HPAP-037,Head of pancreas,ROI1,mdsc,120,-2.15
HPAP-037,Head of pancreas,ROI1,mdsc,130,-4.04
HPAP-037,Head of pancreas,ROI1,mdsc,140,-6.1
HPAP-037,Head of pancreas,ROI1,mdsc,150,-8.57
HPAP-037,Head of pancreas,ROI1,mdsc,160,-10.4
HPAP-037,Head of pancreas,ROI1,mdsc,170,-12.25
HPAP-037,Head of pancreas,ROI1,mdsc,180,-14.17
HPAP-037,Head of pancreas,ROI1,mdsc,190,-15.19
HPAP-037,Head of pancreas,ROI1,mdsc,200,-16.92
HPAP-037,Head of pancreas,ROI1,other_immune,10,-2.6
HPAP-037,Head of pancreas,ROI1,other_immune,20,1.08
HPAP-037,Head of pancreas,ROI1,other_immune,30,1.65
HPAP-037,Head of pancreas,ROI1,other_immune,40,2.81
HPAP-037,Head of pancreas,ROI1,other_immune,50,0.69
HPAP-037,Head of pancreas,ROI1,other_immune,60,0.08
HPAP-037,Head of pancreas,ROI1,other_immune,70,-0.23
HPAP-037,Head of pancreas,ROI1,other_immune,80,-0.97
HPAP-037,Head of pancreas,ROI1,other_immune,90,-1.86
HPAP-037,Head of pancreas,ROI1,other_immune,100,-2.76
HPAP-037,Head of pancreas,ROI1,other_immune,110,-3.37
HPAP-037,Head of pancreas,ROI1,other_immune,120,-4.52
HPAP-037,Head of pancreas,ROI1,other_immune,130,-5.43
HPAP-037,Head of pancreas,ROI1,other_immune,140,-7.22
HPAP-037,Head of pancreas,ROI1,other_immune,150,-8.55
HPAP-037,Head of pancreas,ROI1,other_immune,160,-10.07
HPAP-037,Head of pancreas,ROI1,other_immune,170,-11.42
HPAP-037,Head of pancreas,ROI1,other_immune,180,-12.85
HPAP-037,Head of pancreas,ROI1,other_immune,190,-14.36
HPAP-037,Head of pancreas,ROI1,other_immune,200,-15.87
HPAP-037,Head of pancreas,ROI1,endothelial,10,18.7
HPAP-037,Head of pancreas,ROI1,endothelial,20,47.21
HPAP-037,Head of pancreas,ROI1,endothelial,30,67.99
HPAP-037,Head of pancreas,ROI1,endothelial,40,82.71
HPAP-037,Head of pancreas,ROI1,endothelial,50,93.02
HPAP-037,Head of pancreas,ROI1,endothelial,60,100.08
HPAP-037,Head of pancreas,ROI1,endothelial,70,103.13
HPAP-037,Head of pancreas,ROI1,endothelial,80,104.57
HPAP-037,Head of pancreas,ROI1,endothelial,90,102.33
HPAP-037,Head of pancreas,ROI1,endothelial,100,97.22
HPAP-037,Head of pancreas,ROI1,endothelial,110,91.07
HPAP-037,Head of pancreas,ROI1,endothelial,120,85.61
HPAP-037,Head of pancreas,ROI1,endothelial,130,79.65
HPAP-037,Head of pancreas,ROI1,endothelial,140,73.54
HPAP-037,Head of pancreas,ROI1,endothelial,150,68.21
HPAP-037,Head of pancreas,ROI1,endothelial,160,63.61
HPAP-037,Head of pancreas,ROI1,endothelial,170,58.89
HPAP-037,Head of pancreas,ROI1,endothelial,180,54.1
HPAP-037,Head of pancreas,ROI1,endothelial,190,48.13
HPAP-037,Head of pancreas,ROI1,endothelial,200,43.33
HPAP-037,Head of pancreas,ROI2,cd8_t,10,25.4
HPAP-037,Head of pancreas,ROI2,cd8_t,20,30.06
HPAP-037,Head of pancreas,ROI2,cd8_t,30,20.06
HPAP-037,Head of pancreas,ROI2,cd8_t,40,10.06
HPAP-037,Head of pancreas,ROI2,cd8_t,50,0.06
HPAP-037,Head of pancreas,ROI2,cd8_t,60,-9.94
HPAP-037,Head of pancreas,ROI2,cd8_t,70,0.8
HPAP-037,Head of pancreas,ROI2,cd8_t,80,-0.84
HPAP-037,Head of pancreas,ROI2,cd8_t,90,-10.84
HPAP-037,Head of pancreas,ROI2,cd8_t,100,0.13
HPAP-037,Head of pancreas,ROI2,cd8_t,110,17.64
HPAP-037,Head of pancreas,ROI2,cd8_t,120,25.96
HPAP-037,Head of pancreas,ROI2,cd8_t,130,24.31
HPAP-037,Head of pancreas,ROI2,cd8_t,140,29.78
HPAP-037,Head of pancreas,ROI2,cd8_t,150,33.95
HPAP-037,Head of pancreas,ROI2,cd8_t,160,33.9
HPAP-037,Head of pancreas,ROI2,cd8_t,170,23.9
HPAP-037,Head of pancreas,ROI2,cd8_t,180,32.4
HPAP-037,Head of pancreas,ROI2,cd8_t,190,31.08
HPAP-037,Head of pancreas,ROI2,cd8_t,200,32.14
HPAP-037,Head of pancreas,ROI2,macrophage,10,-10.0
HPAP-037,Head of pancreas,ROI2,macrophage,20,-20.0
HPAP-037,Head of pancreas,ROI2,macrophage,30,-1.96
HPAP-037,Head of pancreas,ROI2,macrophage,40,-0.34
HPAP-037,Head of pancreas,ROI2,macrophage,50,-1.43
HPAP-037,Head of pancreas,ROI2,macrophage,60,-11.43
HPAP-037,Head of pancreas,ROI2,macrophage,70,-21.43
HPAP-037,Head of pancreas,ROI2,macrophage,80,-23.91
HPAP-037,Head of pancreas,ROI2,macrophage,90,-33.91
HPAP-037,Head of pancreas,ROI2,macrophage,100,-25.8
HPAP-037,Head of pancreas,ROI2,macrophage,110,-25.87
HPAP-037,Head of pancreas,ROI2,macrophage,120,-26.99
HPAP-037,Head of pancreas,ROI2,macrophage,130,-21.39
HPAP-037,Head of pancreas,ROI2,macrophage,140,-21.02
HPAP-037,Head of pancreas,ROI2,macrophage,150,-24.59
HPAP-037,Head of pancreas,ROI2,macrophage,160,-34.59
HPAP-037,Head of pancreas,ROI2,macrophage,170,-29.78
HPAP-037,Head of pancreas,ROI2,macrophage,180,-16.48
HPAP-037,Head of pancreas,ROI2,macrophage,190,-14.87
HPAP-037,Head of pancreas,ROI2,macrophage,200,-18.26
HPAP-037,Head of pancreas,ROI2,mdsc,10,7.98
HPAP-037,Head of pancreas,ROI2,mdsc,20,22.81
HPAP-037,Head of pancreas,ROI2,mdsc,30,28.73
HPAP-037,Head of pancreas,ROI2,mdsc,40,29.03
HPAP-037,Head of pancreas,ROI2,mdsc,50,28.66
HPAP-037,Head of pancreas,ROI2,mdsc,60,29.2
HPAP-037,Head of pancreas,ROI2,mdsc,70,29.91
HPAP-037,Head of pancreas,ROI2,mdsc,80,28.99
HPAP-037,Head of pancreas,ROI2,mdsc,90,28.38
HPAP-037,Head of pancreas,ROI2,mdsc,100,28.09
HPAP-037,Head of pancreas,ROI2,mdsc,110,26.25
HPAP-037,Head of pancreas,ROI2,mdsc,120,24.39
HPAP-037,Head of pancreas,ROI2,mdsc,130,24.07
HPAP-037,Head of pancreas,ROI2,mdsc,140,24.49
HPAP-037,Head of pancreas,ROI2,mdsc,150,22.12
HPAP-037,Head of pancreas,ROI2,mdsc,160,20.67
HPAP-037,Head of pancreas,ROI2,mdsc,170,17.52
HPAP-037,Head of pancreas,ROI2,mdsc,180,14.63
HPAP-037,Head of pancreas,ROI2,mdsc,190,11.54
HPAP-037,Head of pancreas,ROI2,mdsc,200,8.07
HPAP-037,Head of pancreas,ROI2,other_immune,10,1.57
HPAP-037,Head of pancreas,ROI2,other_immune,20,7.41
HPAP-037,Head of pancreas,ROI2,other_immune,30,9.55
HPAP-037,Head of pancreas,ROI2,other_immune,40,9.7
HPAP-037,Head of pancreas,ROI2,other_immune,50,9.42
HPAP-037,Head of pancreas,ROI2,other_immune,60,9.63
HPAP-037,Head of pancreas,ROI2,other_immune,70,9.82
HPAP-037,Head of pancreas,ROI2,other_immune,80,9.89
HPAP-037,Head of pancreas,ROI2,other_immune,90,8.83
HPAP-037,Head of pancreas,ROI2,other_immune,100,7.13
HPAP-037,Head of pancreas,ROI2,other_immune,110,6.61
HPAP-037,Head of pancreas,ROI2,other_immune,120,5.0
HPAP-037,Head of pancreas,ROI2,other_immune,130,3.06
HPAP-037,Head of pancreas,ROI2,other_immune,140,1.13
HPAP-037,Head of pancreas,ROI2,other_immune,150,-0.89
HPAP-037,Head of pancreas,ROI2,other_immune,160,-2.67
HPAP-037,Head of pancreas,ROI2,other_immune,170,-4.22
HPAP-037,Head of pancreas,ROI2,other_immune,180,-5.9
HPAP-037,Head of pancreas,ROI2,other_immune,190,-7.75
HPAP-037,Head of pancreas,ROI2,other_immune,200,-8.95
HPAP-037,Head of pancreas,ROI2,fibroblast,10,0.14
HPAP-037,Head of pancreas,ROI2,fibroblast,20,4.07
HPAP-037,Head of pancreas,ROI2,fibroblast,30,4.72
HPAP-037,Head of pancreas,ROI2,fibroblast,40,4.71
HPAP-037,Head of pancreas,ROI2,fibroblast,50,4.93
HPAP-037,Head of pancreas,ROI2,fibroblast,60,4.73
HPAP-037,Head of pancreas,ROI2,fibroblast,70,3.61
HPAP-037,Head of pancreas,ROI2,fibroblast,80,2.24
HPAP-037,Head of pancreas,ROI2,fibroblast,90,1.77
HPAP-037,Head of pancreas,ROI2,fibroblast,100,1.1
HPAP-037,Head of pancreas,ROI2,fibroblast,110,0.18
HPAP-037,Head of pancreas,ROI2,fibroblast,120,-0.77
HPAP-037,Head of pancreas,ROI2,fibroblast,130,-1.32
HPAP-037,Head of pancreas,ROI2,fibroblast,140,-2.83
HPAP-037,Head of pancreas,ROI2,fibroblast,150,-3.51
HPAP-037,Head of pancreas,ROI2,fibroblast,160,-4.6
HPAP-037,Head of pancreas,ROI2,fibroblast,170,-6.1
HPAP-037,Head of pancreas,ROI2,fibroblast,180,-7.87
HPAP-037,Head of pancreas,ROI2,fibroblast,190,-8.98
HPAP-037,Head of pancreas,ROI2,fibroblast,200,-10.38
HPAP-037,Head of pancreas,ROI2,endothelial,10,17.68
HPAP-037,Head of pancreas,ROI2,endothelial,20,53.01
HPAP-037,Head of pancreas,ROI2,endothelial,30,71.3
HPAP-037,Head of pancreas,ROI2,endothelial,40,87.64
HPAP-037,Head of pancreas,ROI2,endothelial,50,97.9
HPAP-037,Head of pancreas,ROI2,endothelial,60,107.1
HPAP-037,Head of pancreas,ROI2,endothelial,70,112.76
HPAP-037,Head of pancreas,ROI2,endothelial,80,116.47
HPAP-037,Head of pancreas,ROI2,endothelial,90,118.32
HPAP-037,Head of pancreas,ROI2,endothelial,100,119.12
HPAP-037,Head of pancreas,ROI2,endothelial,110,119.91
HPAP-037,Head of pancreas,ROI2,endothelial,120,118.73
HPAP-037,Head of pancreas,ROI2,endothelial,130,116.76
HPAP-037,Head of pancreas,ROI2,endothelial,140,114.04
HPAP-037,Head of pancreas,ROI2,endothelial,150,110.52
HPAP-037,Head of pancreas,ROI2,endothelial,160,107.12
HPAP-037,Head of pancreas,ROI2,endothelial,170,104.01
HPAP-037,Head of pancreas,ROI2,endothelial,180,101.01
HPAP-037,Head of pancreas,ROI2,endothelial,190,97.8
HPAP-037,Head of pancreas,ROI2,endothelial,200,93.39
HPAP-037,Head of pancreas,ROI3,cd8_t,10,-10.0
HPAP-037,Head of pancreas,ROI3,cd8_t,20,-20.0
HPAP-037,Head of pancreas,ROI3,cd8_t,30,-30.0
HPAP-037,Head of pancreas,ROI3,cd8_t,40,3.01
HPAP-037,Head of pancreas,ROI3,cd8_t,50,10.82
HPAP-037,Head of pancreas,ROI3,cd8_t,60,26.02
HPAP-037,Head of pancreas,ROI3,cd8_t,70,26.17
HPAP-037,Head of pancreas,ROI3,cd8_t,80,33.79
HPAP-037,Head of pancreas,ROI3,cd8_t,90,39.03
HPAP-037,Head of pancreas,ROI3,cd8_t,100,29.03
HPAP-037,Head of pancreas,ROI3,cd8_t,110,19.03
HPAP-037,Head of pancreas,ROI3,cd8_t,120,22.64
HPAP-037,Head of pancreas,ROI3,cd8_t,130,18.99
HPAP-037,Head of pancreas,ROI3,cd8_t,140,15.07
HPAP-037,Head of pancreas,ROI3,cd8_t,150,5.07
HPAP-037,Head of pancreas,ROI3,cd8_t,160,6.57
HPAP-037,Head of pancreas,ROI3,cd8_t,170,7.33
HPAP-037,Head of pancreas,ROI3,cd8_t,180,7.47
HPAP-037,Head of pancreas,ROI3,cd8_t,190,2.34
HPAP-037,Head of pancreas,ROI3,cd8_t,200,1.73
HPAP-037,Head of pancreas,ROI3,macrophage,10,-10.0
HPAP-037,Head of pancreas,ROI3,macrophage,20,11.2
HPAP-037,Head of pancreas,ROI3,macrophage,30,14.12
HPAP-037,Head of pancreas,ROI3,macrophage,40,14.04
HPAP-037,Head of pancreas,ROI3,macrophage,50,12.39
HPAP-037,Head of pancreas,ROI3,macrophage,60,9.76
HPAP-037,Head of pancreas,ROI3,macrophage,70,-0.24
HPAP-037,Head of pancreas,ROI3,macrophage,80,-3.58
HPAP-037,Head of pancreas,ROI3,macrophage,90,-7.46
HPAP-037,Head of pancreas,ROI3,macrophage,100,16.73
HPAP-037,Head of pancreas,ROI3,macrophage,110,22.36
HPAP-037,Head of pancreas,ROI3,macrophage,120,22.96
HPAP-037,Head of pancreas,ROI3,macrophage,130,22.83
HPAP-037,Head of pancreas,ROI3,macrophage,140,19.07
HPAP-037,Head of pancreas,ROI3,macrophage,150,15.08
HPAP-037,Head of pancreas,ROI3,macrophage,160,16.48
HPAP-037,Head of pancreas,ROI3,macrophage,170,11.91
HPAP-037,Head of pancreas,ROI3,macrophage,180,4.56
HPAP-037,Head of pancreas,ROI3,macrophage,190,4.83
HPAP-037,Head of pancreas,ROI3,macrophage,200,4.57
HPAP-037,Head of pancreas,ROI3,mdsc,10,-0.98
HPAP-037,Head of pancreas,ROI3,mdsc,20,8.33
HPAP-037,Head of pancreas,ROI3,mdsc,30,9.17
HPAP-037,Head of pancreas,ROI3,mdsc,40,10.61
HPAP-037,Head of pancreas,ROI3,mdsc,50,11.49
HPAP-037,Head of pancreas,ROI3,mdsc,60,12.13
HPAP-037,Head of pancreas,ROI3,mdsc,70,12.64
HPAP-037,Head of pancreas,ROI3,mdsc,80,11.45
HPAP-037,Head of pancreas,ROI3,mdsc,90,11.46
HPAP-037,Head of pancreas,ROI3,mdsc,100,11.58
HPAP-037,Head of pancreas,ROI3,mdsc,110,11.93
HPAP-037,Head of pancreas,ROI3,mdsc,120,12.29
HPAP-037,Head of pancreas,ROI3,mdsc,130,12.17
HPAP-037,Head of pancreas,ROI3,mdsc,140,11.18
HPAP-037,Head of pancreas,ROI3,mdsc,150,9.93
HPAP-037,Head of pancreas,ROI3,mdsc,160,8.87
HPAP-037,Head of pancreas,ROI3,mdsc,170,7.38
HPAP-037,Head of pancreas,ROI3,mdsc,180,5.69
HPAP-037,Head of pancreas,ROI3,mdsc,190,4.62
HPAP-037,Head of pancreas,ROI3,mdsc,200,3.2
HPAP-037,Head of pancreas,ROI3,other_immune,10,-2.88
HPAP-037,Head of pancreas,ROI3,other_immune,20,1.95
HPAP-037,Head of pancreas,ROI3,other_immune,30,3.25
HPAP-037,Head of pancreas,ROI3,other_immune,40,2.55
HPAP-037,Head of pancreas,ROI3,other_immune,50,1.62
HPAP-037,Head of pancreas,ROI3,other_immune,60,2.16
HPAP-037,Head of pancreas,ROI3,other_immune,70,2.22
HPAP-037,Head of pancreas,ROI3,other_immune,80,1.61
HPAP-037,Head of pancreas,ROI3,other_immune,90,0.89
HPAP-037,Head of pancreas,ROI3,other_immune,100,-0.16
HPAP-037,Head of pancreas,ROI3,other_immune,110,-1.1
HPAP-037,Head of pancreas,ROI3,other_immune,120,-2.67
HPAP-037,Head of pancreas,ROI3,other_immune,130,-3.79
HPAP-037,Head of pancreas,ROI3,other_immune,140,-5.83
HPAP-037,Head of pancreas,ROI3,other_immune,150,-7.84
HPAP-037,Head of pancreas,ROI3,other_immune,160,-9.85
HPAP-037,Head of pancreas,ROI3,other_immune,170,-12.04
HPAP-037,Head of pancreas,ROI3,other_immune,180,-14.27
HPAP-037,Head of pancreas,ROI3,other_immune,190,-16.41
HPAP-037,Head of pancreas,ROI3,other_immune,200,-18.33
HPAP-037,Head of pancreas,ROI3,endothelial,10,25.79
HPAP-037,Head of pancreas,ROI3,endothelial,20,91.26
HPAP-037,Head of pancreas,ROI3,endothelial,30,105.48
HPAP-037,Head of pancreas,ROI3,endothelial,40,110.41
HPAP-037,Head of pancreas,ROI3,endothelial,50,111.37
HPAP-037,Head of pancreas,ROI3,endothelial,60,116.53
HPAP-037,Head of pancreas,ROI3,endothelial,70,115.95
HPAP-037,Head of pancreas,ROI3,endothelial,80,111.6
HPAP-037,Head of pancreas,ROI3,endothelial,90,108.17
HPAP-037,Head of pancreas,ROI3,endothelial,100,100.31
HPAP-037,Head of pancreas,ROI3,endothelial,110,96.61
HPAP-037,Head of pancreas,ROI3,endothelial,120,94.71
HPAP-037,Head of pancreas,ROI3,endothelial,130,87.68
HPAP-037,Head of pancreas,ROI3,endothelial,140,78.65
HPAP-037,Head of pancreas,ROI3,endothelial,150,71.56
HPAP-037,Head of pancreas,ROI3,endothelial,160,63.48
HPAP-037,Head of pancreas,ROI3,endothelial,170,57.27
HPAP-037,Head of pancreas,ROI3,endothelial,180,51.92
HPAP-037,Head of pancreas,ROI3,endothelial,190,46.47
HPAP-037,Head of pancreas,ROI3,endothelial,200,40.06
HPAP-037,Tail of pancreas,ROI1,cd8_t,10,-10.0
HPAP-037,Tail of pancreas,ROI1,cd8_t,20,18.77
HPAP-037,Tail of pancreas,ROI1,cd8_t,30,37.16
HPAP-037,Tail of pancreas,ROI1,cd8_t,40,69.67
HPAP-037,Tail of pancreas,ROI1,cd8_t,50,72.61
HPAP-037,Tail of pancreas,ROI1,cd8_t,60,68.6
HPAP-037,Tail of pancreas,ROI1,cd8_t,70,64.31
HPAP-037,Tail of pancreas,ROI1,cd8_t,80,70.17
HPAP-037,Tail of pancreas,ROI1,cd8_t,90,65.09
HPAP-037,Tail of pancreas,ROI1,cd8_t,100,69.01
HPAP-037,Tail of pancreas,ROI1,cd8_t,110,71.86
HPAP-037,Tail of pancreas,ROI1,cd8_t,120,65.95
HPAP-037,Tail of pancreas,ROI1,cd8_t,130,59.95
HPAP-037,Tail of pancreas,ROI1,cd8_t,140,57.7
HPAP-037,Tail of pancreas,ROI1,cd8_t,150,62.37
HPAP-037,Tail of pancreas,ROI1,cd8_t,160,66.08
HPAP-037,Tail of pancreas,ROI1,cd8_t,170,65.85
HPAP-037,Tail of pancreas,ROI1,cd8_t,180,59.01
HPAP-037,Tail of pancreas,ROI1,cd8_t,190,58.27
HPAP-037,Tail of pancreas,ROI1,cd8_t,200,51.28
HPAP-037,Tail of pancreas,ROI1,macrophage,10,-10.0
HPAP-037,Tail of pancreas,ROI1,macrophage,20,17.4
HPAP-037,Tail of pancreas,ROI1,macrophage,30,15.8
HPAP-037,Tail of pancreas,ROI1,macrophage,40,22.01
HPAP-037,Tail of pancreas,ROI1,macrophage,50,22.42
HPAP-037,Tail of pancreas,ROI1,macrophage,60,14.79
HPAP-037,Tail of pancreas,ROI1,macrophage,70,13.62
HPAP-037,Tail of pancreas,ROI1,macrophage,80,13.49
HPAP-037,Tail of pancreas,ROI1,macrophage,90,10.69
HPAP-037,Tail of pancreas,ROI1,macrophage,100,4.11
HPAP-037,Tail of pancreas,ROI1,macrophage,110,-0.97
HPAP-037,Tail of pancreas,ROI1,macrophage,120,2.61
HPAP-037,Tail of pancreas,ROI1,macrophage,130,4.83
HPAP-037,Tail of pancreas,ROI1,macrophage,140,9.58
HPAP-037,Tail of pancreas,ROI1,macrophage,150,11.93
HPAP-037,Tail of pancreas,ROI1,macrophage,160,12.39
HPAP-037,Tail of pancreas,ROI1,macrophage,170,9.35
HPAP-037,Tail of pancreas,ROI1,macrophage,180,9.76
HPAP-037,Tail of pancreas,ROI1,macrophage,190,1.6
HPAP-037,Tail of pancreas,ROI1,macrophage,200,-2.12
HPAP-037,Tail of pancreas,ROI1,mdsc,10,0.04
HPAP-037,Tail of pancreas,ROI1,mdsc,20,10.98
HPAP-037,Tail of pancreas,ROI1,mdsc,30,16.94
HPAP-037,Tail of pancreas,ROI1,mdsc,40,20.34
HPAP-037,Tail of pancreas,ROI1,mdsc,50,22.76
HPAP-037,Tail of pancreas,ROI1,mdsc,60,23.26
HPAP-037,Tail of pancreas,ROI1,mdsc,70,23.35
HPAP-037,Tail of pancreas,ROI1,mdsc,80,23.2
HPAP-037,Tail of pancreas,ROI1,mdsc,90,22.06
HPAP-037,Tail of pancreas,ROI1,mdsc,100,20.87
HPAP-037,Tail of pancreas,ROI1,mdsc,110,19.01
HPAP-037,Tail of pancreas,ROI1,mdsc,120,16.64
HPAP-037,Tail of pancreas,ROI1,mdsc,130,14.06
HPAP-037,Tail of pancreas,ROI1,mdsc,140,10.95
HPAP-037,Tail of pancreas,ROI1,mdsc,150,7.55
HPAP-037,Tail of pancreas,ROI1,mdsc,160,4.7
HPAP-037,Tail of pancreas,ROI1,mdsc,170,1.67
HPAP-037,Tail of pancreas,ROI1,mdsc,180,-1.03
HPAP-037,Tail of pancreas,ROI1,mdsc,190,-3.58
HPAP-037,Tail of pancreas,ROI1,mdsc,200,-5.94
HPAP-037,Tail of pancreas,ROI1,other_immune,10,3.83
HPAP-037,Tail of pancreas,ROI1,other_immune,20,11.94
HPAP-037,Tail of pancreas,ROI1,other_immune,30,17.92
HPAP-037,Tail of pancreas,ROI1,other_immune,40,13.57
HPAP-037,Tail of pancreas,ROI1,other_immune,50,12.37
HPAP-037,Tail of pancreas,ROI1,other_immune,60,11.43
HPAP-037,Tail of pancreas,ROI1,other_immune,70,9.06
HPAP-037,Tail of pancreas,ROI1,other_immune,80,8.57
HPAP-037,Tail of pancreas,ROI1,other_immune,90,9.43
HPAP-037,Tail of pancreas,ROI1,other_immune,100,8.92
HPAP-037,Tail of pancreas,ROI1,other_immune,110,6.55
HPAP-037,Tail of pancreas,ROI1,other_immune,120,7.28
HPAP-037,Tail of pancreas,ROI1,other_immune,130,9.7
HPAP-037,Tail of pancreas,ROI1,other_immune,140,11.74
HPAP-037,Tail of pancreas,ROI1,other_immune,150,11.9
HPAP-037,Tail of pancreas,ROI1,other_immune,160,11.66
HPAP-037,Tail of pancreas,ROI1,other_immune,170,9.82
HPAP-037,Tail of pancreas,ROI1,other_immune,180,9.66
HPAP-037,Tail of pancreas,ROI1,other_immune,190,6.92
HPAP-037,Tail of pancreas,ROI1,other_immune,200,4.54
HPAP-037,Tail of pancreas,ROI1,fibroblast,10,1.81
HPAP-037,Tail of pancreas,ROI1,fibroblast,20,11.94
HPAP-037,Tail of pancreas,ROI1,fibroblast,30,16.22
HPAP-037,Tail of pancreas,ROI1,fibroblast,40,19.53
HPAP-037,Tail of pancreas,ROI1,fibroblast,50,20.28
HPAP-037,Tail of pancreas,ROI1,fibroblast,60,20.2
HPAP-037,Tail of pancreas,ROI1,fibroblast,70,23.32
HPAP-037,Tail of pancreas,ROI1,fibroblast,80,25.16
HPAP-037,Tail of pancreas,ROI1,fibroblast,90,27.51
HPAP-037,Tail of pancreas,ROI1,fibroblast,100,28.67
HPAP-037,Tail of pancreas,ROI1,fibroblast,110,31.17
HPAP-037,Tail of pancreas,ROI1,fibroblast,120,32.22
HPAP-037,Tail of pancreas,ROI1,fibroblast,130,33.54
HPAP-037,Tail of pancreas,ROI1,fibroblast,140,34.93
HPAP-037,Tail of pancreas,ROI1,fibroblast,150,36.29
HPAP-037,Tail of pancreas,ROI1,fibroblast,160,37.56
HPAP-037,Tail of pancreas,ROI1,fibroblast,170,38.56
HPAP-037,Tail of pancreas,ROI1,fibroblast,180,38.95
HPAP-037,Tail of pancreas,ROI1,fibroblast,190,38.18
HPAP-037,Tail of pancreas,ROI1,fibroblast,200,37.45
HPAP-037,Tail of pancreas,ROI2,cd8_t,10,-10.0
HPAP-037,Tail of pancreas,ROI2,cd8_t,20,14.0
HPAP-037,Tail of pancreas,ROI2,cd8_t,30,18.08
HPAP-037,Tail of pancreas,ROI2,cd8_t,40,18.89
HPAP-037,Tail of pancreas,ROI2,cd8_t,50,26.03
HPAP-037,Tail of pancreas,ROI2,cd8_t,60,23.28
HPAP-037,Tail of pancreas,ROI2,cd8_t,70,13.28
HPAP-037,Tail of pancreas,ROI2,cd8_t,80,16.17
HPAP-037,Tail of pancreas,ROI2,cd8_t,90,37.21
HPAP-037,Tail of pancreas,ROI2,cd8_t,100,36.0
HPAP-037,Tail of pancreas,ROI2,cd8_t,110,34.25
HPAP-037,Tail of pancreas,ROI2,cd8_t,120,43.06
HPAP-037,Tail of pancreas,ROI2,cd8_t,130,46.67
HPAP-037,Tail of pancreas,ROI2,cd8_t,140,46.22
HPAP-037,Tail of pancreas,ROI2,cd8_t,150,45.31
HPAP-037,Tail of pancreas,ROI2,cd8_t,160,46.81
HPAP-037,Tail of pancreas,ROI2,cd8_t,170,45.03
HPAP-037,Tail of pancreas,ROI2,cd8_t,180,40.34
HPAP-037,Tail of pancreas,ROI2,cd8_t,190,30.34
HPAP-037,Tail of pancreas,ROI2,cd8_t,200,35.56
HPAP-037,Tail of pancreas,ROI2,macrophage,10,-10.0
HPAP-037,Tail of pancreas,ROI2,macrophage,20,26.75
HPAP-037,Tail of pancreas,ROI2,macrophage,30,38.15
HPAP-037,Tail of pancreas,ROI2,macrophage,40,45.89
HPAP-037,Tail of pancreas,ROI2,macrophage,50,47.79
HPAP-037,Tail of pancreas,ROI2,macrophage,60,55.71
HPAP-037,Tail of pancreas,ROI2,macrophage,70,67.31
HPAP-037,Tail of pancreas,ROI2,macrophage,80,72.4
HPAP-037,Tail of pancreas,ROI2,macrophage,90,75.3
HPAP-037,Tail of pancreas,ROI2,macrophage,100,74.93
HPAP-037,Tail of pancreas,ROI2,macrophage,110,77.01
HPAP-037,Tail of pancreas,ROI2,macrophage,120,82.45
HPAP-037,Tail of pancreas,ROI2,macrophage,130,86.78
HPAP-037,Tail of pancreas,ROI2,macrophage,140,91.41
HPAP-037,Tail of pancreas,ROI2,macrophage,150,97.94
HPAP-037,Tail of pancreas,ROI2,macrophage,160,98.2
HPAP-037,Tail of pancreas,ROI2,macrophage,170,98.07
HPAP-037,Tail of pancreas,ROI2,macrophage,180,97.09
HPAP-037,Tail of pancreas,ROI2,macrophage,190,95.82
HPAP-037,Tail of pancreas,ROI2,macrophage,200,94.3
HPAP-037,Tail of pancreas,ROI2,mdsc,10,2.36
HPAP-037,Tail of pancreas,ROI2,mdsc,20,15.52
HPAP-037,Tail of pancreas,ROI2,mdsc,30,22.52
HPAP-037,Tail of pancreas,ROI2,mdsc,40,28.2
HPAP-037,Tail of pancreas,ROI2,mdsc,50,33.37
HPAP-037,Tail of pancreas,ROI2,mdsc,60,37.67
HPAP-037,Tail of pancreas,ROI2,mdsc,70,40.92
HPAP-037,Tail of pancreas,ROI2,mdsc,80,44.39
HPAP-037,Tail of pancreas,ROI2,mdsc,90,47.84
HPAP-037,Tail of pancreas,ROI2,mdsc,100,50.4
HPAP-037,Tail of pancreas,ROI2,mdsc,110,52.62
HPAP-037,Tail of pancreas,ROI2,mdsc,120,55.02
HPAP-037,Tail of pancreas,ROI2,mdsc,130,56.88
HPAP-037,Tail of pancreas,ROI2,mdsc,140,58.26
HPAP-037,Tail of pancreas,ROI2,mdsc,150,58.73
HPAP-037,Tail of pancreas,ROI2,mdsc,160,59.71
HPAP-037,Tail of pancreas,ROI2,mdsc,170,59.95
HPAP-037,Tail of pancreas,ROI2,mdsc,180,59.8
HPAP-037,Tail of pancreas,ROI2,mdsc,190,59.61
HPAP-037,Tail of pancreas,ROI2,mdsc,200,59.58
HPAP-037,Tail of pancreas,ROI2,other_immune,10,7.05
HPAP-037,Tail of pancreas,ROI2,other_immune,20,20.12
HPAP-037,Tail of pancreas,ROI2,other_immune,30,27.72
HPAP-037,Tail of pancreas,ROI2,other_immune,40,34.92
HPAP-037,Tail of pancreas,ROI2,other_immune,50,40.47
HPAP-037,Tail of pancreas,ROI2,other_immune,60,46.9
HPAP-037,Tail of pancreas,ROI2,other_immune,70,52.13
HPAP-037,Tail of pancreas,ROI2,other_immune,80,54.17
HPAP-037,Tail of pancreas,ROI2,other_immune,90,56.74
HPAP-037,Tail of pancreas,ROI2,other_immune,100,58.82
HPAP-037,Tail of pancreas,ROI2,other_immune,110,60.96
HPAP-037,Tail of pancreas,ROI2,other_immune,120,62.96
HPAP-037,Tail of pancreas,ROI2,other_immune,130,63.01
HPAP-037,Tail of pancreas,ROI2,other_immune,140,63.39
HPAP-037,Tail of pancreas,ROI2,other_immune,150,63.63
HPAP-037,Tail of pancreas,ROI2,other_immune,160,62.75
HPAP-037,Tail of pancreas,ROI2,other_immune,170,62.43
HPAP-037,Tail of pancreas,ROI2,other_immune,180,60.98
HPAP-037,Tail of pancreas,ROI2,other_immune,190,58.92
HPAP-037,Tail of pancreas,ROI2,other_immune,200,57.4
HPAP-037,Tail of pancreas,ROI2,endothelial,10,5.63
HPAP-037,Tail of pancreas,ROI2,endothelial,20,25.37
HPAP-037,Tail of pancreas,ROI2,endothelial,30,36.57
HPAP-037,Tail of pancreas,ROI2,endothelial,40,41.85
HPAP-037,Tail of pancreas,ROI2,endothelial,50,50.25
HPAP-037,Tail of pancreas,ROI2,endothelial,60,57.55
HPAP-037,Tail of pancreas,ROI2,endothelial,70,63.27
HPAP-037,Tail of pancreas,ROI2,endothelial,80,66.13
HPAP-037,Tail of pancreas,ROI2,endothelial,90,70.58
HPAP-037,Tail of pancreas,ROI2,endothelial,100,75.03
HPAP-037,Tail of pancreas,ROI2,endothelial,110,79.12
HPAP-037,Tail of pancreas,ROI2,endothelial,120,82.23
HPAP-037,Tail of pancreas,ROI2,endothelial,130,85.1
HPAP-037,Tail of pancreas,ROI2,endothelial,140,88.86
HPAP-037,Tail of pancreas,ROI2,endothelial,150,89.95
HPAP-037,Tail of pancreas,ROI2,endothelial,160,91.1
HPAP-037,Tail of pancreas,ROI2,endothelial,170,92.12
HPAP-037,Tail of pancreas,ROI2,endothelial,180,95.04
HPAP-037,Tail of pancreas,ROI2,endothelial,190,94.77
HPAP-037,Tail of pancreas,ROI2,endothelial,200,93.1
HPAP-037,Tail of pancreas,ROI3,cd8_t,10,29.82
HPAP-037,Tail of pancreas,ROI3,cd8_t,20,19.82
HPAP-037,Tail of pancreas,ROI3,cd8_t,30,9.82
HPAP-037,Tail of pancreas,ROI3,cd8_t,40,16.31
HPAP-037,Tail of pancreas,ROI3,cd8_t,50,47.54
HPAP-037,Tail of pancreas,ROI3,cd8_t,60,37.54
HPAP-037,Tail of pancreas,ROI3,cd8_t,70,27.54
HPAP-037,Tail of pancreas,ROI3,cd8_t,80,32.63
HPAP-037,Tail of pancreas,ROI3,cd8_t,90,47.94
HPAP-037,Tail of pancreas,ROI3,cd8_t,100,43.57
HPAP-037,Tail of pancreas,ROI3,cd8_t,110,38.99
HPAP-037,Tail of pancreas,ROI3,cd8_t,120,44.18
HPAP-037,Tail of pancreas,ROI3,cd8_t,130,43.57
HPAP-037,Tail of pancreas,ROI3,cd8_t,140,38.08
HPAP-037,Tail of pancreas,ROI3,cd8_t,150,40.97
HPAP-037,Tail of pancreas,ROI3,cd8_t,160,35.07
HPAP-037,Tail of pancreas,ROI3,cd8_t,170,44.43
HPAP-037,Tail of pancreas,ROI3,cd8_t,180,55.57
HPAP-037,Tail of pancreas,ROI3,cd8_t,190,55.46
HPAP-037,Tail of pancreas,ROI3,cd8_t,200,58.06
HPAP-037,Tail of pancreas,ROI3,macrophage,10,15.57
HPAP-037,Tail of pancreas,ROI3,macrophage,20,5.57
HPAP-037,Tail of pancreas,ROI3,macrophage,30,21.13
HPAP-037,Tail of pancreas,ROI3,macrophage,40,27.64
HPAP-037,Tail of pancreas,ROI3,macrophage,50,34.79
HPAP-037,Tail of pancreas,ROI3,macrophage,60,57.16
HPAP-037,Tail of pancreas,ROI3,macrophage,70,57.83
HPAP-037,Tail of pancreas,ROI3,macrophage,80,66.87
HPAP-037,Tail of pancreas,ROI3,macrophage,90,67.6
HPAP-037,Tail of pancreas,ROI3,macrophage,100,63.7
HPAP-037,Tail of pancreas,ROI3,macrophage,110,68.96
HPAP-037,Tail of pancreas,ROI3,macrophage,120,74.71
HPAP-037,Tail of pancreas,ROI3,macrophage,130,82.37
HPAP-037,Tail of pancreas,ROI3,macrophage,140,81.41
HPAP-037,Tail of pancreas,ROI3,macrophage,150,82.92
HPAP-037,Tail of pancreas,ROI3,macrophage,160,90.5
HPAP-037,Tail of pancreas,ROI3,macrophage,170,95.69
HPAP-037,Tail of pancreas,ROI3,macrophage,180,100.06
HPAP-037,Tail of pancreas,ROI3,macrophage,190,94.69
HPAP-037,Tail of pancreas,ROI3,macrophage,200,95.95
HPAP-037,Tail of pancreas,ROI3,mdsc,10,2.86
HPAP-037,Tail of pancreas,ROI3,mdsc,20,15.15
HPAP-037,Tail of pancreas,ROI3,mdsc,30,19.88
HPAP-037,Tail of pancreas,ROI3,mdsc,40,22.17
HPAP-037,Tail of pancreas,ROI3,mdsc,50,24.69
HPAP-037,Tail of pancreas,ROI3,mdsc,60,25.85
HPAP-037,Tail of pancreas,ROI3,mdsc,70,28.06
HPAP-037,Tail of pancreas,ROI3,mdsc,80,30.18
HPAP-037,Tail of pancreas,ROI3,mdsc,90,31.82
HPAP-037,Tail of pancreas,ROI3,mdsc,100,35.05
HPAP-037,Tail of pancreas,ROI3,mdsc,110,37.12
HPAP-037,Tail of pancreas,ROI3,mdsc,120,38.58
HPAP-037,Tail of pancreas,ROI3,mdsc,130,40.02
HPAP-037,Tail of pancreas,ROI3,mdsc,140,41.11
HPAP-037,Tail of pancreas,ROI3,mdsc,150,42.1
HPAP-037,Tail of pancreas,ROI3,mdsc,160,43.86
HPAP-037,Tail of pancreas,ROI3,mdsc,170,45.59
HPAP-037,Tail of pancreas,ROI3,mdsc,180,46.73
HPAP-037,Tail of pancreas,ROI3,mdsc,190,47.77
HPAP-037,Tail of pancreas,ROI3,mdsc,200,48.61
HPAP-037,Tail of pancreas,ROI3,other_immune,10,0.02
HPAP-037,Tail of pancreas,ROI3,other_immune,20,15.15
HPAP-037,Tail of pancreas,ROI3,other_immune,30,21.34
HPAP-037,Tail of pancreas,ROI3,other_immune,40,27.33
HPAP-037,Tail of pancreas,ROI3,other_immune,50,30.48
HPAP-037,Tail of pancreas,ROI3,other_immune,60,34.12
HPAP-037,Tail of pancreas,ROI3,other_immune,70,36.52
HPAP-037,Tail of pancreas,ROI3,other_immune,80,39.2
HPAP-037,Tail of pancreas,ROI3,other_immune,90,40.92
HPAP-037,Tail of pancreas,ROI3,other_immune,100,42.36
HPAP-037,Tail of pancreas,ROI3,other_immune,110,44.2
HPAP-037,Tail of pancreas,ROI3,other_immune,120,45.51
HPAP-037,Tail of pancreas,ROI3,other_immune,130,46.75
HPAP-037,Tail of pancreas,ROI3,other_immune,140,48.17
HPAP-037,Tail of pancreas,ROI3,other_immune,150,49.94
HPAP-037,Tail of pancreas,ROI3,other_immune,160,51.06
HPAP-037,Tail of pancreas,ROI3,other_immune,170,51.51
HPAP-037,Tail of pancreas,ROI3,other_immune,180,53.13
HPAP-037,Tail of pancreas,ROI3,other_immune,190,54.09
HPAP-037,Tail of pancreas,ROI3,other_immune,200,55.41
HPAP-039,Body of pancreas,ROI3,cd4_t,10,6.93
HPAP-039,Body of pancreas,ROI3,cd4_t,20,13.87
HPAP-039,Body of pancreas,ROI3,cd4_t,30,10.78
HPAP-039,Body of pancreas,ROI3,cd4_t,40,6.68
HPAP-039,Body of pancreas,ROI3,cd4_t,50,7.17
HPAP-039,Body of pancreas,ROI3,cd4_t,60,6.02
HPAP-039,Body of pancreas,ROI3,cd4_t,70,3.42
HPAP-039,Body of pancreas,ROI3,cd4_t,80,3.98
HPAP-039,Body of pancreas,ROI3,cd4_t,90,1.19
HPAP-039,Body of pancreas,ROI3,cd4_t,100,-0.69
HPAP-039,Body of pancreas,ROI3,cd4_t,110,-0.0
HPAP-039,Body of pancreas,ROI3,cd4_t,120,-1.95
HPAP-039,Body of pancreas,ROI3,cd4_t,130,-5.34
HPAP-039,Body of pancreas,ROI3,cd4_t,140,-5.6
HPAP-039,Body of pancreas,ROI3,cd4_t,150,-5.52
HPAP-039,Body of pancreas,ROI3,cd4_t,160,-4.44
HPAP-039,Body of pancreas,ROI3,cd4_t,170,-8.47
HPAP-039,Body of pancreas,ROI3,cd4_t,180,-10.0
HPAP-039,Body of pancreas,ROI3,cd4_t,190,-14.19
HPAP-039,Body of pancreas,ROI3,cd4_t,200,-15.28
HPAP-039,Body of pancreas,ROI3,cd8_t,10,5.82
HPAP-039,Body of pancreas,ROI3,cd8_t,20,12.3
HPAP-039,Body of pancreas,ROI3,cd8_t,30,17.47
HPAP-039,Body of pancreas,ROI3,cd8_t,40,19.91
HPAP-039,Body of pancreas,ROI3,cd8_t,50,18.67
HPAP-039,Body of pancreas,ROI3,cd8_t,60,19.12
HPAP-039,Body of pancreas,ROI3,cd8_t,70,20.9
HPAP-039,Body of pancreas,ROI3,cd8_t,80,17.76
HPAP-039,Body of pancreas,ROI3,cd8_t,90,17.71
HPAP-039,Body of pancreas,ROI3,cd8_t,100,15.74
HPAP-039,Body of pancreas,ROI3,cd8_t,110,15.1
HPAP-039,Body of pancreas,ROI3,cd8_t,120,13.33
HPAP-039,Body of pancreas,ROI3,cd8_t,130,11.38
HPAP-039,Body of pancreas,ROI3,cd8_t,140,11.5
HPAP-039,Body of pancreas,ROI3,cd8_t,150,11.11
HPAP-039,Body of pancreas,ROI3,cd8_t,160,8.82
HPAP-039,Body of pancreas,ROI3,cd8_t,170,8.32
HPAP-039,Body of pancreas,ROI3,cd8_t,180,4.76
HPAP-039,Body of pancreas,ROI3,cd8_t,190,2.07
HPAP-039,Body of pancreas,ROI3,cd8_t,200,1.5
HPAP-039,Body of pancreas,ROI3,macrophage,10,7.92
HPAP-039,Body of pancreas,ROI3,macrophage,20,15.83
HPAP-039,Body of pancreas,ROI3,macrophage,30,16.26
HPAP-039,Body of pancreas,ROI3,macrophage,40,13.75
HPAP-039,Body of pancreas,ROI3,macrophage,50,12.92
HPAP-039,Body of pancreas,ROI3,macrophage,60,12.41
HPAP-039,Body of pancreas,ROI3,macrophage,70,11.45
HPAP-039,Body of pancreas,ROI3,macrophage,80,10.18
HPAP-039,Body of pancreas,ROI3,macrophage,90,9.22
HPAP-039,Body of pancreas,ROI3,macrophage,100,6.5
HPAP-039,Body of pancreas,ROI3,macrophage,110,7.49
HPAP-039,Body of pancreas,ROI3,macrophage,120,5.84
HPAP-039,Body of pancreas,ROI3,macrophage,130,4.48
HPAP-039,Body of pancreas,ROI3,macrophage,140,1.84
HPAP-039,Body of pancreas,ROI3,macrophage,150,-0.81
HPAP-039,Body of pancreas,ROI3,macrophage,160,-3.12
HPAP-039,Body of pancreas,ROI3,macrophage,170,-3.84
HPAP-039,Body of pancreas,ROI3,macrophage,180,-2.93
HPAP-039,Body of pancreas,ROI3,macrophage,190,-6.99
HPAP-039,Body of pancreas,ROI3,macrophage,200,-8.7
HPAP-039,Body of pancreas,ROI3,other_immune,10,-0.44
HPAP-039,Body of pancreas,ROI3,other_immune,20,5.7
HPAP-039,Body of pancreas,ROI3,other_immune,30,6.73
HPAP-039,Body of pancreas,ROI3,other_immune,40,6.45
HPAP-039,Body of pancreas,ROI3,other_immune,50,5.73
HPAP-039,Body of pancreas,ROI3,other_immune,60,5.74
HPAP-039,Body of pancreas,ROI3,other_immune,70,5.54
HPAP-039,Body of pancreas,ROI3,other_immune,80,3.92
HPAP-039,Body of pancreas,ROI3,other_immune,90,3.43
HPAP-039,Body of pancreas,ROI3,other_immune,100,1.47
HPAP-039,Body of pancreas,ROI3,other_immune,110,0.55
HPAP-039,Body of pancreas,ROI3,other_immune,120,-0.82
HPAP-039,Body of pancreas,ROI3,other_immune,130,-1.9
HPAP-039,Body of pancreas,ROI3,other_immune,140,-2.76
HPAP-039,Body of pancreas,ROI3,other_immune,150,-4.48
HPAP-039,Body of pancreas,ROI3,other_immune,160,-5.33
HPAP-039,Body of pancreas,ROI3,other_immune,170,-6.58
HPAP-039,Body of pancreas,ROI3,other_immune,180,-8.21
HPAP-039,Body of pancreas,ROI3,other_immune,190,-9.52
HPAP-039,Body of pancreas,ROI3,other_immune,200,-11.42
HPAP-039,Body of pancreas,ROI3,endothelial,10,0.71
HPAP-039,Body of pancreas,ROI3,endothelial,20,6.39
HPAP-039,Body of pancreas,ROI3,endothelial,30,7.86
HPAP-039,Body of pancreas,ROI3,endothelial,40,8.86
HPAP-039,Body of pancreas,ROI3,endothelial,50,10.65
HPAP-039,Body of pancreas,ROI3,endothelial,60,10.67
HPAP-039,Body of pancreas,ROI3,endothelial,70,10.8
HPAP-039,Body of pancreas,ROI3,endothelial,80,10.5
HPAP-039,Body of pancreas,ROI3,endothelial,90,10.24
HPAP-039,Body of pancreas,ROI3,endothelial,100,9.8
HPAP-039,Body of pancreas,ROI3,endothelial,110,9.27
HPAP-039,Body of pancreas,ROI3,endothelial,120,8.53
HPAP-039,Body of pancreas,ROI3,endothelial,130,7.89
HPAP-039,Body of pancreas,ROI3,endothelial,140,6.8
HPAP-039,Body of pancreas,ROI3,endothelial,150,5.49
HPAP-039,Body of pancreas,ROI3,endothelial,160,4.42
HPAP-039,Body of pancreas,ROI3,endothelial,170,3.11
HPAP-039,Body of pancreas,ROI3,endothelial,180,1.75
HPAP-039,Body of pancreas,ROI3,endothelial,190,0.17
HPAP-039,Body of pancreas,ROI3,endothelial,200,-1.49
HPAP-039,Body of pancreas,ROI4,cd4_t,10,0.16
HPAP-039,Body of pancreas,ROI4,cd4_t,20,11.05
HPAP-039,Body of pancreas,ROI4,cd4_t,30,8.03
HPAP-039,Body of pancreas,ROI4,cd4_t,40,6.95
HPAP-039,Body of pancreas,ROI4,cd4_t,50,1.49
HPAP-039,Body of pancreas,ROI4,cd4_t,60,0.98
HPAP-039,Body of pancreas,ROI4,cd4_t,70,3.53
HPAP-039,Body of pancreas,ROI4,cd4_t,80,1.95
HPAP-039,Body of pancreas,ROI4,cd4_t,90,-0.04
HPAP-039,Body of pancreas,ROI4,cd4_t,100,0.96
HPAP-039,Body of pancreas,ROI4,cd4_t,110,-0.69
HPAP-039,Body of pancreas,ROI4,cd4_t,120,-0.74
HPAP-039,Body of pancreas,ROI4,cd4_t,130,-3.05
HPAP-039,Body of pancreas,ROI4,cd4_t,140,-1.38
HPAP-039,Body of pancreas,ROI4,cd4_t,150,0.19
HPAP-039,Body of pancreas,ROI4,cd4_t,160,-0.15
HPAP-039,Body of pancreas,ROI4,cd4_t,170,0.48
HPAP-039,Body of pancreas,ROI4,cd4_t,180,-0.56
HPAP-039,Body of pancreas,ROI4,cd4_t,190,-1.94
HPAP-039,Body of pancreas,ROI4,cd4_t,200,-2.47
HPAP-039,Body of pancreas,ROI4,cd8_t,10,-4.38
HPAP-039,Body of pancreas,ROI4,cd8_t,20,8.65
HPAP-039,Body of pancreas,ROI4,cd8_t,30,17.02
HPAP-039,Body of pancreas,ROI4,cd8_t,40,20.52
HPAP-039,Body of pancreas,ROI4,cd8_t,50,23.27
HPAP-039,Body of pancreas,ROI4,cd8_t,60,25.04
HPAP-039,Body of pancreas,ROI4,cd8_t,70,27.82
HPAP-039,Body of pancreas,ROI4,cd8_t,80,30.26
HPAP-039,Body of pancreas,ROI4,cd8_t,90,30.52
HPAP-039,Body of pancreas,ROI4,cd8_t,100,29.37
HPAP-039,Body of pancreas,ROI4,cd8_t,110,27.76
HPAP-039,Body of pancreas,ROI4,cd8_t,120,25.67
HPAP-039,Body of pancreas,ROI4,cd8_t,130,26.03
HPAP-039,Body of pancreas,ROI4,cd8_t,140,24.03
HPAP-039,Body of pancreas,ROI4,cd8_t,150,21.92
HPAP-039,Body of pancreas,ROI4,cd8_t,160,19.47
HPAP-039,Body of pancreas,ROI4,cd8_t,170,16.71
HPAP-039,Body of pancreas,ROI4,cd8_t,180,15.31
HPAP-039,Body of pancreas,ROI4,cd8_t,190,12.38
HPAP-039,Body of pancreas,ROI4,cd8_t,200,10.78
HPAP-039,Body of pancreas,ROI4,macrophage,10,-1.03
HPAP-039,Body of pancreas,ROI4,macrophage,20,8.84
HPAP-039,Body of pancreas,ROI4,macrophage,30,11.12
HPAP-039,Body of pancreas,ROI4,macrophage,40,13.33
HPAP-039,Body of pancreas,ROI4,macrophage,50,12.81
HPAP-039,Body of pancreas,ROI4,macrophage,60,12.52
HPAP-039,Body of pancreas,ROI4,macrophage,70,13.37
HPAP-039,Body of pancreas,ROI4,macrophage,80,12.08
HPAP-039,Body of pancreas,ROI4,macrophage,90,10.98
HPAP-039,Body of pancreas,ROI4,macrophage,100,10.86
HPAP-039,Body of pancreas,ROI4,macrophage,110,10.37
HPAP-039,Body of pancreas,ROI4,macrophage,120,8.57
HPAP-039,Body of pancreas,ROI4,macrophage,130,7.54
HPAP-039,Body of pancreas,ROI4,macrophage,140,5.87
HPAP-039,Body of pancreas,ROI4,macrophage,150,4.88
HPAP-039,Body of pancreas,ROI4,macrophage,160,3.15
HPAP-039,Body of pancreas,ROI4,macrophage,170,1.96
HPAP-039,Body of pancreas,ROI4,macrophage,180,0.41
HPAP-039,Body of pancreas,ROI4,macrophage,190,-1.8
HPAP-039,Body of pancreas,ROI4,macrophage,200,-3.84
HPAP-039,Body of pancreas,ROI4,other_immune,10,-5.46
HPAP-039,Body of pancreas,ROI4,other_immune,20,5.3
HPAP-039,Body of pancreas,ROI4,other_immune,30,8.28
HPAP-039,Body of pancreas,ROI4,other_immune,40,10.18
HPAP-039,Body of pancreas,ROI4,other_immune,50,11.55
HPAP-039,Body of pancreas,ROI4,other_immune,60,11.62
HPAP-039,Body of pancreas,ROI4,other_immune,70,12.47
HPAP-039,Body of pancreas,ROI4,other_immune,80,11.55
HPAP-039,Body of pancreas,ROI4,other_immune,90,11.54
HPAP-039,Body of pancreas,ROI4,other_immune,100,10.22
HPAP-039,Body of pancreas,ROI4,other_immune,110,9.91
HPAP-039,Body of pancreas,ROI4,other_immune,120,7.94
HPAP-039,Body of pancreas,ROI4,other_immune,130,5.24
HPAP-039,Body of pancreas,ROI4,other_immune,140,3.93
HPAP-039,Body of pancreas,ROI4,other_immune,150,2.43
HPAP-039,Body of pancreas,ROI4,other_immune,160,1.5
HPAP-039,Body of pancreas,ROI4,other_immune,170,-0.06
HPAP-039,Body of pancreas,ROI4,other_immune,180,-1.96
HPAP-039,Body of pancreas,ROI4,other_immune,190,-2.86
HPAP-039,Body of pancreas,ROI4,other_immune,200,-4.63
HPAP-039,Body of pancreas,ROI4,endothelial,10,1.04
HPAP-039,Body of pancreas,ROI4,endothelial,20,8.65
HPAP-039,Body of pancreas,ROI4,endothelial,30,9.8
HPAP-039,Body of pancreas,ROI4,endothelial,40,12.08
HPAP-039,Body of pancreas,ROI4,endothelial,50,12.94
HPAP-039,Body of pancreas,ROI4,endothelial,60,14.29
HPAP-039,Body of pancreas,ROI4,endothelial,70,15.03
HPAP-039,Body of pancreas,ROI4,endothelial,80,16.93
HPAP-039,Body of pancreas,ROI4,endothelial,90,17.53
HPAP-039,Body of pancreas,ROI4,endothelial,100,17.51
HPAP-039,Body of pancreas,ROI4,endothelial,110,17.33
HPAP-039,Body of pancreas,ROI4,endothelial,120,17.14
HPAP-039,Body of pancreas,ROI4,endothelial,130,16.7
HPAP-039,Body of pancreas,ROI4,endothelial,140,15.77
HPAP-039,Body of pancreas,ROI4,endothelial,150,15.19
HPAP-039,Body of pancreas,ROI4,endothelial,160,14.82
HPAP-039,Body of pancreas,ROI4,endothelial,170,14.66
HPAP-039,Body of pancreas,ROI4,endothelial,180,13.37
HPAP-039,Body of pancreas,ROI4,endothelial,190,12.42
HPAP-039,Body of pancreas,ROI4,endothelial,200,11.28
HPAP-039,Body of pancreas,ROI5,cd4_t,10,-1.57
HPAP-039,Body of pancreas,ROI5,cd4_t,20,5.29
HPAP-039,Body of pancreas,ROI5,cd4_t,30,5.77
HPAP-039,Body of pancreas,ROI5,cd4_t,40,5.41
HPAP-039,Body of pancreas,ROI5,cd4_t,50,4.64
HPAP-039,Body of pancreas,ROI5,cd4_t,60,3.1
HPAP-039,Body of pancreas,ROI5,cd4_t,70,0.04
HPAP-039,Body of pancreas,ROI5,cd4_t,80,-0.23
HPAP-039,Body of pancreas,ROI5,cd4_t,90,-3.4
HPAP-039,Body of pancreas,ROI5,cd4_t,100,-4.05
HPAP-039,Body of pancreas,ROI5,cd4_t,110,-6.22
HPAP-039,Body of pancreas,ROI5,cd4_t,120,-7.19
HPAP-039,Body of pancreas,ROI5,cd4_t,130,-5.51
HPAP-039,Body of pancreas,ROI5,cd4_t,140,-5.62
HPAP-039,Body of pancreas,ROI5,cd4_t,150,-5.67
HPAP-039,Body of pancreas,ROI5,cd4_t,160,-7.06
HPAP-039,Body of pancreas,ROI5,cd4_t,170,-8.03
HPAP-039,Body of pancreas,ROI5,cd4_t,180,-10.42
HPAP-039,Body of pancreas,ROI5,cd4_t,190,-10.05
HPAP-039,Body of pancreas,ROI5,cd4_t,200,-12.79
HPAP-039,Body of pancreas,ROI5,cd8_t,10,7.37
HPAP-039,Body of pancreas,ROI5,cd8_t,20,11.71
HPAP-039,Body of pancreas,ROI5,cd8_t,30,12.4
HPAP-039,Body of pancreas,ROI5,cd8_t,40,11.25
HPAP-039,Body of pancreas,ROI5,cd8_t,50,10.27
HPAP-039,Body of pancreas,ROI5,cd8_t,60,10.46
HPAP-039,Body of pancreas,ROI5,cd8_t,70,12.08
HPAP-039,Body of pancreas,ROI5,cd8_t,80,11.7
HPAP-039,Body of pancreas,ROI5,cd8_t,90,12.32
HPAP-039,Body of pancreas,ROI5,cd8_t,100,12.73
HPAP-039,Body of pancreas,ROI5,cd8_t,110,12.97
HPAP-039,Body of pancreas,ROI5,cd8_t,120,10.79
HPAP-039,Body of pancreas,ROI5,cd8_t,130,9.85
HPAP-039,Body of pancreas,ROI5,cd8_t,140,7.76
HPAP-039,Body of pancreas,ROI5,cd8_t,150,5.47
HPAP-039,Body of pancreas,ROI5,cd8_t,160,3.32
HPAP-039,Body of pancreas,ROI5,cd8_t,170,0.84
HPAP-039,Body of pancreas,ROI5,cd8_t,180,0.08
HPAP-039,Body of pancreas,ROI5,cd8_t,190,-2.87
HPAP-039,Body of pancreas,ROI5,cd8_t,200,-6.01
HPAP-039,Body of pancreas,ROI5,macrophage,10,5.97
HPAP-039,Body of pancreas,ROI5,macrophage,20,20.71
HPAP-039,Body of pancreas,ROI5,macrophage,30,26.45
HPAP-039,Body of pancreas,ROI5,macrophage,40,37.4
HPAP-039,Body of pancreas,ROI5,macrophage,50,40.32
HPAP-039,Body of pancreas,ROI5,macrophage,60,41.61
HPAP-039,Body of pancreas,ROI5,macrophage,70,44.02
HPAP-039,Body of pancreas,ROI5,macrophage,80,44.19
HPAP-039,Body of pancreas,ROI5,macrophage,90,42.63
HPAP-039,Body of pancreas,ROI5,macrophage,100,41.46
HPAP-039,Body of pancreas,ROI5,macrophage,110,41.89
HPAP-039,Body of pancreas,ROI5,macrophage,120,44.0
HPAP-039,Body of pancreas,ROI5,macrophage,130,40.48
HPAP-039,Body of pancreas,ROI5,macrophage,140,38.87
HPAP-039,Body of pancreas,ROI5,macrophage,150,35.17
HPAP-039,Body of pancreas,ROI5,macrophage,160,31.27
HPAP-039,Body of pancreas,ROI5,macrophage,170,26.85
HPAP-039,Body of pancreas,ROI5,macrophage,180,24.78
HPAP-039,Body of pancreas,ROI5,macrophage,190,23.32
HPAP-039,Body of pancreas,ROI5,macrophage,200,20.37
HPAP-039,Body of pancreas,ROI5,other_immune,10,0.94
HPAP-039,Body of pancreas,ROI5,other_immune,20,1.19
HPAP-039,Body of pancreas,ROI5,other_immune,30,4.16
HPAP-039,Body of pancreas,ROI5,other_immune,40,3.07
HPAP-039,Body of pancreas,ROI5,other_immune,50,4.98
HPAP-039,Body of pancreas,ROI5,other_immune,60,3.56
HPAP-039,Body of pancreas,ROI5,other_immune,70,4.4
HPAP-039,Body of pancreas,ROI5,other_immune,80,3.68
HPAP-039,Body of pancreas,ROI5,other_immune,90,1.04
HPAP-039,Body of pancreas,ROI5,other_immune,100,-1.84
HPAP-039,Body of pancreas,ROI5,other_immune,110,-5.2
HPAP-039,Body of pancreas,ROI5,other_immune,120,-5.91
HPAP-039,Body of pancreas,ROI5,other_immune,130,-6.58
HPAP-039,Body of pancreas,ROI5,other_immune,140,-6.12
HPAP-039,Body of pancreas,ROI5,other_immune,150,-8.19
HPAP-039,Body of pancreas,ROI5,other_immune,160,-8.6
HPAP-039,Body of pancreas,ROI5,other_immune,170,-9.49
HPAP-039,Body of pancreas,ROI5,other_immune,180,-11.13
HPAP-039,Body of pancreas,ROI5,other_immune,190,-13.42
HPAP-039,Body of pancreas,ROI5,other_immune,200,-15.63
HPAP-039,Body of pancreas,ROI5,fibroblast,10,-1.13
HPAP-039,Body of pancreas,ROI5,fibroblast,20,1.85
HPAP-039,Body of pancreas,ROI5,fibroblast,30,3.61
HPAP-039,Body of pancreas,ROI5,fibroblast,40,4.96
HPAP-039,Body of pancreas,ROI5,fibroblast,50,5.7
HPAP-039,Body of pancreas,ROI5,fibroblast,60,6.35
HPAP-039,Body of pancreas,ROI5,fibroblast,70,6.77
HPAP-039,Body of pancreas,ROI5,fibroblast,80,6.43
HPAP-039,Body of pancreas,ROI5,fibroblast,90,7.04
HPAP-039,Body of pancreas,ROI5,fibroblast,100,6.59
HPAP-039,Body of pancreas,ROI5,fibroblast,110,6.57
HPAP-039,Body of pancreas,ROI5,fibroblast,120,6.38
HPAP-039,Body of pancreas,ROI5,fibroblast,130,6.53
HPAP-039,Body of pancreas,ROI5,fibroblast,140,5.82
HPAP-039,Body of pancreas,ROI5,fibroblast,150,5.22
HPAP-039,Body of pancreas,ROI5,fibroblast,160,4.57
HPAP-039,Body of pancreas,ROI5,fibroblast,170,3.58
HPAP-039,Body of pancreas,ROI5,fibroblast,180,2.93
HPAP-039,Body of pancreas,ROI5,fibroblast,190,1.59
HPAP-039,Body of pancreas,ROI5,fibroblast,200,0.57
HPAP-039,Body of pancreas,ROI5,endothelial,10,-0.46
HPAP-039,Body of pancreas,ROI5,endothelial,20,3.02
HPAP-039,Body of pancreas,ROI5,endothelial,30,3.57
HPAP-039,Body of pancreas,ROI5,endothelial,40,4.2
HPAP-039,Body of pancreas,ROI5,endothelial,50,4.24
HPAP-039,Body of pancreas,ROI5,endothelial,60,4.29
HPAP-039,Body of pancreas,ROI5,endothelial,70,3.69
HPAP-039,Body of pancreas,ROI5,endothelial,80,3.15
HPAP-039,Body of pancreas,ROI5,endothelial,90,2.79
HPAP-039,Body of pancreas,ROI5,endothelial,100,2.01
HPAP-039,Body of pancreas,ROI5,endothelial,110,1.09
HPAP-039,Body of pancreas,ROI5,endothelial,120,-0.07
HPAP-039,Body of pancreas,ROI5,endothelial,130,-1.11
HPAP-039,Body of pancreas,ROI5,endothelial,140,-2.3
HPAP-039,Body of pancreas,ROI5,endothelial,150,-3.72
HPAP-039,Body of pancreas,ROI5,endothelial,160,-5.4
HPAP-039,Body of pancreas,ROI5,endothelial,170,-7.0
HPAP-039,Body of pancreas,ROI5,endothelial,180,-8.21
HPAP-039,Body of pancreas,ROI5,endothelial,190,-10.04
HPAP-039,Body of pancreas,ROI5,endothelial,200,-11.82
HPAP-039,Head of pancreas,ROI1,cd4_t,10,0.72
HPAP-039,Head of pancreas,ROI1,cd4_t,20,6.79
HPAP-039,Head of pancreas,ROI1,cd4_t,30,5.54
HPAP-039,Head of pancreas,ROI1,cd4_t,40,8.22
HPAP-039,Head of pancreas,ROI1,cd4_t,50,9.9
HPAP-039,Head of pancreas,ROI1,cd4_t,60,11.88
HPAP-039,Head of pancreas,ROI1,cd4_t,70,11.08
HPAP-039,Head of pancreas,ROI1,cd4_t,80,9.01
HPAP-039,Head of pancreas,ROI1,cd4_t,90,9.37
HPAP-039,Head of pancreas,ROI1,cd4_t,100,7.95
HPAP-039,Head of pancreas,ROI1,cd4_t,110,8.35
HPAP-039,Head of pancreas,ROI1,cd4_t,120,7.69
HPAP-039,Head of pancreas,ROI1,cd4_t,130,7.54
HPAP-039,Head of pancreas,ROI1,cd4_t,140,6.33
HPAP-039,Head of pancreas,ROI1,cd4_t,150,4.63
HPAP-039,Head of pancreas,ROI1,cd4_t,160,2.59
HPAP-039,Head of pancreas,ROI1,cd4_t,170,0.94
HPAP-039,Head of pancreas,ROI1,cd4_t,180,-2.55
HPAP-039,Head of pancreas,ROI1,cd4_t,190,-4.95
HPAP-039,Head of pancreas,ROI1,cd4_t,200,-6.46
HPAP-039,Head of pancreas,ROI1,cd8_t,10,-0.99
HPAP-039,Head of pancreas,ROI1,cd8_t,20,4.57
HPAP-039,Head of pancreas,ROI1,cd8_t,30,5.08
HPAP-039,Head of pancreas,ROI1,cd8_t,40,5.33
HPAP-039,Head of pancreas,ROI1,cd8_t,50,5.47
HPAP-039,Head of pancreas,ROI1,cd8_t,60,5.72
HPAP-039,Head of pancreas,ROI1,cd8_t,70,4.34
HPAP-039,Head of pancreas,ROI1,cd8_t,80,5.45
HPAP-039,Head of pancreas,ROI1,cd8_t,90,5.22
HPAP-039,Head of pancreas,ROI1,cd8_t,100,5.24
HPAP-039,Head of pancreas,ROI1,cd8_t,110,4.94
HPAP-039,Head of pancreas,ROI1,cd8_t,120,3.98
HPAP-039,Head of pancreas,ROI1,cd8_t,130,3.89
HPAP-039,Head of pancreas,ROI1,cd8_t,140,2.41
HPAP-039,Head of pancreas,ROI1,cd8_t,150,0.65
HPAP-039,Head of pancreas,ROI1,cd8_t,160,-0.47
HPAP-039,Head of pancreas,ROI1,cd8_t,170,-1.66
HPAP-039,Head of pancreas,ROI1,cd8_t,180,-1.87
HPAP-039,Head of pancreas,ROI1,cd8_t,190,-4.06
HPAP-039,Head of pancreas,ROI1,cd8_t,200,-5.78
HPAP-039,Head of pancreas,ROI1,macrophage,10,-0.95
HPAP-039,Head of pancreas,ROI1,macrophage,20,3.43
HPAP-039,Head of pancreas,ROI1,macrophage,30,6.46
HPAP-039,Head of pancreas,ROI1,macrophage,40,8.38
HPAP-039,Head of pancreas,ROI1,macrophage,50,9.5
HPAP-039,Head of pancreas,ROI1,macrophage,60,8.99
HPAP-039,Head of pancreas,ROI1,macrophage,70,9.19
HPAP-039,Head of pancreas,ROI1,macrophage,80,8.61
HPAP-039,Head of pancreas,ROI1,macrophage,90,8.15
HPAP-039,Head of pancreas,ROI1,macrophage,100,7.57
HPAP-039,Head of pancreas,ROI1,macrophage,110,6.8
HPAP-039,Head of pancreas,ROI1,macrophage,120,5.96
HPAP-039,Head of pancreas,ROI1,macrophage,130,5.6
HPAP-039,Head of pancreas,ROI1,macrophage,140,4.45
HPAP-039,Head of pancreas,ROI1,macrophage,150,3.81
HPAP-039,Head of pancreas,ROI1,macrophage,160,2.97
HPAP-039,Head of pancreas,ROI1,macrophage,170,2.13
HPAP-039,Head of pancreas,ROI1,macrophage,180,0.13
HPAP-039,Head of pancreas,ROI1,macrophage,190,-1.8
HPAP-039,Head of pancreas,ROI1,macrophage,200,-3.39
HPAP-039,Head of pancreas,ROI1,other_immune,10,-0.85
HPAP-039,Head of pancreas,ROI1,other_immune,20,4.62
HPAP-039,Head of pancreas,ROI1,other_immune,30,5.58
HPAP-039,Head of pancreas,ROI1,other_immune,40,6.22
HPAP-039,Head of pancreas,ROI1,other_immune,50,6.78
HPAP-039,Head of pancreas,ROI1,other_immune,60,6.86
HPAP-039,Head of pancreas,ROI1,other_immune,70,6.34
HPAP-039,Head of pancreas,ROI1,other_immune,80,4.94
HPAP-039,Head of pancreas,ROI1,other_immune,90,4.2
HPAP-039,Head of pancreas,ROI1,other_immune,100,3.8
HPAP-039,Head of pancreas,ROI1,other_immune,110,3.26
HPAP-039,Head of pancreas,ROI1,other_immune,120,2.52
HPAP-039,Head of pancreas,ROI1,other_immune,130,2.03
HPAP-039,Head of pancreas,ROI1,other_immune,140,1.26
HPAP-039,Head of pancreas,ROI1,other_immune,150,0.48
HPAP-039,Head of pancreas,ROI1,other_immune,160,-0.47
HPAP-039,Head of pancreas,ROI1,other_immune,170,-1.65
HPAP-039,Head of pancreas,ROI1,other_immune,180,-2.96
HPAP-039,Head of pancreas,ROI1,other_immune,190,-4.55
HPAP-039,Head of pancreas,ROI1,other_immune,200,-6.18
HPAP-039,Head of pancreas,ROI1,endothelial,10,-10.0
HPAP-039,Head of pancreas,ROI1,endothelial,20,47.18
HPAP-039,Head of pancreas,ROI1,endothelial,30,76.22
HPAP-039,Head of pancreas,ROI1,endothelial,40,78.76
HPAP-039,Head of pancreas,ROI1,endothelial,50,80.09
HPAP-039,Head of pancreas,ROI1,endothelial,60,78.5
HPAP-039,Head of pancreas,ROI1,endothelial,70,80.22
HPAP-039,Head of pancreas,ROI1,endothelial,80,82.83
HPAP-039,Head of pancreas,ROI1,endothelial,90,82.92
HPAP-039,Head of pancreas,ROI1,endothelial,100,77.74
HPAP-039,Head of pancreas,ROI1,endothelial,110,72.44
HPAP-039,Head of pancreas,ROI1,endothelial,120,67.02
HPAP-039,Head of pancreas,ROI1,endothelial,130,60.02
HPAP-039,Head of pancreas,ROI1,endothelial,140,55.86
HPAP-039,Head of pancreas,ROI1,endothelial,150,52.94
HPAP-039,Head of pancreas,ROI1,endothelial,160,48.42
HPAP-039,Head of pancreas,ROI1,endothelial,170,39.77
HPAP-039,Head of pancreas,ROI1,endothelial,180,32.44
HPAP-039,Head of pancreas,ROI1,endothelial,190,30.27
HPAP-039,Head of pancreas,ROI1,endothelial,200,25.33
HPAP-039,Head of pancreas,ROI2,cd4_t,10,-2.44
HPAP-039,Head of pancreas,ROI2,cd4_t,20,6.2
HPAP-039,Head of pancreas,ROI2,cd4_t,30,4.67
HPAP-039,Head of pancreas,ROI2,cd4_t,40,1.43
HPAP-039,Head of pancreas,ROI2,cd4_t,50,-0.4
HPAP-039,Head of pancreas,ROI2,cd4_t,60,0.99
HPAP-039,Head of pancreas,ROI2,cd4_t,70,5.27
HPAP-039,Head of pancreas,ROI2,cd4_t,80,2.87
HPAP-039,Head of pancreas,ROI2,cd4_t,90,-0.82
HPAP-039,Head of pancreas,ROI2,cd4_t,100,-0.5
HPAP-039,Head of pancreas,ROI2,cd4_t,110,-3.02
HPAP-039,Head of pancreas,ROI2,cd4_t,120,-2.32
HPAP-039,Head of pancreas,ROI2,cd4_t,130,-4.78
HPAP-039,Head of pancreas,ROI2,cd4_t,140,-5.11
HPAP-039,Head of pancreas,ROI2,cd4_t,150,-5.68
HPAP-039,Head of pancreas,ROI2,cd4_t,160,-6.27
HPAP-039,Head of pancreas,ROI2,cd4_t,170,-4.96
HPAP-039,Head of pancreas,ROI2,cd4_t,180,-6.84
HPAP-039,Head of pancreas,ROI2,cd4_t,190,-9.24
HPAP-039,Head of pancreas,ROI2,cd4_t,200,-6.99
HPAP-039,Head of pancreas,ROI2,cd8_t,10,8.04
HPAP-039,Head of pancreas,ROI2,cd8_t,20,14.35
HPAP-039,Head of pancreas,ROI2,cd8_t,30,14.19
HPAP-039,Head of pancreas,ROI2,cd8_t,40,15.23
HPAP-039,Head of pancreas,ROI2,cd8_t,50,15.35
HPAP-039,Head of pancreas,ROI2,cd8_t,60,17.06
HPAP-039,Head of pancreas,ROI2,cd8_t,70,16.51
HPAP-039,Head of pancreas,ROI2,cd8_t,80,17.15
HPAP-039,Head of pancreas,ROI2,cd8_t,90,13.43
HPAP-039,Head of pancreas,ROI2,cd8_t,100,11.02
HPAP-039,Head of pancreas,ROI2,cd8_t,110,8.81
HPAP-039,Head of pancreas,ROI2,cd8_t,120,5.95
HPAP-039,Head of pancreas,ROI2,cd8_t,130,4.69
HPAP-039,Head of pancreas,ROI2,cd8_t,140,2.76
HPAP-039,Head of pancreas,ROI2,cd8_t,150,1.2
HPAP-039,Head of pancreas,ROI2,cd8_t,160,-2.09
HPAP-039,Head of pancreas,ROI2,cd8_t,170,-5.41
HPAP-039,Head of pancreas,ROI2,cd8_t,180,-8.86
HPAP-039,Head of pancreas,ROI2,cd8_t,190,-12.79
HPAP-039,Head of pancreas,ROI2,cd8_t,200,-15.7
HPAP-039,Head of pancreas,ROI2,macrophage,10,-2.62
HPAP-039,Head of pancreas,ROI2,macrophage,20,7.4
HPAP-039,Head of pancreas,ROI2,macrophage,30,7.47
HPAP-039,Head of pancreas,ROI2,macrophage,40,9.59
HPAP-039,Head of pancreas,ROI2,macrophage,50,8.74
HPAP-039,Head of pancreas,ROI2,macrophage,60,8.65
HPAP-039,Head of pancreas,ROI2,macrophage,70,8.76
HPAP-039,Head of pancreas,ROI2,macrophage,80,8.95
HPAP-039,Head of pancreas,ROI2,macrophage,90,9.41
HPAP-039,Head of pancreas,ROI2,macrophage,100,9.61
HPAP-039,Head of pancreas,ROI2,macrophage,110,8.12
HPAP-039,Head of pancreas,ROI2,macrophage,120,8.78
HPAP-039,Head of pancreas,ROI2,macrophage,130,7.88
HPAP-039,Head of pancreas,ROI2,macrophage,140,6.75
HPAP-039,Head of pancreas,ROI2,macrophage,150,5.78
HPAP-039,Head of pancreas,ROI2,macrophage,160,4.75
HPAP-039,Head of pancreas,ROI2,macrophage,170,2.46
HPAP-039,Head of pancreas,ROI2,macrophage,180,0.05
HPAP-039,Head of pancreas,ROI2,macrophage,190,-2.37
HPAP-039,Head of pancreas,ROI2,macrophage,200,-4.64
HPAP-039,Head of pancreas,ROI2,other_immune,10,0.42
HPAP-039,Head of pancreas,ROI2,other_immune,20,5.43
HPAP-039,Head of pancreas,ROI2,other_immune,30,5.44
HPAP-039,Head of pancreas,ROI2,other_immune,40,6.13
HPAP-039,Head of pancreas,ROI2,other_immune,50,6.16
HPAP-039,Head of pancreas,ROI2,other_immune,60,5.16
HPAP-039,Head of pancreas,ROI2,other_immune,70,4.69
HPAP-039,Head of pancreas,ROI2,other_immune,80,3.92
HPAP-039,Head of pancreas,ROI2,other_immune,90,2.28
HPAP-039,Head of pancreas,ROI2,other_immune,100,0.95
HPAP-039,Head of pancreas,ROI2,other_immune,110,-0.39
HPAP-039,Head of pancreas,ROI2,other_immune,120,-2.09
HPAP-039,Head of pancreas,ROI2,other_immune,130,-3.62
HPAP-039,Head of pancreas,ROI2,other_immune,140,-5.62
HPAP-039,Head of pancreas,ROI2,other_immune,150,-6.95
HPAP-039,Head of pancreas,ROI2,other_immune,160,-8.45
HPAP-039,Head of pancreas,ROI2,other_immune,170,-10.43
HPAP-039,Head of pancreas,ROI2,other_immune,180,-12.78
HPAP-039,Head of pancreas,ROI2,other_immune,190,-15.18
HPAP-039,Head of pancreas,ROI2,other_immune,200,-17.27
HPAP-039,Head of pancreas,ROI2,fibroblast,10,6.61
HPAP-039,Head of pancreas,ROI2,fibroblast,20,18.55
HPAP-039,Head of pancreas,ROI2,fibroblast,30,20.47
HPAP-039,Head of pancreas,ROI2,fibroblast,40,23.17
HPAP-039,Head of pancreas,ROI2,fibroblast,50,25.98
HPAP-039,Head of pancreas,ROI2,fibroblast,60,28.86
HPAP-039,Head of pancreas,ROI2,fibroblast,70,30.31
HPAP-039,Head of pancreas,ROI2,fibroblast,80,32.95
HPAP-039,Head of pancreas,ROI2,fibroblast,90,33.88
HPAP-039,Head of pancreas,ROI2,fibroblast,100,32.65
HPAP-039,Head of pancreas,ROI2,fibroblast,110,29.82
HPAP-039,Head of pancreas,ROI2,fibroblast,120,27.14
HPAP-039,Head of pancreas,ROI2,fibroblast,130,25.42
HPAP-039,Head of pancreas,ROI2,fibroblast,140,22.63
HPAP-039,Head of pancreas,ROI2,fibroblast,150,21.77
HPAP-039,Head of pancreas,ROI2,fibroblast,160,20.16
HPAP-039,Head of pancreas,ROI2,fibroblast,170,17.88
HPAP-039,Head of pancreas,ROI2,fibroblast,180,15.36
HPAP-039,Head of pancreas,ROI2,fibroblast,190,13.35
HPAP-039,Head of pancreas,ROI2,fibroblast,200,10.88
HPAP-039,Head of pancreas,ROI2,endothelial,10,-1.99
HPAP-039,Head of pancreas,ROI2,endothelial,20,9.98
HPAP-039,Head of pancreas,ROI2,endothelial,30,9.25
HPAP-039,Head of pancreas,ROI2,endothelial,40,9.39
HPAP-039,Head of pancreas,ROI2,endothelial,50,9.95
HPAP-039,Head of pancreas,ROI2,endothelial,60,7.03
HPAP-039,Head of pancreas,ROI2,endothelial,70,4.3
HPAP-039,Head of pancreas,ROI2,endothelial,80,5.17
HPAP-039,Head of pancreas,ROI2,endothelial,90,6.14
HPAP-039,Head of pancreas,ROI2,endothelial,100,3.53
HPAP-039,Head of pancreas,ROI2,endothelial,110,1.59
HPAP-039,Head of pancreas,ROI2,endothelial,120,1.77
HPAP-039,Head of pancreas,ROI2,endothelial,130,1.65
HPAP-039,Head of pancreas,ROI2,endothelial,140,-1.46
HPAP-039,Head of pancreas,ROI2,endothelial,150,-2.71
HPAP-039,Head of pancreas,ROI2,endothelial,160,-4.23
HPAP-039,Head of pancreas,ROI2,endothelial,170,-7.18
HPAP-039,Head of pancreas,ROI2,endothelial,180,-8.17
HPAP-039,Head of pancreas,ROI2,endothelial,190,-10.85
HPAP-039,Head of pancreas,ROI2,endothelial,200,-10.58
HPAP-039,Head of pancreas,ROI4,cd4_t,10,5.05
HPAP-039,Head of pancreas,ROI4,cd4_t,20,10.09
HPAP-039,Head of pancreas,ROI4,cd4_t,30,8.85
HPAP-039,Head of pancreas,ROI4,cd4_t,40,11.39
HPAP-039,Head of pancreas,ROI4,cd4_t,50,11.42
HPAP-039,Head of pancreas,ROI4,cd4_t,60,8.95
HPAP-039,Head of pancreas,ROI4,cd4_t,70,11.02
HPAP-039,Head of pancreas,ROI4,cd4_t,80,11.1
HPAP-039,Head of pancreas,ROI4,cd4_t,90,10.93
HPAP-039,Head of pancreas,ROI4,cd4_t,100,9.53
HPAP-039,Head of pancreas,ROI4,cd4_t,110,11.3
HPAP-039,Head of pancreas,ROI4,cd4_t,120,9.71
HPAP-039,Head of pancreas,ROI4,cd4_t,130,9.79
HPAP-039,Head of pancreas,ROI4,cd4_t,140,8.69
HPAP-039,Head of pancreas,ROI4,cd4_t,150,8.51
HPAP-039,Head of pancreas,ROI4,cd4_t,160,4.58
HPAP-039,Head of pancreas,ROI4,cd4_t,170,3.51
HPAP-039,Head of pancreas,ROI4,cd4_t,180,2.62
HPAP-039,Head of pancreas,ROI4,cd4_t,190,1.69
HPAP-039,Head of pancreas,ROI4,cd4_t,200,-1.16
HPAP-039,Head of pancreas,ROI4,cd8_t,10,6.89
HPAP-039,Head of pancreas,ROI4,cd8_t,20,12.34
HPAP-039,Head of pancreas,ROI4,cd8_t,30,7.77
HPAP-039,Head of pancreas,ROI4,cd8_t,40,5.74
HPAP-039,Head of pancreas,ROI4,cd8_t,50,6.86
HPAP-039,Head of pancreas,ROI4,cd8_t,60,8.27
HPAP-039,Head of pancreas,ROI4,cd8_t,70,8.02
HPAP-039,Head of pancreas,ROI4,cd8_t,80,5.02
HPAP-039,Head of pancreas,ROI4,cd8_t,90,3.03
HPAP-039,Head of pancreas,ROI4,cd8_t,100,0.4
HPAP-039,Head of pancreas,ROI4,cd8_t,110,-0.1
HPAP-039,Head of pancreas,ROI4,cd8_t,120,-1.36
HPAP-039,Head of pancreas,ROI4,cd8_t,130,0.84
HPAP-039,Head of pancreas,ROI4,cd8_t,140,-3.12
HPAP-039,Head of pancreas,ROI4,cd8_t,150,-4.37
HPAP-039,Head of pancreas,ROI4,cd8_t,160,-6.73
HPAP-039,Head of pancreas,ROI4,cd8_t,170,-9.16
HPAP-039,Head of pancreas,ROI4,cd8_t,180,-10.25
HPAP-039,Head of pancreas,ROI4,cd8_t,190,-10.18
HPAP-039,Head of pancreas,ROI4,cd8_t,200,-13.94
HPAP-039,Head of pancreas,ROI4,macrophage,10,-0.28
HPAP-039,Head of pancreas,ROI4,macrophage,20,7.92
HPAP-039,Head of pancreas,ROI4,macrophage,30,6.7
HPAP-039,Head of pancreas,ROI4,macrophage,40,9.33
HPAP-039,Head of pancreas,ROI4,macrophage,50,9.73
HPAP-039,Head of pancreas,ROI4,macrophage,60,10.78
HPAP-039,Head of pancreas,ROI4,macrophage,70,12.06
HPAP-039,Head of pancreas,ROI4,macrophage,80,12.87
HPAP-039,Head of pancreas,ROI4,macrophage,90,10.92
HPAP-039,Head of pancreas,ROI4,macrophage,100,12.23
HPAP-039,Head of pancreas,ROI4,macrophage,110,12.88
HPAP-039,Head of pancreas,ROI4,macrophage,120,12.68
HPAP-039,Head of pancreas,ROI4,macrophage,130,13.55
HPAP-039,Head of pancreas,ROI4,macrophage,140,12.18
HPAP-039,Head of pancreas,ROI4,macrophage,150,11.88
HPAP-039,Head of pancreas,ROI4,macrophage,160,13.17
HPAP-039,Head of pancreas,ROI4,macrophage,170,11.95
HPAP-039,Head of pancreas,ROI4,macrophage,180,11.63
HPAP-039,Head of pancreas,ROI4,macrophage,190,11.96
HPAP-039,Head of pancreas,ROI4,macrophage,200,11.28
HPAP-039,Head of pancreas,ROI4,other_immune,10,-0.14
HPAP-039,Head of pancreas,ROI4,other_immune,20,7.0
HPAP-039,Head of pancreas,ROI4,other_immune,30,6.88
HPAP-039,Head of pancreas,ROI4,other_immune,40,6.41
HPAP-039,Head of pancreas,ROI4,other_immune,50,7.34
HPAP-039,Head of pancreas,ROI4,other_immune,60,7.22
HPAP-039,Head of pancreas,ROI4,other_immune,70,7.83
HPAP-039,Head of pancreas,ROI4,other_immune,80,8.26
HPAP-039,Head of pancreas,ROI4,other_immune,90,6.75
HPAP-039,Head of pancreas,ROI4,other_immune,100,6.93
HPAP-039,Head of pancreas,ROI4,other_immune,110,5.38
HPAP-039,Head of pancreas,ROI4,other_immune,120,4.95
HPAP-039,Head of pancreas,ROI4,other_immune,130,3.23
HPAP-039,Head of pancreas,ROI4,other_immune,140,3.36
HPAP-039,Head of pancreas,ROI4,other_immune,150,2.76
HPAP-039,Head of pancreas,ROI4,other_immune,160,1.12
HPAP-039,Head of pancreas,ROI4,other_immune,170,-0.46
HPAP-039,Head of pancreas,ROI4,other_immune,180,-1.39
HPAP-039,Head of pancreas,ROI4,other_immune,190,-1.59
HPAP-039,Head of pancreas,ROI4,other_immune,200,-3.26
HPAP-039,Head of pancreas,ROI4,fibroblast,10,1.0
HPAP-039,Head of pancreas,ROI4,fibroblast,20,10.25
HPAP-039,Head of pancreas,ROI4,fibroblast,30,13.54
HPAP-039,Head of pancreas,ROI4,fibroblast,40,16.22
HPAP-039,Head of pancreas,ROI4,fibroblast,50,19.66
HPAP-039,Head of pancreas,ROI4,fibroblast,60,21.25
HPAP-039,Head of pancreas,ROI4,fibroblast,70,24.03
HPAP-039,Head of pancreas,ROI4,fibroblast,80,25.4
HPAP-039,Head of pancreas,ROI4,fibroblast,90,26.81
HPAP-039,Head of pancreas,ROI4,fibroblast,100,27.5
HPAP-039,Head of pancreas,ROI4,fibroblast,110,27.39
HPAP-039,Head of pancreas,ROI4,fibroblast,120,27.0
HPAP-039,Head of pancreas,ROI4,fibroblast,130,26.66
HPAP-039,Head of pancreas,ROI4,fibroblast,140,26.13
HPAP-039,Head of pancreas,ROI4,fibroblast,150,25.37
HPAP-039,Head of pancreas,ROI4,fibroblast,160,23.78
HPAP-039,Head of pancreas,ROI4,fibroblast,170,21.99
HPAP-039,Head of pancreas,ROI4,fibroblast,180,20.36
HPAP-039,Head of pancreas,ROI4,fibroblast,190,18.79
HPAP-039,Head of pancreas,ROI4,fibroblast,200,17.0
HPAP-039,Tail of pancreas,ROI1,cd4_t,10,2.55
HPAP-039,Tail of pancreas,ROI1,cd4_t,20,3.47
HPAP-039,Tail of pancreas,ROI1,cd4_t,30,7.64
HPAP-039,Tail of pancreas,ROI1,cd4_t,40,6.94
HPAP-039,Tail of pancreas,ROI1,cd4_t,50,9.51
HPAP-039,Tail of pancreas,ROI1,cd4_t,60,9.28
HPAP-039,Tail of pancreas,ROI1,cd4_t,70,11.78
HPAP-039,Tail of pancreas,ROI1,cd4_t,80,8.26
HPAP-039,Tail of pancreas,ROI1,cd4_t,90,5.54
HPAP-039,Tail of pancreas,ROI1,cd4_t,100,6.08
HPAP-039,Tail of pancreas,ROI1,cd4_t,110,4.63
HPAP-039,Tail of pancreas,ROI1,cd4_t,120,7.01
HPAP-039,Tail of pancreas,ROI1,cd4_t,130,7.71
HPAP-039,Tail of pancreas,ROI1,cd4_t,140,9.49
HPAP-039,Tail of pancreas,ROI1,cd4_t,150,7.69
HPAP-039,Tail of pancreas,ROI1,cd4_t,160,6.66
HPAP-039,Tail of pancreas,ROI1,cd4_t,170,4.73
HPAP-039,Tail of pancreas,ROI1,cd4_t,180,7.55
HPAP-039,Tail of pancreas,ROI1,cd4_t,190,9.34
HPAP-039,Tail of pancreas,ROI1,cd4_t,200,7.66
HPAP-039,Tail of pancreas,ROI1,cd8_t,10,14.52
HPAP-039,Tail of pancreas,ROI1,cd8_t,20,28.68
HPAP-039,Tail of pancreas,ROI1,cd8_t,30,38.58
HPAP-039,Tail of pancreas,ROI1,cd8_t,40,49.6
HPAP-039,Tail of pancreas,ROI1,cd8_t,50,55.38
HPAP-039,Tail of pancreas,ROI1,cd8_t,60,59.53
HPAP-039,Tail of pancreas,ROI1,cd8_t,70,63.91
HPAP-039,Tail of pancreas,ROI1,cd8_t,80,65.79
HPAP-039,Tail of pancreas,ROI1,cd8_t,90,66.78
HPAP-039,Tail of pancreas,ROI1,cd8_t,100,69.36
HPAP-039,Tail of pancreas,ROI1,cd8_t,110,69.89
HPAP-039,Tail of pancreas,ROI1,cd8_t,120,70.4
HPAP-039,Tail of pancreas,ROI1,cd8_t,130,67.51
HPAP-039,Tail of pancreas,ROI1,cd8_t,140,66.27
HPAP-039,Tail of pancreas,ROI1,cd8_t,150,64.5
HPAP-039,Tail of pancreas,ROI1,cd8_t,160,61.16
HPAP-039,Tail of pancreas,ROI1,cd8_t,170,57.39
HPAP-039,Tail of pancreas,ROI1,cd8_t,180,52.31
HPAP-039,Tail of pancreas,ROI1,cd8_t,190,47.51
HPAP-039,Tail of pancreas,ROI1,cd8_t,200,43.82
HPAP-039,Tail of pancreas,ROI1,macrophage,10,5.08
HPAP-039,Tail of pancreas,ROI1,macrophage,20,23.18
HPAP-039,Tail of pancreas,ROI1,macrophage,30,33.62
HPAP-039,Tail of pancreas,ROI1,macrophage,40,41.62
HPAP-039,Tail of pancreas,ROI1,macrophage,50,49.11
HPAP-039,Tail of pancreas,ROI1,macrophage,60,53.94
HPAP-039,Tail of pancreas,ROI1,macrophage,70,59.71
HPAP-039,Tail of pancreas,ROI1,macrophage,80,62.97
HPAP-039,Tail of pancreas,ROI1,macrophage,90,64.51
HPAP-039,Tail of pancreas,ROI1,macrophage,100,64.63
HPAP-039,Tail of pancreas,ROI1,macrophage,110,63.63
HPAP-039,Tail of pancreas,ROI1,macrophage,120,62.07
HPAP-039,Tail of pancreas,ROI1,macrophage,130,60.31
HPAP-039,Tail of pancreas,ROI1,macrophage,140,59.36
HPAP-039,Tail of pancreas,ROI1,macrophage,150,58.61
HPAP-039,Tail of pancreas,ROI1,macrophage,160,56.73
HPAP-039,Tail of pancreas,ROI1,macrophage,170,54.61
HPAP-039,Tail of pancreas,ROI1,macrophage,180,51.35
HPAP-039,Tail of pancreas,ROI1,macrophage,190,48.51
HPAP-039,Tail of pancreas,ROI1,macrophage,200,45.88
HPAP-039,Tail of pancreas,ROI1,other_immune,10,-0.87
HPAP-039,Tail of pancreas,ROI1,other_immune,20,3.95
HPAP-039,Tail of pancreas,ROI1,other_immune,30,7.31
HPAP-039,Tail of pancreas,ROI1,other_immune,40,8.99
HPAP-039,Tail of pancreas,ROI1,other_immune,50,10.17
HPAP-039,Tail of pancreas,ROI1,other_immune,60,11.86
HPAP-039,Tail of pancreas,ROI1,other_immune,70,12.19
HPAP-039,Tail of pancreas,ROI1,other_immune,80,12.61
HPAP-039,Tail of pancreas,ROI1,other_immune,90,12.59
HPAP-039,Tail of pancreas,ROI1,other_immune,100,12.51
HPAP-039,Tail of pancreas,ROI1,other_immune,110,12.02
HPAP-039,Tail of pancreas,ROI1,other_immune,120,11.25
HPAP-039,Tail of pancreas,ROI1,other_immune,130,10.57
HPAP-039,Tail of pancreas,ROI1,other_immune,140,9.32
HPAP-039,Tail of pancreas,ROI1,other_immune,150,7.35
HPAP-039,Tail of pancreas,ROI1,other_immune,160,5.6
HPAP-039,Tail of pancreas,ROI1,other_immune,170,3.86
HPAP-039,Tail of pancreas,ROI1,other_immune,180,1.75
HPAP-039,Tail of pancreas,ROI1,other_immune,190,-0.46
HPAP-039,Tail of pancreas,ROI1,other_immune,200,-2.94
HPAP-039,Tail of pancreas,ROI2,cd4_t,10,8.19
HPAP-039,Tail of pancreas,ROI2,cd4_t,20,8.76
HPAP-039,Tail of pancreas,ROI2,cd4_t,30,10.67
HPAP-039,Tail of pancreas,ROI2,cd4_t,40,8.13
HPAP-039,Tail of pancreas,ROI2,cd4_t,50,11.01
HPAP-039,Tail of pancreas,ROI2,cd4_t,60,8.06
HPAP-039,Tail of pancreas,ROI2,cd4_t,70,8.24
HPAP-039,Tail of pancreas,ROI2,cd4_t,80,8.65
HPAP-039,Tail of pancreas,ROI2,cd4_t,90,9.63
HPAP-039,Tail of pancreas,ROI2,cd4_t,100,9.52
HPAP-039,Tail of pancreas,ROI2,cd4_t,110,7.88
HPAP-039,Tail of pancreas,ROI2,cd4_t,120,4.7
HPAP-039,Tail of pancreas,ROI2,cd4_t,130,2.74
HPAP-039,Tail of pancreas,ROI2,cd4_t,140,0.61
HPAP-039,Tail of pancreas,ROI2,cd4_t,150,-2.5
HPAP-039,Tail of pancreas,ROI2,cd4_t,160,-7.27
HPAP-039,Tail of pancreas,ROI2,cd4_t,170,-8.32
HPAP-039,Tail of pancreas,ROI2,cd4_t,180,-11.56
HPAP-039,Tail of pancreas,ROI2,cd4_t,190,-13.88
HPAP-039,Tail of pancreas,ROI2,cd4_t,200,-14.27
HPAP-039,Tail of pancreas,ROI2,cd8_t,10,1.29
HPAP-039,Tail of pancreas,ROI2,cd8_t,20,14.28
HPAP-039,Tail of pancreas,ROI2,cd8_t,30,15.62
HPAP-039,Tail of pancreas,ROI2,cd8_t,40,17.19
HPAP-039,Tail of pancreas,ROI2,cd8_t,50,19.07
HPAP-039,Tail of pancreas,ROI2,cd8_t,60,21.75
HPAP-039,Tail of pancreas,ROI2,cd8_t,70,24.07
HPAP-039,Tail of pancreas,ROI2,cd8_t,80,25.82
HPAP-039,Tail of pancreas,ROI2,cd8_t,90,26.28
HPAP-039,Tail of pancreas,ROI2,cd8_t,100,26.32
HPAP-039,Tail of pancreas,ROI2,cd8_t,110,27.79
HPAP-039,Tail of pancreas,ROI2,cd8_t,120,28.23
HPAP-039,Tail of pancreas,ROI2,cd8_t,130,29.46
HPAP-039,Tail of pancreas,ROI2,cd8_t,140,29.07
HPAP-039,Tail of pancreas,ROI2,cd8_t,150,29.59
HPAP-039,Tail of pancreas,ROI2,cd8_t,160,29.56
HPAP-039,Tail of pancreas,ROI2,cd8_t,170,28.03
HPAP-039,Tail of pancreas,ROI2,cd8_t,180,26.71
HPAP-039,Tail of pancreas,ROI2,cd8_t,190,25.23
HPAP-039,Tail of pancreas,ROI2,cd8_t,200,23.11
HPAP-039,Tail of pancreas,ROI2,macrophage,10,-10.0
HPAP-039,Tail of pancreas,ROI2,macrophage,20,-20.0
HPAP-039,Tail of pancreas,ROI2,macrophage,30,-30.0
HPAP-039,Tail of pancreas,ROI2,macrophage,40,8.37
HPAP-039,Tail of pancreas,ROI2,macrophage,50,12.45
HPAP-039,Tail of pancreas,ROI2,macrophage,60,18.99
HPAP-039,Tail of pancreas,ROI2,macrophage,70,30.69
HPAP-039,Tail of pancreas,ROI2,macrophage,80,24.49
HPAP-039,Tail of pancreas,ROI2,macrophage,90,31.73
HPAP-039,Tail of pancreas,ROI2,macrophage,100,24.89
HPAP-039,Tail of pancreas,ROI2,macrophage,110,20.99
HPAP-039,Tail of pancreas,ROI2,macrophage,120,13.93
HPAP-039,Tail of pancreas,ROI2,macrophage,130,9.64
HPAP-039,Tail of pancreas,ROI2,macrophage,140,2.4
HPAP-039,Tail of pancreas,ROI2,macrophage,150,2.96
HPAP-039,Tail of pancreas,ROI2,macrophage,160,-2.02
HPAP-039,Tail of pancreas,ROI2,macrophage,170,-2.44
HPAP-039,Tail of pancreas,ROI2,macrophage,180,-10.13
HPAP-039,Tail of pancreas,ROI2,macrophage,190,-11.18
HPAP-039,Tail of pancreas,ROI2,macrophage,200,-10.59
HPAP-039,Tail of pancreas,ROI2,other_immune,10,1.97
HPAP-039,Tail of pancreas,ROI2,other_immune,20,17.84
HPAP-039,Tail of pancreas,ROI2,other_immune,30,23.52
HPAP-039,Tail of pancreas,ROI2,other_immune,40,27.7
HPAP-039,Tail of pancreas,ROI2,other_immune,50,32.91
HPAP-039,Tail of pancreas,ROI2,other_immune,60,30.35
HPAP-039,Tail of pancreas,ROI2,other_immune,70,29.41
HPAP-039,Tail of pancreas,ROI2,other_immune,80,29.68
HPAP-039,Tail of pancreas,ROI2,other_immune,90,27.25
HPAP-039,Tail of pancreas,ROI2,other_immune,100,25.51
HPAP-039,Tail of pancreas,ROI2,other_immune,110,23.26
HPAP-039,Tail of pancreas,ROI2,other_immune,120,23.11
HPAP-039,Tail of pancreas,ROI2,other_immune,130,20.43
HPAP-039,Tail of pancreas,ROI2,other_immune,140,16.03
HPAP-039,Tail of pancreas,ROI2,other_immune,150,15.82
HPAP-039,Tail of pancreas,ROI2,other_immune,160,12.59
HPAP-039,Tail of pancreas,ROI2,other_immune,170,10.7
HPAP-039,Tail of pancreas,ROI2,other_immune,180,8.08
HPAP-039,Tail of pancreas,ROI2,other_immune,190,8.09
HPAP-039,Tail of pancreas,ROI2,other_immune,200,11.38
HPAP-039,Tail of pancreas,ROI3,cd4_t,10,2.14
HPAP-039,Tail of pancreas,ROI3,cd4_t,20,3.25
HPAP-039,Tail of pancreas,ROI3,cd4_t,30,0.55
HPAP-039,Tail of pancreas,ROI3,cd4_t,40,1.47
HPAP-039,Tail of pancreas,ROI3,cd4_t,50,1.03
HPAP-039,Tail of pancreas,ROI3,cd4_t,60,0.29
HPAP-039,Tail of pancreas,ROI3,cd4_t,70,2.5
HPAP-039,Tail of pancreas,ROI3,cd4_t,80,1.44
HPAP-039,Tail of pancreas,ROI3,cd4_t,90,2.98
HPAP-039,Tail of pancreas,ROI3,cd4_t,100,2.05
HPAP-039,Tail of pancreas,ROI3,cd4_t,110,3.01
HPAP-039,Tail of pancreas,ROI3,cd4_t,120,1.4
HPAP-039,Tail of pancreas,ROI3,cd4_t,130,-0.0
HPAP-039,Tail of pancreas,ROI3,cd4_t,140,0.35
HPAP-039,Tail of pancreas,ROI3,cd4_t,150,-0.33
HPAP-039,Tail of pancreas,ROI3,cd4_t,160,-1.41
HPAP-039,Tail of pancreas,ROI3,cd4_t,170,-3.11
HPAP-039,Tail of pancreas,ROI3,cd4_t,180,-4.78
HPAP-039,Tail of pancreas,ROI3,cd4_t,190,-6.96
HPAP-039,Tail of pancreas,ROI3,cd4_t,200,-8.18
HPAP-039,Tail of pancreas,ROI3,cd8_t,10,1.32
HPAP-039,Tail of pancreas,ROI3,cd8_t,20,12.03
HPAP-039,Tail of pancreas,ROI3,cd8_t,30,16.0
HPAP-039,Tail of pancreas,ROI3,cd8_t,40,19.11
HPAP-039,Tail of pancreas,ROI3,cd8_t,50,21.17
HPAP-039,Tail of pancreas,ROI3,cd8_t,60,22.24
HPAP-039,Tail of pancreas,ROI3,cd8_t,70,24.06
HPAP-039,Tail of pancreas,ROI3,cd8_t,80,25.01
HPAP-039,Tail of pancreas,ROI3,cd8_t,90,23.38
HPAP-039,Tail of pancreas,ROI3,cd8_t,100,23.01
HPAP-039,Tail of pancreas,ROI3,cd8_t,110,23.51
HPAP-039,Tail of pancreas,ROI3,cd8_t,120,23.35
HPAP-039,Tail of pancreas,ROI3,cd8_t,130,22.87
HPAP-039,Tail of pancreas,ROI3,cd8_t,140,23.32
HPAP-039,Tail of pancreas,ROI3,cd8_t,150,22.39
HPAP-039,Tail of pancreas,ROI3,cd8_t,160,20.92
HPAP-039,Tail of pancreas,ROI3,cd8_t,170,19.65
HPAP-039,Tail of pancreas,ROI3,cd8_t,180,16.63
HPAP-039,Tail of pancreas,ROI3,cd8_t,190,14.46
HPAP-039,Tail of pancreas,ROI3,cd8_t,200,12.68
HPAP-039,Tail of pancreas,ROI3,macrophage,10,6.86
HPAP-039,Tail of pancreas,ROI3,macrophage,20,13.72
HPAP-039,Tail of pancreas,ROI3,macrophage,30,11.98
HPAP-039,Tail of pancreas,ROI3,macrophage,40,12.78
HPAP-039,Tail of pancreas,ROI3,macrophage,50,18.28
HPAP-039,Tail of pancreas,ROI3,macrophage,60,21.91
HPAP-039,Tail of pancreas,ROI3,macrophage,70,22.35
HPAP-039,Tail of pancreas,ROI3,macrophage,80,26.1
HPAP-039,Tail of pancreas,ROI3,macrophage,90,26.57
HPAP-039,Tail of pancreas,ROI3,macrophage,100,26.62
HPAP-039,Tail of pancreas,ROI3,macrophage,110,28.83
HPAP-039,Tail of pancreas,ROI3,macrophage,120,29.86
HPAP-039,Tail of pancreas,ROI3,macrophage,130,29.78
HPAP-039,Tail of pancreas,ROI3,macrophage,140,27.42
HPAP-039,Tail of pancreas,ROI3,macrophage,150,28.28
HPAP-039,Tail of pancreas,ROI3,macrophage,160,26.84
HPAP-039,Tail of pancreas,ROI3,macrophage,170,26.34
HPAP-039,Tail of pancreas,ROI3,macrophage,180,25.26
HPAP-039,Tail of pancreas,ROI3,macrophage,190,22.74
HPAP-039,Tail of pancreas,ROI3,macrophage,200,21.13
HPAP-039,Tail of pancreas,ROI3,other_immune,10,-1.05
HPAP-039,Tail of pancreas,ROI3,other_immune,20,2.37
HPAP-039,Tail of pancreas,ROI3,other_immune,30,4.26
HPAP-039,Tail of pancreas,ROI3,other_immune,40,3.66
HPAP-039,Tail of pancreas,ROI3,other_immune,50,3.85
HPAP-039,Tail of pancreas,ROI3,other_immune,60,4.13
HPAP-039,Tail of pancreas,ROI3,other_immune,70,3.37
HPAP-039,Tail of pancreas,ROI3,other_immune,80,2.97
HPAP-039,Tail of pancreas,ROI3,other_immune,90,2.75
HPAP-039,Tail of pancreas,ROI3,other_immune,100,1.49
HPAP-039,Tail of pancreas,ROI3,other_immune,110,0.94
HPAP-039,Tail of pancreas,ROI3,other_immune,120,-0.69
HPAP-039,Tail of pancreas,ROI3,other_immune,130,-2.61
HPAP-039,Tail of pancreas,ROI3,other_immune,140,-3.87
HPAP-039,Tail of pancreas,ROI3,other_immune,150,-5.29
HPAP-039,Tail of pancreas,ROI3,other_immune,160,-6.53
HPAP-039,Tail of pancreas,ROI3,other_immune,170,-8.77
HPAP-039,Tail of pancreas,ROI3,other_immune,180,-11.02
HPAP-039,Tail of pancreas,ROI3,other_immune,190,-13.48
HPAP-039,Tail of pancreas,ROI3,other_immune,200,-15.78
HPAP-039,Tail of pancreas,ROI3,fibroblast,10,-0.89
HPAP-039,Tail of pancreas,ROI3,fibroblast,20,4.36
HPAP-039,Tail of pancreas,ROI3,fibroblast,30,5.69
HPAP-039,Tail of pancreas,ROI3,fibroblast,40,7.6
HPAP-039,Tail of pancreas,ROI3,fibroblast,50,8.8
HPAP-039,Tail of pancreas,ROI3,fibroblast,60,8.57
HPAP-039,Tail of pancreas,ROI3,fibroblast,70,8.98
HPAP-039,Tail of pancreas,ROI3,fibroblast,80,9.08
HPAP-039,Tail of pancreas,ROI3,fibroblast,90,9.24
HPAP-039,Tail of pancreas,ROI3,fibroblast,100,8.62
HPAP-039,Tail of pancreas,ROI3,fibroblast,110,8.68
HPAP-039,Tail of pancreas,ROI3,fibroblast,120,7.17
HPAP-039,Tail of pancreas,ROI3,fibroblast,130,5.86
HPAP-039,Tail of pancreas,ROI3,fibroblast,140,4.77
HPAP-039,Tail of pancreas,ROI3,fibroblast,150,3.23
HPAP-039,Tail of pancreas,ROI3,fibroblast,160,1.32
HPAP-039,Tail of pancreas,ROI3,fibroblast,170,-0.49
HPAP-039,Tail of pancreas,ROI3,fibroblast,180,-2.48
HPAP-039,Tail of pancreas,ROI3,fibroblast,190,-4.12
HPAP-039,Tail of pancreas,ROI3,fibroblast,200,-6.52
HPAP-040,Body of pancreas,ROI1,cd8_t,10,-10.0
HPAP-040,Body of pancreas,ROI1,cd8_t,20,-20.0
HPAP-040,Body of pancreas,ROI1,cd8_t,30,24.86
HPAP-040,Body of pancreas,ROI1,cd8_t,40,37.58
HPAP-040,Body of pancreas,ROI1,cd8_t,50,27.58
HPAP-040,Body of pancreas,ROI1,cd8_t,60,17.58
HPAP-040,Body of pancreas,ROI1,cd8_t,70,7.58
HPAP-040,Body of pancreas,ROI1,cd8_t,80,15.01
HPAP-040,Body of pancreas,ROI1,cd8_t,90,19.71
HPAP-040,Body of pancreas,ROI1,cd8_t,100,9.71
HPAP-040,Body of pancreas,ROI1,cd8_t,110,24.37
HPAP-040,Body of pancreas,ROI1,cd8_t,120,25.13
HPAP-040,Body of pancreas,ROI1,cd8_t,130,34.57
HPAP-040,Body of pancreas,ROI1,cd8_t,140,24.57
HPAP-040,Body of pancreas,ROI1,cd8_t,150,14.57
HPAP-040,Body of pancreas,ROI1,cd8_t,160,4.57
HPAP-040,Body of pancreas,ROI1,cd8_t,170,3.47
HPAP-040,Body of pancreas,ROI1,cd8_t,180,1.94
HPAP-040,Body of pancreas,ROI1,cd8_t,190,7.79
HPAP-040,Body of pancreas,ROI1,cd8_t,200,39.11
HPAP-040,Body of pancreas,ROI1,macrophage,10,11.41
HPAP-040,Body of pancreas,ROI1,macrophage,20,17.09
HPAP-040,Body of pancreas,ROI1,macrophage,30,15.43
HPAP-040,Body of pancreas,ROI1,macrophage,40,12.45
HPAP-040,Body of pancreas,ROI1,macrophage,50,8.65
HPAP-040,Body of pancreas,ROI1,macrophage,60,6.0
HPAP-040,Body of pancreas,ROI1,macrophage,70,5.71
HPAP-040,Body of pancreas,ROI1,macrophage,80,2.94
HPAP-040,Body of pancreas,ROI1,macrophage,90,-0.42
HPAP-040,Body of pancreas,ROI1,macrophage,100,-5.44
HPAP-040,Body of pancreas,ROI1,macrophage,110,-8.42
HPAP-040,Body of pancreas,ROI1,macrophage,120,-7.7
HPAP-040,Body of pancreas,ROI1,macrophage,130,0.26
HPAP-040,Body of pancreas,ROI1,macrophage,140,0.42
HPAP-040,Body of pancreas,ROI1,macrophage,150,-2.41
HPAP-040,Body of pancreas,ROI1,macrophage,160,-6.32
HPAP-040,Body of pancreas,ROI1,macrophage,170,-8.32
HPAP-040,Body of pancreas,ROI1,macrophage,180,-12.75
HPAP-040,Body of pancreas,ROI1,macrophage,190,-10.19
HPAP-040,Body of pancreas,ROI1,macrophage,200,-9.06
HPAP-040,Body of pancreas,ROI1,mdsc,10,3.19
HPAP-040,Body of pancreas,ROI1,mdsc,20,19.56
HPAP-040,Body of pancreas,ROI1,mdsc,30,21.29
HPAP-040,Body of pancreas,ROI1,mdsc,40,21.68
HPAP-040,Body of pancreas,ROI1,mdsc,50,20.71
HPAP-040,Body of pancreas,ROI1,mdsc,60,18.16
HPAP-040,Body of pancreas,ROI1,mdsc,70,16.35
HPAP-040,Body of pancreas,ROI1,mdsc,80,13.6
HPAP-040,Body of pancreas,ROI1,mdsc,90,11.83
HPAP-040,Body of pancreas,ROI1,mdsc,100,8.54
HPAP-040,Body of pancreas,ROI1,mdsc,110,7.12
HPAP-040,Body of pancreas,ROI1,mdsc,120,5.28
HPAP-040,Body of pancreas,ROI1,mdsc,130,2.61
HPAP-040,Body of pancreas,ROI1,mdsc,140,0.03
HPAP-040,Body of pancreas,ROI1,mdsc,150,-1.31
HPAP-040,Body of pancreas,ROI1,mdsc,160,-2.1
HPAP-040,Body of pancreas,ROI1,mdsc,170,-3.13
HPAP-040,Body of pancreas,ROI1,mdsc,180,-4.43
HPAP-040,Body of pancreas,ROI1,mdsc,190,-4.44
HPAP-040,Body of pancreas,ROI1,mdsc,200,-5.91
HPAP-040,Body of pancreas,ROI1,other_immune,10,-3.44
HPAP-040,Body of pancreas,ROI1,other_immune,20,1.41
HPAP-040,Body of pancreas,ROI1,other_immune,30,1.63
HPAP-040,Body of pancreas,ROI1,other_immune,40,1.71
HPAP-040,Body of pancreas,ROI1,other_immune,50,1.74
HPAP-040,Body of pancreas,ROI1,other_immune,60,1.37
HPAP-040,Body of pancreas,ROI1,other_immune,70,1.15
HPAP-040,Body of pancreas,ROI1,other_immune,80,0.24
HPAP-040,Body of pancreas,ROI1,other_immune,90,-0.13
HPAP-040,Body of pancreas,ROI1,other_immune,100,-0.75
HPAP-040,Body of pancreas,ROI1,other_immune,110,-1.72
HPAP-040,Body of pancreas,ROI1,other_immune,120,-2.55
HPAP-040,Body of pancreas,ROI1,other_immune,130,-3.3
HPAP-040,Body of pancreas,ROI1,other_immune,140,-4.41
HPAP-040,Body of pancreas,ROI1,other_immune,150,-5.02
HPAP-040,Body of pancreas,ROI1,other_immune,160,-6.09
HPAP-040,Body of pancreas,ROI1,other_immune,170,-7.22
HPAP-040,Body of pancreas,ROI1,other_immune,180,-8.69
HPAP-040,Body of pancreas,ROI1,other_immune,190,-10.34
HPAP-040,Body of pancreas,ROI1,other_immune,200,-12.01
HPAP-040,Body of pancreas,ROI1,endothelial,10,21.66
HPAP-040,Body of pancreas,ROI1,endothelial,20,87.37
HPAP-040,Body of pancreas,ROI1,endothelial,30,125.11
HPAP-040,Body of pancreas,ROI1,endothelial,40,149.09
HPAP-040,Body of pancreas,ROI1,endothelial,50,166.68
HPAP-040,Body of pancreas,ROI1,endothelial,60,182.52
HPAP-040,Body of pancreas,ROI1,endothelial,70,189.49
HPAP-040,Body of pancreas,ROI1,endothelial,80,194.51
HPAP-040,Body of pancreas,ROI1,endothelial,90,193.2
HPAP-040,Body of pancreas,ROI1,endothelial,100,189.04
HPAP-040,Body of pancreas,ROI1,endothelial,110,185.33
HPAP-040,Body of pancreas,ROI1,endothelial,120,181.21
HPAP-040,Body of pancreas,ROI1,endothelial,130,176.71
HPAP-040,Body of pancreas,ROI1,endothelial,140,173.98
HPAP-040,Body of pancreas,ROI1,endothelial,150,170.3
HPAP-040,Body of pancreas,ROI1,endothelial,160,164.96
HPAP-040,Body of pancreas,ROI1,endothelial,170,159.56
HPAP-040,Body of pancreas,ROI1,endothelial,180,153.59
HPAP-040,Body of pancreas,ROI1,endothelial,190,148.06
HPAP-040,Body of pancreas,ROI1,endothelial,200,142.24
HPAP-040,Body of pancreas,ROI2,cd8_t,10,-10.0
HPAP-040,Body of pancreas,ROI2,cd8_t,20,-20.0
HPAP-040,Body of pancreas,ROI2,cd8_t,30,77.27
HPAP-040,Body of pancreas,ROI2,cd8_t,40,67.27
HPAP-040,Body of pancreas,ROI2,cd8_t,50,57.27
HPAP-040,Body of pancreas,ROI2,cd8_t,60,47.27
HPAP-040,Body of pancreas,ROI2,cd8_t,70,37.27
HPAP-040,Body of pancreas,ROI2,cd8_t,80,43.87
HPAP-040,Body of pancreas,ROI2,cd8_t,90,33.87
HPAP-040,Body of pancreas,ROI2,cd8_t,100,38.49
HPAP-040,Body of pancreas,ROI2,cd8_t,110,28.49
HPAP-040,Body of pancreas,ROI2,cd8_t,120,18.49
HPAP-040,Body of pancreas,ROI2,cd8_t,130,8.49
HPAP-040,Body of pancreas,ROI2,cd8_t,140,11.71
HPAP-040,Body of pancreas,ROI2,cd8_t,150,1.71
HPAP-040,Body of pancreas,ROI2,cd8_t,160,15.17
HPAP-040,Body of pancreas,ROI2,cd8_t,170,5.17
HPAP-040,Body of pancreas,ROI2,cd8_t,180,5.8
HPAP-040,Body of pancreas,ROI2,cd8_t,190,-4.2
HPAP-040,Body of pancreas,ROI2,cd8_t,200,-14.2
HPAP-040,Body of pancreas,ROI2,macrophage,10,-10.0
HPAP-040,Body of pancreas,ROI2,macrophage,20,37.66
HPAP-040,Body of pancreas,ROI2,macrophage,30,32.28
HPAP-040,Body of pancreas,ROI2,macrophage,40,30.61
HPAP-040,Body of pancreas,ROI2,macrophage,50,20.61
HPAP-040,Body of pancreas,ROI2,macrophage,60,14.43
HPAP-040,Body of pancreas,ROI2,macrophage,70,11.54
HPAP-040,Body of pancreas,ROI2,macrophage,80,11.16
HPAP-040,Body of pancreas,ROI2,macrophage,90,15.27
HPAP-040,Body of pancreas,ROI2,macrophage,100,20.02
HPAP-040,Body of pancreas,ROI2,macrophage,110,16.76
HPAP-040,Body of pancreas,ROI2,macrophage,120,17.25
HPAP-040,Body of pancreas,ROI2,macrophage,130,9.25
HPAP-040,Body of pancreas,ROI2,macrophage,140,8.87
HPAP-040,Body of pancreas,ROI2,macrophage,150,4.35
HPAP-040,Body of pancreas,ROI2,macrophage,160,-3.86
HPAP-040,Body of pancreas,ROI2,macrophage,170,-12.1
HPAP-040,Body of pancreas,ROI2,macrophage,180,-15.23
HPAP-040,Body of pancreas,ROI2,macrophage,190,-21.9
HPAP-040,Body of pancreas,ROI2,macrophage,200,-23.86
HPAP-040,Body of pancreas,ROI2,mdsc,10,-2.04
HPAP-040,Body of pancreas,ROI2,mdsc,20,22.1
HPAP-040,Body of pancreas,ROI2,mdsc,30,28.2
HPAP-040,Body of pancreas,ROI2,mdsc,40,31.83
HPAP-040,Body of pancreas,ROI2,mdsc,50,38.78
HPAP-040,Body of pancreas,ROI2,mdsc,60,43.14
HPAP-040,Body of pancreas,ROI2,mdsc,70,46.27
HPAP-040,Body of pancreas,ROI2,mdsc,80,48.8
HPAP-040,Body of pancreas,ROI2,mdsc,90,49.76
HPAP-040,Body of pancreas,ROI2,mdsc,100,49.61
HPAP-040,Body of pancreas,ROI2,mdsc,110,49.93
HPAP-040,Body of pancreas,ROI2,mdsc,120,48.79
HPAP-040,Body of pancreas,ROI2,mdsc,130,49.7
HPAP-040,Body of pancreas,ROI2,mdsc,140,50.64
HPAP-040,Body of pancreas,ROI2,mdsc,150,51.53
HPAP-040,Body of pancreas,ROI2,mdsc,160,51.8
HPAP-040,Body of pancreas,ROI2,mdsc,170,51.3
HPAP-040,Body of pancreas,ROI2,mdsc,180,49.1
HPAP-040,Body of pancreas,ROI2,mdsc,190,47.51
HPAP-040,Body of pancreas,ROI2,mdsc,200,45.32
HPAP-040,Body of pancreas,ROI2,other_immune,10,0.69
HPAP-040,Body of pancreas,ROI2,other_immune,20,6.2
HPAP-040,Body of pancreas,ROI2,other_immune,30,8.56
HPAP-040,Body of pancreas,ROI2,other_immune,40,9.73
HPAP-040,Body of pancreas,ROI2,other_immune,50,11.84
HPAP-040,Body of pancreas,ROI2,other_immune,60,11.24
HPAP-040,Body of pancreas,ROI2,other_immune,70,10.48
HPAP-040,Body of pancreas,ROI2,other_immune,80,10.04
HPAP-040,Body of pancreas,ROI2,other_immune,90,9.25
HPAP-040,Body of pancreas,ROI2,other_immune,100,8.87
HPAP-040,Body of pancreas,ROI2,other_immune,110,7.52
HPAP-040,Body of pancreas,ROI2,other_immune,120,5.64
HPAP-040,Body of pancreas,ROI2,other_immune,130,4.16
HPAP-040,Body of pancreas,ROI2,other_immune,140,2.11
HPAP-040,Body of pancreas,ROI2,other_immune,150,-0.06
HPAP-040,Body of pancreas,ROI2,other_immune,160,-2.48
HPAP-040,Body of pancreas,ROI2,other_immune,170,-5.33
HPAP-040,Body of pancreas,ROI2,other_immune,180,-7.8
HPAP-040,Body of pancreas,ROI2,other_immune,190,-10.52
HPAP-040,Body of pancreas,ROI2,other_immune,200,-13.28
HPAP-040,Body of pancreas,ROI2,fibroblast,10,-0.84
HPAP-040,Body of pancreas,ROI2,fibroblast,20,9.11
HPAP-040,Body of pancreas,ROI2,fibroblast,30,10.96
HPAP-040,Body of pancreas,ROI2,fibroblast,40,12.45
HPAP-040,Body of pancreas,ROI2,fibroblast,50,14.76
HPAP-040,Body of pancreas,ROI2,fibroblast,60,15.58
HPAP-040,Body of pancreas,ROI2,fibroblast,70,15.62
HPAP-040,Body of pancreas,ROI2,fibroblast,80,14.29
HPAP-040,Body of pancreas,ROI2,fibroblast,90,13.49
HPAP-040,Body of pancreas,ROI2,fibroblast,100,13.1
HPAP-040,Body of pancreas,ROI2,fibroblast,110,12.91
HPAP-040,Body of pancreas,ROI2,fibroblast,120,11.48
HPAP-040,Body of pancreas,ROI2,fibroblast,130,9.31
HPAP-040,Body of pancreas,ROI2,fibroblast,140,7.1
HPAP-040,Body of pancreas,ROI2,fibroblast,150,5.58
HPAP-040,Body of pancreas,ROI2,fibroblast,160,3.24
HPAP-040,Body of pancreas,ROI2,fibroblast,170,0.75
HPAP-040,Body of pancreas,ROI2,fibroblast,180,-2.15
HPAP-040,Body of pancreas,ROI2,fibroblast,190,-4.83
HPAP-040,Body of pancreas,ROI2,fibroblast,200,-7.83
HPAP-040,Body of pancreas,ROI3,cd8_t,10,-10.0
HPAP-040,Body of pancreas,ROI3,cd8_t,20,-20.0
HPAP-040,Body of pancreas,ROI3,cd8_t,30,-30.0
HPAP-040,Body of pancreas,ROI3,cd8_t,40,24.25
HPAP-040,Body of pancreas,ROI3,cd8_t,50,14.25
HPAP-040,Body of pancreas,ROI3,cd8_t,60,18.69
HPAP-040,Body of pancreas,ROI3,cd8_t,70,8.69
HPAP-040,Body of pancreas,ROI3,cd8_t,80,10.87
HPAP-040,Body of pancreas,ROI3,cd8_t,90,0.87
HPAP-040,Body of pancreas,ROI3,cd8_t,100,1.59
HPAP-040,Body of pancreas,ROI3,cd8_t,110,1.29
HPAP-040,Body of pancreas,ROI3,cd8_t,120,0.2
HPAP-040,Body of pancreas,ROI3,cd8_t,130,-9.8
HPAP-040,Body of pancreas,ROI3,cd8_t,140,-11.5
HPAP-040,Body of pancreas,ROI3,cd8_t,150,-6.33
HPAP-040,Body of pancreas,ROI3,cd8_t,160,-9.32
HPAP-040,Body of pancreas,ROI3,cd8_t,170,-6.19
HPAP-040,Body of pancreas,ROI3,cd8_t,180,-4.04
HPAP-040,Body of pancreas,ROI3,cd8_t,190,-8.27
HPAP-040,Body of pancreas,ROI3,cd8_t,200,-18.27
HPAP-040,Body of pancreas,ROI3,macrophage,10,10.64
HPAP-040,Body of pancreas,ROI3,macrophage,20,0.64
HPAP-040,Body of pancreas,ROI3,macrophage,30,5.76
HPAP-040,Body of pancreas,ROI3,macrophage,40,10.57
HPAP-040,Body of pancreas,ROI3,macrophage,50,4.62
HPAP-040,Body of pancreas,ROI3,macrophage,60,25.12
HPAP-040,Body of pancreas,ROI3,macrophage,70,24.61
HPAP-040,Body of pancreas,ROI3,macrophage,80,29.24
HPAP-040,Body of pancreas,ROI3,macrophage,90,33.87
HPAP-040,Body of pancreas,ROI3,macrophage,100,32.19
HPAP-040,Body of pancreas,ROI3,macrophage,110,35.98
HPAP-040,Body of pancreas,ROI3,macrophage,120,34.49
HPAP-040,Body of pancreas,ROI3,macrophage,130,37.72
HPAP-040,Body of pancreas,ROI3,macrophage,140,41.16
HPAP-040,Body of pancreas,ROI3,macrophage,150,41.45
HPAP-040,Body of pancreas,ROI3,macrophage,160,39.09
HPAP-040,Body of pancreas,ROI3,macrophage,170,35.41
HPAP-040,Body of pancreas,ROI3,macrophage,180,27.47
HPAP-040,Body of pancreas,ROI3,macrophage,190,30.42
HPAP-040,Body of pancreas,ROI3,macrophage,200,26.15
HPAP-040,Body of pancreas,ROI3,mdsc,10,3.35
HPAP-040,Body of pancreas,ROI3,mdsc,20,21.04
HPAP-040,Body of pancreas,ROI3,mdsc,30,29.96
HPAP-040,Body of pancreas,ROI3,mdsc,40,39.26
HPAP-040,Body of pancreas,ROI3,mdsc,50,46.33
HPAP-040,Body of pancreas,ROI3,mdsc,60,51.45
HPAP-040,Body of pancreas,ROI3,mdsc,70,56.55
HPAP-040,Body of pancreas,ROI3,mdsc,80,62.56
HPAP-040,Body of pancreas,ROI3,mdsc,90,67.71
HPAP-040,Body of pancreas,ROI3,mdsc,100,73.03
HPAP-040,Body of pancreas,ROI3,mdsc,110,77.93
HPAP-040,Body of pancreas,ROI3,mdsc,120,81.0
HPAP-040,Body of pancreas,ROI3,mdsc,130,84.56
HPAP-040,Body of pancreas,ROI3,mdsc,140,87.92
HPAP-040,Body of pancreas,ROI3,mdsc,150,90.47
HPAP-040,Body of pancreas,ROI3,mdsc,160,93.36
HPAP-040,Body of pancreas,ROI3,mdsc,170,94.49
HPAP-040,Body of pancreas,ROI3,mdsc,180,96.78
HPAP-040,Body of pancreas,ROI3,mdsc,190,98.7
HPAP-040,Body of pancreas,ROI3,mdsc,200,99.11
HPAP-040,Body of pancreas,ROI3,other_immune,10,-1.08
HPAP-040,Body of pancreas,ROI3,other_immune,20,12.28
HPAP-040,Body of pancreas,ROI3,other_immune,30,20.61
HPAP-040,Body of pancreas,ROI3,other_immune,40,27.23
HPAP-040,Body of pancreas,ROI3,other_immune,50,33.72
HPAP-040,Body of pancreas,ROI3,other_immune,60,38.37
HPAP-040,Body of pancreas,ROI3,other_immune,70,43.12
HPAP-040,Body of pancreas,ROI3,other_immune,80,46.63
HPAP-040,Body of pancreas,ROI3,other_immune,90,50.73
HPAP-040,Body of pancreas,ROI3,other_immune,100,53.9
HPAP-040,Body of pancreas,ROI3,other_immune,110,56.52
HPAP-040,Body of pancreas,ROI3,other_immune,120,58.17
HPAP-040,Body of pancreas,ROI3,other_immune,130,60.39
HPAP-040,Body of pancreas,ROI3,other_immune,140,62.62
HPAP-040,Body of pancreas,ROI3,other_immune,150,64.61
HPAP-040,Body of pancreas,ROI3,other_immune,160,65.91
HPAP-040,Body of pancreas,ROI3,other_immune,170,66.62
HPAP-040,Body of pancreas,ROI3,other_immune,180,66.59
HPAP-040,Body of pancreas,ROI3,other_immune,190,66.31
HPAP-040,Body of pancreas,ROI3,other_immune,200,65.51
HPAP-040,Body of pancreas,ROI3,fibroblast,10,-3.53
HPAP-040,Body of pancreas,ROI3,fibroblast,20,8.81
HPAP-040,Body of pancreas,ROI3,fibroblast,30,13.53
HPAP-040,Body of pancreas,ROI3,fibroblast,40,16.36
HPAP-040,Body of pancreas,ROI3,fibroblast,50,19.12
HPAP-040,Body of pancreas,ROI3,fibroblast,60,20.91
HPAP-040,Body of pancreas,ROI3,fibroblast,70,22.83
HPAP-040,Body of pancreas,ROI3,fibroblast,80,23.66
HPAP-040,Body of pancreas,ROI3,fibroblast,90,24.76
HPAP-040,Body of pancreas,ROI3,fibroblast,100,25.27
HPAP-040,Body of pancreas,ROI3,fibroblast,110,25.43
HPAP-040,Body of pancreas,ROI3,fibroblast,120,25.23
HPAP-040,Body of pancreas,ROI3,fibroblast,130,25.02
HPAP-040,Body of pancreas,ROI3,fibroblast,140,24.78
HPAP-040,Body of pancreas,ROI3,fibroblast,150,23.38
HPAP-040,Body of pancreas,ROI3,fibroblast,160,22.31
HPAP-040,Body of pancreas,ROI3,fibroblast,170,21.0
HPAP-040,Body of pancreas,ROI3,fibroblast,180,19.77
HPAP-040,Body of pancreas,ROI3,fibroblast,190,18.28
HPAP-040,Body of pancreas,ROI3,fibroblast,200,16.27
HPAP-040,Head of pancreas,ROI1,cd8_t,10,-10.0
HPAP-040,Head of pancreas,ROI1,cd8_t,20,7.67
HPAP-040,Head of pancreas,ROI1,cd8_t,30,-2.33
HPAP-040,Head of pancreas,ROI1,cd8_t,40,-0.87
HPAP-040,Head of pancreas,ROI1,cd8_t,50,17.78
HPAP-040,Head of pancreas,ROI1,cd8_t,60,13.21
HPAP-040,Head of pancreas,ROI1,cd8_t,70,8.27
HPAP-040,Head of pancreas,ROI1,cd8_t,80,7.51
HPAP-040,Head of pancreas,ROI1,cd8_t,90,13.54
HPAP-040,Head of pancreas,ROI1,cd8_t,100,3.54
HPAP-040,Head of pancreas,ROI1,cd8_t,110,-2.83
HPAP-040,Head of pancreas,ROI1,cd8_t,120,-5.91
HPAP-040,Head of pancreas,ROI1,cd8_t,130,-6.25
HPAP-040,Head of pancreas,ROI1,cd8_t,140,-10.21
HPAP-040,Head of pancreas,ROI1,cd8_t,150,-14.44
HPAP-040,Head of pancreas,ROI1,cd8_t,160,-18.9
HPAP-040,Head of pancreas,ROI1,cd8_t,170,-13.46
HPAP-040,Head of pancreas,ROI1,cd8_t,180,-16.29
HPAP-040,Head of pancreas,ROI1,cd8_t,190,-14.99
HPAP-040,Head of pancreas,ROI1,cd8_t,200,-16.45
HPAP-040,Head of pancreas,ROI1,macrophage,10,7.26
HPAP-040,Head of pancreas,ROI1,macrophage,20,14.53
HPAP-040,Head of pancreas,ROI1,macrophage,30,21.79
HPAP-040,Head of pancreas,ROI1,macrophage,40,19.81
HPAP-040,Head of pancreas,ROI1,macrophage,50,16.86
HPAP-040,Head of pancreas,ROI1,macrophage,60,9.06
HPAP-040,Head of pancreas,ROI1,macrophage,70,9.11
HPAP-040,Head of pancreas,ROI1,macrophage,80,11.35
HPAP-040,Head of pancreas,ROI1,macrophage,90,6.12
HPAP-040,Head of pancreas,ROI1,macrophage,100,9.19
HPAP-040,Head of pancreas,ROI1,macrophage,110,12.08
HPAP-040,Head of pancreas,ROI1,macrophage,120,10.34
HPAP-040,Head of pancreas,ROI1,macrophage,130,9.19
HPAP-040,Head of pancreas,ROI1,macrophage,140,4.44
HPAP-040,Head of pancreas,ROI1,macrophage,150,8.23
HPAP-040,Head of pancreas,ROI1,macrophage,160,4.69
HPAP-040,Head of pancreas,ROI1,macrophage,170,-1.73
HPAP-040,Head of pancreas,ROI1,macrophage,180,-2.25
HPAP-040,Head of pancreas,ROI1,macrophage,190,-5.67
HPAP-040,Head of pancreas,ROI1,macrophage,200,-8.53
HPAP-040,Head of pancreas,ROI1,mdsc,10,-2.71
HPAP-040,Head of pancreas,ROI1,mdsc,20,1.59
HPAP-040,Head of pancreas,ROI1,mdsc,30,3.04
HPAP-040,Head of pancreas,ROI1,mdsc,40,4.02
HPAP-040,Head of pancreas,ROI1,mdsc,50,3.84
HPAP-040,Head of pancreas,ROI1,mdsc,60,4.41
HPAP-040,Head of pancreas,ROI1,mdsc,70,4.12
HPAP-040,Head of pancreas,ROI1,mdsc,80,4.29
HPAP-040,Head of pancreas,ROI1,mdsc,90,4.77
HPAP-040,Head of pancreas,ROI1,mdsc,100,4.22
HPAP-040,Head of pancreas,ROI1,mdsc,110,3.24
HPAP-040,Head of pancreas,ROI1,mdsc,120,2.35
HPAP-040,Head of pancreas,ROI1,mdsc,130,0.89
HPAP-040,Head of pancreas,ROI1,mdsc,140,0.25
HPAP-040,Head of pancreas,ROI1,mdsc,150,-0.7
HPAP-040,Head of pancreas,ROI1,mdsc,160,-1.57
HPAP-040,Head of pancreas,ROI1,mdsc,170,-2.61
HPAP-040,Head of pancreas,ROI1,mdsc,180,-3.78
HPAP-040,Head of pancreas,ROI1,mdsc,190,-4.76
HPAP-040,Head of pancreas,ROI1,mdsc,200,-6.06
HPAP-040,Head of pancreas,ROI1,other_immune,10,-3.34
HPAP-040,Head of pancreas,ROI1,other_immune,20,6.63
HPAP-040,Head of pancreas,ROI1,other_immune,30,11.05
HPAP-040,Head of pancreas,ROI1,other_immune,40,13.68
HPAP-040,Head of pancreas,ROI1,other_immune,50,13.87
HPAP-040,Head of pancreas,ROI1,other_immune,60,13.55
HPAP-040,Head of pancreas,ROI1,other_immune,70,12.5
HPAP-040,Head of pancreas,ROI1,other_immune,80,12.02
HPAP-040,Head of pancreas,ROI1,other_immune,90,12.83
HPAP-040,Head of pancreas,ROI1,other_immune,100,11.22
HPAP-040,Head of pancreas,ROI1,other_immune,110,10.41
HPAP-040,Head of pancreas,ROI1,other_immune,120,10.99
HPAP-040,Head of pancreas,ROI1,other_immune,130,9.67
HPAP-040,Head of pancreas,ROI1,other_immune,140,8.14
HPAP-040,Head of pancreas,ROI1,other_immune,150,7.22
HPAP-040,Head of pancreas,ROI1,other_immune,160,4.99
HPAP-040,Head of pancreas,ROI1,other_immune,170,5.03
HPAP-040,Head of pancreas,ROI1,other_immune,180,5.19
HPAP-040,Head of pancreas,ROI1,other_immune,190,4.3
HPAP-040,Head of pancreas,ROI1,other_immune,200,2.13
HPAP-040,Head of pancreas,ROI2,cd8_t,10,11.8
HPAP-040,Head of pancreas,ROI2,cd8_t,20,1.8
HPAP-040,Head of pancreas,ROI2,cd8_t,30,0.83
HPAP-040,Head of pancreas,ROI2,cd8_t,40,3.6
HPAP-040,Head of pancreas,ROI2,cd8_t,50,18.94
HPAP-040,Head of pancreas,ROI2,cd8_t,60,8.94
HPAP-040,Head of pancreas,ROI2,cd8_t,70,2.31
HPAP-040,Head of pancreas,ROI2,cd8_t,80,7.2
HPAP-040,Head of pancreas,ROI2,cd8_t,90,9.9
HPAP-040,Head of pancreas,ROI2,cd8_t,100,2.25
HPAP-040,Head of pancreas,ROI2,cd8_t,110,7.4
HPAP-040,Head of pancreas,ROI2,cd8_t,120,10.8
HPAP-040,Head of pancreas,ROI2,cd8_t,130,12.96
HPAP-040,Head of pancreas,ROI2,cd8_t,140,9.46
HPAP-040,Head of pancreas,ROI2,cd8_t,150,4.15
HPAP-040,Head of pancreas,ROI2,cd8_t,160,-1.29
HPAP-040,Head of pancreas,ROI2,cd8_t,170,0.27
HPAP-040,Head of pancreas,ROI2,cd8_t,180,-4.24
HPAP-040,Head of pancreas,ROI2,cd8_t,190,-10.23
HPAP-040,Head of pancreas,ROI2,cd8_t,200,-12.46
HPAP-040,Head of pancreas,ROI2,macrophage,10,-10.0
HPAP-040,Head of pancreas,ROI2,macrophage,20,12.81
HPAP-040,Head of pancreas,ROI2,macrophage,30,16.4
HPAP-040,Head of pancreas,ROI2,macrophage,40,21.39
HPAP-040,Head of pancreas,ROI2,macrophage,50,17.64
HPAP-040,Head of pancreas,ROI2,macrophage,60,15.18
HPAP-040,Head of pancreas,ROI2,macrophage,70,16.81
HPAP-040,Head of pancreas,ROI2,macrophage,80,11.35
HPAP-040,Head of pancreas,ROI2,macrophage,90,11.13
HPAP-040,Head of pancreas,ROI2,macrophage,100,5.05
HPAP-040,Head of pancreas,ROI2,macrophage,110,6.01
HPAP-040,Head of pancreas,ROI2,macrophage,120,2.77
HPAP-040,Head of pancreas,ROI2,macrophage,130,1.25
HPAP-040,Head of pancreas,ROI2,macrophage,140,0.17
HPAP-040,Head of pancreas,ROI2,macrophage,150,0.36
HPAP-040,Head of pancreas,ROI2,macrophage,160,-2.64
HPAP-040,Head of pancreas,ROI2,macrophage,170,-3.5
HPAP-040,Head of pancreas,ROI2,macrophage,180,-4.83
HPAP-040,Head of pancreas,ROI2,macrophage,190,-3.66
HPAP-040,Head of pancreas,ROI2,macrophage,200,-6.57
HPAP-040,Head of pancreas,ROI2,mdsc,10,-1.57
HPAP-040,Head of pancreas,ROI2,mdsc,20,2.36
HPAP-040,Head of pancreas,ROI2,mdsc,30,2.64
HPAP-040,Head of pancreas,ROI2,mdsc,40,2.02
HPAP-040,Head of pancreas,ROI2,mdsc,50,0.65
HPAP-040,Head of pancreas,ROI2,mdsc,60,-0.02
HPAP-040,Head of pancreas,ROI2,mdsc,70,-0.62
HPAP-040,Head of pancreas,ROI2,mdsc,80,-0.24
HPAP-040,Head of pancreas,ROI2,mdsc,90,-0.61
HPAP-040,Head of pancreas,ROI2,mdsc,100,-1.27
HPAP-040,Head of pancreas,ROI2,mdsc,110,-1.91
HPAP-040,Head of pancreas,ROI2,mdsc,120,-2.66
HPAP-040,Head of pancreas,ROI2,mdsc,130,-3.94
HPAP-040,Head of pancreas,ROI2,mdsc,140,-4.98
HPAP-040,Head of pancreas,ROI2,mdsc,150,-5.79
HPAP-040,Head of pancreas,ROI2,mdsc,160,-7.31
HPAP-040,Head of pancreas,ROI2,mdsc,170,-9.25
HPAP-040,Head of pancreas,ROI2,mdsc,180,-10.76
HPAP-040,Head of pancreas,ROI2,mdsc,190,-12.0
HPAP-040,Head of pancreas,ROI2,mdsc,200,-13.6
HPAP-040,Head of pancreas,ROI2,other_immune,10,-0.61
HPAP-040,Head of pancreas,ROI2,other_immune,20,13.31
HPAP-040,Head of pancreas,ROI2,other_immune,30,17.27
HPAP-040,Head of pancreas,ROI2,other_immune,40,21.46
HPAP-040,Head of pancreas,ROI2,other_immune,50,25.71
HPAP-040,Head of pancreas,ROI2,other_immune,60,27.51
HPAP-040,Head of pancreas,ROI2,other_immune,70,28.98
HPAP-040,Head of pancreas,ROI2,other_immune,80,30.38
HPAP-040,Head of pancreas,ROI2,other_immune,90,31.18
HPAP-040,Head of pancreas,ROI2,other_immune,100,32.67
HPAP-040,Head of pancreas,ROI2,other_immune,110,33.88
HPAP-040,Head of pancreas,ROI2,other_immune,120,34.05
HPAP-040,Head of pancreas,ROI2,other_immune,130,33.62
HPAP-040,Head of pancreas,ROI2,other_immune,140,32.35
HPAP-040,Head of pancreas,ROI2,other_immune,150,30.94
HPAP-040,Head of pancreas,ROI2,other_immune,160,29.1
HPAP-040,Head of pancreas,ROI2,other_immune,170,27.6
HPAP-040,Head of pancreas,ROI2,other_immune,180,25.57
HPAP-040,Head of pancreas,ROI2,other_immune,190,24.15
HPAP-040,Head of pancreas,ROI2,other_immune,200,22.31
HPAP-040,Head of pancreas,ROI3,cd8_t,10,-10.0
HPAP-040,Head of pancreas,ROI3,cd8_t,20,-20.0
HPAP-040,Head of pancreas,ROI3,cd8_t,30,3.86
HPAP-040,Head of pancreas,ROI3,cd8_t,40,27.71
HPAP-040,Head of pancreas,ROI3,cd8_t,50,25.71
HPAP-040,Head of pancreas,ROI3,cd8_t,60,29.58
HPAP-040,Head of pancreas,ROI3,cd8_t,70,19.58
HPAP-040,Head of pancreas,ROI3,cd8_t,80,15.76
HPAP-040,Head of pancreas,ROI3,cd8_t,90,11.57
HPAP-040,Head of pancreas,ROI3,cd8_t,100,12.29
HPAP-040,Head of pancreas,ROI3,cd8_t,110,7.28
HPAP-040,Head of pancreas,ROI3,cd8_t,120,6.68
HPAP-040,Head of pancreas,ROI3,cd8_t,130,-3.32
HPAP-040,Head of pancreas,ROI3,cd8_t,140,-4.57
HPAP-040,Head of pancreas,ROI3,cd8_t,150,-10.41
HPAP-040,Head of pancreas,ROI3,cd8_t,160,-4.85
HPAP-040,Head of pancreas,ROI3,cd8_t,170,-4.14
HPAP-040,Head of pancreas,ROI3,cd8_t,180,-10.72
HPAP-040,Head of pancreas,ROI3,cd8_t,190,-17.36
HPAP-040,Head of pancreas,ROI3,cd8_t,200,-20.85
HPAP-040,Head of pancreas,ROI3,macrophage,10,-10.0
HPAP-040,Head of pancreas,ROI3,macrophage,20,0.41
HPAP-040,Head of pancreas,ROI3,macrophage,30,3.33
HPAP-040,Head of pancreas,ROI3,macrophage,40,4.09
HPAP-040,Head of pancreas,ROI3,macrophage,50,7.73
HPAP-040,Head of pancreas,ROI3,macrophage,60,10.71
HPAP-040,Head of pancreas,ROI3,macrophage,70,7.28
HPAP-040,Head of pancreas,ROI3,macrophage,80,6.6
HPAP-040,Head of pancreas,ROI3,macrophage,90,5.01
HPAP-040,Head of pancreas,ROI3,macrophage,100,0.69
HPAP-040,Head of pancreas,ROI3,macrophage,110,1.18
HPAP-040,Head of pancreas,ROI3,macrophage,120,0.18
HPAP-040,Head of pancreas,ROI3,macrophage,130,0.17
HPAP-040,Head of pancreas,ROI3,macrophage,140,0.93
HPAP-040,Head of pancreas,ROI3,macrophage,150,-5.19
HPAP-040,Head of pancreas,ROI3,macrophage,160,-7.71
HPAP-040,Head of pancreas,ROI3,macrophage,170,-8.85
HPAP-040,Head of pancreas,ROI3,macrophage,180,-12.09
HPAP-040,Head of pancreas,ROI3,macrophage,190,-12.44
HPAP-040,Head of pancreas,ROI3,macrophage,200,-14.79
HPAP-040,Head of pancreas,ROI3,mdsc,10,-3.06
HPAP-040,Head of pancreas,ROI3,mdsc,20,2.8
HPAP-040,Head of pancreas,ROI3,mdsc,30,3.21
HPAP-040,Head of pancreas,ROI3,mdsc,40,2.7
HPAP-040,Head of pancreas,ROI3,mdsc,50,2.38
HPAP-040,Head of pancreas,ROI3,mdsc,60,2.84
HPAP-040,Head of pancreas,ROI3,mdsc,70,2.4
HPAP-040,Head of pancreas,ROI3,mdsc,80,1.95
HPAP-040,Head of pancreas,ROI3,mdsc,90,1.51
HPAP-040,Head of pancreas,ROI3,mdsc,100,0.76
HPAP-040,Head of pancreas,ROI3,mdsc,110,-0.5
HPAP-040,Head of pancreas,ROI3,mdsc,120,-1.76
HPAP-040,Head of pancreas,ROI3,mdsc,130,-2.81
HPAP-040,Head of pancreas,ROI3,mdsc,140,-4.23
HPAP-040,Head of pancreas,ROI3,mdsc,150,-5.91
HPAP-040,Head of pancreas,ROI3,mdsc,160,-7.07
HPAP-040,Head of pancreas,ROI3,mdsc,170,-8.8
HPAP-040,Head of pancreas,ROI3,mdsc,180,-10.6
HPAP-040,Head of pancreas,ROI3,mdsc,190,-13.06
HPAP-040,Head of pancreas,ROI3,mdsc,200,-15.53
HPAP-040,Head of pancreas,ROI3,other_immune,10,-1.77
HPAP-040,Head of pancreas,ROI3,other_immune,20,4.46
HPAP-040,Head of pancreas,ROI3,other_immune,30,4.59
HPAP-040,Head of pancreas,ROI3,other_immune,40,5.37
HPAP-040,Head of pancreas,ROI3,other_immune,50,5.76
HPAP-040,Head of pancreas,ROI3,other_immune,60,6.8
HPAP-040,Head of pancreas,ROI3,other_immune,70,6.5
HPAP-040,Head of pancreas,ROI3,other_immune,80,6.71
HPAP-040,Head of pancreas,ROI3,other_immune,90,6.45
HPAP-040,Head of pancreas,ROI3,other_immune,100,5.92
HPAP-040,Head of pancreas,ROI3,other_immune,110,4.31
HPAP-040,Head of pancreas,ROI3,other_immune,120,3.26
HPAP-040,Head of pancreas,ROI3,other_immune,130,2.53
HPAP-040,Head of pancreas,ROI3,other_immune,140,1.46
HPAP-040,Head of pancreas,ROI3,other_immune,150,-0.23
HPAP-040,Head of pancreas,ROI3,other_immune,160,-1.12
HPAP-040,Head of pancreas,ROI3,other_immune,170,-2.62
HPAP-040,Head of pancreas,ROI3,other_immune,180,-3.79
HPAP-040,Head of pancreas,ROI3,other_immune,190,-5.62
HPAP-040,Head of pancreas,ROI3,other_immune,200,-7.29
HPAP-040,Head of pancreas,ROI3,endothelial,10,2.75
HPAP-040,Head of pancreas,ROI3,endothelial,20,42.45
HPAP-040,Head of pancreas,ROI3,endothelial,30,64.96
HPAP-040,Head of pancreas,ROI3,endothelial,40,85.3
HPAP-040,Head of pancreas,ROI3,endothelial,50,104.16
HPAP-040,Head of pancreas,ROI3,endothelial,60,119.43
HPAP-040,Head of pancreas,ROI3,endothelial,70,134.1
HPAP-040,Head of pancreas,ROI3,endothelial,80,146.51
HPAP-040,Head of pancreas,ROI3,endothelial,90,157.79
HPAP-040,Head of pancreas,ROI3,endothelial,100,169.54
HPAP-040,Head of pancreas,ROI3,endothelial,110,178.72
HPAP-040,Head of pancreas,ROI3,endothelial,120,187.36
HPAP-040,Head of pancreas,ROI3,endothelial,130,195.08
HPAP-040,Head of pancreas,ROI3,endothelial,140,202.31
HPAP-040,Head of pancreas,ROI3,endothelial,150,207.55
HPAP-040,Head of pancreas,ROI3,endothelial,160,212.16
HPAP-040,Head of pancreas,ROI3,endothelial,170,215.83
HPAP-040,Head of pancreas,ROI3,endothelial,180,219.51
HPAP-040,Head of pancreas,ROI3,endothelial,190,221.11
HPAP-040,Head of pancreas,ROI3,endothelial,200,221.84
HPAP-040,Tail of pancreas,ROI1,cd8_t,10,-10.0
HPAP-040,Tail of pancreas,ROI1,cd8_t,20,25.48
HPAP-040,Tail of pancreas,ROI1,cd8_t,30,15.48
HPAP-040,Tail of pancreas,ROI1,cd8_t,40,24.32
HPAP-040,Tail of pancreas,ROI1,cd8_t,50,28.78
HPAP-040,Tail of pancreas,ROI1,cd8_t,60,18.78
HPAP-040,Tail of pancreas,ROI1,cd8_t,70,20.97
HPAP-040,Tail of pancreas,ROI1,cd8_t,80,10.97
HPAP-040,Tail of pancreas,ROI1,cd8_t,90,11.7
HPAP-040,Tail of pancreas,ROI1,cd8_t,100,11.41
HPAP-040,Tail of pancreas,ROI1,cd8_t,110,10.34
HPAP-040,Tail of pancreas,ROI1,cd8_t,120,8.65
HPAP-040,Tail of pancreas,ROI1,cd8_t,130,-1.35
HPAP-040,Tail of pancreas,ROI1,cd8_t,140,-3.55
HPAP-040,Tail of pancreas,ROI1,cd8_t,150,-6.17
HPAP-040,Tail of pancreas,ROI1,cd8_t,160,-16.17
HPAP-040,Tail of pancreas,ROI1,cd8_t,170,-19.15
HPAP-040,Tail of pancreas,ROI1,cd8_t,180,-29.15
HPAP-040,Tail of pancreas,ROI1,cd8_t,190,-26.01
HPAP-040,Tail of pancreas,ROI1,cd8_t,200,-23.84
HPAP-040,Tail of pancreas,ROI1,macrophage,10,-10.0
HPAP-040,Tail of pancreas,ROI1,macrophage,20,5.29
HPAP-040,Tail of pancreas,ROI1,macrophage,30,0.97
HPAP-040,Tail of pancreas,ROI1,macrophage,40,10.57
HPAP-040,Tail of pancreas,ROI1,macrophage,50,16.9
HPAP-040,Tail of pancreas,ROI1,macrophage,60,19.96
HPAP-040,Tail of pancreas,ROI1,macrophage,70,24.61
HPAP-040,Tail of pancreas,ROI1,macrophage,80,30.22
HPAP-040,Tail of pancreas,ROI1,macrophage,90,28.61
HPAP-040,Tail of pancreas,ROI1,macrophage,100,23.88
HPAP-040,Tail of pancreas,ROI1,macrophage,110,18.94
HPAP-040,Tail of pancreas,ROI1,macrophage,120,20.79
HPAP-040,Tail of pancreas,ROI1,macrophage,130,15.26
HPAP-040,Tail of pancreas,ROI1,macrophage,140,9.6
HPAP-040,Tail of pancreas,ROI1,macrophage,150,4.85
HPAP-040,Tail of pancreas,ROI1,macrophage,160,5.82
HPAP-040,Tail of pancreas,ROI1,macrophage,170,2.43
HPAP-040,Tail of pancreas,ROI1,macrophage,180,-2.99
HPAP-040,Tail of pancreas,ROI1,macrophage,190,-0.77
HPAP-040,Tail of pancreas,ROI1,macrophage,200,1.5
HPAP-040,Tail of pancreas,ROI1,mdsc,10,2.73
HPAP-040,Tail of pancreas,ROI1,mdsc,20,22.22
HPAP-040,Tail of pancreas,ROI1,mdsc,30,20.92
HPAP-040,Tail of pancreas,ROI1,mdsc,40,19.71
HPAP-040,Tail of pancreas,ROI1,mdsc,50,17.36
HPAP-040,Tail of pancreas,ROI1,mdsc,60,14.23
HPAP-040,Tail of pancreas,ROI1,mdsc,70,9.5
HPAP-040,Tail of pancreas,ROI1,mdsc,80,6.34
HPAP-040,Tail of pancreas,ROI1,mdsc,90,3.55
HPAP-040,Tail of pancreas,ROI1,mdsc,100,3.42
HPAP-040,Tail of pancreas,ROI1,mdsc,110,4.57
HPAP-040,Tail of pancreas,ROI1,mdsc,120,4.73
HPAP-040,Tail of pancreas,ROI1,mdsc,130,2.91
HPAP-040,Tail of pancreas,ROI1,mdsc,140,-1.13
HPAP-040,Tail of pancreas,ROI1,mdsc,150,-3.18
HPAP-040,Tail of pancreas,ROI1,mdsc,160,-2.02
HPAP-040,Tail of pancreas,ROI1,mdsc,170,-4.01
HPAP-040,Tail of pancreas,ROI1,mdsc,180,-5.45
HPAP-040,Tail of pancreas,ROI1,mdsc,190,-3.77
HPAP-040,Tail of pancreas,ROI1,mdsc,200,-5.68
HPAP-040,Tail of pancreas,ROI1,other_immune,10,-0.45
HPAP-040,Tail of pancreas,ROI1,other_immune,20,9.32
HPAP-040,Tail of pancreas,ROI1,other_immune,30,13.19
HPAP-040,Tail of pancreas,ROI1,other_immune,40,14.24
HPAP-040,Tail of pancreas,ROI1,other_immune,50,13.97
HPAP-040,Tail of pancreas,ROI1,other_immune,60,13.55
HPAP-040,Tail of pancreas,ROI1,other_immune,70,12.46
HPAP-040,Tail of pancreas,ROI1,other_immune,80,10.59
HPAP-040,Tail of pancreas,ROI1,other_immune,90,8.42
HPAP-040,Tail of pancreas,ROI1,other_immune,100,5.75
HPAP-040,Tail of pancreas,ROI1,other_immune,110,3.62
HPAP-040,Tail of pancreas,ROI1,other_immune,120,1.95
HPAP-040,Tail of pancreas,ROI1,other_immune,130,0.07
HPAP-040,Tail of pancreas,ROI1,other_immune,140,-1.8
HPAP-040,Tail of pancreas,ROI1,other_immune,150,-3.81
HPAP-040,Tail of pancreas,ROI1,other_immune,160,-6.0
HPAP-040,Tail of pancreas,ROI1,other_immune,170,-7.69
HPAP-040,Tail of pancreas,ROI1,other_immune,180,-9.46
HPAP-040,Tail of pancreas,ROI1,other_immune,190,-11.42
HPAP-040,Tail of pancreas,ROI1,other_immune,200,-13.68
HPAP-040,Tail of pancreas,ROI2,cd8_t,10,-10.0
HPAP-040,Tail of pancreas,ROI2,cd8_t,20,-2.13
HPAP-040,Tail of pancreas,ROI2,cd8_t,30,0.95
HPAP-040,Tail of pancreas,ROI2,cd8_t,40,-0.05
HPAP-040,Tail of pancreas,ROI2,cd8_t,50,-6.23
HPAP-040,Tail of pancreas,ROI2,cd8_t,60,-3.5
HPAP-040,Tail of pancreas,ROI2,cd8_t,70,-5.58
HPAP-040,Tail of pancreas,ROI2,cd8_t,80,-6.33
HPAP-040,Tail of pancreas,ROI2,cd8_t,90,-6.19
HPAP-040,Tail of pancreas,ROI2,cd8_t,100,-5.45
HPAP-040,Tail of pancreas,ROI2,cd8_t,110,-10.52
HPAP-040,Tail of pancreas,ROI2,cd8_t,120,-7.0
HPAP-040,Tail of pancreas,ROI2,cd8_t,130,-8.82
HPAP-040,Tail of pancreas,ROI2,cd8_t,140,-12.4
HPAP-040,Tail of pancreas,ROI2,cd8_t,150,-16.29
HPAP-040,Tail of pancreas,ROI2,cd8_t,160,-18.18
HPAP-040,Tail of pancreas,ROI2,cd8_t,170,-18.39
HPAP-040,Tail of pancreas,ROI2,cd8_t,180,-21.19
HPAP-040,Tail of pancreas,ROI2,cd8_t,190,-17.69
HPAP-040,Tail of pancreas,ROI2,cd8_t,200,-20.43
HPAP-040,Tail of pancreas,ROI2,macrophage,10,12.27
HPAP-040,Tail of pancreas,ROI2,macrophage,20,15.21
HPAP-040,Tail of pancreas,ROI2,macrophage,30,34.92
HPAP-040,Tail of pancreas,ROI2,macrophage,40,33.85
HPAP-040,Tail of pancreas,ROI2,macrophage,50,33.31
HPAP-040,Tail of pancreas,ROI2,macrophage,60,29.06
HPAP-040,Tail of pancreas,ROI2,macrophage,70,30.81
HPAP-040,Tail of pancreas,ROI2,macrophage,80,29.08
HPAP-040,Tail of pancreas,ROI2,macrophage,90,21.33
HPAP-040,Tail of pancreas,ROI2,macrophage,100,16.76
HPAP-040,Tail of pancreas,ROI2,macrophage,110,11.96
HPAP-040,Tail of pancreas,ROI2,macrophage,120,9.83
HPAP-040,Tail of pancreas,ROI2,macrophage,130,9.94
HPAP-040,Tail of pancreas,ROI2,macrophage,140,5.16
HPAP-040,Tail of pancreas,ROI2,macrophage,150,6.66
HPAP-040,Tail of pancreas,ROI2,macrophage,160,5.13
HPAP-040,Tail of pancreas,ROI2,macrophage,170,5.32
HPAP-040,Tail of pancreas,ROI2,macrophage,180,3.61
HPAP-040,Tail of pancreas,ROI2,macrophage,190,10.4
HPAP-040,Tail of pancreas,ROI2,macrophage,200,6.49
HPAP-040,Tail of pancreas,ROI2,mdsc,10,-0.81
HPAP-040,Tail of pancreas,ROI2,mdsc,20,7.57
HPAP-040,Tail of pancreas,ROI2,mdsc,30,5.6
HPAP-040,Tail of pancreas,ROI2,mdsc,40,5.96
HPAP-040,Tail of pancreas,ROI2,mdsc,50,6.66
HPAP-040,Tail of pancreas,ROI2,mdsc,60,5.64
HPAP-040,Tail of pancreas,ROI2,mdsc,70,6.35
HPAP-040,Tail of pancreas,ROI2,mdsc,80,4.74
HPAP-040,Tail of pancreas,ROI2,mdsc,90,2.37
HPAP-040,Tail of pancreas,ROI2,mdsc,100,-0.15
HPAP-040,Tail of pancreas,ROI2,mdsc,110,-2.02
HPAP-040,Tail of pancreas,ROI2,mdsc,120,-5.2
HPAP-040,Tail of pancreas,ROI2,mdsc,130,-6.34
HPAP-040,Tail of pancreas,ROI2,mdsc,140,-8.72
HPAP-040,Tail of pancreas,ROI2,mdsc,150,-9.4
HPAP-040,Tail of pancreas,ROI2,mdsc,160,-13.22
HPAP-040,Tail of pancreas,ROI2,mdsc,170,-14.01
HPAP-040,Tail of pancreas,ROI2,mdsc,180,-17.9
HPAP-040,Tail of pancreas,ROI2,mdsc,190,-20.52
HPAP-040,Tail of pancreas,ROI2,mdsc,200,-22.72
HPAP-040,Tail of pancreas,ROI2,other_immune,10,-2.2
HPAP-040,Tail of pancreas,ROI2,other_immune,20,3.18
HPAP-040,Tail of pancreas,ROI2,other_immune,30,4.65
HPAP-040,Tail of pancreas,ROI2,other_immune,40,5.83
HPAP-040,Tail of pancreas,ROI2,other_immune,50,6.55
HPAP-040,Tail of pancreas,ROI2,other_immune,60,6.76
HPAP-040,Tail of pancreas,ROI2,other_immune,70,6.34
HPAP-040,Tail of pancreas,ROI2,other_immune,80,6.09
HPAP-040,Tail of pancreas,ROI2,other_immune,90,6.05
HPAP-040,Tail of pancreas,ROI2,other_immune,100,5.37
HPAP-040,Tail of pancreas,ROI2,other_immune,110,4.66
HPAP-040,Tail of pancreas,ROI2,other_immune,120,3.27
HPAP-040,Tail of pancreas,ROI2,other_immune,130,2.75
HPAP-040,Tail of pancreas,ROI2,other_immune,140,1.66
HPAP-040,Tail of pancreas,ROI2,other_immune,150,-0.17
HPAP-040,Tail of pancreas,ROI2,other_immune,160,-1.81
HPAP-040,Tail of pancreas,ROI2,other_immune,170,-3.65
HPAP-040,Tail of pancreas,ROI2,other_immune,180,-5.19
HPAP-040,Tail of pancreas,ROI2,other_immune,190,-7.52
HPAP-040,Tail of pancreas,ROI2,other_immune,200,-9.57
HPAP-040,Tail of pancreas,ROI3,cd8_t,10,18.92
HPAP-040,Tail of pancreas,ROI3,cd8_t,20,20.89
HPAP-040,Tail of pancreas,ROI3,cd8_t,30,10.89
HPAP-040,Tail of pancreas,ROI3,cd8_t,40,30.83
HPAP-040,Tail of pancreas,ROI3,cd8_t,50,31.79
HPAP-040,Tail of pancreas,ROI3,cd8_t,60,40.17
HPAP-040,Tail of pancreas,ROI3,cd8_t,70,30.17
HPAP-040,Tail of pancreas,ROI3,cd8_t,80,24.26
HPAP-040,Tail of pancreas,ROI3,cd8_t,90,18.19
HPAP-040,Tail of pancreas,ROI3,cd8_t,100,19.22
HPAP-040,Tail of pancreas,ROI3,cd8_t,110,22.51
HPAP-040,Tail of pancreas,ROI3,cd8_t,120,24.58
HPAP-040,Tail of pancreas,ROI3,cd8_t,130,31.0
HPAP-040,Tail of pancreas,ROI3,cd8_t,140,26.11
HPAP-040,Tail of pancreas,ROI3,cd8_t,150,21.07
HPAP-040,Tail of pancreas,ROI3,cd8_t,160,18.25
HPAP-040,Tail of pancreas,ROI3,cd8_t,170,21.81
HPAP-040,Tail of pancreas,ROI3,cd8_t,180,18.24
HPAP-040,Tail of pancreas,ROI3,cd8_t,190,12.41
HPAP-040,Tail of pancreas,ROI3,cd8_t,200,6.5
HPAP-040,Tail of pancreas,ROI3,macrophage,10,-10.0
HPAP-040,Tail of pancreas,ROI3,macrophage,20,7.82
HPAP-040,Tail of pancreas,ROI3,macrophage,30,5.92
HPAP-040,Tail of pancreas,ROI3,macrophage,40,24.25
HPAP-040,Tail of pancreas,ROI3,macrophage,50,23.61
HPAP-040,Tail of pancreas,ROI3,macrophage,60,18.69
HPAP-040,Tail of pancreas,ROI3,macrophage,70,15.0
HPAP-040,Tail of pancreas,ROI3,macrophage,80,13.66
HPAP-040,Tail of pancreas,ROI3,macrophage,90,11.59
HPAP-040,Tail of pancreas,ROI3,macrophage,100,8.94
HPAP-040,Tail of pancreas,ROI3,macrophage,110,4.71
HPAP-040,Tail of pancreas,ROI3,macrophage,120,3.38
HPAP-040,Tail of pancreas,ROI3,macrophage,130,2.46
HPAP-040,Tail of pancreas,ROI3,macrophage,140,1.86
HPAP-040,Tail of pancreas,ROI3,macrophage,150,-2.78
HPAP-040,Tail of pancreas,ROI3,macrophage,160,-0.99
HPAP-040,Tail of pancreas,ROI3,macrophage,170,-1.53
HPAP-040,Tail of pancreas,ROI3,macrophage,180,-4.78
HPAP-040,Tail of pancreas,ROI3,macrophage,190,-4.06
HPAP-040,Tail of pancreas,ROI3,macrophage,200,-5.91
HPAP-040,Tail of pancreas,ROI3,mdsc,10,7.01
HPAP-040,Tail of pancreas,ROI3,mdsc,20,18.03
HPAP-040,Tail of pancreas,ROI3,mdsc,30,19.58
HPAP-040,Tail of pancreas,ROI3,mdsc,40,19.52
HPAP-040,Tail of pancreas,ROI3,mdsc,50,19.08
HPAP-040,Tail of pancreas,ROI3,mdsc,60,18.4
HPAP-040,Tail of pancreas,ROI3,mdsc,70,14.18
HPAP-040,Tail of pancreas,ROI3,mdsc,80,11.58
HPAP-040,Tail of pancreas,ROI3,mdsc,90,10.25
HPAP-040,Tail of pancreas,ROI3,mdsc,100,9.23
HPAP-040,Tail of pancreas,ROI3,mdsc,110,6.59
HPAP-040,Tail of pancreas,ROI3,mdsc,120,5.55
HPAP-040,Tail of pancreas,ROI3,mdsc,130,4.72
HPAP-040,Tail of pancreas,ROI3,mdsc,140,1.53
HPAP-040,Tail of pancreas,ROI3,mdsc,150,-1.49
HPAP-040,Tail of pancreas,ROI3,mdsc,160,-3.2
HPAP-040,Tail of pancreas,ROI3,mdsc,170,-3.37
HPAP-040,Tail of pancreas,ROI3,mdsc,180,-4.9
HPAP-040,Tail of pancreas,ROI3,mdsc,190,-7.62
HPAP-040,Tail of pancreas,ROI3,mdsc,200,-8.91
HPAP-040,Tail of pancreas,ROI3,other_immune,10,-2.64
HPAP-040,Tail of pancreas,ROI3,other_immune,20,4.24
HPAP-040,Tail of pancreas,ROI3,other_immune,30,6.17
HPAP-040,Tail of pancreas,ROI3,other_immune,40,6.9
HPAP-040,Tail of pancreas,ROI3,other_immune,50,8.34
HPAP-040,Tail of pancreas,ROI3,other_immune,60,7.98
HPAP-040,Tail of pancreas,ROI3,other_immune,70,8.02
HPAP-040,Tail of pancreas,ROI3,other_immune,80,7.99
HPAP-040,Tail of pancreas,ROI3,other_immune,90,7.38
HPAP-040,Tail of pancreas,ROI3,other_immune,100,6.59
HPAP-040,Tail of pancreas,ROI3,other_immune,110,5.42
HPAP-040,Tail of pancreas,ROI3,other_immune,120,3.3
HPAP-040,Tail of pancreas,ROI3,other_immune,130,1.43
HPAP-040,Tail of pancreas,ROI3,other_immune,140,0.25
HPAP-040,Tail of pancreas,ROI3,other_immune,150,-1.17
HPAP-040,Tail of pancreas,ROI3,other_immune,160,-3.25
HPAP-040,Tail of pancreas,ROI3,other_immune,170,-5.27
HPAP-040,Tail of pancreas,ROI3,other_immune,180,-6.99
HPAP-040,Tail of pancreas,ROI3,other_immune,190,-8.77
HPAP-040,Tail of pancreas,ROI3,other_immune,200,-11.07
HPAP-040,Tail of pancreas,ROI3,endothelial,10,8.87
HPAP-040,Tail of pancreas,ROI3,endothelial,20,50.23
HPAP-040,Tail of pancreas,ROI3,endothelial,30,69.06
HPAP-040,Tail of pancreas,ROI3,endothelial,40,88.55
HPAP-040,Tail of pancreas,ROI3,endothelial,50,97.69
HPAP-040,Tail of pancreas,ROI3,endothelial,60,106.31
HPAP-040,Tail of pancreas,ROI3,endothelial,70,113.61
HPAP-040,Tail of pancreas,ROI3,endothelial,80,115.41
HPAP-040,Tail of pancreas,ROI3,endothelial,90,118.99
HPAP-040,Tail of pancreas,ROI3,endothelial,100,119.67
HPAP-040,Tail of pancreas,ROI3,endothelial,110,118.4
HPAP-040,Tail of pancreas,ROI3,endothelial,120,115.53
HPAP-040,Tail of pancreas,ROI3,endothelial,130,112.97
HPAP-040,Tail of pancreas,ROI3,endothelial,140,110.59
HPAP-040,Tail of pancreas,ROI3,endothelial,150,109.56
HPAP-040,Tail of pancreas,ROI3,endothelial,160,110.12
HPAP-040,Tail of pancreas,ROI3,endothelial,170,111.55
HPAP-040,Tail of pancreas,ROI3,endothelial,180,112.96
HPAP-040,Tail of pancreas,ROI3,endothelial,190,114.62
HPAP-040,Tail of pancreas,ROI3,endothelial,200,115.36
HPAP-042,Body of pancreas,ROI1,macrophage,10,-10.0
HPAP-042,Body of pancreas,ROI1,macrophage,20,20.83
HPAP-042,Body of pancreas,ROI1,macrophage,30,27.74
HPAP-042,Body of pancreas,ROI1,macrophage,40,17.74
HPAP-042,Body of pancreas,ROI1,macrophage,50,20.72
HPAP-042,Body of pancreas,ROI1,macrophage,60,21.66
HPAP-042,Body of pancreas,ROI1,macrophage,70,30.01
HPAP-042,Body of pancreas,ROI1,macrophage,80,20.01
HPAP-042,Body of pancreas,ROI1,macrophage,90,18.02
HPAP-042,Body of pancreas,ROI1,macrophage,100,15.48
HPAP-042,Body of pancreas,ROI1,macrophage,110,19.11
HPAP-042,Body of pancreas,ROI1,macrophage,120,9.11
HPAP-042,Body of pancreas,ROI1,macrophage,130,5.42
HPAP-042,Body of pancreas,ROI1,macrophage,140,1.44
HPAP-042,Body of pancreas,ROI1,macrophage,150,-2.79
HPAP-042,Body of pancreas,ROI1,macrophage,160,-12.79
HPAP-042,Body of pancreas,ROI1,macrophage,170,-11.87
HPAP-042,Body of pancreas,ROI1,macrophage,180,-11.66
HPAP-042,Body of pancreas,ROI1,macrophage,190,-12.03
HPAP-042,Body of pancreas,ROI1,macrophage,200,-4.19
HPAP-042,Body of pancreas,ROI1,other_immune,10,1.9
HPAP-042,Body of pancreas,ROI1,other_immune,20,8.85
HPAP-042,Body of pancreas,ROI1,other_immune,30,11.21
HPAP-042,Body of pancreas,ROI1,other_immune,40,11.75
HPAP-042,Body of pancreas,ROI1,other_immune,50,13.09
HPAP-042,Body of pancreas,ROI1,other_immune,60,13.45
HPAP-042,Body of pancreas,ROI1,other_immune,70,15.2
HPAP-042,Body of pancreas,ROI1,other_immune,80,15.44
HPAP-042,Body of pancreas,ROI1,other_immune,90,15.82
HPAP-042,Body of pancreas,ROI1,other_immune,100,16.13
HPAP-042,Body of pancreas,ROI1,other_immune,110,15.68
HPAP-042,Body of pancreas,ROI1,other_immune,120,14.89
HPAP-042,Body of pancreas,ROI1,other_immune,130,15.03
HPAP-042,Body of pancreas,ROI1,other_immune,140,14.88
HPAP-042,Body of pancreas,ROI1,other_immune,150,14.47
HPAP-042,Body of pancreas,ROI1,other_immune,160,13.58
HPAP-042,Body of pancreas,ROI1,other_immune,170,12.78
HPAP-042,Body of pancreas,ROI1,other_immune,180,11.98
HPAP-042,Body of pancreas,ROI1,other_immune,190,10.58
HPAP-042,Body of pancreas,ROI1,other_immune,200,10.23
HPAP-042,Body of pancreas,ROI1,fibroblast,10,-1.66
HPAP-042,Body of pancreas,ROI1,fibroblast,20,8.23
HPAP-042,Body of pancreas,ROI1,fibroblast,30,9.04
HPAP-042,Body of pancreas,ROI1,fibroblast,40,10.17
HPAP-042,Body of pancreas,ROI1,fibroblast,50,11.55
HPAP-042,Body of pancreas,ROI1,fibroblast,60,12.49
HPAP-042,Body of pancreas,ROI1,fibroblast,70,13.78
HPAP-042,Body of pancreas,ROI1,fibroblast,80,13.62
HPAP-042,Body of pancreas,ROI1,fibroblast,90,12.71
HPAP-042,Body of pancreas,ROI1,fibroblast,100,12.97
HPAP-042,Body of pancreas,ROI1,fibroblast,110,12.27
HPAP-042,Body of pancreas,ROI1,fibroblast,120,11.51
HPAP-042,Body of pancreas,ROI1,fibroblast,130,10.67
HPAP-042,Body of pancreas,ROI1,fibroblast,140,8.43
HPAP-042,Body of pancreas,ROI1,fibroblast,150,8.11
HPAP-042,Body of pancreas,ROI1,fibroblast,160,6.71
HPAP-042,Body of pancreas,ROI1,fibroblast,170,5.65
HPAP-042,Body of pancreas,ROI1,fibroblast,180,4.11
HPAP-042,Body of pancreas,ROI1,fibroblast,190,2.39
HPAP-042,Body of pancreas,ROI1,fibroblast,200,0.83
HPAP-042,Body of pancreas,ROI1,endothelial,10,21.71
HPAP-042,Body of pancreas,ROI1,endothelial,20,98.65
HPAP-042,Body of pancreas,ROI1,endothelial,30,117.03
HPAP-042,Body of pancreas,ROI1,endothelial,40,136.55
HPAP-042,Body of pancreas,ROI1,endothelial,50,144.18
HPAP-042,Body of pancreas,ROI1,endothelial,60,153.9
HPAP-042,Body of pancreas,ROI1,endothelial,70,153.1
HPAP-042,Body of pancreas,ROI1,endothelial,80,153.02
HPAP-042,Body of pancreas,ROI1,endothelial,90,143.02
HPAP-042,Body of pancreas,ROI1,endothelial,100,135.17
HPAP-042,Body of pancreas,ROI1,endothelial,110,131.5
HPAP-042,Body of pancreas,ROI1,endothelial,120,123.57
HPAP-042,Body of pancreas,ROI1,endothelial,130,113.57
HPAP-042,Body of pancreas,ROI1,endothelial,140,103.57
HPAP-042,Body of pancreas,ROI1,endothelial,150,94.6
HPAP-042,Body of pancreas,ROI1,endothelial,160,86.65
HPAP-042,Body of pancreas,ROI1,endothelial,170,81.69
HPAP-042,Body of pancreas,ROI1,endothelial,180,79.56
HPAP-042,Body of pancreas,ROI1,endothelial,190,79.07
HPAP-042,Body of pancreas,ROI1,endothelial,200,76.44
HPAP-042,Body of pancreas,ROI2,endothelial,10,-1.7
HPAP-042,Body of pancreas,ROI2,endothelial,20,9.02
HPAP-042,Body of pancreas,ROI2,endothelial,30,12.35
HPAP-042,Body of pancreas,ROI2,endothelial,40,14.41
HPAP-042,Body of pancreas,ROI2,endothelial,50,16.13
HPAP-042,Body of pancreas,ROI2,endothelial,60,17.99
HPAP-042,Body of pancreas,ROI2,endothelial,70,18.88
HPAP-042,Body of pancreas,ROI2,endothelial,80,19.61
HPAP-042,Body of pancreas,ROI2,endothelial,90,20.55
HPAP-042,Body of pancreas,ROI2,endothelial,100,20.56
HPAP-042,Body of pancreas,ROI2,endothelial,110,21.05
HPAP-042,Body of pancreas,ROI2,endothelial,120,20.85
HPAP-042,Body of pancreas,ROI2,endothelial,130,20.92
HPAP-042,Body of pancreas,ROI2,endothelial,140,20.47
HPAP-042,Body of pancreas,ROI2,endothelial,150,20.18
HPAP-042,Body of pancreas,ROI2,endothelial,160,19.56
HPAP-042,Body of pancreas,ROI2,endothelial,170,18.69
HPAP-042,Body of pancreas,ROI2,endothelial,180,17.53
HPAP-042,Body of pancreas,ROI2,endothelial,190,16.06
HPAP-042,Body of pancreas,ROI2,endothelial,200,14.63
HPAP-042,Body of pancreas,ROI3,macrophage,10,-10.0
HPAP-042,Body of pancreas,ROI3,macrophage,20,39.11
HPAP-042,Body of pancreas,ROI3,macrophage,30,53.6
HPAP-042,Body of pancreas,ROI3,macrophage,40,43.6
HPAP-042,Body of pancreas,ROI3,macrophage,50,33.6
HPAP-042,Body of pancreas,ROI3,macrophage,60,23.6
HPAP-042,Body of pancreas,ROI3,macrophage,70,13.6
HPAP-042,Body of pancreas,ROI3,macrophage,80,38.22
HPAP-042,Body of pancreas,ROI3,macrophage,90,28.22
HPAP-042,Body of pancreas,ROI3,macrophage,100,32.18
HPAP-042,Body of pancreas,ROI3,macrophage,110,57.19
HPAP-042,Body of pancreas,ROI3,macrophage,120,66.93
HPAP-042,Body of pancreas,ROI3,macrophage,130,66.05
HPAP-042,Body of pancreas,ROI3,macrophage,140,56.05
HPAP-042,Body of pancreas,ROI3,macrophage,150,46.05
HPAP-042,Body of pancreas,ROI3,macrophage,160,44.77
HPAP-042,Body of pancreas,ROI3,macrophage,170,34.77
HPAP-042,Body of pancreas,ROI3,macrophage,180,48.94
HPAP-042,Body of pancreas,ROI3,macrophage,190,46.45
HPAP-042,Body of pancreas,ROI3,macrophage,200,43.72
HPAP-042,Body of pancreas,ROI3,mdsc,10,-10.0
HPAP-042,Body of pancreas,ROI3,mdsc,20,59.53
HPAP-042,Body of pancreas,ROI3,mdsc,30,60.18
HPAP-042,Body of pancreas,ROI3,mdsc,40,76.43
HPAP-042,Body of pancreas,ROI3,mdsc,50,77.54
HPAP-042,Body of pancreas,ROI3,mdsc,60,90.3
HPAP-042,Body of pancreas,ROI3,mdsc,70,89.07
HPAP-042,Body of pancreas,ROI3,mdsc,80,97.84
HPAP-042,Body of pancreas,ROI3,mdsc,90,97.73
HPAP-042,Body of pancreas,ROI3,mdsc,100,97.12
HPAP-042,Body of pancreas,ROI3,mdsc,110,98.27
HPAP-042,Body of pancreas,ROI3,mdsc,120,102.94
HPAP-042,Body of pancreas,ROI3,mdsc,130,114.22
HPAP-042,Body of pancreas,ROI3,mdsc,140,113.3
HPAP-042,Body of pancreas,ROI3,mdsc,150,110.34
HPAP-042,Body of pancreas,ROI3,mdsc,160,103.78
HPAP-042,Body of pancreas,ROI3,mdsc,170,105.51
HPAP-042,Body of pancreas,ROI3,mdsc,180,111.45
HPAP-042,Body of pancreas,ROI3,mdsc,190,113.6
HPAP-042,Body of pancreas,ROI3,mdsc,200,113.85
HPAP-042,Body of pancreas,ROI3,other_immune,10,0.34
HPAP-042,Body of pancreas,ROI3,other_immune,20,13.63
HPAP-042,Body of pancreas,ROI3,other_immune,30,20.62
HPAP-042,Body of pancreas,ROI3,other_immune,40,25.96
HPAP-042,Body of pancreas,ROI3,other_immune,50,30.57
HPAP-042,Body of pancreas,ROI3,other_immune,60,34.78
HPAP-042,Body of pancreas,ROI3,other_immune,70,38.13
HPAP-042,Body of pancreas,ROI3,other_immune,80,40.4
HPAP-042,Body of pancreas,ROI3,other_immune,90,42.56
HPAP-042,Body of pancreas,ROI3,other_immune,100,44.65
HPAP-042,Body of pancreas,ROI3,other_immune,110,46.46
HPAP-042,Body of pancreas,ROI3,other_immune,120,48.17
HPAP-042,Body of pancreas,ROI3,other_immune,130,48.87
HPAP-042,Body of pancreas,ROI3,other_immune,140,49.7
HPAP-042,Body of pancreas,ROI3,other_immune,150,49.89
HPAP-042,Body of pancreas,ROI3,other_immune,160,50.25
HPAP-042,Body of pancreas,ROI3,other_immune,170,49.73
HPAP-042,Body of pancreas,ROI3,other_immune,180,49.65
HPAP-042,Body of pancreas,ROI3,other_immune,190,48.91
HPAP-042,Body of pancreas,ROI3,other_immune,200,48.25
HPAP-042,Tail of pancreas,ROI1,macrophage,10,-10.0
HPAP-042,Tail of pancreas,ROI1,macrophage,20,44.23
HPAP-042,Tail of pancreas,ROI1,macrophage,30,48.67
HPAP-042,Tail of pancreas,ROI1,macrophage,40,38.67
HPAP-042,Tail of pancreas,ROI1,macrophage,50,51.56
HPAP-042,Tail of pancreas,ROI1,macrophage,60,41.56
HPAP-042,Tail of pancreas,ROI1,macrophage,70,31.56
HPAP-042,Tail of pancreas,ROI1,macrophage,80,21.56
HPAP-042,Tail of pancreas,ROI1,macrophage,90,30.17
HPAP-042,Tail of pancreas,ROI1,macrophage,100,43.63
HPAP-042,Tail of pancreas,ROI1,macrophage,110,33.63
HPAP-042,Tail of pancreas,ROI1,macrophage,120,23.63
HPAP-042,Tail of pancreas,ROI1,macrophage,130,20.64
HPAP-042,Tail of pancreas,ROI1,macrophage,140,17.34
HPAP-042,Tail of pancreas,ROI1,macrophage,150,13.76
HPAP-042,Tail of pancreas,ROI1,macrophage,160,3.76
HPAP-042,Tail of pancreas,ROI1,macrophage,170,-0.05
HPAP-042,Tail of pancreas,ROI1,macrophage,180,-4.09
HPAP-042,Tail of pancreas,ROI1,macrophage,190,-2.73
HPAP-042,Tail of pancreas,ROI1,macrophage,200,-7.3
HPAP-042,Tail of pancreas,ROI1,mdsc,10,-10.0
HPAP-042,Tail of pancreas,ROI1,mdsc,20,-20.0
HPAP-042,Tail of pancreas,ROI1,mdsc,30,-30.0
HPAP-042,Tail of pancreas,ROI1,mdsc,40,-40.0
HPAP-042,Tail of pancreas,ROI1,mdsc,50,-50.0
HPAP-042,Tail of pancreas,ROI1,mdsc,60,-60.0
HPAP-042,Tail of pancreas,ROI1,mdsc,70,-70.0
HPAP-042,Tail of pancreas,ROI1,mdsc,80,-80.0
HPAP-042,Tail of pancreas,ROI1,mdsc,90,-90.0
HPAP-042,Tail of pancreas,ROI1,mdsc,100,-100.0
HPAP-042,Tail of pancreas,ROI1,mdsc,110,-110.0
HPAP-042,Tail of pancreas,ROI1,mdsc,120,-120.0
HPAP-042,Tail of pancreas,ROI1,mdsc,130,-66.39
HPAP-042,Tail of pancreas,ROI1,mdsc,140,-12.77
HPAP-042,Tail of pancreas,ROI1,mdsc,150,-7.76
HPAP-042,Tail of pancreas,ROI1,mdsc,160,8.3
HPAP-042,Tail of pancreas,ROI1,mdsc,170,9.92
HPAP-042,Tail of pancreas,ROI1,mdsc,180,-0.08
HPAP-042,Tail of pancreas,ROI1,mdsc,190,20.98
HPAP-042,Tail of pancreas,ROI1,mdsc,200,20.36
HPAP-042,Tail of pancreas,ROI1,other_immune,10,-1.09
HPAP-042,Tail of pancreas,ROI1,other_immune,20,7.85
HPAP-042,Tail of pancreas,ROI1,other_immune,30,11.61
HPAP-042,Tail of pancreas,ROI1,other_immune,40,12.69
HPAP-042,Tail of pancreas,ROI1,other_immune,50,14.36
HPAP-042,Tail of pancreas,ROI1,other_immune,60,15.86
HPAP-042,Tail of pancreas,ROI1,other_immune,70,17.03
HPAP-042,Tail of pancreas,ROI1,other_immune,80,17.76
HPAP-042,Tail of pancreas,ROI1,other_immune,90,18.28
HPAP-042,Tail of pancreas,ROI1,other_immune,100,18.02
HPAP-042,Tail of pancreas,ROI1,other_immune,110,17.31
HPAP-042,Tail of pancreas,ROI1,other_immune,120,16.35
HPAP-042,Tail of pancreas,ROI1,other_immune,130,14.63
HPAP-042,Tail of pancreas,ROI1,other_immune,140,13.22
HPAP-042,Tail of pancreas,ROI1,other_immune,150,11.28
HPAP-042,Tail of pancreas,ROI1,other_immune,160,9.32
HPAP-042,Tail of pancreas,ROI1,other_immune,170,6.94
HPAP-042,Tail of pancreas,ROI1,other_immune,180,4.94
HPAP-042,Tail of pancreas,ROI1,other_immune,190,2.42
HPAP-042,Tail of pancreas,ROI1,other_immune,200,0.24
HPAP-042,Tail of pancreas,ROI1,endothelial,10,4.13
HPAP-042,Tail of pancreas,ROI1,endothelial,20,25.69
HPAP-042,Tail of pancreas,ROI1,endothelial,30,33.62
HPAP-042,Tail of pancreas,ROI1,endothelial,40,38.55
HPAP-042,Tail of pancreas,ROI1,endothelial,50,41.17
HPAP-042,Tail of pancreas,ROI1,endothelial,60,43.22
HPAP-042,Tail of pancreas,ROI1,endothelial,70,43.6
HPAP-042,Tail of pancreas,ROI1,endothelial,80,44.5
HPAP-042,Tail of pancreas,ROI1,endothelial,90,42.82
HPAP-042,Tail of pancreas,ROI1,endothelial,100,40.52
HPAP-042,Tail of pancreas,ROI1,endothelial,110,38.01
HPAP-042,Tail of pancreas,ROI1,endothelial,120,36.41
HPAP-042,Tail of pancreas,ROI1,endothelial,130,35.71
HPAP-042,Tail of pancreas,ROI1,endothelial,140,34.1
HPAP-042,Tail of pancreas,ROI1,endothelial,150,33.53
HPAP-042,Tail of pancreas,ROI1,endothelial,160,30.57
HPAP-042,Tail of pancreas,ROI1,endothelial,170,27.67
HPAP-042,Tail of pancreas,ROI1,endothelial,180,24.89
HPAP-042,Tail of pancreas,ROI1,endothelial,190,22.33
HPAP-042,Tail of pancreas,ROI1,endothelial,200,19.76
HPAP-042,Tail of pancreas,ROI2,b_cell,10,-10.0
HPAP-042,Tail of pancreas,ROI2,b_cell,20,55.87
HPAP-042,Tail of pancreas,ROI2,b_cell,30,45.87
HPAP-042,Tail of pancreas,ROI2,b_cell,40,35.87
HPAP-042,Tail of pancreas,ROI2,b_cell,50,25.87
HPAP-042,Tail of pancreas,ROI2,b_cell,60,15.87
HPAP-042,Tail of pancreas,ROI2,b_cell,70,5.87
HPAP-042,Tail of pancreas,ROI2,b_cell,80,-4.13
HPAP-042,Tail of pancreas,ROI2,b_cell,90,-14.13
HPAP-042,Tail of pancreas,ROI2,b_cell,100,-24.13
HPAP-042,Tail of pancreas,ROI2,b_cell,110,21.41
HPAP-042,Tail of pancreas,ROI2,b_cell,120,11.41
HPAP-042,Tail of pancreas,ROI2,b_cell,130,1.41
HPAP-042,Tail of pancreas,ROI2,b_cell,140,-8.59
HPAP-042,Tail of pancreas,ROI2,b_cell,150,-18.59
HPAP-042,Tail of pancreas,ROI2,b_cell,160,-28.59
HPAP-042,Tail of pancreas,ROI2,b_cell,170,-38.59
HPAP-042,Tail of pancreas,ROI2,b_cell,180,-28.26
HPAP-042,Tail of pancreas,ROI2,b_cell,190,-38.26
HPAP-042,Tail of pancreas,ROI2,b_cell,200,-48.26
HPAP-042,Tail of pancreas,ROI2,macrophage,10,-10.0
HPAP-042,Tail of pancreas,ROI2,macrophage,20,32.02
HPAP-042,Tail of pancreas,ROI2,macrophage,30,22.02
HPAP-042,Tail of pancreas,ROI2,macrophage,40,20.07
HPAP-042,Tail of pancreas,ROI2,macrophage,50,23.57
HPAP-042,Tail of pancreas,ROI2,macrophage,60,24.95
HPAP-042,Tail of pancreas,ROI2,macrophage,70,20.1
HPAP-042,Tail of pancreas,ROI2,macrophage,80,14.97
HPAP-042,Tail of pancreas,ROI2,macrophage,90,14.04
HPAP-042,Tail of pancreas,ROI2,macrophage,100,8.29
HPAP-042,Tail of pancreas,ROI2,macrophage,110,2.38
HPAP-042,Tail of pancreas,ROI2,macrophage,120,0.13
HPAP-042,Tail of pancreas,ROI2,macrophage,130,-6.17
HPAP-042,Tail of pancreas,ROI2,macrophage,140,-5.69
HPAP-042,Tail of pancreas,ROI2,macrophage,150,-9.13
HPAP-042,Tail of pancreas,ROI2,macrophage,160,-12.87
HPAP-042,Tail of pancreas,ROI2,macrophage,170,-5.5
HPAP-042,Tail of pancreas,ROI2,macrophage,180,-12.78
HPAP-042,Tail of pancreas,ROI2,macrophage,190,-14.88
HPAP-042,Tail of pancreas,ROI2,macrophage,200,-12.44
HPAP-042,Tail of pancreas,ROI2,mdsc,10,-10.0
HPAP-042,Tail of pancreas,ROI2,mdsc,20,-20.0
HPAP-042,Tail of pancreas,ROI2,mdsc,30,-30.0
HPAP-042,Tail of pancreas,ROI2,mdsc,40,-40.0
HPAP-042,Tail of pancreas,ROI2,mdsc,50,-50.0
HPAP-042,Tail of pancreas,ROI2,mdsc,60,-60.0
HPAP-042,Tail of pancreas,ROI2,mdsc,70,5.87
HPAP-042,Tail of pancreas,ROI2,mdsc,80,27.3
HPAP-042,Tail of pancreas,ROI2,mdsc,90,17.3
HPAP-042,Tail of pancreas,ROI2,mdsc,100,7.3
HPAP-042,Tail of pancreas,ROI2,mdsc,110,-2.7
HPAP-042,Tail of pancreas,ROI2,mdsc,120,-12.7
HPAP-042,Tail of pancreas,ROI2,mdsc,130,-22.7
HPAP-042,Tail of pancreas,ROI2,mdsc,140,-32.7
HPAP-042,Tail of pancreas,ROI2,mdsc,150,-18.59
HPAP-042,Tail of pancreas,ROI2,mdsc,160,-28.59
HPAP-042,Tail of pancreas,ROI2,mdsc,170,-18.26
HPAP-042,Tail of pancreas,ROI2,mdsc,180,-28.26
HPAP-042,Tail of pancreas,ROI2,mdsc,190,-20.35
HPAP-042,Tail of pancreas,ROI2,mdsc,200,-30.35
HPAP-042,Tail of pancreas,ROI2,other_immune,10,-2.36
HPAP-042,Tail of pancreas,ROI2,other_immune,20,3.79
HPAP-042,Tail of pancreas,ROI2,other_immune,30,5.76
HPAP-042,Tail of pancreas,ROI2,other_immune,40,7.12
HPAP-042,Tail of pancreas,ROI2,other_immune,50,8.25
HPAP-042,Tail of pancreas,ROI2,other_immune,60,9.4
HPAP-042,Tail of pancreas,ROI2,other_immune,70,10.23
HPAP-042,Tail of pancreas,ROI2,other_immune,80,10.96
HPAP-042,Tail of pancreas,ROI2,other_immune,90,10.81
HPAP-042,Tail of pancreas,ROI2,other_immune,100,11.57
HPAP-042,Tail of pancreas,ROI2,other_immune,110,11.38
HPAP-042,Tail of pancreas,ROI2,other_immune,120,11.42
HPAP-042,Tail of pancreas,ROI2,other_immune,130,11.04
HPAP-042,Tail of pancreas,ROI2,other_immune,140,10.65
HPAP-042,Tail of pancreas,ROI2,other_immune,150,10.51
HPAP-042,Tail of pancreas,ROI2,other_immune,160,9.88
HPAP-042,Tail of pancreas,ROI2,other_immune,170,8.95
HPAP-042,Tail of pancreas,ROI2,other_immune,180,7.79
HPAP-042,Tail of pancreas,ROI2,other_immune,190,6.88
HPAP-042,Tail of pancreas,ROI2,other_immune,200,5.6
HPAP-046,Body of pancreas,ROI1,macrophage,10,-10.0
HPAP-046,Body of pancreas,ROI1,macrophage,20,27.85
HPAP-046,Body of pancreas,ROI1,macrophage,30,28.6
HPAP-046,Body of pancreas,ROI1,macrophage,40,27.67
HPAP-046,Body of pancreas,ROI1,macrophage,50,25.65
HPAP-046,Body of pancreas,ROI1,macrophage,60,22.87
HPAP-046,Body of pancreas,ROI1,macrophage,70,25.7
HPAP-046,Body of pancreas,ROI1,macrophage,80,21.5
HPAP-046,Body of pancreas,ROI1,macrophage,90,22.21
HPAP-046,Body of pancreas,ROI1,macrophage,100,26.59
HPAP-046,Body of pancreas,ROI1,macrophage,110,21.04
HPAP-046,Body of pancreas,ROI1,macrophage,120,19.5
HPAP-046,Body of pancreas,ROI1,macrophage,130,17.48
HPAP-046,Body of pancreas,ROI1,macrophage,140,18.69
HPAP-046,Body of pancreas,ROI1,macrophage,150,12.26
HPAP-046,Body of pancreas,ROI1,macrophage,160,9.17
HPAP-046,Body of pancreas,ROI1,macrophage,170,5.8
HPAP-046,Body of pancreas,ROI1,macrophage,180,5.31
HPAP-046,Body of pancreas,ROI1,macrophage,190,4.36
HPAP-046,Body of pancreas,ROI1,macrophage,200,3.0
HPAP-046,Body of pancreas,ROI1,mdsc,10,7.99
HPAP-046,Body of pancreas,ROI1,mdsc,20,25.44
HPAP-046,Body of pancreas,ROI1,mdsc,30,33.54
HPAP-046,Body of pancreas,ROI1,mdsc,40,42.34
HPAP-046,Body of pancreas,ROI1,mdsc,50,46.87
HPAP-046,Body of pancreas,ROI1,mdsc,60,51.86
HPAP-046,Body of pancreas,ROI1,mdsc,70,55.31
HPAP-046,Body of pancreas,ROI1,mdsc,80,58.4
HPAP-046,Body of pancreas,ROI1,mdsc,90,59.07
HPAP-046,Body of pancreas,ROI1,mdsc,100,59.89
HPAP-046,Body of pancreas,ROI1,mdsc,110,58.98
HPAP-046,Body of pancreas,ROI1,mdsc,120,58.08
HPAP-046,Body of pancreas,ROI1,mdsc,130,56.45
HPAP-046,Body of pancreas,ROI1,mdsc,140,53.79
HPAP-046,Body of pancreas,ROI1,mdsc,150,51.04
HPAP-046,Body of pancreas,ROI1,mdsc,160,47.53
HPAP-046,Body of pancreas,ROI1,mdsc,170,44.79
HPAP-046,Body of pancreas,ROI1,mdsc,180,41.26
HPAP-046,Body of pancreas,ROI1,mdsc,190,38.32
HPAP-046,Body of pancreas,ROI1,mdsc,200,35.4
HPAP-046,Body of pancreas,ROI1,other_immune,10,2.16
HPAP-046,Body of pancreas,ROI1,other_immune,20,10.25
HPAP-046,Body of pancreas,ROI1,other_immune,30,14.78
HPAP-046,Body of pancreas,ROI1,other_immune,40,17.52
HPAP-046,Body of pancreas,ROI1,other_immune,50,18.98
HPAP-046,Body of pancreas,ROI1,other_immune,60,19.09
HPAP-046,Body of pancreas,ROI1,other_immune,70,19.09
HPAP-046,Body of pancreas,ROI1,other_immune,80,20.36
HPAP-046,Body of pancreas,ROI1,other_immune,90,20.78
HPAP-046,Body of pancreas,ROI1,other_immune,100,20.6
HPAP-046,Body of pancreas,ROI1,other_immune,110,19.4
HPAP-046,Body of pancreas,ROI1,other_immune,120,18.1
HPAP-046,Body of pancreas,ROI1,other_immune,130,17.45
HPAP-046,Body of pancreas,ROI1,other_immune,140,15.95
HPAP-046,Body of pancreas,ROI1,other_immune,150,13.98
HPAP-046,Body of pancreas,ROI1,other_immune,160,11.47
HPAP-046,Body of pancreas,ROI1,other_immune,170,8.63
HPAP-046,Body of pancreas,ROI1,other_immune,180,5.88
HPAP-046,Body of pancreas,ROI1,other_immune,190,3.64
HPAP-046,Body of pancreas,ROI1,other_immune,200,0.77
HPAP-046,Body of pancreas,ROI2,cd4_t,10,44.89
HPAP-046,Body of pancreas,ROI2,cd4_t,20,34.89
HPAP-046,Body of pancreas,ROI2,cd4_t,30,47.63
HPAP-046,Body of pancreas,ROI2,cd4_t,40,37.63
HPAP-046,Body of pancreas,ROI2,cd4_t,50,72.74
HPAP-046,Body of pancreas,ROI2,cd4_t,60,74.46
HPAP-046,Body of pancreas,ROI2,cd4_t,70,64.46
HPAP-046,Body of pancreas,ROI2,cd4_t,80,54.46
HPAP-046,Body of pancreas,ROI2,cd4_t,90,55.23
HPAP-046,Body of pancreas,ROI2,cd4_t,100,64.68
HPAP-046,Body of pancreas,ROI2,cd4_t,110,87.92
HPAP-046,Body of pancreas,ROI2,cd4_t,120,85.39
HPAP-046,Body of pancreas,ROI2,cd4_t,130,89.57
HPAP-046,Body of pancreas,ROI2,cd4_t,140,86.33
HPAP-046,Body of pancreas,ROI2,cd4_t,150,76.33
HPAP-046,Body of pancreas,ROI2,cd4_t,160,66.33
HPAP-046,Body of pancreas,ROI2,cd4_t,170,62.89
HPAP-046,Body of pancreas,ROI2,cd4_t,180,65.49
HPAP-046,Body of pancreas,ROI2,cd4_t,190,61.55
HPAP-046,Body of pancreas,ROI2,cd4_t,200,57.47
HPAP-046,Body of pancreas,ROI2,cd8_t,10,-10.0
HPAP-046,Body of pancreas,ROI2,cd8_t,20,13.86
HPAP-046,Body of pancreas,ROI2,cd8_t,30,3.86
HPAP-046,Body of pancreas,ROI2,cd8_t,40,-6.14
HPAP-046,Body of pancreas,ROI2,cd8_t,50,8.64
HPAP-046,Body of pancreas,ROI2,cd8_t,60,15.71
HPAP-046,Body of pancreas,ROI2,cd8_t,70,19.58
HPAP-046,Body of pancreas,ROI2,cd8_t,80,32.29
HPAP-046,Body of pancreas,ROI2,cd8_t,90,36.68
HPAP-046,Body of pancreas,ROI2,cd8_t,100,31.13
HPAP-046,Body of pancreas,ROI2,cd8_t,110,41.42
HPAP-046,Body of pancreas,ROI2,cd8_t,120,49.29
HPAP-046,Body of pancreas,ROI2,cd8_t,130,52.33
HPAP-046,Body of pancreas,ROI2,cd8_t,140,45.45
HPAP-046,Body of pancreas,ROI2,cd8_t,150,44.5
HPAP-046,Body of pancreas,ROI2,cd8_t,160,54.13
HPAP-046,Body of pancreas,ROI2,cd8_t,170,54.59
HPAP-046,Body of pancreas,ROI2,cd8_t,180,57.0
HPAP-046,Body of pancreas,ROI2,cd8_t,190,56.49
HPAP-046,Body of pancreas,ROI2,cd8_t,200,51.1
HPAP-046,Body of pancreas,ROI2,macrophage,10,4.52
HPAP-046,Body of pancreas,ROI2,macrophage,20,22.32
HPAP-046,Body of pancreas,ROI2,macrophage,30,24.31
HPAP-046,Body of pancreas,ROI2,macrophage,40,31.11
HPAP-046,Body of pancreas,ROI2,macrophage,50,34.64
HPAP-046,Body of pancreas,ROI2,macrophage,60,34.07
HPAP-046,Body of pancreas,ROI2,macrophage,70,35.68
HPAP-046,Body of pancreas,ROI2,macrophage,80,33.84
HPAP-046,Body of pancreas,ROI2,macrophage,90,36.55
HPAP-046,Body of pancreas,ROI2,macrophage,100,37.33
HPAP-046,Body of pancreas,ROI2,macrophage,110,36.61
HPAP-046,Body of pancreas,ROI2,macrophage,120,37.35
HPAP-046,Body of pancreas,ROI2,macrophage,130,37.72
HPAP-046,Body of pancreas,ROI2,macrophage,140,34.8
HPAP-046,Body of pancreas,ROI2,macrophage,150,32.75
HPAP-046,Body of pancreas,ROI2,macrophage,160,30.65
HPAP-046,Body of pancreas,ROI2,macrophage,170,28.5
HPAP-046,Body of pancreas,ROI2,macrophage,180,25.54
HPAP-046,Body of pancreas,ROI2,macrophage,190,22.6
HPAP-046,Body of pancreas,ROI2,macrophage,200,19.19
HPAP-046,Body of pancreas,ROI2,mdsc,10,-2.16
HPAP-046,Body of pancreas,ROI2,mdsc,20,4.16
HPAP-046,Body of pancreas,ROI2,mdsc,30,6.35
HPAP-046,Body of pancreas,ROI2,mdsc,40,6.05
HPAP-046,Body of pancreas,ROI2,mdsc,50,8.93
HPAP-046,Body of pancreas,ROI2,mdsc,60,9.46
HPAP-046,Body of pancreas,ROI2,mdsc,70,10.52
HPAP-046,Body of pancreas,ROI2,mdsc,80,9.38
HPAP-046,Body of pancreas,ROI2,mdsc,90,7.92
HPAP-046,Body of pancreas,ROI2,mdsc,100,7.78
HPAP-046,Body of pancreas,ROI2,mdsc,110,5.75
HPAP-046,Body of pancreas,ROI2,mdsc,120,3.71
HPAP-046,Body of pancreas,ROI2,mdsc,130,2.35
HPAP-046,Body of pancreas,ROI2,mdsc,140,2.74
HPAP-046,Body of pancreas,ROI2,mdsc,150,1.0
HPAP-046,Body of pancreas,ROI2,mdsc,160,-1.26
HPAP-046,Body of pancreas,ROI2,mdsc,170,-4.35
HPAP-046,Body of pancreas,ROI2,mdsc,180,-5.67
HPAP-046,Body of pancreas,ROI2,mdsc,190,-7.49
HPAP-046,Body of pancreas,ROI2,mdsc,200,-9.58
HPAP-046,Body of pancreas,ROI2,other_immune,10,-2.36
HPAP-046,Body of pancreas,ROI2,other_immune,20,3.41
HPAP-046,Body of pancreas,ROI2,other_immune,30,5.72
HPAP-046,Body of pancreas,ROI2,other_immune,40,6.89
HPAP-046,Body of pancreas,ROI2,other_immune,50,7.13
HPAP-046,Body of pancreas,ROI2,other_immune,60,7.34
HPAP-046,Body of pancreas,ROI2,other_immune,70,7.4
HPAP-046,Body of pancreas,ROI2,other_immune,80,7.56
HPAP-046,Body of pancreas,ROI2,other_immune,90,7.2
HPAP-046,Body of pancreas,ROI2,other_immune,100,6.77
HPAP-046,Body of pancreas,ROI2,other_immune,110,6.3
HPAP-046,Body of pancreas,ROI2,other_immune,120,5.75
HPAP-046,Body of pancreas,ROI2,other_immune,130,5.43
HPAP-046,Body of pancreas,ROI2,other_immune,140,4.78
HPAP-046,Body of pancreas,ROI2,other_immune,150,3.63
HPAP-046,Body of pancreas,ROI2,other_immune,160,2.31
HPAP-046,Body of pancreas,ROI2,other_immune,170,0.89
HPAP-046,Body of pancreas,ROI2,other_immune,180,-0.64
HPAP-046,Body of pancreas,ROI2,other_immune,190,-2.04
HPAP-046,Body of pancreas,ROI2,other_immune,200,-3.46
HPAP-046,Body of pancreas,ROI3,cd8_t,10,73.84
HPAP-046,Body of pancreas,ROI3,cd8_t,20,98.57
HPAP-046,Body of pancreas,ROI3,cd8_t,30,88.57
HPAP-046,Body of pancreas,ROI3,cd8_t,40,78.57
HPAP-046,Body of pancreas,ROI3,cd8_t,50,68.57
HPAP-046,Body of pancreas,ROI3,cd8_t,60,58.57
HPAP-046,Body of pancreas,ROI3,cd8_t,70,48.57
HPAP-046,Body of pancreas,ROI3,cd8_t,80,38.57
HPAP-046,Body of pancreas,ROI3,cd8_t,90,28.57
HPAP-046,Body of pancreas,ROI3,cd8_t,100,18.57
HPAP-046,Body of pancreas,ROI3,cd8_t,110,8.57
HPAP-046,Body of pancreas,ROI3,cd8_t,120,-1.43
HPAP-046,Body of pancreas,ROI3,cd8_t,130,-11.43
HPAP-046,Body of pancreas,ROI3,cd8_t,140,-21.43
HPAP-046,Body of pancreas,ROI3,cd8_t,150,-31.43
HPAP-046,Body of pancreas,ROI3,cd8_t,160,-41.43
HPAP-046,Body of pancreas,ROI3,cd8_t,170,-51.43
HPAP-046,Body of pancreas,ROI3,cd8_t,180,-61.43
HPAP-046,Body of pancreas,ROI3,cd8_t,190,-22.32
HPAP-046,Body of pancreas,ROI3,cd8_t,200,5.37
HPAP-046,Body of pancreas,ROI3,macrophage,10,1.96
HPAP-046,Body of pancreas,ROI3,macrophage,20,13.83
HPAP-046,Body of pancreas,ROI3,macrophage,30,16.32
HPAP-046,Body of pancreas,ROI3,macrophage,40,16.1
HPAP-046,Body of pancreas,ROI3,macrophage,50,15.51
HPAP-046,Body of pancreas,ROI3,macrophage,60,12.76
HPAP-046,Body of pancreas,ROI3,macrophage,70,6.59
HPAP-046,Body of pancreas,ROI3,macrophage,80,6.25
HPAP-046,Body of pancreas,ROI3,macrophage,90,1.87
HPAP-046,Body of pancreas,ROI3,macrophage,100,0.79
HPAP-046,Body of pancreas,ROI3,macrophage,110,-1.69
HPAP-046,Body of pancreas,ROI3,macrophage,120,0.8
HPAP-046,Body of pancreas,ROI3,macrophage,130,1.03
HPAP-046,Body of pancreas,ROI3,macrophage,140,-3.62
HPAP-046,Body of pancreas,ROI3,macrophage,150,-0.61
HPAP-046,Body of pancreas,ROI3,macrophage,160,-0.87
HPAP-046,Body of pancreas,ROI3,macrophage,170,-3.4
HPAP-046,Body of pancreas,ROI3,macrophage,180,-5.44
HPAP-046,Body of pancreas,ROI3,macrophage,190,-10.98
HPAP-046,Body of pancreas,ROI3,macrophage,200,-12.02
HPAP-046,Body of pancreas,ROI3,mdsc,10,2.39
HPAP-046,Body of pancreas,ROI3,mdsc,20,15.92
HPAP-046,Body of pancreas,ROI3,mdsc,30,22.58
HPAP-046,Body of pancreas,ROI3,mdsc,40,26.05
HPAP-046,Body of pancreas,ROI3,mdsc,50,26.0
HPAP-046,Body of pancreas,ROI3,mdsc,60,26.93
HPAP-046,Body of pancreas,ROI3,mdsc,70,28.37
HPAP-046,Body of pancreas,ROI3,mdsc,80,29.74
HPAP-046,Body of pancreas,ROI3,mdsc,90,31.56
HPAP-046,Body of pancreas,ROI3,mdsc,100,34.52
HPAP-046,Body of pancreas,ROI3,mdsc,110,35.49
HPAP-046,Body of pancreas,ROI3,mdsc,120,36.18
HPAP-046,Body of pancreas,ROI3,mdsc,130,36.47
HPAP-046,Body of pancreas,ROI3,mdsc,140,38.06
HPAP-046,Body of pancreas,ROI3,mdsc,150,39.92
HPAP-046,Body of pancreas,ROI3,mdsc,160,40.92
HPAP-046,Body of pancreas,ROI3,mdsc,170,43.38
HPAP-046,Body of pancreas,ROI3,mdsc,180,42.26
HPAP-046,Body of pancreas,ROI3,mdsc,190,42.33
HPAP-046,Body of pancreas,ROI3,mdsc,200,42.81
HPAP-046,Body of pancreas,ROI3,other_immune,10,-2.53
HPAP-046,Body of pancreas,ROI3,other_immune,20,3.4
HPAP-046,Body of pancreas,ROI3,other_immune,30,4.19
HPAP-046,Body of pancreas,ROI3,other_immune,40,4.5
HPAP-046,Body of pancreas,ROI3,other_immune,50,4.93
HPAP-046,Body of pancreas,ROI3,other_immune,60,5.25
HPAP-046,Body of pancreas,ROI3,other_immune,70,5.47
HPAP-046,Body of pancreas,ROI3,other_immune,80,5.72
HPAP-046,Body of pancreas,ROI3,other_immune,90,5.58
HPAP-046,Body of pancreas,ROI3,other_immune,100,4.87
HPAP-046,Body of pancreas,ROI3,other_immune,110,4.07
HPAP-046,Body of pancreas,ROI3,other_immune,120,2.75
HPAP-046,Body of pancreas,ROI3,other_immune,130,1.33
HPAP-046,Body of pancreas,ROI3,other_immune,140,-0.05
HPAP-046,Body of pancreas,ROI3,other_immune,150,-1.32
HPAP-046,Body of pancreas,ROI3,other_immune,160,-3.02
HPAP-046,Body of pancreas,ROI3,other_immune,170,-5.33
HPAP-046,Body of pancreas,ROI3,other_immune,180,-7.75
HPAP-046,Body of pancreas,ROI3,other_immune,190,-10.06
HPAP-046,Body of pancreas,ROI3,other_immune,200,-12.05
HPAP-046,Head of pancreas,ROI1,cd8_t,10,25.35
HPAP-046,Head of pancreas,ROI1,cd8_t,20,15.35
HPAP-046,Head of pancreas,ROI1,cd8_t,30,31.24
HPAP-046,Head of pancreas,ROI1,cd8_t,40,21.24
HPAP-046,Head of pancreas,ROI1,cd8_t,50,20.71
HPAP-046,Head of pancreas,ROI1,cd8_t,60,19.05
HPAP-046,Head of pancreas,ROI1,cd8_t,70,16.6
HPAP-046,Head of pancreas,ROI1,cd8_t,80,13.54
HPAP-046,Head of pancreas,ROI1,cd8_t,90,10.0
HPAP-046,Head of pancreas,ROI1,cd8_t,100,11.8
HPAP-046,Head of pancreas,ROI1,cd8_t,110,17.47
HPAP-046,Head of pancreas,ROI1,cd8_t,120,21.42
HPAP-046,Head of pancreas,ROI1,cd8_t,130,28.11
HPAP-046,Head of pancreas,ROI1,cd8_t,140,29.55
HPAP-046,Head of pancreas,ROI1,cd8_t,150,19.55
HPAP-046,Head of pancreas,ROI1,cd8_t,160,13.2
HPAP-046,Head of pancreas,ROI1,cd8_t,170,10.27
HPAP-046,Head of pancreas,ROI1,cd8_t,180,3.71
HPAP-046,Head of pancreas,ROI1,cd8_t,190,3.64
HPAP-046,Head of pancreas,ROI1,cd8_t,200,9.16
HPAP-046,Head of pancreas,ROI1,macrophage,10,7.17
HPAP-046,Head of pancreas,ROI1,macrophage,20,14.34
HPAP-046,Head of pancreas,ROI1,macrophage,30,12.06
HPAP-046,Head of pancreas,ROI1,macrophage,40,14.3
HPAP-046,Head of pancreas,ROI1,macrophage,50,16.5
HPAP-046,Head of pancreas,ROI1,macrophage,60,14.85
HPAP-046,Head of pancreas,ROI1,macrophage,70,24.83
HPAP-046,Head of pancreas,ROI1,macrophage,80,18.64
HPAP-046,Head of pancreas,ROI1,macrophage,90,17.23
HPAP-046,Head of pancreas,ROI1,macrophage,100,19.58
HPAP-046,Head of pancreas,ROI1,macrophage,110,16.77
HPAP-046,Head of pancreas,ROI1,macrophage,120,13.01
HPAP-046,Head of pancreas,ROI1,macrophage,130,14.18
HPAP-046,Head of pancreas,ROI1,macrophage,140,11.17
HPAP-046,Head of pancreas,ROI1,macrophage,150,7.38
HPAP-046,Head of pancreas,ROI1,macrophage,160,3.35
HPAP-046,Head of pancreas,ROI1,macrophage,170,2.14
HPAP-046,Head of pancreas,ROI1,macrophage,180,1.32
HPAP-046,Head of pancreas,ROI1,macrophage,190,1.98
HPAP-046,Head of pancreas,ROI1,macrophage,200,2.08
HPAP-046,Head of pancreas,ROI1,mdsc,10,4.07
HPAP-046,Head of pancreas,ROI1,mdsc,20,13.97
HPAP-046,Head of pancreas,ROI1,mdsc,30,16.29
HPAP-046,Head of pancreas,ROI1,mdsc,40,14.47
HPAP-046,Head of pancreas,ROI1,mdsc,50,15.72
HPAP-046,Head of pancreas,ROI1,mdsc,60,14.2
HPAP-046,Head of pancreas,ROI1,mdsc,70,15.75
HPAP-046,Head of pancreas,ROI1,mdsc,80,15.74
HPAP-046,Head of pancreas,ROI1,mdsc,90,14.47
HPAP-046,Head of pancreas,ROI1,mdsc,100,13.4
HPAP-046,Head of pancreas,ROI1,mdsc,110,14.49
HPAP-046,Head of pancreas,ROI1,mdsc,120,14.54
HPAP-046,Head of pancreas,ROI1,mdsc,130,14.81
HPAP-046,Head of pancreas,ROI1,mdsc,140,17.78
HPAP-046,Head of pancreas,ROI1,mdsc,150,18.1
HPAP-046,Head of pancreas,ROI1,mdsc,160,17.35
HPAP-046,Head of pancreas,ROI1,mdsc,170,17.04
HPAP-046,Head of pancreas,ROI1,mdsc,180,15.9
HPAP-046,Head of pancreas,ROI1,mdsc,190,14.87
HPAP-046,Head of pancreas,ROI1,mdsc,200,13.46
HPAP-046,Head of pancreas,ROI1,other_immune,10,-1.58
HPAP-046,Head of pancreas,ROI1,other_immune,20,2.46
HPAP-046,Head of pancreas,ROI1,other_immune,30,3.36
HPAP-046,Head of pancreas,ROI1,other_immune,40,4.15
HPAP-046,Head of pancreas,ROI1,other_immune,50,4.53
HPAP-046,Head of pancreas,ROI1,other_immune,60,3.76
HPAP-046,Head of pancreas,ROI1,other_immune,70,2.86
HPAP-046,Head of pancreas,ROI1,other_immune,80,2.18
HPAP-046,Head of pancreas,ROI1,other_immune,90,1.64
HPAP-046,Head of pancreas,ROI1,other_immune,100,0.81
HPAP-046,Head of pancreas,ROI1,other_immune,110,-0.19
HPAP-046,Head of pancreas,ROI1,other_immune,120,-0.93
HPAP-046,Head of pancreas,ROI1,other_immune,130,-1.88
HPAP-046,Head of pancreas,ROI1,other_immune,140,-2.82
HPAP-046,Head of pancreas,ROI1,other_immune,150,-4.15
HPAP-046,Head of pancreas,ROI1,other_immune,160,-5.61
HPAP-046,Head of pancreas,ROI1,other_immune,170,-6.98
HPAP-046,Head of pancreas,ROI1,other_immune,180,-8.22
HPAP-046,Head of pancreas,ROI1,other_immune,190,-9.87
HPAP-046,Head of pancreas,ROI1,other_immune,200,-11.3
HPAP-046,Head of pancreas,ROI3,macrophage,10,-10.0
HPAP-046,Head of pancreas,ROI3,macrophage,20,41.04
HPAP-046,Head of pancreas,ROI3,macrophage,30,69.68
HPAP-046,Head of pancreas,ROI3,macrophage,40,76.89
HPAP-046,Head of pancreas,ROI3,macrophage,50,66.89
HPAP-046,Head of pancreas,ROI3,macrophage,60,62.08
HPAP-046,Head of pancreas,ROI3,macrophage,70,61.86
HPAP-046,Head of pancreas,ROI3,macrophage,80,51.86
HPAP-046,Head of pancreas,ROI3,macrophage,90,46.49
HPAP-046,Head of pancreas,ROI3,macrophage,100,36.49
HPAP-046,Head of pancreas,ROI3,macrophage,110,30.97
HPAP-046,Head of pancreas,ROI3,macrophage,120,25.31
HPAP-046,Head of pancreas,ROI3,macrophage,130,19.52
HPAP-046,Head of pancreas,ROI3,macrophage,140,13.62
HPAP-046,Head of pancreas,ROI3,macrophage,150,11.5
HPAP-046,Head of pancreas,ROI3,macrophage,160,9.02
HPAP-046,Head of pancreas,ROI3,macrophage,170,6.21
HPAP-046,Head of pancreas,ROI3,macrophage,180,9.79
HPAP-046,Head of pancreas,ROI3,macrophage,190,6.22
HPAP-046,Head of pancreas,ROI3,macrophage,200,8.5
HPAP-046,Head of pancreas,ROI3,mdsc,10,-10.0
HPAP-046,Head of pancreas,ROI3,mdsc,20,22.87
HPAP-046,Head of pancreas,ROI3,mdsc,30,44.25
HPAP-046,Head of pancreas,ROI3,mdsc,40,34.25
HPAP-046,Head of pancreas,ROI3,mdsc,50,35.73
HPAP-046,Head of pancreas,ROI3,mdsc,60,45.0
HPAP-046,Head of pancreas,ROI3,mdsc,70,51.25
HPAP-046,Head of pancreas,ROI3,mdsc,80,55.56
HPAP-046,Head of pancreas,ROI3,mdsc,90,52.17
HPAP-046,Head of pancreas,ROI3,mdsc,100,48.5
HPAP-046,Head of pancreas,ROI3,mdsc,110,38.5
HPAP-046,Head of pancreas,ROI3,mdsc,120,34.56
HPAP-046,Head of pancreas,ROI3,mdsc,130,24.56
HPAP-046,Head of pancreas,ROI3,mdsc,140,26.02
HPAP-046,Head of pancreas,ROI3,mdsc,150,26.75
HPAP-046,Head of pancreas,ROI3,mdsc,160,21.87
HPAP-046,Head of pancreas,ROI3,mdsc,170,16.85
HPAP-046,Head of pancreas,ROI3,mdsc,180,11.71
HPAP-046,Head of pancreas,ROI3,mdsc,190,11.07
HPAP-046,Head of pancreas,ROI3,mdsc,200,1.07
HPAP-046,Head of pancreas,ROI3,other_immune,10,4.35
HPAP-046,Head of pancreas,ROI3,other_immune,20,10.44
HPAP-046,Head of pancreas,ROI3,other_immune,30,18.13
HPAP-046,Head of pancreas,ROI3,other_immune,40,20.45
HPAP-046,Head of pancreas,ROI3,other_immune,50,23.51
HPAP-046,Head of pancreas,ROI3,other_immune,60,27.28
HPAP-046,Head of pancreas,ROI3,other_immune,70,27.84
HPAP-046,Head of pancreas,ROI3,other_immune,80,29.75
HPAP-046,Head of pancreas,ROI3,other_immune,90,31.75
HPAP-046,Head of pancreas,ROI3,other_immune,100,30.53
HPAP-046,Head of pancreas,ROI3,other_immune,110,30.59
HPAP-046,Head of pancreas,ROI3,other_immune,120,30.15
HPAP-046,Head of pancreas,ROI3,other_immune,130,28.97
HPAP-046,Head of pancreas,ROI3,other_immune,140,26.56
HPAP-046,Head of pancreas,ROI3,other_immune,150,24.71
HPAP-046,Head of pancreas,ROI3,other_immune,160,21.64
HPAP-046,Head of pancreas,ROI3,other_immune,170,19.41
HPAP-046,Head of pancreas,ROI3,other_immune,180,17.26
HPAP-046,Head of pancreas,ROI3,other_immune,190,15.19
HPAP-046,Head of pancreas,ROI3,other_immune,200,13.19
HPAP-046,Head of pancreas,ROI3,fibroblast,10,12.28
HPAP-046,Head of pancreas,ROI3,fibroblast,20,34.13
HPAP-046,Head of pancreas,ROI3,fibroblast,30,43.57
HPAP-046,Head of pancreas,ROI3,fibroblast,40,51.88
HPAP-046,Head of pancreas,ROI3,fibroblast,50,62.09
HPAP-046,Head of pancreas,ROI3,fibroblast,60,71.83
HPAP-046,Head of pancreas,ROI3,fibroblast,70,81.14
HPAP-046,Head of pancreas,ROI3,fibroblast,80,93.33
HPAP-046,Head of pancreas,ROI3,fibroblast,90,102.21
HPAP-046,Head of pancreas,ROI3,fibroblast,100,107.61
HPAP-046,Head of pancreas,ROI3,fibroblast,110,114.5
HPAP-046,Head of pancreas,ROI3,fibroblast,120,121.55
HPAP-046,Head of pancreas,ROI3,fibroblast,130,126.89
HPAP-046,Head of pancreas,ROI3,fibroblast,140,131.64
HPAP-046,Head of pancreas,ROI3,fibroblast,150,135.98
HPAP-046,Head of pancreas,ROI3,fibroblast,160,138.55
HPAP-046,Head of pancreas,ROI3,fibroblast,170,139.58
HPAP-046,Head of pancreas,ROI3,fibroblast,180,138.74
HPAP-046,Head of pancreas,ROI3,fibroblast,190,137.13
HPAP-046,Head of pancreas,ROI3,fibroblast,200,133.44
HPAP-046,Head of pancreas,ROI3,endothelial,10,11.74
HPAP-046,Head of pancreas,ROI3,endothelial,20,33.24
HPAP-046,Head of pancreas,ROI3,endothelial,30,48.8
HPAP-046,Head of pancreas,ROI3,endothelial,40,61.62
HPAP-046,Head of pancreas,ROI3,endothelial,50,70.18
HPAP-046,Head of pancreas,ROI3,endothelial,60,75.74
HPAP-046,Head of pancreas,ROI3,endothelial,70,84.35
HPAP-046,Head of pancreas,ROI3,endothelial,80,92.13
HPAP-046,Head of pancreas,ROI3,endothelial,90,102.49
HPAP-046,Head of pancreas,ROI3,endothelial,100,111.53
HPAP-046,Head of pancreas,ROI3,endothelial,110,117.67
HPAP-046,Head of pancreas,ROI3,endothelial,120,122.31
HPAP-046,Head of pancreas,ROI3,endothelial,130,123.08
HPAP-046,Head of pancreas,ROI3,endothelial,140,124.55
HPAP-046,Head of pancreas,ROI3,endothelial,150,127.25
HPAP-046,Head of pancreas,ROI3,endothelial,160,127.88
HPAP-046,Head of pancreas,ROI3,endothelial,170,130.39
HPAP-046,Head of pancreas,ROI3,endothelial,180,130.23
HPAP-046,Head of pancreas,ROI3,endothelial,190,131.44
HPAP-046,Head of pancreas,ROI3,endothelial,200,130.35
HPAP-046,Tail of pancreas,ROI1,cd8_t,10,-10.0
HPAP-046,Tail of pancreas,ROI1,cd8_t,20,29.13
HPAP-046,Tail of pancreas,ROI1,cd8_t,30,19.13
HPAP-046,Tail of pancreas,ROI1,cd8_t,40,9.13
HPAP-046,Tail of pancreas,ROI1,cd8_t,50,19.48
HPAP-046,Tail of pancreas,ROI1,cd8_t,60,25.09
HPAP-046,Tail of pancreas,ROI1,cd8_t,70,21.91
HPAP-046,Tail of pancreas,ROI1,cd8_t,80,11.91
HPAP-046,Tail of pancreas,ROI1,cd8_t,90,19.85
HPAP-046,Tail of pancreas,ROI1,cd8_t,100,25.25
HPAP-046,Tail of pancreas,ROI1,cd8_t,110,24.54
HPAP-046,Tail of pancreas,ROI1,cd8_t,120,23.23
HPAP-046,Tail of pancreas,ROI1,cd8_t,130,17.39
HPAP-046,Tail of pancreas,ROI1,cd8_t,140,11.42
HPAP-046,Tail of pancreas,ROI1,cd8_t,150,1.42
HPAP-046,Tail of pancreas,ROI1,cd8_t,160,-4.64
HPAP-046,Tail of pancreas,ROI1,cd8_t,170,-10.81
HPAP-046,Tail of pancreas,ROI1,cd8_t,180,-17.06
HPAP-046,Tail of pancreas,ROI1,cd8_t,190,-23.4
HPAP-046,Tail of pancreas,ROI1,cd8_t,200,-16.18
HPAP-046,Tail of pancreas,ROI1,macrophage,10,3.74
HPAP-046,Tail of pancreas,ROI1,macrophage,20,7.49
HPAP-046,Tail of pancreas,ROI1,macrophage,30,15.58
HPAP-046,Tail of pancreas,ROI1,macrophage,40,18.31
HPAP-046,Tail of pancreas,ROI1,macrophage,50,11.46
HPAP-046,Tail of pancreas,ROI1,macrophage,60,11.41
HPAP-046,Tail of pancreas,ROI1,macrophage,70,10.14
HPAP-046,Tail of pancreas,ROI1,macrophage,80,10.12
HPAP-046,Tail of pancreas,ROI1,macrophage,90,7.18
HPAP-046,Tail of pancreas,ROI1,macrophage,100,6.46
HPAP-046,Tail of pancreas,ROI1,macrophage,110,8.23
HPAP-046,Tail of pancreas,ROI1,macrophage,120,6.71
HPAP-046,Tail of pancreas,ROI1,macrophage,130,1.83
HPAP-046,Tail of pancreas,ROI1,macrophage,140,2.17
HPAP-046,Tail of pancreas,ROI1,macrophage,150,-0.7
HPAP-046,Tail of pancreas,ROI1,macrophage,160,-2.1
HPAP-046,Tail of pancreas,ROI1,macrophage,170,-5.08
HPAP-046,Tail of pancreas,ROI1,macrophage,180,-2.39
HPAP-046,Tail of pancreas,ROI1,macrophage,190,-6.12
HPAP-046,Tail of pancreas,ROI1,macrophage,200,-12.06
HPAP-046,Tail of pancreas,ROI1,mdsc,10,1.9
HPAP-046,Tail of pancreas,ROI1,mdsc,20,12.6
HPAP-046,Tail of pancreas,ROI1,mdsc,30,10.8
HPAP-046,Tail of pancreas,ROI1,mdsc,40,11.19
HPAP-046,Tail of pancreas,ROI1,mdsc,50,10.69
HPAP-046,Tail of pancreas,ROI1,mdsc,60,11.91
HPAP-046,Tail of pancreas,ROI1,mdsc,70,11.6
HPAP-046,Tail of pancreas,ROI1,mdsc,80,11.62
HPAP-046,Tail of pancreas,ROI1,mdsc,90,11.52
HPAP-046,Tail of pancreas,ROI1,mdsc,100,12.13
HPAP-046,Tail of pancreas,ROI1,mdsc,110,10.5
HPAP-046,Tail of pancreas,ROI1,mdsc,120,8.47
HPAP-046,Tail of pancreas,ROI1,mdsc,130,8.04
HPAP-046,Tail of pancreas,ROI1,mdsc,140,6.62
HPAP-046,Tail of pancreas,ROI1,mdsc,150,5.53
HPAP-046,Tail of pancreas,ROI1,mdsc,160,6.21
HPAP-046,Tail of pancreas,ROI1,mdsc,170,4.83
HPAP-046,Tail of pancreas,ROI1,mdsc,180,4.78
HPAP-046,Tail of pancreas,ROI1,mdsc,190,2.84
HPAP-046,Tail of pancreas,ROI1,mdsc,200,1.11
HPAP-046,Tail of pancreas,ROI1,other_immune,10,0.65
HPAP-046,Tail of pancreas,ROI1,other_immune,20,7.51
HPAP-046,Tail of pancreas,ROI1,other_immune,30,10.29
HPAP-046,Tail of pancreas,ROI1,other_immune,40,12.02
HPAP-046,Tail of pancreas,ROI1,other_immune,50,13.19
HPAP-046,Tail of pancreas,ROI1,other_immune,60,14.48
HPAP-046,Tail of pancreas,ROI1,other_immune,70,15.75
HPAP-046,Tail of pancreas,ROI1,other_immune,80,15.94
HPAP-046,Tail of pancreas,ROI1,other_immune,90,16.97
HPAP-046,Tail of pancreas,ROI1,other_immune,100,17.4
HPAP-046,Tail of pancreas,ROI1,other_immune,110,17.95
HPAP-046,Tail of pancreas,ROI1,other_immune,120,18.54
HPAP-046,Tail of pancreas,ROI1,other_immune,130,18.75
HPAP-046,Tail of pancreas,ROI1,other_immune,140,18.65
HPAP-046,Tail of pancreas,ROI1,other_immune,150,18.17
HPAP-046,Tail of pancreas,ROI1,other_immune,160,17.68
HPAP-046,Tail of pancreas,ROI1,other_immune,170,16.45
HPAP-046,Tail of pancreas,ROI1,other_immune,180,15.23
HPAP-046,Tail of pancreas,ROI1,other_immune,190,13.75
HPAP-046,Tail of pancreas,ROI1,other_immune,200,12.54
HPAP-046,Tail of pancreas,ROI2,macrophage,10,-10.0
HPAP-046,Tail of pancreas,ROI2,macrophage,20,-1.4
HPAP-046,Tail of pancreas,ROI2,macrophage,30,-3.69
HPAP-046,Tail of pancreas,ROI2,macrophage,40,5.57
HPAP-046,Tail of pancreas,ROI2,macrophage,50,8.83
HPAP-046,Tail of pancreas,ROI2,macrophage,60,9.6
HPAP-046,Tail of pancreas,ROI2,macrophage,70,5.56
HPAP-046,Tail of pancreas,ROI2,macrophage,80,7.25
HPAP-046,Tail of pancreas,ROI2,macrophage,90,7.55
HPAP-046,Tail of pancreas,ROI2,macrophage,100,1.89
HPAP-046,Tail of pancreas,ROI2,macrophage,110,0.84
HPAP-046,Tail of pancreas,ROI2,macrophage,120,3.39
HPAP-046,Tail of pancreas,ROI2,macrophage,130,0.22
HPAP-046,Tail of pancreas,ROI2,macrophage,140,-3.3
HPAP-046,Tail of pancreas,ROI2,macrophage,150,3.4
HPAP-046,Tail of pancreas,ROI2,macrophage,160,-1.06
HPAP-046,Tail of pancreas,ROI2,macrophage,170,-1.04
HPAP-046,Tail of pancreas,ROI2,macrophage,180,-2.55
HPAP-046,Tail of pancreas,ROI2,macrophage,190,-3.51
HPAP-046,Tail of pancreas,ROI2,macrophage,200,-6.23
HPAP-046,Tail of pancreas,ROI2,mdsc,10,-10.0
HPAP-046,Tail of pancreas,ROI2,mdsc,20,-20.0
HPAP-046,Tail of pancreas,ROI2,mdsc,30,20.03
HPAP-046,Tail of pancreas,ROI2,mdsc,40,21.27
HPAP-046,Tail of pancreas,ROI2,mdsc,50,20.75
HPAP-046,Tail of pancreas,ROI2,mdsc,60,10.75
HPAP-046,Tail of pancreas,ROI2,mdsc,70,16.65
HPAP-046,Tail of pancreas,ROI2,mdsc,80,6.65
HPAP-046,Tail of pancreas,ROI2,mdsc,90,3.6
HPAP-046,Tail of pancreas,ROI2,mdsc,100,-6.4
HPAP-046,Tail of pancreas,ROI2,mdsc,110,-3.87
HPAP-046,Tail of pancreas,ROI2,mdsc,120,-2.67
HPAP-046,Tail of pancreas,ROI2,mdsc,130,-2.45
HPAP-046,Tail of pancreas,ROI2,mdsc,140,-7.63
HPAP-046,Tail of pancreas,ROI2,mdsc,150,-17.63
HPAP-046,Tail of pancreas,ROI2,mdsc,160,-18.49
HPAP-046,Tail of pancreas,ROI2,mdsc,170,-19.91
HPAP-046,Tail of pancreas,ROI2,mdsc,180,-21.79
HPAP-046,Tail of pancreas,ROI2,mdsc,190,-24.07
HPAP-046,Tail of pancreas,ROI2,mdsc,200,-19.61
HPAP-046,Tail of pancreas,ROI2,other_immune,10,-0.14
HPAP-046,Tail of pancreas,ROI2,other_immune,20,5.25
HPAP-046,Tail of pancreas,ROI2,other_immune,30,6.26
HPAP-046,Tail of pancreas,ROI2,other_immune,40,7.19
HPAP-046,Tail of pancreas,ROI2,other_immune,50,7.74
HPAP-046,Tail of pancreas,ROI2,other_immune,60,7.67
HPAP-046,Tail of pancreas,ROI2,other_immune,70,7.75
HPAP-046,Tail of pancreas,ROI2,other_immune,80,8.77
HPAP-046,Tail of pancreas,ROI2,other_immune,90,8.18
HPAP-046,Tail of pancreas,ROI2,other_immune,100,7.78
HPAP-046,Tail of pancreas,ROI2,other_immune,110,7.83
HPAP-046,Tail of pancreas,ROI2,other_immune,120,7.82
HPAP-046,Tail of pancreas,ROI2,other_immune,130,7.95
HPAP-046,Tail of pancreas,ROI2,other_immune,140,7.04
HPAP-046,Tail of pancreas,ROI2,other_immune,150,5.73
HPAP-046,Tail of pancreas,ROI2,other_immune,160,4.8
HPAP-046,Tail of pancreas,ROI2,other_immune,170,3.38
HPAP-046,Tail of pancreas,ROI2,other_immune,180,2.11
HPAP-046,Tail of pancreas,ROI2,other_immune,190,0.43
HPAP-046,Tail of pancreas,ROI2,other_immune,200,-1.1
HPAP-046,Tail of pancreas,ROI2,endothelial,10,26.2
HPAP-046,Tail of pancreas,ROI2,endothelial,20,70.41
HPAP-046,Tail of pancreas,ROI2,endothelial,30,97.46
HPAP-046,Tail of pancreas,ROI2,endothelial,40,117.26
HPAP-046,Tail of pancreas,ROI2,endothelial,50,133.19
HPAP-046,Tail of pancreas,ROI2,endothelial,60,143.95
HPAP-046,Tail of pancreas,ROI2,endothelial,70,150.29
HPAP-046,Tail of pancreas,ROI2,endothelial,80,152.78
HPAP-046,Tail of pancreas,ROI2,endothelial,90,150.72
HPAP-046,Tail of pancreas,ROI2,endothelial,100,143.78
HPAP-046,Tail of pancreas,ROI2,endothelial,110,135.82
HPAP-046,Tail of pancreas,ROI2,endothelial,120,126.8
HPAP-046,Tail of pancreas,ROI2,endothelial,130,118.2
HPAP-046,Tail of pancreas,ROI2,endothelial,140,110.62
HPAP-046,Tail of pancreas,ROI2,endothelial,150,104.44
HPAP-046,Tail of pancreas,ROI2,endothelial,160,98.74
HPAP-046,Tail of pancreas,ROI2,endothelial,170,93.3
HPAP-046,Tail of pancreas,ROI2,endothelial,180,88.62
HPAP-046,Tail of pancreas,ROI2,endothelial,190,82.63
HPAP-046,Tail of pancreas,ROI2,endothelial,200,76.53
HPAP-046,Tail of pancreas,ROI3,cd8_t,10,30.81
HPAP-046,Tail of pancreas,ROI3,cd8_t,20,50.68
HPAP-046,Tail of pancreas,ROI3,cd8_t,30,40.68
HPAP-046,Tail of pancreas,ROI3,cd8_t,40,41.62
HPAP-046,Tail of pancreas,ROI3,cd8_t,50,31.62
HPAP-046,Tail of pancreas,ROI3,cd8_t,60,21.62
HPAP-046,Tail of pancreas,ROI3,cd8_t,70,11.62
HPAP-046,Tail of pancreas,ROI3,cd8_t,80,19.96
HPAP-046,Tail of pancreas,ROI3,cd8_t,90,9.96
HPAP-046,Tail of pancreas,ROI3,cd8_t,100,22.42
HPAP-046,Tail of pancreas,ROI3,cd8_t,110,25.34
HPAP-046,Tail of pancreas,ROI3,cd8_t,120,27.14
HPAP-046,Tail of pancreas,ROI3,cd8_t,130,22.69
HPAP-046,Tail of pancreas,ROI3,cd8_t,140,33.13
HPAP-046,Tail of pancreas,ROI3,cd8_t,150,37.01
HPAP-046,Tail of pancreas,ROI3,cd8_t,160,35.71
HPAP-046,Tail of pancreas,ROI3,cd8_t,170,25.71
HPAP-046,Tail of pancreas,ROI3,cd8_t,180,19.92
HPAP-046,Tail of pancreas,ROI3,cd8_t,190,14.04
HPAP-046,Tail of pancreas,ROI3,cd8_t,200,12.04
HPAP-046,Tail of pancreas,ROI3,macrophage,10,-10.0
HPAP-046,Tail of pancreas,ROI3,macrophage,20,8.93
HPAP-046,Tail of pancreas,ROI3,macrophage,30,10.92
HPAP-046,Tail of pancreas,ROI3,macrophage,40,10.11
HPAP-046,Tail of pancreas,ROI3,macrophage,50,7.86
HPAP-046,Tail of pancreas,ROI3,macrophage,60,4.69
HPAP-046,Tail of pancreas,ROI3,macrophage,70,0.87
HPAP-046,Tail of pancreas,ROI3,macrophage,80,1.83
HPAP-046,Tail of pancreas,ROI3,macrophage,90,-8.17
HPAP-046,Tail of pancreas,ROI3,macrophage,100,-8.51
HPAP-046,Tail of pancreas,ROI3,macrophage,110,-5.68
HPAP-046,Tail of pancreas,ROI3,macrophage,120,-4.27
HPAP-046,Tail of pancreas,ROI3,macrophage,130,-3.89
HPAP-046,Tail of pancreas,ROI3,macrophage,140,-1.25
HPAP-046,Tail of pancreas,ROI3,macrophage,150,-2.48
HPAP-046,Tail of pancreas,ROI3,macrophage,160,-9.67
HPAP-046,Tail of pancreas,ROI3,macrophage,170,-14.2
HPAP-046,Tail of pancreas,ROI3,macrophage,180,-18.91
HPAP-046,Tail of pancreas,ROI3,macrophage,190,-23.8
HPAP-046,Tail of pancreas,ROI3,macrophage,200,-31.3
HPAP-046,Tail of pancreas,ROI3,mdsc,10,-10.0
HPAP-046,Tail of pancreas,ROI3,mdsc,20,-20.0
HPAP-046,Tail of pancreas,ROI3,mdsc,30,-30.0
HPAP-046,Tail of pancreas,ROI3,mdsc,40,-40.0
HPAP-046,Tail of pancreas,ROI3,mdsc,50,-16.14
HPAP-046,Tail of pancreas,ROI3,mdsc,60,-26.14
HPAP-046,Tail of pancreas,ROI3,mdsc,70,-36.14
HPAP-046,Tail of pancreas,ROI3,mdsc,80,-32.12
HPAP-046,Tail of pancreas,ROI3,mdsc,90,-14.29
HPAP-046,Tail of pancreas,ROI3,mdsc,100,-17.06
HPAP-046,Tail of pancreas,ROI3,mdsc,110,-20.42
HPAP-046,Tail of pancreas,ROI3,mdsc,120,-30.42
HPAP-046,Tail of pancreas,ROI3,mdsc,130,-17.7
HPAP-046,Tail of pancreas,ROI3,mdsc,140,-27.7
HPAP-046,Tail of pancreas,ROI3,mdsc,150,-23.31
HPAP-046,Tail of pancreas,ROI3,mdsc,160,-16.35
HPAP-046,Tail of pancreas,ROI3,mdsc,170,-18.58
HPAP-046,Tail of pancreas,ROI3,mdsc,180,-24.84
HPAP-046,Tail of pancreas,ROI3,mdsc,190,-27.62
HPAP-046,Tail of pancreas,ROI3,mdsc,200,-34.13
HPAP-046,Tail of pancreas,ROI3,other_immune,10,0.68
HPAP-046,Tail of pancreas,ROI3,other_immune,20,7.07
HPAP-046,Tail of pancreas,ROI3,other_immune,30,7.82
HPAP-046,Tail of pancreas,ROI3,other_immune,40,8.7
HPAP-046,Tail of pancreas,ROI3,other_immune,50,9.4
HPAP-046,Tail of pancreas,ROI3,other_immune,60,9.71
HPAP-046,Tail of pancreas,ROI3,other_immune,70,9.9
HPAP-046,Tail of pancreas,ROI3,other_immune,80,10.57
HPAP-046,Tail of pancreas,ROI3,other_immune,90,10.45
HPAP-046,Tail of pancreas,ROI3,other_immune,100,10.51
HPAP-046,Tail of pancreas,ROI3,other_immune,110,10.11
HPAP-046,Tail of pancreas,ROI3,other_immune,120,10.39
HPAP-046,Tail of pancreas,ROI3,other_immune,130,9.87
HPAP-046,Tail of pancreas,ROI3,other_immune,140,9.44
HPAP-046,Tail of pancreas,ROI3,other_immune,150,8.93
HPAP-046,Tail of pancreas,ROI3,other_immune,160,8.72
HPAP-046,Tail of pancreas,ROI3,other_immune,170,7.89
HPAP-046,Tail of pancreas,ROI3,other_immune,180,6.85
HPAP-046,Tail of pancreas,ROI3,other_immune,190,5.78
HPAP-046,Tail of pancreas,ROI3,other_immune,200,4.67
HPAP-046,Tail of pancreas,ROI3,endothelial,10,19.32
HPAP-046,Tail of pancreas,ROI3,endothelial,20,60.62
HPAP-046,Tail of pancreas,ROI3,endothelial,30,89.76
HPAP-046,Tail of pancreas,ROI3,endothelial,40,113.91
HPAP-046,Tail of pancreas,ROI3,endothelial,50,136.21
HPAP-046,Tail of pancreas,ROI3,endothelial,60,151.34
HPAP-046,Tail of pancreas,ROI3,endothelial,70,165.33
HPAP-046,Tail of pancreas,ROI3,endothelial,80,175.52
HPAP-046,Tail of pancreas,ROI3,endothelial,90,182.61
HPAP-046,Tail of pancreas,ROI3,endothelial,100,188.92
HPAP-046,Tail of pancreas,ROI3,endothelial,110,193.65
HPAP-046,Tail of pancreas,ROI3,endothelial,120,195.15
HPAP-046,Tail of pancreas,ROI3,endothelial,130,196.16
HPAP-046,Tail of pancreas,ROI3,endothelial,140,196.78
HPAP-046,Tail of pancreas,ROI3,endothelial,150,196.72
HPAP-046,Tail of pancreas,ROI3,endothelial,160,197.59
HPAP-046,Tail of pancreas,ROI3,endothelial,170,197.11
HPAP-046,Tail of pancreas,ROI3,endothelial,180,197.36
HPAP-046,Tail of pancreas,ROI3,endothelial,190,197.64
HPAP-046,Tail of pancreas,ROI3,endothelial,200,198.71
HPAP-047,Body of pancreas,ROI1,b_cell,10,2.21
HPAP-047,Body of pancreas,ROI1,b_cell,20,9.18
HPAP-047,Body of pancreas,ROI1,b_cell,30,12.04
HPAP-047,Body of pancreas,ROI1,b_cell,40,10.97
HPAP-047,Body of pancreas,ROI1,b_cell,50,13.27
HPAP-047,Body of pancreas,ROI1,b_cell,60,13.39
HPAP-047,Body of pancreas,ROI1,b_cell,70,10.98
HPAP-047,Body of pancreas,ROI1,b_cell,80,12.75
HPAP-047,Body of pancreas,ROI1,b_cell,90,14.1
HPAP-047,Body of pancreas,ROI1,b_cell,100,14.71
HPAP-047,Body of pancreas,ROI1,b_cell,110,13.9
HPAP-047,Body of pancreas,ROI1,b_cell,120,13.89
HPAP-047,Body of pancreas,ROI1,b_cell,130,14.3
HPAP-047,Body of pancreas,ROI1,b_cell,140,13.73
HPAP-047,Body of pancreas,ROI1,b_cell,150,12.49
HPAP-047,Body of pancreas,ROI1,b_cell,160,12.65
HPAP-047,Body of pancreas,ROI1,b_cell,170,13.12
HPAP-047,Body of pancreas,ROI1,b_cell,180,12.26
HPAP-047,Body of pancreas,ROI1,b_cell,190,11.03
HPAP-047,Body of pancreas,ROI1,b_cell,200,9.58
HPAP-047,Body of pancreas,ROI1,macrophage,10,2.06
HPAP-047,Body of pancreas,ROI1,macrophage,20,12.5
HPAP-047,Body of pancreas,ROI1,macrophage,30,15.48
HPAP-047,Body of pancreas,ROI1,macrophage,40,18.33
HPAP-047,Body of pancreas,ROI1,macrophage,50,20.37
HPAP-047,Body of pancreas,ROI1,macrophage,60,22.46
HPAP-047,Body of pancreas,ROI1,macrophage,70,22.47
HPAP-047,Body of pancreas,ROI1,macrophage,80,22.31
HPAP-047,Body of pancreas,ROI1,macrophage,90,22.27
HPAP-047,Body of pancreas,ROI1,macrophage,100,21.58
HPAP-047,Body of pancreas,ROI1,macrophage,110,20.29
HPAP-047,Body of pancreas,ROI1,macrophage,120,19.14
HPAP-047,Body of pancreas,ROI1,macrophage,130,17.87
HPAP-047,Body of pancreas,ROI1,macrophage,140,16.69
HPAP-047,Body of pancreas,ROI1,macrophage,150,14.87
HPAP-047,Body of pancreas,ROI1,macrophage,160,12.63
HPAP-047,Body of pancreas,ROI1,macrophage,170,10.14
HPAP-047,Body of pancreas,ROI1,macrophage,180,7.56
HPAP-047,Body of pancreas,ROI1,macrophage,190,3.66
HPAP-047,Body of pancreas,ROI1,macrophage,200,0.48
HPAP-047,Body of pancreas,ROI1,other_immune,10,0.45
HPAP-047,Body of pancreas,ROI1,other_immune,20,5.09
HPAP-047,Body of pancreas,ROI1,other_immune,30,7.71
HPAP-047,Body of pancreas,ROI1,other_immune,40,9.32
HPAP-047,Body of pancreas,ROI1,other_immune,50,10.76
HPAP-047,Body of pancreas,ROI1,other_immune,60,11.85
HPAP-047,Body of pancreas,ROI1,other_immune,70,12.19
HPAP-047,Body of pancreas,ROI1,other_immune,80,12.75
HPAP-047,Body of pancreas,ROI1,other_immune,90,13.03
HPAP-047,Body of pancreas,ROI1,other_immune,100,13.06
HPAP-047,Body of pancreas,ROI1,other_immune,110,12.93
HPAP-047,Body of pancreas,ROI1,other_immune,120,12.26
HPAP-047,Body of pancreas,ROI1,other_immune,130,12.34
HPAP-047,Body of pancreas,ROI1,other_immune,140,12.18
HPAP-047,Body of pancreas,ROI1,other_immune,150,11.83
HPAP-047,Body of pancreas,ROI1,other_immune,160,11.26
HPAP-047,Body of pancreas,ROI1,other_immune,170,10.61
HPAP-047,Body of pancreas,ROI1,other_immune,180,9.7
HPAP-047,Body of pancreas,ROI1,other_immune,190,8.49
HPAP-047,Body of pancreas,ROI1,other_immune,200,7.21
HPAP-047,Body of pancreas,ROI1,endothelial,10,1.33
HPAP-047,Body of pancreas,ROI1,endothelial,20,3.36
HPAP-047,Body of pancreas,ROI1,endothelial,30,4.92
HPAP-047,Body of pancreas,ROI1,endothelial,40,7.74
HPAP-047,Body of pancreas,ROI1,endothelial,50,8.87
HPAP-047,Body of pancreas,ROI1,endothelial,60,7.98
HPAP-047,Body of pancreas,ROI1,endothelial,70,9.52
HPAP-047,Body of pancreas,ROI1,endothelial,80,9.04
HPAP-047,Body of pancreas,ROI1,endothelial,90,9.75
HPAP-047,Body of pancreas,ROI1,endothelial,100,10.14
HPAP-047,Body of pancreas,ROI1,endothelial,110,11.51
HPAP-047,Body of pancreas,ROI1,endothelial,120,10.67
HPAP-047,Body of pancreas,ROI1,endothelial,130,10.61
HPAP-047,Body of pancreas,ROI1,endothelial,140,10.42
HPAP-047,Body of pancreas,ROI1,endothelial,150,8.42
HPAP-047,Body of pancreas,ROI1,endothelial,160,7.77
HPAP-047,Body of pancreas,ROI1,endothelial,170,6.35
HPAP-047,Body of pancreas,ROI1,endothelial,180,4.71
HPAP-047,Body of pancreas,ROI1,endothelial,190,1.2
HPAP-047,Body of pancreas,ROI1,endothelial,200,-0.83
HPAP-047,Body of pancreas,ROI2,b_cell,10,3.26
HPAP-047,Body of pancreas,ROI2,b_cell,20,11.71
HPAP-047,Body of pancreas,ROI2,b_cell,30,14.84
HPAP-047,Body of pancreas,ROI2,b_cell,40,18.47
HPAP-047,Body of pancreas,ROI2,b_cell,50,22.48
HPAP-047,Body of pancreas,ROI2,b_cell,60,25.23
HPAP-047,Body of pancreas,ROI2,b_cell,70,30.65
HPAP-047,Body of pancreas,ROI2,b_cell,80,33.56
HPAP-047,Body of pancreas,ROI2,b_cell,90,35.64
HPAP-047,Body of pancreas,ROI2,b_cell,100,39.93
HPAP-047,Body of pancreas,ROI2,b_cell,110,40.91
HPAP-047,Body of pancreas,ROI2,b_cell,120,41.53
HPAP-047,Body of pancreas,ROI2,b_cell,130,42.22
HPAP-047,Body of pancreas,ROI2,b_cell,140,42.29
HPAP-047,Body of pancreas,ROI2,b_cell,150,43.07
HPAP-047,Body of pancreas,ROI2,b_cell,160,43.04
HPAP-047,Body of pancreas,ROI2,b_cell,170,43.42
HPAP-047,Body of pancreas,ROI2,b_cell,180,43.32
HPAP-047,Body of pancreas,ROI2,b_cell,190,43.18
HPAP-047,Body of pancreas,ROI2,b_cell,200,43.2
HPAP-047,Body of pancreas,ROI2,macrophage,10,3.24
HPAP-047,Body of pancreas,ROI2,macrophage,20,20.2
HPAP-047,Body of pancreas,ROI2,macrophage,30,31.1
HPAP-047,Body of pancreas,ROI2,macrophage,40,40.56
HPAP-047,Body of pancreas,ROI2,macrophage,50,48.29
HPAP-047,Body of pancreas,ROI2,macrophage,60,55.03
HPAP-047,Body of pancreas,ROI2,macrophage,70,62.16
HPAP-047,Body of pancreas,ROI2,macrophage,80,67.78
HPAP-047,Body of pancreas,ROI2,macrophage,90,72.9
HPAP-047,Body of pancreas,ROI2,macrophage,100,77.02
HPAP-047,Body of pancreas,ROI2,macrophage,110,82.06
HPAP-047,Body of pancreas,ROI2,macrophage,120,84.35
HPAP-047,Body of pancreas,ROI2,macrophage,130,86.59
HPAP-047,Body of pancreas,ROI2,macrophage,140,87.73
HPAP-047,Body of pancreas,ROI2,macrophage,150,88.95
HPAP-047,Body of pancreas,ROI2,macrophage,160,89.22
HPAP-047,Body of pancreas,ROI2,macrophage,170,89.58
HPAP-047,Body of pancreas,ROI2,macrophage,180,88.13
HPAP-047,Body of pancreas,ROI2,macrophage,190,86.37
HPAP-047,Body of pancreas,ROI2,macrophage,200,85.01
HPAP-047,Body of pancreas,ROI2,other_immune,10,0.43
HPAP-047,Body of pancreas,ROI2,other_immune,20,4.23
HPAP-047,Body of pancreas,ROI2,other_immune,30,4.2
HPAP-047,Body of pancreas,ROI2,other_immune,40,5.97
HPAP-047,Body of pancreas,ROI2,other_immune,50,7.38
HPAP-047,Body of pancreas,ROI2,other_immune,60,8.85
HPAP-047,Body of pancreas,ROI2,other_immune,70,9.34
HPAP-047,Body of pancreas,ROI2,other_immune,80,10.75
HPAP-047,Body of pancreas,ROI2,other_immune,90,11.16
HPAP-047,Body of pancreas,ROI2,other_immune,100,11.79
HPAP-047,Body of pancreas,ROI2,other_immune,110,11.35
HPAP-047,Body of pancreas,ROI2,other_immune,120,10.64
HPAP-047,Body of pancreas,ROI2,other_immune,130,10.03
HPAP-047,Body of pancreas,ROI2,other_immune,140,9.48
HPAP-047,Body of pancreas,ROI2,other_immune,150,8.57
HPAP-047,Body of pancreas,ROI2,other_immune,160,7.27
HPAP-047,Body of pancreas,ROI2,other_immune,170,5.53
HPAP-047,Body of pancreas,ROI2,other_immune,180,4.3
HPAP-047,Body of pancreas,ROI2,other_immune,190,2.38
HPAP-047,Body of pancreas,ROI2,other_immune,200,0.54
HPAP-047,Body of pancreas,ROI2,endothelial,10,2.92
HPAP-047,Body of pancreas,ROI2,endothelial,20,5.85
HPAP-047,Body of pancreas,ROI2,endothelial,30,12.86
HPAP-047,Body of pancreas,ROI2,endothelial,40,14.32
HPAP-047,Body of pancreas,ROI2,endothelial,50,15.48
HPAP-047,Body of pancreas,ROI2,endothelial,60,17.54
HPAP-047,Body of pancreas,ROI2,endothelial,70,16.7
HPAP-047,Body of pancreas,ROI2,endothelial,80,17.29
HPAP-047,Body of pancreas,ROI2,endothelial,90,18.64
HPAP-047,Body of pancreas,ROI2,endothelial,100,17.98
HPAP-047,Body of pancreas,ROI2,endothelial,110,21.8
HPAP-047,Body of pancreas,ROI2,endothelial,120,24.3
HPAP-047,Body of pancreas,ROI2,endothelial,130,26.16
HPAP-047,Body of pancreas,ROI2,endothelial,140,24.83
HPAP-047,Body of pancreas,ROI2,endothelial,150,26.58
HPAP-047,Body of pancreas,ROI2,endothelial,160,26.54
HPAP-047,Body of pancreas,ROI2,endothelial,170,30.08
HPAP-047,Body of pancreas,ROI2,endothelial,180,30.78
HPAP-047,Body of pancreas,ROI2,endothelial,190,30.85
HPAP-047,Body of pancreas,ROI2,endothelial,200,29.38
HPAP-047,Body of pancreas,ROI3,macrophage,10,7.1
HPAP-047,Body of pancreas,ROI3,macrophage,20,14.21
HPAP-047,Body of pancreas,ROI3,macrophage,30,31.67
HPAP-047,Body of pancreas,ROI3,macrophage,40,36.49
HPAP-047,Body of pancreas,ROI3,macrophage,50,38.88
HPAP-047,Body of pancreas,ROI3,macrophage,60,41.19
HPAP-047,Body of pancreas,ROI3,macrophage,70,36.82
HPAP-047,Body of pancreas,ROI3,macrophage,80,36.01
HPAP-047,Body of pancreas,ROI3,macrophage,90,33.34
HPAP-047,Body of pancreas,ROI3,macrophage,100,35.76
HPAP-047,Body of pancreas,ROI3,macrophage,110,33.11
HPAP-047,Body of pancreas,ROI3,macrophage,120,30.09
HPAP-047,Body of pancreas,ROI3,macrophage,130,27.69
HPAP-047,Body of pancreas,ROI3,macrophage,140,28.46
HPAP-047,Body of pancreas,ROI3,macrophage,150,26.1
HPAP-047,Body of pancreas,ROI3,macrophage,160,25.01
HPAP-047,Body of pancreas,ROI3,macrophage,170,23.51
HPAP-047,Body of pancreas,ROI3,macrophage,180,22.38
HPAP-047,Body of pancreas,ROI3,macrophage,190,20.88
HPAP-047,Body of pancreas,ROI3,macrophage,200,14.32
HPAP-047,Body of pancreas,ROI3,other_immune,10,1.91
HPAP-047,Body of pancreas,ROI3,other_immune,20,12.75
HPAP-047,Body of pancreas,ROI3,other_immune,30,19.28
HPAP-047,Body of pancreas,ROI3,other_immune,40,23.91
HPAP-047,Body of pancreas,ROI3,other_immune,50,29.2
HPAP-047,Body of pancreas,ROI3,other_immune,60,33.91
HPAP-047,Body of pancreas,ROI3,other_immune,70,37.59
HPAP-047,Body of pancreas,ROI3,other_immune,80,40.56
HPAP-047,Body of pancreas,ROI3,other_immune,90,43.17
HPAP-047,Body of pancreas,ROI3,other_immune,100,45.66
HPAP-047,Body of pancreas,ROI3,other_immune,110,47.56
HPAP-047,Body of pancreas,ROI3,other_immune,120,48.98
HPAP-047,Body of pancreas,ROI3,other_immune,130,50.21
HPAP-047,Body of pancreas,ROI3,other_immune,140,51.44
HPAP-047,Body of pancreas,ROI3,other_immune,150,52.08
HPAP-047,Body of pancreas,ROI3,other_immune,160,52.47
HPAP-047,Body of pancreas,ROI3,other_immune,170,52.58
HPAP-047,Body of pancreas,ROI3,other_immune,180,52.23
HPAP-047,Body of pancreas,ROI3,other_immune,190,51.6
HPAP-047,Body of pancreas,ROI3,other_immune,200,50.64
HPAP-052,Body of pancreas,ROI1,cd8_t,10,39.07
HPAP-052,Body of pancreas,ROI1,cd8_t,20,40.1
HPAP-052,Body of pancreas,ROI1,cd8_t,30,30.1
HPAP-052,Body of pancreas,ROI1,cd8_t,40,29.39
HPAP-052,Body of pancreas,ROI1,cd8_t,50,27.58
HPAP-052,Body of pancreas,ROI1,cd8_t,60,17.58
HPAP-052,Body of pancreas,ROI1,cd8_t,70,7.58
HPAP-052,Body of pancreas,ROI1,cd8_t,80,18.14
HPAP-052,Body of pancreas,ROI1,cd8_t,90,14.09
HPAP-052,Body of pancreas,ROI1,cd8_t,100,15.07
HPAP-052,Body of pancreas,ROI1,cd8_t,110,15.1
HPAP-052,Body of pancreas,ROI1,cd8_t,120,23.06
HPAP-052,Body of pancreas,ROI1,cd8_t,130,17.2
HPAP-052,Body of pancreas,ROI1,cd8_t,140,15.17
HPAP-052,Body of pancreas,ROI1,cd8_t,150,12.74
HPAP-052,Body of pancreas,ROI1,cd8_t,160,20.29
HPAP-052,Body of pancreas,ROI1,cd8_t,170,23.18
HPAP-052,Body of pancreas,ROI1,cd8_t,180,31.05
HPAP-052,Body of pancreas,ROI1,cd8_t,190,29.44
HPAP-052,Body of pancreas,ROI1,cd8_t,200,35.32
HPAP-052,Body of pancreas,ROI1,macrophage,10,5.49
HPAP-052,Body of pancreas,ROI1,macrophage,20,20.99
HPAP-052,Body of pancreas,ROI1,macrophage,30,21.38
HPAP-052,Body of pancreas,ROI1,macrophage,40,17.97
HPAP-052,Body of pancreas,ROI1,macrophage,50,17.53
HPAP-052,Body of pancreas,ROI1,macrophage,60,13.21
HPAP-052,Body of pancreas,ROI1,macrophage,70,12.46
HPAP-052,Body of pancreas,ROI1,macrophage,80,13.38
HPAP-052,Body of pancreas,ROI1,macrophage,90,12.76
HPAP-052,Body of pancreas,ROI1,macrophage,100,10.64
HPAP-052,Body of pancreas,ROI1,macrophage,110,10.0
HPAP-052,Body of pancreas,ROI1,macrophage,120,9.92
HPAP-052,Body of pancreas,ROI1,macrophage,130,7.7
HPAP-052,Body of pancreas,ROI1,macrophage,140,6.43
HPAP-052,Body of pancreas,ROI1,macrophage,150,5.69
HPAP-052,Body of pancreas,ROI1,macrophage,160,6.37
HPAP-052,Body of pancreas,ROI1,macrophage,170,8.44
HPAP-052,Body of pancreas,ROI1,macrophage,180,6.98
HPAP-052,Body of pancreas,ROI1,macrophage,190,3.7
HPAP-052,Body of pancreas,ROI1,macrophage,200,1.2
HPAP-052,Body of pancreas,ROI1,mdsc,10,4.42
HPAP-052,Body of pancreas,ROI1,mdsc,20,13.41
HPAP-052,Body of pancreas,ROI1,mdsc,30,17.44
HPAP-052,Body of pancreas,ROI1,mdsc,40,20.89
HPAP-052,Body of pancreas,ROI1,mdsc,50,23.93
HPAP-052,Body of pancreas,ROI1,mdsc,60,26.54
HPAP-052,Body of pancreas,ROI1,mdsc,70,26.95
HPAP-052,Body of pancreas,ROI1,mdsc,80,26.44
HPAP-052,Body of pancreas,ROI1,mdsc,90,27.5
HPAP-052,Body of pancreas,ROI1,mdsc,100,27.39
HPAP-052,Body of pancreas,ROI1,mdsc,110,26.91
HPAP-052,Body of pancreas,ROI1,mdsc,120,25.61
HPAP-052,Body of pancreas,ROI1,mdsc,130,25.47
HPAP-052,Body of pancreas,ROI1,mdsc,140,22.96
HPAP-052,Body of pancreas,ROI1,mdsc,150,23.25
HPAP-052,Body of pancreas,ROI1,mdsc,160,21.1
HPAP-052,Body of pancreas,ROI1,mdsc,170,20.51
HPAP-052,Body of pancreas,ROI1,mdsc,180,19.77
HPAP-052,Body of pancreas,ROI1,mdsc,190,18.21
HPAP-052,Body of pancreas,ROI1,mdsc,200,16.58
HPAP-052,Body of pancreas,ROI1,other_immune,10,-1.58
HPAP-052,Body of pancreas,ROI1,other_immune,20,2.55
HPAP-052,Body of pancreas,ROI1,other_immune,30,4.37
HPAP-052,Body of pancreas,ROI1,other_immune,40,5.24
HPAP-052,Body of pancreas,ROI1,other_immune,50,5.15
HPAP-052,Body of pancreas,ROI1,other_immune,60,5.2
HPAP-052,Body of pancreas,ROI1,other_immune,70,5.0
HPAP-052,Body of pancreas,ROI1,other_immune,80,4.85
HPAP-052,Body of pancreas,ROI1,other_immune,90,4.52
HPAP-052,Body of pancreas,ROI1,other_immune,100,3.95
HPAP-052,Body of pancreas,ROI1,other_immune,110,3.08
HPAP-052,Body of pancreas,ROI1,other_immune,120,1.99
HPAP-052,Body of pancreas,ROI1,other_immune,130,0.68
HPAP-052,Body of pancreas,ROI1,other_immune,140,-0.59
HPAP-052,Body of pancreas,ROI1,other_immune,150,-1.79
HPAP-052,Body of pancreas,ROI1,other_immune,160,-3.29
HPAP-052,Body of pancreas,ROI1,other_immune,170,-4.77
HPAP-052,Body of pancreas,ROI1,other_immune,180,-5.93
HPAP-052,Body of pancreas,ROI1,other_immune,190,-7.28
HPAP-052,Body of pancreas,ROI1,other_immune,200,-8.97
HPAP-052,Body of pancreas,ROI2,endothelial,10,42.49
HPAP-052,Body of pancreas,ROI2,endothelial,20,113.82
HPAP-052,Body of pancreas,ROI2,endothelial,30,165.8
HPAP-052,Body of pancreas,ROI2,endothelial,40,203.37
HPAP-052,Body of pancreas,ROI2,endothelial,50,241.84
HPAP-052,Body of pancreas,ROI2,endothelial,60,266.73
HPAP-052,Body of pancreas,ROI2,endothelial,70,279.8
HPAP-052,Body of pancreas,ROI2,endothelial,80,288.03
HPAP-052,Body of pancreas,ROI2,endothelial,90,295.4
HPAP-052,Body of pancreas,ROI2,endothelial,100,304.01
HPAP-052,Body of pancreas,ROI2,endothelial,110,308.53
HPAP-052,Body of pancreas,ROI2,endothelial,120,313.08
HPAP-052,Body of pancreas,ROI2,endothelial,130,315.62
HPAP-052,Body of pancreas,ROI2,endothelial,140,315.56
HPAP-052,Body of pancreas,ROI2,endothelial,150,311.32
HPAP-052,Body of pancreas,ROI2,endothelial,160,305.28
HPAP-052,Body of pancreas,ROI2,endothelial,170,297.5
HPAP-052,Body of pancreas,ROI2,endothelial,180,287.99
HPAP-052,Body of pancreas,ROI2,endothelial,190,278.23
HPAP-052,Body of pancreas,ROI2,endothelial,200,268.23
HPAP-052,Body of pancreas,ROI3,fibroblast,10,-2.44
HPAP-052,Body of pancreas,ROI3,fibroblast,20,2.24
HPAP-052,Body of pancreas,ROI3,fibroblast,30,3.74
HPAP-052,Body of pancreas,ROI3,fibroblast,40,4.75
HPAP-052,Body of pancreas,ROI3,fibroblast,50,4.7
HPAP-052,Body of pancreas,ROI3,fibroblast,60,5.24
HPAP-052,Body of pancreas,ROI3,fibroblast,70,5.17
HPAP-052,Body of pancreas,ROI3,fibroblast,80,4.8
HPAP-052,Body of pancreas,ROI3,fibroblast,90,4.4
HPAP-052,Body of pancreas,ROI3,fibroblast,100,3.68
HPAP-052,Body of pancreas,ROI3,fibroblast,110,3.36
HPAP-052,Body of pancreas,ROI3,fibroblast,120,2.77
HPAP-052,Body of pancreas,ROI3,fibroblast,130,2.03
HPAP-052,Body of pancreas,ROI3,fibroblast,140,1.36
HPAP-052,Body of pancreas,ROI3,fibroblast,150,-0.15
HPAP-052,Body of pancreas,ROI3,fibroblast,160,-1.58
HPAP-052,Body of pancreas,ROI3,fibroblast,170,-2.81
HPAP-052,Body of pancreas,ROI3,fibroblast,180,-4.57
HPAP-052,Body of pancreas,ROI3,fibroblast,190,-6.27
HPAP-052,Body of pancreas,ROI3,fibroblast,200,-7.93
HPAP-052,Body of pancreas,ROI3,endothelial,10,34.25
HPAP-052,Body of pancreas,ROI3,endothelial,20,102.96
HPAP-052,Body of pancreas,ROI3,endothelial,30,153.03
HPAP-052,Body of pancreas,ROI3,endothelial,40,190.86
HPAP-052,Body of pancreas,ROI3,endothelial,50,223.36
HPAP-052,Body of pancreas,ROI3,endothelial,60,242.45
HPAP-052,Body of pancreas,ROI3,endothelial,70,257.98
HPAP-052,Body of pancreas,ROI3,endothelial,80,266.21
HPAP-052,Body of pancreas,ROI3,endothelial,90,266.74
HPAP-052,Body of pancreas,ROI3,endothelial,100,263.53
HPAP-052,Body of pancreas,ROI3,endothelial,110,258.58
HPAP-052,Body of pancreas,ROI3,endothelial,120,251.08
HPAP-052,Body of pancreas,ROI3,endothelial,130,241.82
HPAP-052,Body of pancreas,ROI3,endothelial,140,231.82
HPAP-052,Body of pancreas,ROI3,endothelial,150,221.82
HPAP-052,Body of pancreas,ROI3,endothelial,160,211.82
HPAP-052,Body of pancreas,ROI3,endothelial,170,201.82
HPAP-052,Body of pancreas,ROI3,endothelial,180,191.82
HPAP-052,Body of pancreas,ROI3,endothelial,190,181.82
HPAP-052,Body of pancreas,ROI3,endothelial,200,171.82
HPAP-052,Head of pancreas,ROI2,fibroblast,10,-1.88
HPAP-052,Head of pancreas,ROI2,fibroblast,20,3.41
HPAP-052,Head of pancreas,ROI2,fibroblast,30,4.5
HPAP-052,Head of pancreas,ROI2,fibroblast,40,4.8
HPAP-052,Head of pancreas,ROI2,fibroblast,50,4.44
HPAP-052,Head of pancreas,ROI2,fibroblast,60,3.6
HPAP-052,Head of pancreas,ROI2,fibroblast,70,3.42
HPAP-052,Head of pancreas,ROI2,fibroblast,80,2.64
HPAP-052,Head of pancreas,ROI2,fibroblast,90,1.35
HPAP-052,Head of pancreas,ROI2,fibroblast,100,0.31
HPAP-052,Head of pancreas,ROI2,fibroblast,110,-0.54
HPAP-052,Head of pancreas,ROI2,fibroblast,120,-1.86
HPAP-052,Head of pancreas,ROI2,fibroblast,130,-2.34
HPAP-052,Head of pancreas,ROI2,fibroblast,140,-3.62
HPAP-052,Head of pancreas,ROI2,fibroblast,150,-5.15
HPAP-052,Head of pancreas,ROI2,fibroblast,160,-7.2
HPAP-052,Head of pancreas,ROI2,fibroblast,170,-8.76
HPAP-052,Head of pancreas,ROI2,fibroblast,180,-9.7
HPAP-052,Head of pancreas,ROI2,fibroblast,190,-11.54
HPAP-052,Head of pancreas,ROI2,fibroblast,200,-13.37
HPAP-052,Head of pancreas,ROI3,fibroblast,10,-4.72
HPAP-052,Head of pancreas,ROI3,fibroblast,20,-0.11
HPAP-052,Head of pancreas,ROI3,fibroblast,30,0.67
HPAP-052,Head of pancreas,ROI3,fibroblast,40,1.03
HPAP-052,Head of pancreas,ROI3,fibroblast,50,0.65
HPAP-052,Head of pancreas,ROI3,fibroblast,60,0.69
HPAP-052,Head of pancreas,ROI3,fibroblast,70,0.43
HPAP-052,Head of pancreas,ROI3,fibroblast,80,-0.3
HPAP-052,Head of pancreas,ROI3,fibroblast,90,-0.6
HPAP-052,Head of pancreas,ROI3,fibroblast,100,-0.88
HPAP-052,Head of pancreas,ROI3,fibroblast,110,-2.06
HPAP-052,Head of pancreas,ROI3,fibroblast,120,-3.4
HPAP-052,Head of pancreas,ROI3,fibroblast,130,-5.45
HPAP-052,Head of pancreas,ROI3,fibroblast,140,-6.39
HPAP-052,Head of pancreas,ROI3,fibroblast,150,-7.56
HPAP-052,Head of pancreas,ROI3,fibroblast,160,-9.22
HPAP-052,Head of pancreas,ROI3,fibroblast,170,-10.9
HPAP-052,Head of pancreas,ROI3,fibroblast,180,-12.5
HPAP-052,Head of pancreas,ROI3,fibroblast,190,-14.29
HPAP-052,Head of pancreas,ROI3,fibroblast,200,-16.16
HPAP-052,Head of pancreas,ROI3,endothelial,10,3.03
HPAP-052,Head of pancreas,ROI3,endothelial,20,10.36
HPAP-052,Head of pancreas,ROI3,endothelial,30,10.9
HPAP-052,Head of pancreas,ROI3,endothelial,40,11.88
HPAP-052,Head of pancreas,ROI3,endothelial,50,11.7
HPAP-052,Head of pancreas,ROI3,endothelial,60,10.51
HPAP-052,Head of pancreas,ROI3,endothelial,70,8.33
HPAP-052,Head of pancreas,ROI3,endothelial,80,5.58
HPAP-052,Head of pancreas,ROI3,endothelial,90,3.56
HPAP-052,Head of pancreas,ROI3,endothelial,100,3.29
HPAP-052,Head of pancreas,ROI3,endothelial,110,1.64
HPAP-052,Head of pancreas,ROI3,endothelial,120,-0.49
HPAP-052,Head of pancreas,ROI3,endothelial,130,-1.21
HPAP-052,Head of pancreas,ROI3,endothelial,140,-3.62
HPAP-052,Head of pancreas,ROI3,endothelial,150,-4.67
HPAP-052,Head of pancreas,ROI3,endothelial,160,-6.0
HPAP-052,Head of pancreas,ROI3,endothelial,170,-8.24
HPAP-052,Head of pancreas,ROI3,endothelial,180,-11.13
HPAP-052,Head of pancreas,ROI3,endothelial,190,-14.3
HPAP-052,Head of pancreas,ROI3,endothelial,200,-15.35
HPAP-052,Tail of pancreas,ROI1,endothelial,10,-0.85
HPAP-052,Tail of pancreas,ROI1,endothelial,20,3.2
HPAP-052,Tail of pancreas,ROI1,endothelial,30,3.57
HPAP-052,Tail of pancreas,ROI1,endothelial,40,3.16
HPAP-052,Tail of pancreas,ROI1,endothelial,50,2.96
HPAP-052,Tail of pancreas,ROI1,endothelial,60,2.36
HPAP-052,Tail of pancreas,ROI1,endothelial,70,1.78
HPAP-052,Tail of pancreas,ROI1,endothelial,80,0.89
HPAP-052,Tail of pancreas,ROI1,endothelial,90,0.03
HPAP-052,Tail of pancreas,ROI1,endothelial,100,-0.92
HPAP-052,Tail of pancreas,ROI1,endothelial,110,-1.84
HPAP-052,Tail of pancreas,ROI1,endothelial,120,-2.6
HPAP-052,Tail of pancreas,ROI1,endothelial,130,-3.63
HPAP-052,Tail of pancreas,ROI1,endothelial,140,-4.95
HPAP-052,Tail of pancreas,ROI1,endothelial,150,-6.28
HPAP-052,Tail of pancreas,ROI1,endothelial,160,-7.79
HPAP-052,Tail of pancreas,ROI1,endothelial,170,-9.53
HPAP-052,Tail of pancreas,ROI1,endothelial,180,-11.1
HPAP-052,Tail of pancreas,ROI1,endothelial,190,-12.91
HPAP-052,Tail of pancreas,ROI1,endothelial,200,-14.8
HPAP-052,Tail of pancreas,ROI3,endothelial,10,9.3
HPAP-052,Tail of pancreas,ROI3,endothelial,20,39.36
HPAP-052,Tail of pancreas,ROI3,endothelial,30,59.66
HPAP-052,Tail of pancreas,ROI3,endothelial,40,76.6
HPAP-052,Tail of pancreas,ROI3,endothelial,50,92.4
HPAP-052,Tail of pancreas,ROI3,endothelial,60,105.55
HPAP-052,Tail of pancreas,ROI3,endothelial,70,117.72
HPAP-052,Tail of pancreas,ROI3,endothelial,80,127.48
HPAP-052,Tail of pancreas,ROI3,endothelial,90,135.77
HPAP-052,Tail of pancreas,ROI3,endothelial,100,142.0
HPAP-052,Tail of pancreas,ROI3,endothelial,110,146.98
HPAP-052,Tail of pancreas,ROI3,endothelial,120,149.83
HPAP-052,Tail of pancreas,ROI3,endothelial,130,151.02
HPAP-052,Tail of pancreas,ROI3,endothelial,140,150.42
HPAP-052,Tail of pancreas,ROI3,endothelial,150,148.14
HPAP-052,Tail of pancreas,ROI3,endothelial,160,144.35
HPAP-052,Tail of pancreas,ROI3,endothelial,170,139.42
HPAP-052,Tail of pancreas,ROI3,endothelial,180,133.5
HPAP-052,Tail of pancreas,ROI3,endothelial,190,126.42
HPAP-052,Tail of pancreas,ROI3,endothelial,200,118.77
HPAP-053,Body of pancreas,ROI2,endothelial,10,16.25
HPAP-053,Body of pancreas,ROI2,endothelial,20,70.6
HPAP-053,Body of pancreas,ROI2,endothelial,30,110.49
HPAP-053,Body of pancreas,ROI2,endothelial,40,139.46
HPAP-053,Body of pancreas,ROI2,endothelial,50,165.04
HPAP-053,Body of pancreas,ROI2,endothelial,60,186.15
HPAP-053,Body of pancreas,ROI2,endothelial,70,201.11
HPAP-053,Body of pancreas,ROI2,endothelial,80,212.13
HPAP-053,Body of pancreas,ROI2,endothelial,90,220.94
HPAP-053,Body of pancreas,ROI2,endothelial,100,222.9
HPAP-053,Body of pancreas,ROI2,endothelial,110,219.91
HPAP-053,Body of pancreas,ROI2,endothelial,120,214.34
HPAP-053,Body of pancreas,ROI2,endothelial,130,207.33
HPAP-053,Body of pancreas,ROI2,endothelial,140,199.46
HPAP-053,Body of pancreas,ROI2,endothelial,150,191.85
HPAP-053,Body of pancreas,ROI2,endothelial,160,183.49
HPAP-053,Body of pancreas,ROI2,endothelial,170,175.68
HPAP-053,Body of pancreas,ROI2,endothelial,180,167.84
HPAP-053,Body of pancreas,ROI2,endothelial,190,160.36
HPAP-053,Body of pancreas,ROI2,endothelial,200,154.27
HPAP-053,Body of pancreas,ROI3,endothelial,10,23.26
HPAP-053,Body of pancreas,ROI3,endothelial,20,64.14
HPAP-053,Body of pancreas,ROI3,endothelial,30,87.12
HPAP-053,Body of pancreas,ROI3,endothelial,40,102.67
HPAP-053,Body of pancreas,ROI3,endothelial,50,116.3
HPAP-053,Body of pancreas,ROI3,endothelial,60,120.35
HPAP-053,Body of pancreas,ROI3,endothelial,70,126.21
HPAP-053,Body of pancreas,ROI3,endothelial,80,134.01
HPAP-053,Body of pancreas,ROI3,endothelial,90,138.02
HPAP-053,Body of pancreas,ROI3,endothelial,100,143.05
HPAP-053,Body of pancreas,ROI3,endothelial,110,139.34
HPAP-053,Body of pancreas,ROI3,endothelial,120,137.21
HPAP-053,Body of pancreas,ROI3,endothelial,130,134.42
HPAP-053,Body of pancreas,ROI3,endothelial,140,131.44
HPAP-053,Body of pancreas,ROI3,endothelial,150,129.47
HPAP-053,Body of pancreas,ROI3,endothelial,160,128.05
HPAP-053,Body of pancreas,ROI3,endothelial,170,123.75
HPAP-053,Body of pancreas,ROI3,endothelial,180,121.92
HPAP-053,Body of pancreas,ROI3,endothelial,190,114.48
HPAP-053,Body of pancreas,ROI3,endothelial,200,106.65
HPAP-053,Head of pancreas,ROI1,endothelial,10,6.74
HPAP-053,Head of pancreas,ROI1,endothelial,20,38.26
HPAP-053,Head of pancreas,ROI1,endothelial,30,57.4
HPAP-053,Head of pancreas,ROI1,endothelial,40,73.82
HPAP-053,Head of pancreas,ROI1,endothelial,50,89.16
HPAP-053,Head of pancreas,ROI1,endothelial,60,103.58
HPAP-053,Head of pancreas,ROI1,endothelial,70,116.23
HPAP-053,Head of pancreas,ROI1,endothelial,80,128.21
HPAP-053,Head of pancreas,ROI1,endothelial,90,138.06
HPAP-053,Head of pancreas,ROI1,endothelial,100,147.64
HPAP-053,Head of pancreas,ROI1,endothelial,110,155.39
HPAP-053,Head of pancreas,ROI1,endothelial,120,161.75
HPAP-053,Head of pancreas,ROI1,endothelial,130,167.28
HPAP-053,Head of pancreas,ROI1,endothelial,140,171.68
HPAP-053,Head of pancreas,ROI1,endothelial,150,174.97
HPAP-053,Head of pancreas,ROI1,endothelial,160,177.61
HPAP-053,Head of pancreas,ROI1,endothelial,170,178.58
HPAP-053,Head of pancreas,ROI1,endothelial,180,178.57
HPAP-053,Head of pancreas,ROI1,endothelial,190,177.33
HPAP-053,Head of pancreas,ROI1,endothelial,200,175.17
HPAP-053,Head of pancreas,ROI3,fibroblast,10,-4.66
HPAP-053,Head of pancreas,ROI3,fibroblast,20,6.18
HPAP-053,Head of pancreas,ROI3,fibroblast,30,6.83
HPAP-053,Head of pancreas,ROI3,fibroblast,40,6.59
HPAP-053,Head of pancreas,ROI3,fibroblast,50,5.79
HPAP-053,Head of pancreas,ROI3,fibroblast,60,5.34
HPAP-053,Head of pancreas,ROI3,fibroblast,70,3.56
HPAP-053,Head of pancreas,ROI3,fibroblast,80,1.92
HPAP-053,Head of pancreas,ROI3,fibroblast,90,1.32
HPAP-053,Head of pancreas,ROI3,fibroblast,100,-0.38
HPAP-053,Head of pancreas,ROI3,fibroblast,110,-1.66
HPAP-053,Head of pancreas,ROI3,fibroblast,120,-3.78
HPAP-053,Head of pancreas,ROI3,fibroblast,130,-4.5
HPAP-053,Head of pancreas,ROI3,fibroblast,140,-5.92
HPAP-053,Head of pancreas,ROI3,fibroblast,150,-7.66
HPAP-053,Head of pancreas,ROI3,fibroblast,160,-9.18
HPAP-053,Head of pancreas,ROI3,fibroblast,170,-10.66
HPAP-053,Head of pancreas,ROI3,fibroblast,180,-12.49
HPAP-053,Head of pancreas,ROI3,fibroblast,190,-14.38
HPAP-053,Head of pancreas,ROI3,fibroblast,200,-17.05
HPAP-053,Head of pancreas,ROI3,endothelial,10,-1.11
HPAP-053,Head of pancreas,ROI3,endothelial,20,3.51
HPAP-053,Head of pancreas,ROI3,endothelial,30,4.42
HPAP-053,Head of pancreas,ROI3,endothelial,40,1.69
HPAP-053,Head of pancreas,ROI3,endothelial,50,-1.32
HPAP-053,Head of pancreas,ROI3,endothelial,60,0.28
HPAP-053,Head of pancreas,ROI3,endothelial,70,2.75
HPAP-053,Head of pancreas,ROI3,endothelial,80,3.85
HPAP-053,Head of pancreas,ROI3,endothelial,90,6.13
HPAP-053,Head of pancreas,ROI3,endothelial,100,7.02
HPAP-053,Head of pancreas,ROI3,endothelial,110,7.23
HPAP-053,Head of pancreas,ROI3,endothelial,120,9.4
HPAP-053,Head of pancreas,ROI3,endothelial,130,7.69
HPAP-053,Head of pancreas,ROI3,endothelial,140,4.13
HPAP-053,Head of pancreas,ROI3,endothelial,150,3.94
HPAP-053,Head of pancreas,ROI3,endothelial,160,0.96
HPAP-053,Head of pancreas,ROI3,endothelial,170,-1.37
HPAP-053,Head of pancreas,ROI3,endothelial,180,-2.47
HPAP-053,Head of pancreas,ROI3,endothelial,190,-2.52
HPAP-053,Head of pancreas,ROI3,endothelial,200,-4.07
HPAP-053,Tail of pancreas,ROI1,endothelial,10,16.98
HPAP-053,Tail of pancreas,ROI1,endothelial,20,54.21
HPAP-053,Tail of pancreas,ROI1,endothelial,30,79.23
HPAP-053,Tail of pancreas,ROI1,endothelial,40,99.96
HPAP-053,Tail of pancreas,ROI1,endothelial,50,117.12
HPAP-053,Tail of pancreas,ROI1,endothelial,60,132.59
HPAP-053,Tail of pancreas,ROI1,endothelial,70,144.92
HPAP-053,Tail of pancreas,ROI1,endothelial,80,156.61
HPAP-053,Tail of pancreas,ROI1,endothelial,90,165.8
HPAP-053,Tail of pancreas,ROI1,endothelial,100,172.83
HPAP-053,Tail of pancreas,ROI1,endothelial,110,176.83
HPAP-053,Tail of pancreas,ROI1,endothelial,120,178.43
HPAP-053,Tail of pancreas,ROI1,endothelial,130,177.46
HPAP-053,Tail of pancreas,ROI1,endothelial,140,175.06
HPAP-053,Tail of pancreas,ROI1,endothelial,150,171.82
HPAP-053,Tail of pancreas,ROI1,endothelial,160,167.96
HPAP-053,Tail of pancreas,ROI1,endothelial,170,163.27
HPAP-053,Tail of pancreas,ROI1,endothelial,180,159.36
HPAP-053,Tail of pancreas,ROI1,endothelial,190,155.83
HPAP-053,Tail of pancreas,ROI1,endothelial,200,152.0
HPAP-053,Tail of pancreas,ROI2,endothelial,10,17.16
HPAP-053,Tail of pancreas,ROI2,endothelial,20,55.43
HPAP-053,Tail of pancreas,ROI2,endothelial,30,79.12
HPAP-053,Tail of pancreas,ROI2,endothelial,40,94.04
HPAP-053,Tail of pancreas,ROI2,endothelial,50,103.29
HPAP-053,Tail of pancreas,ROI2,endothelial,60,111.15
HPAP-053,Tail of pancreas,ROI2,endothelial,70,115.91
HPAP-053,Tail of pancreas,ROI2,endothelial,80,119.97
HPAP-053,Tail of pancreas,ROI2,endothelial,90,121.62
HPAP-053,Tail of pancreas,ROI2,endothelial,100,123.84
HPAP-053,Tail of pancreas,ROI2,endothelial,110,125.99
HPAP-053,Tail of pancreas,ROI2,endothelial,120,128.18
HPAP-053,Tail of pancreas,ROI2,endothelial,130,132.01
HPAP-053,Tail of pancreas,ROI2,endothelial,140,133.91
HPAP-053,Tail of pancreas,ROI2,endothelial,150,134.01
HPAP-053,Tail of pancreas,ROI2,endothelial,160,133.95
HPAP-053,Tail of pancreas,ROI2,endothelial,170,133.21
HPAP-053,Tail of pancreas,ROI2,endothelial,180,131.7
HPAP-053,Tail of pancreas,ROI2,endothelial,190,131.19
HPAP-053,Tail of pancreas,ROI2,endothelial,200,130.48
HPAP-053,Tail of pancreas,ROI3,fibroblast,10,0.61
HPAP-053,Tail of pancreas,ROI3,fibroblast,20,9.17
HPAP-053,Tail of pancreas,ROI3,fibroblast,30,13.61
HPAP-053,Tail of pancreas,ROI3,fibroblast,40,16.27
HPAP-053,Tail of pancreas,ROI3,fibroblast,50,17.68
HPAP-053,Tail of pancreas,ROI3,fibroblast,60,18.76
HPAP-053,Tail of pancreas,ROI3,fibroblast,70,20.17
HPAP-053,Tail of pancreas,ROI3,fibroblast,80,20.81
HPAP-053,Tail of pancreas,ROI3,fibroblast,90,21.74
HPAP-053,Tail of pancreas,ROI3,fibroblast,100,22.09
HPAP-053,Tail of pancreas,ROI3,fibroblast,110,21.43
HPAP-053,Tail of pancreas,ROI3,fibroblast,120,20.81
HPAP-053,Tail of pancreas,ROI3,fibroblast,130,19.92
HPAP-053,Tail of pancreas,ROI3,fibroblast,140,19.4
HPAP-053,Tail of pancreas,ROI3,fibroblast,150,18.6
HPAP-053,Tail of pancreas,ROI3,fibroblast,160,17.16
HPAP-053,Tail of pancreas,ROI3,fibroblast,170,15.76
HPAP-053,Tail of pancreas,ROI3,fibroblast,180,14.19
HPAP-053,Tail of pancreas,ROI3,fibroblast,190,12.67
HPAP-053,Tail of pancreas,ROI3,fibroblast,200,11.33
HPAP-053,Tail of pancreas,ROI3,endothelial,10,14.86
HPAP-053,Tail of pancreas,ROI3,endothelial,20,69.21
HPAP-053,Tail of pancreas,ROI3,endothelial,30,104.76
HPAP-053,Tail of pancreas,ROI3,endothelial,40,134.04
HPAP-053,Tail of pancreas,ROI3,endothelial,50,165.32
HPAP-053,Tail of pancreas,ROI3,endothelial,60,190.03
HPAP-053,Tail of pancreas,ROI3,endothelial,70,210.61
HPAP-053,Tail of pancreas,ROI3,endothelial,80,228.55
HPAP-053,Tail of pancreas,ROI3,endothelial,90,240.2
HPAP-053,Tail of pancreas,ROI3,endothelial,100,248.42
HPAP-053,Tail of pancreas,ROI3,endothelial,110,255.1
HPAP-053,Tail of pancreas,ROI3,endothelial,120,258.71
HPAP-053,Tail of pancreas,ROI3,endothelial,130,257.98
HPAP-053,Tail of pancreas,ROI3,endothelial,140,255.77
HPAP-053,Tail of pancreas,ROI3,endothelial,150,253.22
HPAP-053,Tail of pancreas,ROI3,endothelial,160,247.13
HPAP-053,Tail of pancreas,ROI3,endothelial,170,240.72
HPAP-053,Tail of pancreas,ROI3,endothelial,180,232.69
HPAP-053,Tail of pancreas,ROI3,endothelial,190,223.81
HPAP-053,Tail of pancreas,ROI3,endothelial,200,215.39
HPAP-054,Body of pancreas,ROI1,endothelial,10,7.99
HPAP-054,Body of pancreas,ROI1,endothelial,20,47.89
HPAP-054,Body of pancreas,ROI1,endothelial,30,75.21
HPAP-054,Body of pancreas,ROI1,endothelial,40,95.16
HPAP-054,Body of pancreas,ROI1,endothelial,50,113.83
HPAP-054,Body of pancreas,ROI1,endothelial,60,129.4
HPAP-054,Body of pancreas,ROI1,endothelial,70,144.05
HPAP-054,Body of pancreas,ROI1,endothelial,80,154.43
HPAP-054,Body of pancreas,ROI1,endothelial,90,162.27
HPAP-054,Body of pancreas,ROI1,endothelial,100,167.17
HPAP-054,Body of pancreas,ROI1,endothelial,110,170.32
HPAP-054,Body of pancreas,ROI1,endothelial,120,171.43
HPAP-054,Body of pancreas,ROI1,endothelial,130,171.05
HPAP-054,Body of pancreas,ROI1,endothelial,140,168.79
HPAP-054,Body of pancreas,ROI1,endothelial,150,164.75
HPAP-054,Body of pancreas,ROI1,endothelial,160,159.44
HPAP-054,Body of pancreas,ROI1,endothelial,170,152.89
HPAP-054,Body of pancreas,ROI1,endothelial,180,145.63
HPAP-054,Body of pancreas,ROI1,endothelial,190,138.46
HPAP-054,Body of pancreas,ROI1,endothelial,200,131.26
HPAP-054,Body of pancreas,ROI2,endothelial,10,12.82
HPAP-054,Body of pancreas,ROI2,endothelial,20,50.37
HPAP-054,Body of pancreas,ROI2,endothelial,30,73.98
HPAP-054,Body of pancreas,ROI2,endothelial,40,93.06
HPAP-054,Body of pancreas,ROI2,endothelial,50,109.49
HPAP-054,Body of pancreas,ROI2,endothelial,60,124.03
HPAP-054,Body of pancreas,ROI2,endothelial,70,133.98
HPAP-054,Body of pancreas,ROI2,endothelial,80,140.89
HPAP-054,Body of pancreas,ROI2,endothelial,90,145.17
HPAP-054,Body of pancreas,ROI2,endothelial,100,146.62
HPAP-054,Body of pancreas,ROI2,endothelial,110,146.29
HPAP-054,Body of pancreas,ROI2,endothelial,120,144.46
HPAP-054,Body of pancreas,ROI2,endothelial,130,141.8
HPAP-054,Body of pancreas,ROI2,endothelial,140,138.55
HPAP-054,Body of pancreas,ROI2,endothelial,150,134.58
HPAP-054,Body of pancreas,ROI2,endothelial,160,130.26
HPAP-054,Body of pancreas,ROI2,endothelial,170,125.87
HPAP-054,Body of pancreas,ROI2,endothelial,180,121.2
HPAP-054,Body of pancreas,ROI2,endothelial,190,116.36
HPAP-054,Body of pancreas,ROI2,endothelial,200,110.98
HPAP-054,Body of pancreas,ROI3,endothelial,10,20.29
HPAP-054,Body of pancreas,ROI3,endothelial,20,86.01
HPAP-054,Body of pancreas,ROI3,endothelial,30,119.93
HPAP-054,Body of pancreas,ROI3,endothelial,40,144.25
HPAP-054,Body of pancreas,ROI3,endothelial,50,163.11
HPAP-054,Body of pancreas,ROI3,endothelial,60,175.11
HPAP-054,Body of pancreas,ROI3,endothelial,70,181.15
HPAP-054,Body of pancreas,ROI3,endothelial,80,184.06
HPAP-054,Body of pancreas,ROI3,endothelial,90,184.7
HPAP-054,Body of pancreas,ROI3,endothelial,100,186.95
HPAP-054,Body of pancreas,ROI3,endothelial,110,187.93
HPAP-054,Body of pancreas,ROI3,endothelial,120,186.66
HPAP-054,Body of pancreas,ROI3,endothelial,130,185.51
HPAP-054,Body of pancreas,ROI3,endothelial,140,180.56
HPAP-054,Body of pancreas,ROI3,endothelial,150,174.47
HPAP-054,Body of pancreas,ROI3,endothelial,160,169.38
HPAP-054,Body of pancreas,ROI3,endothelial,170,161.12
HPAP-054,Body of pancreas,ROI3,endothelial,180,152.5
HPAP-054,Body of pancreas,ROI3,endothelial,190,142.5
HPAP-054,Body of pancreas,ROI3,endothelial,200,132.84
HPAP-054,Head of pancreas,ROI3,endothelial,10,18.04
HPAP-054,Head of pancreas,ROI3,endothelial,20,45.28
HPAP-054,Head of pancreas,ROI3,endothelial,30,61.64
HPAP-054,Head of pancreas,ROI3,endothelial,40,72.88
HPAP-054,Head of pancreas,ROI3,endothelial,50,80.56
HPAP-054,Head of pancreas,ROI3,endothelial,60,85.54
HPAP-054,Head of pancreas,ROI3,endothelial,70,89.9
HPAP-054,Head of pancreas,ROI3,endothelial,80,93.79
HPAP-054,Head of pancreas,ROI3,endothelial,90,95.87
HPAP-054,Head of pancreas,ROI3,endothelial,100,95.31
HPAP-054,Head of pancreas,ROI3,endothelial,110,94.52
HPAP-054,Head of pancreas,ROI3,endothelial,120,94.2
HPAP-054,Head of pancreas,ROI3,endothelial,130,92.26
HPAP-054,Head of pancreas,ROI3,endothelial,140,90.12
HPAP-054,Head of pancreas,ROI3,endothelial,150,86.77
HPAP-054,Head of pancreas,ROI3,endothelial,160,83.15
HPAP-054,Head of pancreas,ROI3,endothelial,170,79.78
HPAP-054,Head of pancreas,ROI3,endothelial,180,77.77
HPAP-054,Head of pancreas,ROI3,endothelial,190,74.97
HPAP-054,Head of pancreas,ROI3,endothelial,200,71.6
HPAP-054,Tail of pancreas,ROI2,endothelial,10,17.35
HPAP-054,Tail of pancreas,ROI2,endothelial,20,53.91
HPAP-054,Tail of pancreas,ROI2,endothelial,30,77.29
HPAP-054,Tail of pancreas,ROI2,endothelial,40,97.32
HPAP-054,Tail of pancreas,ROI2,endothelial,50,114.49
HPAP-054,Tail of pancreas,ROI2,endothelial,60,129.33
HPAP-054,Tail of pancreas,ROI2,endothelial,70,141.92
HPAP-054,Tail of pancreas,ROI2,endothelial,80,153.2
HPAP-054,Tail of pancreas,ROI2,endothelial,90,160.03
HPAP-054,Tail of pancreas,ROI2,endothelial,100,164.41
HPAP-054,Tail of pancreas,ROI2,endothelial,110,167.06
HPAP-054,Tail of pancreas,ROI2,endothelial,120,168.58
HPAP-054,Tail of pancreas,ROI2,endothelial,130,169.82
HPAP-054,Tail of pancreas,ROI2,endothelial,140,170.17
HPAP-054,Tail of pancreas,ROI2,endothelial,150,168.46
HPAP-054,Tail of pancreas,ROI2,endothelial,160,165.98
HPAP-054,Tail of pancreas,ROI2,endothelial,170,163.47
HPAP-054,Tail of pancreas,ROI2,endothelial,180,160.21
HPAP-054,Tail of pancreas,ROI2,endothelial,190,157.27
HPAP-054,Tail of pancreas,ROI2,endothelial,200,154.52
HPAP-054,Tail of pancreas,ROI3,endothelial,10,19.61
HPAP-054,Tail of pancreas,ROI3,endothelial,20,73.62
HPAP-054,Tail of pancreas,ROI3,endothelial,30,104.59
HPAP-054,Tail of pancreas,ROI3,endothelial,40,123.95
HPAP-054,Tail of pancreas,ROI3,endothelial,50,141.87
HPAP-054,Tail of pancreas,ROI3,endothelial,60,153.49
HPAP-054,Tail of pancreas,ROI3,endothelial,70,164.99
HPAP-054,Tail of pancreas,ROI3,endothelial,80,174.1
HPAP-054,Tail of pancreas,ROI3,endothelial,90,185.08
HPAP-054,Tail of pancreas,ROI3,endothelial,100,195.07
HPAP-054,Tail of pancreas,ROI3,endothelial,110,201.45
HPAP-054,Tail of pancreas,ROI3,endothelial,120,199.78
HPAP-054,Tail of pancreas,ROI3,endothelial,130,193.86
HPAP-054,Tail of pancreas,ROI3,endothelial,140,186.11
HPAP-054,Tail of pancreas,ROI3,endothelial,150,177.45
HPAP-054,Tail of pancreas,ROI3,endothelial,160,167.9
HPAP-054,Tail of pancreas,ROI3,endothelial,170,159.23
HPAP-054,Tail of pancreas,ROI3,endothelial,180,152.32
HPAP-054,Tail of pancreas,ROI3,endothelial,190,146.69
HPAP-054,Tail of pancreas,ROI3,endothelial,200,137.56
HPAP-056,Body of pancreas,ROI2,endothelial,10,2.03
HPAP-056,Body of pancreas,ROI2,endothelial,20,6.42
HPAP-056,Body of pancreas,ROI2,endothelial,30,7.37
HPAP-056,Body of pancreas,ROI2,endothelial,40,6.97
HPAP-056,Body of pancreas,ROI2,endothelial,50,7.45
HPAP-056,Body of pancreas,ROI2,endothelial,60,6.88
HPAP-056,Body of pancreas,ROI2,endothelial,70,6.0
HPAP-056,Body of pancreas,ROI2,endothelial,80,5.79
HPAP-056,Body of pancreas,ROI2,endothelial,90,4.61
HPAP-056,Body of pancreas,ROI2,endothelial,100,3.59
HPAP-056,Body of pancreas,ROI2,endothelial,110,2.71
HPAP-056,Body of pancreas,ROI2,endothelial,120,0.57
HPAP-056,Body of pancreas,ROI2,endothelial,130,-0.5
HPAP-056,Body of pancreas,ROI2,endothelial,140,-2.54
HPAP-056,Body of pancreas,ROI2,endothelial,150,-4.83
HPAP-056,Body of pancreas,ROI2,endothelial,160,-6.9
HPAP-056,Body of pancreas,ROI2,endothelial,170,-8.75
HPAP-056,Body of pancreas,ROI2,endothelial,180,-10.33
HPAP-056,Body of pancreas,ROI2,endothelial,190,-11.84
HPAP-056,Body of pancreas,ROI2,endothelial,200,-13.43
HPAP-056,Body of pancreas,ROI3,endothelial,10,0.32
HPAP-056,Body of pancreas,ROI3,endothelial,20,5.28
HPAP-056,Body of pancreas,ROI3,endothelial,30,4.68
HPAP-056,Body of pancreas,ROI3,endothelial,40,4.02
HPAP-056,Body of pancreas,ROI3,endothelial,50,3.07
HPAP-056,Body of pancreas,ROI3,endothelial,60,2.16
HPAP-056,Body of pancreas,ROI3,endothelial,70,1.94
HPAP-056,Body of pancreas,ROI3,endothelial,80,1.42
HPAP-056,Body of pancreas,ROI3,endothelial,90,0.44
HPAP-056,Body of pancreas,ROI3,endothelial,100,0.29
HPAP-056,Body of pancreas,ROI3,endothelial,110,-0.6
HPAP-056,Body of pancreas,ROI3,endothelial,120,-1.52
HPAP-056,Body of pancreas,ROI3,endothelial,130,-2.9
HPAP-056,Body of pancreas,ROI3,endothelial,140,-3.49
HPAP-056,Body of pancreas,ROI3,endothelial,150,-4.66
HPAP-056,Body of pancreas,ROI3,endothelial,160,-5.84
HPAP-056,Body of pancreas,ROI3,endothelial,170,-7.44
HPAP-056,Body of pancreas,ROI3,endothelial,180,-8.81
HPAP-056,Body of pancreas,ROI3,endothelial,190,-10.43
HPAP-056,Body of pancreas,ROI3,endothelial,200,-11.7
HPAP-056,Body of pancreas,ROI5,endothelial,10,-0.9
HPAP-056,Body of pancreas,ROI5,endothelial,20,9.56
HPAP-056,Body of pancreas,ROI5,endothelial,30,12.79
HPAP-056,Body of pancreas,ROI5,endothelial,40,16.38
HPAP-056,Body of pancreas,ROI5,endothelial,50,19.0
HPAP-056,Body of pancreas,ROI5,endothelial,60,21.67
HPAP-056,Body of pancreas,ROI5,endothelial,70,24.02
HPAP-056,Body of pancreas,ROI5,endothelial,80,25.32
HPAP-056,Body of pancreas,ROI5,endothelial,90,27.01
HPAP-056,Body of pancreas,ROI5,endothelial,100,28.38
HPAP-056,Body of pancreas,ROI5,endothelial,110,29.59
HPAP-056,Body of pancreas,ROI5,endothelial,120,30.05
HPAP-056,Body of pancreas,ROI5,endothelial,130,30.57
HPAP-056,Body of pancreas,ROI5,endothelial,140,30.64
HPAP-056,Body of pancreas,ROI5,endothelial,150,30.66
HPAP-056,Body of pancreas,ROI5,endothelial,160,30.11
HPAP-056,Body of pancreas,ROI5,endothelial,170,29.68
HPAP-056,Body of pancreas,ROI5,endothelial,180,28.84
HPAP-056,Body of pancreas,ROI5,endothelial,190,27.44
HPAP-056,Body of pancreas,ROI5,endothelial,200,26.24
HPAP-056,Head of pancreas,ROI1,endothelial,10,27.0
HPAP-056,Head of pancreas,ROI1,endothelial,20,102.04
HPAP-056,Head of pancreas,ROI1,endothelial,30,143.52
HPAP-056,Head of pancreas,ROI1,endothelial,40,176.46
HPAP-056,Head of pancreas,ROI1,endothelial,50,202.35
HPAP-056,Head of pancreas,ROI1,endothelial,60,223.46
HPAP-056,Head of pancreas,ROI1,endothelial,70,240.3
HPAP-056,Head of pancreas,ROI1,endothelial,80,248.94
HPAP-056,Head of pancreas,ROI1,endothelial,90,253.2
HPAP-056,Head of pancreas,ROI1,endothelial,100,253.71
HPAP-056,Head of pancreas,ROI1,endothelial,110,252.81
HPAP-056,Head of pancreas,ROI1,endothelial,120,248.53
HPAP-056,Head of pancreas,ROI1,endothelial,130,243.42
HPAP-056,Head of pancreas,ROI1,endothelial,140,236.64
HPAP-056,Head of pancreas,ROI1,endothelial,150,227.49
HPAP-056,Head of pancreas,ROI1,endothelial,160,219.3
HPAP-056,Head of pancreas,ROI1,endothelial,170,210.57
HPAP-056,Head of pancreas,ROI1,endothelial,180,201.63
HPAP-056,Head of pancreas,ROI1,endothelial,190,192.68
HPAP-056,Head of pancreas,ROI1,endothelial,200,183.42
HPAP-056,Head of pancreas,ROI2,endothelial,10,-10.0
HPAP-056,Head of pancreas,ROI2,endothelial,20,91.42
HPAP-056,Head of pancreas,ROI2,endothelial,30,130.02
HPAP-056,Head of pancreas,ROI2,endothelial,40,150.96
HPAP-056,Head of pancreas,ROI2,endothelial,50,181.38
HPAP-056,Head of pancreas,ROI2,endothelial,60,208.62
HPAP-056,Head of pancreas,ROI2,endothelial,70,220.82
HPAP-056,Head of pancreas,ROI2,endothelial,80,223.86
HPAP-056,Head of pancreas,ROI2,endothelial,90,225.14
HPAP-056,Head of pancreas,ROI2,endothelial,100,224.84
HPAP-056,Head of pancreas,ROI2,endothelial,110,218.41
HPAP-056,Head of pancreas,ROI2,endothelial,120,208.41
HPAP-056,Head of pancreas,ROI2,endothelial,130,198.41
HPAP-056,Head of pancreas,ROI2,endothelial,140,188.41
HPAP-056,Head of pancreas,ROI2,endothelial,150,178.41
HPAP-056,Head of pancreas,ROI2,endothelial,160,168.41
HPAP-056,Head of pancreas,ROI2,endothelial,170,158.41
HPAP-056,Head of pancreas,ROI2,endothelial,180,148.41
HPAP-056,Head of pancreas,ROI2,endothelial,190,138.41
HPAP-056,Head of pancreas,ROI2,endothelial,200,128.41
HPAP-056,Tail of pancreas,ROI1,endothelial,10,16.81
HPAP-056,Tail of pancreas,ROI1,endothelial,20,44.58
HPAP-056,Tail of pancreas,ROI1,endothelial,30,61.33
HPAP-056,Tail of pancreas,ROI1,endothelial,40,74.6
HPAP-056,Tail of pancreas,ROI1,endothelial,50,84.96
HPAP-056,Tail of pancreas,ROI1,endothelial,60,92.87
HPAP-056,Tail of pancreas,ROI1,endothelial,70,100.08
HPAP-056,Tail of pancreas,ROI1,endothelial,80,106.23
HPAP-056,Tail of pancreas,ROI1,endothelial,90,109.22
HPAP-056,Tail of pancreas,ROI1,endothelial,100,112.55
HPAP-056,Tail of pancreas,ROI1,endothelial,110,114.77
HPAP-056,Tail of pancreas,ROI1,endothelial,120,115.24
HPAP-056,Tail of pancreas,ROI1,endothelial,130,115.47
HPAP-056,Tail of pancreas,ROI1,endothelial,140,113.96
HPAP-056,Tail of pancreas,ROI1,endothelial,150,112.59
HPAP-056,Tail of pancreas,ROI1,endothelial,160,110.46
HPAP-056,Tail of pancreas,ROI1,endothelial,170,108.15
HPAP-056,Tail of pancreas,ROI1,endothelial,180,106.93
HPAP-056,Tail of pancreas,ROI1,endothelial,190,105.45
HPAP-056,Tail of pancreas,ROI1,endothelial,200,102.54
HPAP-056,Tail of pancreas,ROI2,endothelial,10,12.29
HPAP-056,Tail of pancreas,ROI2,endothelial,20,40.84
HPAP-056,Tail of pancreas,ROI2,endothelial,30,58.01
HPAP-056,Tail of pancreas,ROI2,endothelial,40,73.21
HPAP-056,Tail of pancreas,ROI2,endothelial,50,85.59
HPAP-056,Tail of pancreas,ROI2,endothelial,60,95.55
HPAP-056,Tail of pancreas,ROI2,endothelial,70,103.76
HPAP-056,Tail of pancreas,ROI2,endothelial,80,107.69
HPAP-056,Tail of pancreas,ROI2,endothelial,90,108.3
HPAP-056,Tail of pancreas,ROI2,endothelial,100,107.05
HPAP-056,Tail of pancreas,ROI2,endothelial,110,105.17
HPAP-056,Tail of pancreas,ROI2,endothelial,120,101.41
HPAP-056,Tail of pancreas,ROI2,endothelial,130,96.88
HPAP-056,Tail of pancreas,ROI2,endothelial,140,91.44
HPAP-056,Tail of pancreas,ROI2,endothelial,150,85.26
HPAP-056,Tail of pancreas,ROI2,endothelial,160,79.09
HPAP-056,Tail of pancreas,ROI2,endothelial,170,72.32
HPAP-056,Tail of pancreas,ROI2,endothelial,180,65.45
HPAP-056,Tail of pancreas,ROI2,endothelial,190,58.37
HPAP-056,Tail of pancreas,ROI2,endothelial,200,51.11
HPAP-056,Tail of pancreas,ROI3,endothelial,10,9.96
HPAP-056,Tail of pancreas,ROI3,endothelial,20,34.26
HPAP-056,Tail of pancreas,ROI3,endothelial,30,50.27
HPAP-056,Tail of pancreas,ROI3,endothelial,40,61.62
HPAP-056,Tail of pancreas,ROI3,endothelial,50,70.51
HPAP-056,Tail of pancreas,ROI3,endothelial,60,79.55
HPAP-056,Tail of pancreas,ROI3,endothelial,70,85.51
HPAP-056,Tail of pancreas,ROI3,endothelial,80,90.02
HPAP-056,Tail of pancreas,ROI3,endothelial,90,94.08
HPAP-056,Tail of pancreas,ROI3,endothelial,100,96.56
HPAP-056,Tail of pancreas,ROI3,endothelial,110,98.7
HPAP-056,Tail of pancreas,ROI3,endothelial,120,99.11
HPAP-056,Tail of pancreas,ROI3,endothelial,130,98.77
HPAP-056,Tail of pancreas,ROI3,endothelial,140,97.19
HPAP-056,Tail of pancreas,ROI3,endothelial,150,94.98
HPAP-056,Tail of pancreas,ROI3,endothelial,160,92.33
HPAP-056,Tail of pancreas,ROI3,endothelial,170,89.34
HPAP-056,Tail of pancreas,ROI3,endothelial,180,86.03
HPAP-056,Tail of pancreas,ROI3,endothelial,190,83.15
HPAP-056,Tail of pancreas,ROI3,endothelial,200,79.15
HPAP-059,Body of pancreas,ROI1,endothelial,10,8.97
HPAP-059,Body of pancreas,ROI1,endothelial,20,34.22
HPAP-059,Body of pancreas,ROI1,endothelial,30,51.61
HPAP-059,Body of pancreas,ROI1,endothelial,40,59.2
HPAP-059,Body of pancreas,ROI1,endothelial,50,67.99
HPAP-059,Body of pancreas,ROI1,endothelial,60,73.95
HPAP-059,Body of pancreas,ROI1,endothelial,70,79.81
HPAP-059,Body of pancreas,ROI1,endothelial,80,83.77
HPAP-059,Body of pancreas,ROI1,endothelial,90,88.16
HPAP-059,Body of pancreas,ROI1,endothelial,100,91.0
HPAP-059,Body of pancreas,ROI1,endothelial,110,92.74
HPAP-059,Body of pancreas,ROI1,endothelial,120,91.29
HPAP-059,Body of pancreas,ROI1,endothelial,130,87.45
HPAP-059,Body of pancreas,ROI1,endothelial,140,83.03
HPAP-059,Body of pancreas,ROI1,endothelial,150,79.66
HPAP-059,Body of pancreas,ROI1,endothelial,160,77.12
HPAP-059,Body of pancreas,ROI1,endothelial,170,75.33
HPAP-059,Body of pancreas,ROI1,endothelial,180,71.48
HPAP-059,Body of pancreas,ROI1,endothelial,190,67.61
HPAP-059,Body of pancreas,ROI1,endothelial,200,62.35
HPAP-059,Body of pancreas,ROI2,endothelial,10,-4.22
HPAP-059,Body of pancreas,ROI2,endothelial,20,1.48
HPAP-059,Body of pancreas,ROI2,endothelial,30,1.7
HPAP-059,Body of pancreas,ROI2,endothelial,40,2.93
HPAP-059,Body of pancreas,ROI2,endothelial,50,2.3
HPAP-059,Body of pancreas,ROI2,endothelial,60,2.29
HPAP-059,Body of pancreas,ROI2,endothelial,70,1.58
HPAP-059,Body of pancreas,ROI2,endothelial,80,0.75
HPAP-059,Body of pancreas,ROI2,endothelial,90,0.08
HPAP-059,Body of pancreas,ROI2,endothelial,100,-0.99
HPAP-059,Body of pancreas,ROI2,endothelial,110,-1.33
HPAP-059,Body of pancreas,ROI2,endothelial,120,-2.18
HPAP-059,Body of pancreas,ROI2,endothelial,130,-3.26
HPAP-059,Body of pancreas,ROI2,endothelial,140,-4.31
HPAP-059,Body of pancreas,ROI2,endothelial,150,-5.76
HPAP-059,Body of pancreas,ROI2,endothelial,160,-7.13
HPAP-059,Body of pancreas,ROI2,endothelial,170,-9.05
HPAP-059,Body of pancreas,ROI2,endothelial,180,-10.45
HPAP-059,Body of pancreas,ROI2,endothelial,190,-12.33
HPAP-059,Body of pancreas,ROI2,endothelial,200,-13.75
HPAP-059,Body of pancreas,ROI3,endothelial,10,-5.65
HPAP-059,Body of pancreas,ROI3,endothelial,20,3.27
HPAP-059,Body of pancreas,ROI3,endothelial,30,5.3
HPAP-059,Body of pancreas,ROI3,endothelial,40,5.43
HPAP-059,Body of pancreas,ROI3,endothelial,50,5.56
HPAP-059,Body of pancreas,ROI3,endothelial,60,5.59
HPAP-059,Body of pancreas,ROI3,endothelial,70,5.6
HPAP-059,Body of pancreas,ROI3,endothelial,80,5.1
HPAP-059,Body of pancreas,ROI3,endothelial,90,5.1
HPAP-059,Body of pancreas,ROI3,endothelial,100,4.71
HPAP-059,Body of pancreas,ROI3,endothelial,110,4.51
HPAP-059,Body of pancreas,ROI3,endothelial,120,3.73
HPAP-059,Body of pancreas,ROI3,endothelial,130,3.75
HPAP-059,Body of pancreas,ROI3,endothelial,140,2.75
HPAP-059,Body of pancreas,ROI3,endothelial,150,1.29
HPAP-059,Body of pancreas,ROI3,endothelial,160,-0.51
HPAP-059,Body of pancreas,ROI3,endothelial,170,-1.7
HPAP-059,Body of pancreas,ROI3,endothelial,180,-3.29
HPAP-059,Body of pancreas,ROI3,endothelial,190,-5.12
HPAP-059,Body of pancreas,ROI3,endothelial,200,-6.71
HPAP-059,Head of pancreas,ROI2,endothelial,10,9.91
HPAP-059,Head of pancreas,ROI2,endothelial,20,61.54
HPAP-059,Head of pancreas,ROI2,endothelial,30,87.8
HPAP-059,Head of pancreas,ROI2,endothelial,40,111.14
HPAP-059,Head of pancreas,ROI2,endothelial,50,131.15
HPAP-059,Head of pancreas,ROI2,endothelial,60,144.48
HPAP-059,Head of pancreas,ROI2,endothelial,70,153.85
HPAP-059,Head of pancreas,ROI2,endothelial,80,160.47
HPAP-059,Head of pancreas,ROI2,endothelial,90,164.15
HPAP-059,Head of pancreas,ROI2,endothelial,100,166.57
HPAP-059,Head of pancreas,ROI2,endothelial,110,166.68
HPAP-059,Head of pancreas,ROI2,endothelial,120,165.04
HPAP-059,Head of pancreas,ROI2,endothelial,130,162.01
HPAP-059,Head of pancreas,ROI2,endothelial,140,157.65
HPAP-059,Head of pancreas,ROI2,endothelial,150,152.18
HPAP-059,Head of pancreas,ROI2,endothelial,160,146.88
HPAP-059,Head of pancreas,ROI2,endothelial,170,141.71
HPAP-059,Head of pancreas,ROI2,endothelial,180,136.52
HPAP-059,Head of pancreas,ROI2,endothelial,190,131.49
HPAP-059,Head of pancreas,ROI2,endothelial,200,126.57
HPAP-059,Head of pancreas,ROI3,fibroblast,10,14.2
HPAP-059,Head of pancreas,ROI3,fibroblast,20,28.4
HPAP-059,Head of pancreas,ROI3,fibroblast,30,34.02
HPAP-059,Head of pancreas,ROI3,fibroblast,40,30.55
HPAP-059,Head of pancreas,ROI3,fibroblast,50,24.58
HPAP-059,Head of pancreas,ROI3,fibroblast,60,14.58
HPAP-059,Head of pancreas,ROI3,fibroblast,70,10.25
HPAP-059,Head of pancreas,ROI3,fibroblast,80,7.25
HPAP-059,Head of pancreas,ROI3,fibroblast,90,8.29
HPAP-059,Head of pancreas,ROI3,fibroblast,100,2.66
HPAP-059,Head of pancreas,ROI3,fibroblast,110,4.78
HPAP-059,Head of pancreas,ROI3,fibroblast,120,0.99
HPAP-059,Head of pancreas,ROI3,fibroblast,130,-7.81
HPAP-059,Head of pancreas,ROI3,fibroblast,140,-13.11
HPAP-059,Head of pancreas,ROI3,fibroblast,150,-13.12
HPAP-059,Head of pancreas,ROI3,fibroblast,160,-16.84
HPAP-059,Head of pancreas,ROI3,fibroblast,170,-16.01
HPAP-059,Head of pancreas,ROI3,fibroblast,180,-18.58
HPAP-059,Head of pancreas,ROI3,fibroblast,190,-14.67
HPAP-059,Head of pancreas,ROI3,fibroblast,200,-15.72
HPAP-059,Head of pancreas,ROI3,endothelial,10,7.01
HPAP-059,Head of pancreas,ROI3,endothelial,20,43.03
HPAP-059,Head of pancreas,ROI3,endothelial,30,62.74
HPAP-059,Head of pancreas,ROI3,endothelial,40,81.7
HPAP-059,Head of pancreas,ROI3,endothelial,50,99.26
HPAP-059,Head of pancreas,ROI3,endothelial,60,114.42
HPAP-059,Head of pancreas,ROI3,endothelial,70,128.72
HPAP-059,Head of pancreas,ROI3,endothelial,80,142.07
HPAP-059,Head of pancreas,ROI3,endothelial,90,155.7
HPAP-059,Head of pancreas,ROI3,endothelial,100,168.24
HPAP-059,Head of pancreas,ROI3,endothelial,110,179.45
HPAP-059,Head of pancreas,ROI3,endothelial,120,189.8
HPAP-059,Head of pancreas,ROI3,endothelial,130,199.91
HPAP-059,Head of pancreas,ROI3,endothelial,140,210.16
HPAP-059,Head of pancreas,ROI3,endothelial,150,218.45
HPAP-059,Head of pancreas,ROI3,endothelial,160,225.6
HPAP-059,Head of pancreas,ROI3,endothelial,170,231.86
HPAP-059,Head of pancreas,ROI3,endothelial,180,236.45
HPAP-059,Head of pancreas,ROI3,endothelial,190,239.89
HPAP-059,Head of pancreas,ROI3,endothelial,200,241.84
HPAP-059,Head of pancreas,ROI4,endothelial,10,6.04
HPAP-059,Head of pancreas,ROI4,endothelial,20,36.08
HPAP-059,Head of pancreas,ROI4,endothelial,30,54.98
HPAP-059,Head of pancreas,ROI4,endothelial,40,71.11
HPAP-059,Head of pancreas,ROI4,endothelial,50,86.59
HPAP-059,Head of pancreas,ROI4,endothelial,60,99.3
HPAP-059,Head of pancreas,ROI4,endothelial,70,110.69
HPAP-059,Head of pancreas,ROI4,endothelial,80,120.68
HPAP-059,Head of pancreas,ROI4,endothelial,90,127.93
HPAP-059,Head of pancreas,ROI4,endothelial,100,134.83
HPAP-059,Head of pancreas,ROI4,endothelial,110,140.97
HPAP-059,Head of pancreas,ROI4,endothelial,120,145.57
HPAP-059,Head of pancreas,ROI4,endothelial,130,148.53
HPAP-059,Head of pancreas,ROI4,endothelial,140,149.7
HPAP-059,Head of pancreas,ROI4,endothelial,150,150.0
HPAP-059,Head of pancreas,ROI4,endothelial,160,149.1
HPAP-059,Head of pancreas,ROI4,endothelial,170,147.08
HPAP-059,Head of pancreas,ROI4,endothelial,180,143.76
HPAP-059,Head of pancreas,ROI4,endothelial,190,139.71
HPAP-059,Head of pancreas,ROI4,endothelial,200,134.77
HPAP-059,Tail of pancreas,ROI1,endothelial,10,-2.04
HPAP-059,Tail of pancreas,ROI1,endothelial,20,3.41
HPAP-059,Tail of pancreas,ROI1,endothelial,30,4.86
HPAP-059,Tail of pancreas,ROI1,endothelial,40,5.38
HPAP-059,Tail of pancreas,ROI1,endothelial,50,5.13
HPAP-059,Tail of pancreas,ROI1,endothelial,60,4.62
HPAP-059,Tail of pancreas,ROI1,endothelial,70,4.77
HPAP-059,Tail of pancreas,ROI1,endothelial,80,4.34
HPAP-059,Tail of pancreas,ROI1,endothelial,90,3.4
HPAP-059,Tail of pancreas,ROI1,endothelial,100,3.14
HPAP-059,Tail of pancreas,ROI1,endothelial,110,2.37
HPAP-059,Tail of pancreas,ROI1,endothelial,120,1.62
HPAP-059,Tail of pancreas,ROI1,endothelial,130,0.11
HPAP-059,Tail of pancreas,ROI1,endothelial,140,-1.32
HPAP-059,Tail of pancreas,ROI1,endothelial,150,-2.49
HPAP-059,Tail of pancreas,ROI1,endothelial,160,-3.9
HPAP-059,Tail of pancreas,ROI1,endothelial,170,-5.31
HPAP-059,Tail of pancreas,ROI1,endothelial,180,-7.26
HPAP-059,Tail of pancreas,ROI1,endothelial,190,-9.38
HPAP-059,Tail of pancreas,ROI1,endothelial,200,-11.37
HPAP-059,Tail of pancreas,ROI2,endothelial,10,-1.73
HPAP-059,Tail of pancreas,ROI2,endothelial,20,4.24
HPAP-059,Tail of pancreas,ROI2,endothelial,30,2.74
HPAP-059,Tail of pancreas,ROI2,endothelial,40,2.5
HPAP-059,Tail of pancreas,ROI2,endothelial,50,2.06
HPAP-059,Tail of pancreas,ROI2,endothelial,60,1.95
HPAP-059,Tail of pancreas,ROI2,endothelial,70,1.75
HPAP-059,Tail of pancreas,ROI2,endothelial,80,0.7
HPAP-059,Tail of pancreas,ROI2,endothelial,90,0.64
HPAP-059,Tail of pancreas,ROI2,endothelial,100,-0.42
HPAP-059,Tail of pancreas,ROI2,endothelial,110,-0.58
HPAP-059,Tail of pancreas,ROI2,endothelial,120,-1.67
HPAP-059,Tail of pancreas,ROI2,endothelial,130,-2.68
HPAP-059,Tail of pancreas,ROI2,endothelial,140,-3.66
HPAP-059,Tail of pancreas,ROI2,endothelial,150,-4.54
HPAP-059,Tail of pancreas,ROI2,endothelial,160,-5.24
HPAP-059,Tail of pancreas,ROI2,endothelial,170,-6.65
HPAP-059,Tail of pancreas,ROI2,endothelial,180,-8.01
HPAP-059,Tail of pancreas,ROI2,endothelial,190,-9.27
HPAP-059,Tail of pancreas,ROI2,endothelial,200,-10.95
HPAP-059,Tail of pancreas,ROI3,endothelial,10,-2.36
HPAP-059,Tail of pancreas,ROI3,endothelial,20,2.59
HPAP-059,Tail of pancreas,ROI3,endothelial,30,3.08
HPAP-059,Tail of pancreas,ROI3,endothelial,40,2.87
HPAP-059,Tail of pancreas,ROI3,endothelial,50,2.14
HPAP-059,Tail of pancreas,ROI3,endothelial,60,2.24
HPAP-059,Tail of pancreas,ROI3,endothelial,70,1.82
HPAP-059,Tail of pancreas,ROI3,endothelial,80,0.56
HPAP-059,Tail of pancreas,ROI3,endothelial,90,0.45
HPAP-059,Tail of pancreas,ROI3,endothelial,100,-0.24
HPAP-059,Tail of pancreas,ROI3,endothelial,110,-1.58
HPAP-059,Tail of pancreas,ROI3,endothelial,120,-3.64
HPAP-059,Tail of pancreas,ROI3,endothelial,130,-4.89
HPAP-059,Tail of pancreas,ROI3,endothelial,140,-5.87
HPAP-059,Tail of pancreas,ROI3,endothelial,150,-7.37
HPAP-059,Tail of pancreas,ROI3,endothelial,160,-8.72
HPAP-059,Tail of pancreas,ROI3,endothelial,170,-10.4
HPAP-059,Tail of pancreas,ROI3,endothelial,180,-11.48
HPAP-059,Tail of pancreas,ROI3,endothelial,190,-12.91
HPAP-059,Tail of pancreas,ROI3,endothelial,200,-14.59
HPAP-063,Body of pancreas,ROI1,endothelial,10,12.39
HPAP-063,Body of pancreas,ROI1,endothelial,20,44.4
HPAP-063,Body of pancreas,ROI1,endothelial,30,66.13
HPAP-063,Body of pancreas,ROI1,endothelial,40,87.24
HPAP-063,Body of pancreas,ROI1,endothelial,50,106.18
HPAP-063,Body of pancreas,ROI1,endothelial,60,123.7
HPAP-063,Body of pancreas,ROI1,endothelial,70,138.96
HPAP-063,Body of pancreas,ROI1,endothelial,80,154.17
HPAP-063,Body of pancreas,ROI1,endothelial,90,166.81
HPAP-063,Body of pancreas,ROI1,endothelial,100,177.76
HPAP-063,Body of pancreas,ROI1,endothelial,110,186.84
HPAP-063,Body of pancreas,ROI1,endothelial,120,195.04
HPAP-063,Body of pancreas,ROI1,endothelial,130,201.46
HPAP-063,Body of pancreas,ROI1,endothelial,140,206.19
HPAP-063,Body of pancreas,ROI1,endothelial,150,208.88
HPAP-063,Body of pancreas,ROI1,endothelial,160,210.53
HPAP-063,Body of pancreas,ROI1,endothelial,170,210.43
HPAP-063,Body of pancreas,ROI1,endothelial,180,208.79
HPAP-063,Body of pancreas,ROI1,endothelial,190,205.89
HPAP-063,Body of pancreas,ROI1,endothelial,200,201.97
HPAP-063,Body of pancreas,ROI2,endothelial,10,14.36
HPAP-063,Body of pancreas,ROI2,endothelial,20,59.28
HPAP-063,Body of pancreas,ROI2,endothelial,30,83.43
HPAP-063,Body of pancreas,ROI2,endothelial,40,100.09
HPAP-063,Body of pancreas,ROI2,endothelial,50,115.62
HPAP-063,Body of pancreas,ROI2,endothelial,60,131.21
HPAP-063,Body of pancreas,ROI2,endothelial,70,145.99
HPAP-063,Body of pancreas,ROI2,endothelial,80,157.95
HPAP-063,Body of pancreas,ROI2,endothelial,90,168.62
HPAP-063,Body of pancreas,ROI2,endothelial,100,174.86
HPAP-063,Body of pancreas,ROI2,endothelial,110,178.86
HPAP-063,Body of pancreas,ROI2,endothelial,120,180.44
HPAP-063,Body of pancreas,ROI2,endothelial,130,179.68
HPAP-063,Body of pancreas,ROI2,endothelial,140,177.26
HPAP-063,Body of pancreas,ROI2,endothelial,150,173.28
HPAP-063,Body of pancreas,ROI2,endothelial,160,168.45
HPAP-063,Body of pancreas,ROI2,endothelial,170,162.41
HPAP-063,Body of pancreas,ROI2,endothelial,180,155.6
HPAP-063,Body of pancreas,ROI2,endothelial,190,147.86
HPAP-063,Body of pancreas,ROI2,endothelial,200,140.05
HPAP-063,Body of pancreas,ROI3,endothelial,10,14.38
HPAP-063,Body of pancreas,ROI3,endothelial,20,53.91
HPAP-063,Body of pancreas,ROI3,endothelial,30,73.09
HPAP-063,Body of pancreas,ROI3,endothelial,40,92.44
HPAP-063,Body of pancreas,ROI3,endothelial,50,108.85
HPAP-063,Body of pancreas,ROI3,endothelial,60,120.84
HPAP-063,Body of pancreas,ROI3,endothelial,70,128.0
HPAP-063,Body of pancreas,ROI3,endothelial,80,132.66
HPAP-063,Body of pancreas,ROI3,endothelial,90,135.8
HPAP-063,Body of pancreas,ROI3,endothelial,100,137.82
HPAP-063,Body of pancreas,ROI3,endothelial,110,141.42
HPAP-063,Body of pancreas,ROI3,endothelial,120,141.06
HPAP-063,Body of pancreas,ROI3,endothelial,130,141.33
HPAP-063,Body of pancreas,ROI3,endothelial,140,138.96
HPAP-063,Body of pancreas,ROI3,endothelial,150,134.56
HPAP-063,Body of pancreas,ROI3,endothelial,160,128.78
HPAP-063,Body of pancreas,ROI3,endothelial,170,122.36
HPAP-063,Body of pancreas,ROI3,endothelial,180,115.01
HPAP-063,Body of pancreas,ROI3,endothelial,190,107.83
HPAP-063,Body of pancreas,ROI3,endothelial,200,100.38
HPAP-063,Head of pancreas,ROI1,endothelial,10,20.65
HPAP-063,Head of pancreas,ROI1,endothelial,20,74.58
HPAP-063,Head of pancreas,ROI1,endothelial,30,102.53
HPAP-063,Head of pancreas,ROI1,endothelial,40,128.48
HPAP-063,Head of pancreas,ROI1,endothelial,50,152.91
HPAP-063,Head of pancreas,ROI1,endothelial,60,174.99
HPAP-063,Head of pancreas,ROI1,endothelial,70,197.12
HPAP-063,Head of pancreas,ROI1,endothelial,80,218.67
HPAP-063,Head of pancreas,ROI1,endothelial,90,234.87
HPAP-063,Head of pancreas,ROI1,endothelial,100,248.0
HPAP-063,Head of pancreas,ROI1,endothelial,110,257.97
HPAP-063,Head of pancreas,ROI1,endothelial,120,266.69
HPAP-063,Head of pancreas,ROI1,endothelial,130,275.11
HPAP-063,Head of pancreas,ROI1,endothelial,140,281.37
HPAP-063,Head of pancreas,ROI1,endothelial,150,284.82
HPAP-063,Head of pancreas,ROI1,endothelial,160,286.45
HPAP-063,Head of pancreas,ROI1,endothelial,170,285.91
HPAP-063,Head of pancreas,ROI1,endothelial,180,282.63
HPAP-063,Head of pancreas,ROI1,endothelial,190,278.38
HPAP-063,Head of pancreas,ROI1,endothelial,200,272.85
HPAP-063,Head of pancreas,ROI3,endothelial,10,42.32
HPAP-063,Head of pancreas,ROI3,endothelial,20,108.15
HPAP-063,Head of pancreas,ROI3,endothelial,30,149.33
HPAP-063,Head of pancreas,ROI3,endothelial,40,184.26
HPAP-063,Head of pancreas,ROI3,endothelial,50,210.05
HPAP-063,Head of pancreas,ROI3,endothelial,60,224.55
HPAP-063,Head of pancreas,ROI3,endothelial,70,238.95
HPAP-063,Head of pancreas,ROI3,endothelial,80,248.8
HPAP-063,Head of pancreas,ROI3,endothelial,90,255.38
HPAP-063,Head of pancreas,ROI3,endothelial,100,258.18
HPAP-063,Head of pancreas,ROI3,endothelial,110,257.15
HPAP-063,Head of pancreas,ROI3,endothelial,120,251.93
HPAP-063,Head of pancreas,ROI3,endothelial,130,244.37
HPAP-063,Head of pancreas,ROI3,endothelial,140,236.65
HPAP-063,Head of pancreas,ROI3,endothelial,150,227.71
HPAP-063,Head of pancreas,ROI3,endothelial,160,218.61
HPAP-063,Head of pancreas,ROI3,endothelial,170,209.07
HPAP-063,Head of pancreas,ROI3,endothelial,180,199.52
HPAP-063,Head of pancreas,ROI3,endothelial,190,189.97
HPAP-063,Head of pancreas,ROI3,endothelial,200,181.17
HPAP-063,Tail of pancreas,ROI1,endothelial,10,17.08
HPAP-063,Tail of pancreas,ROI1,endothelial,20,53.41
HPAP-063,Tail of pancreas,ROI1,endothelial,30,77.73
HPAP-063,Tail of pancreas,ROI1,endothelial,40,95.76
HPAP-063,Tail of pancreas,ROI1,endothelial,50,109.26
HPAP-063,Tail of pancreas,ROI1,endothelial,60,119.9
HPAP-063,Tail of pancreas,ROI1,endothelial,70,127.67
HPAP-063,Tail of pancreas,ROI1,endothelial,80,132.3
HPAP-063,Tail of pancreas,ROI1,endothelial,90,134.66
HPAP-063,Tail of pancreas,ROI1,endothelial,100,134.18
HPAP-063,Tail of pancreas,ROI1,endothelial,110,131.76
HPAP-063,Tail of pancreas,ROI1,endothelial,120,128.58
HPAP-063,Tail of pancreas,ROI1,endothelial,130,125.51
HPAP-063,Tail of pancreas,ROI1,endothelial,140,123.25
HPAP-063,Tail of pancreas,ROI1,endothelial,150,121.39
HPAP-063,Tail of pancreas,ROI1,endothelial,160,119.78
HPAP-063,Tail of pancreas,ROI1,endothelial,170,118.76
HPAP-063,Tail of pancreas,ROI1,endothelial,180,117.27
HPAP-063,Tail of pancreas,ROI1,endothelial,190,116.1
HPAP-063,Tail of pancreas,ROI1,endothelial,200,114.88
HPAP-063,Tail of pancreas,ROI2,endothelial,10,9.97
HPAP-063,Tail of pancreas,ROI2,endothelial,20,35.57
HPAP-063,Tail of pancreas,ROI2,endothelial,30,52.52
HPAP-063,Tail of pancreas,ROI2,endothelial,40,68.34
HPAP-063,Tail of pancreas,ROI2,endothelial,50,80.75
HPAP-063,Tail of pancreas,ROI2,endothelial,60,91.5
HPAP-063,Tail of pancreas,ROI2,endothelial,70,102.28
HPAP-063,Tail of pancreas,ROI2,endothelial,80,111.66
HPAP-063,Tail of pancreas,ROI2,endothelial,90,119.72
HPAP-063,Tail of pancreas,ROI2,endothelial,100,126.78
HPAP-063,Tail of pancreas,ROI2,endothelial,110,131.64
HPAP-063,Tail of pancreas,ROI2,endothelial,120,136.36
HPAP-063,Tail of pancreas,ROI2,endothelial,130,141.45
HPAP-063,Tail of pancreas,ROI2,endothelial,140,144.65
HPAP-063,Tail of pancreas,ROI2,endothelial,150,147.73
HPAP-063,Tail of pancreas,ROI2,endothelial,160,149.83
HPAP-063,Tail of pancreas,ROI2,endothelial,170,150.84
HPAP-063,Tail of pancreas,ROI2,endothelial,180,150.88
HPAP-063,Tail of pancreas,ROI2,endothelial,190,151.19
HPAP-063,Tail of pancreas,ROI2,endothelial,200,150.69
HPAP-063,Tail of pancreas,ROI3,endothelial,10,11.25
HPAP-063,Tail of pancreas,ROI3,endothelial,20,43.33
HPAP-063,Tail of pancreas,ROI3,endothelial,30,65.55
HPAP-063,Tail of pancreas,ROI3,endothelial,40,85.5
HPAP-063,Tail of pancreas,ROI3,endothelial,50,100.84
HPAP-063,Tail of pancreas,ROI3,endothelial,60,115.86
HPAP-063,Tail of pancreas,ROI3,endothelial,70,127.84
HPAP-063,Tail of pancreas,ROI3,endothelial,80,137.09
HPAP-063,Tail of pancreas,ROI3,endothelial,90,144.02
HPAP-063,Tail of pancreas,ROI3,endothelial,100,148.67
HPAP-063,Tail of pancreas,ROI3,endothelial,110,151.5
HPAP-063,Tail of pancreas,ROI3,endothelial,120,152.45
HPAP-063,Tail of pancreas,ROI3,endothelial,130,151.72
HPAP-063,Tail of pancreas,ROI3,endothelial,140,149.71
HPAP-063,Tail of pancreas,ROI3,endothelial,150,146.82
HPAP-063,Tail of pancreas,ROI3,endothelial,160,142.85
HPAP-063,Tail of pancreas,ROI3,endothelial,170,138.41
HPAP-063,Tail of pancreas,ROI3,endothelial,180,134.25
HPAP-063,Tail of pancreas,ROI3,endothelial,190,130.05
HPAP-063,Tail of pancreas,ROI3,endothelial,200,126.1
HPAP-066,Head of pancreas,ROI3,fibroblast,10,0.18
HPAP-066,Head of pancreas,ROI3,fibroblast,20,10.53
HPAP-066,Head of pancreas,ROI3,fibroblast,30,11.33
HPAP-066,Head of pancreas,ROI3,fibroblast,40,11.38
HPAP-066,Head of pancreas,ROI3,fibroblast,50,8.45
HPAP-066,Head of pancreas,ROI3,fibroblast,60,7.11
HPAP-066,Head of pancreas,ROI3,fibroblast,70,11.09
HPAP-066,Head of pancreas,ROI3,fibroblast,80,11.58
HPAP-066,Head of pancreas,ROI3,fibroblast,90,10.48
HPAP-066,Head of pancreas,ROI3,fibroblast,100,8.17
HPAP-066,Head of pancreas,ROI3,fibroblast,110,7.35
HPAP-066,Head of pancreas,ROI3,fibroblast,120,5.04
HPAP-066,Head of pancreas,ROI3,fibroblast,130,2.48
HPAP-066,Head of pancreas,ROI3,fibroblast,140,-0.66
HPAP-066,Head of pancreas,ROI3,fibroblast,150,-2.89
HPAP-066,Head of pancreas,ROI3,fibroblast,160,-5.01
HPAP-066,Head of pancreas,ROI3,fibroblast,170,-8.63
HPAP-066,Head of pancreas,ROI3,fibroblast,180,-11.56
HPAP-066,Head of pancreas,ROI3,fibroblast,190,-11.27
HPAP-066,Head of pancreas,ROI3,fibroblast,200,-11.96
HPAP-066,Head of pancreas,ROI3,endothelial,10,-1.88
HPAP-066,Head of pancreas,ROI3,endothelial,20,4.5
HPAP-066,Head of pancreas,ROI3,endothelial,30,5.66
HPAP-066,Head of pancreas,ROI3,endothelial,40,5.25
HPAP-066,Head of pancreas,ROI3,endothelial,50,4.45
HPAP-066,Head of pancreas,ROI3,endothelial,60,3.73
HPAP-066,Head of pancreas,ROI3,endothelial,70,3.89
HPAP-066,Head of pancreas,ROI3,endothelial,80,3.17
HPAP-066,Head of pancreas,ROI3,endothelial,90,2.5
HPAP-066,Head of pancreas,ROI3,endothelial,100,1.92
HPAP-066,Head of pancreas,ROI3,endothelial,110,0.97
HPAP-066,Head of pancreas,ROI3,endothelial,120,-0.41
HPAP-066,Head of pancreas,ROI3,endothelial,130,-1.91
HPAP-066,Head of pancreas,ROI3,endothelial,140,-3.3
HPAP-066,Head of pancreas,ROI3,endothelial,150,-4.37
HPAP-066,Head of pancreas,ROI3,endothelial,160,-5.63
HPAP-066,Head of pancreas,ROI3,endothelial,170,-7.42
HPAP-066,Head of pancreas,ROI3,endothelial,180,-8.82
HPAP-066,Head of pancreas,ROI3,endothelial,190,-10.37
HPAP-066,Head of pancreas,ROI3,endothelial,200,-11.99
HPAP-066,Head of pancreas,ROI4,fibroblast,10,-10.0
HPAP-066,Head of pancreas,ROI4,fibroblast,20,17.12
HPAP-066,Head of pancreas,ROI4,fibroblast,30,22.5
HPAP-066,Head of pancreas,ROI4,fibroblast,40,26.06
HPAP-066,Head of pancreas,ROI4,fibroblast,50,27.28
HPAP-066,Head of pancreas,ROI4,fibroblast,60,35.85
HPAP-066,Head of pancreas,ROI4,fibroblast,70,30.53
HPAP-066,Head of pancreas,ROI4,fibroblast,80,22.79
HPAP-066,Head of pancreas,ROI4,fibroblast,90,18.23
HPAP-066,Head of pancreas,ROI4,fibroblast,100,16.41
HPAP-066,Head of pancreas,ROI4,fibroblast,110,19.49
HPAP-066,Head of pancreas,ROI4,fibroblast,120,14.7
HPAP-066,Head of pancreas,ROI4,fibroblast,130,11.36
HPAP-066,Head of pancreas,ROI4,fibroblast,140,6.15
HPAP-066,Head of pancreas,ROI4,fibroblast,150,0.79
HPAP-066,Head of pancreas,ROI4,fibroblast,160,-3.23
HPAP-066,Head of pancreas,ROI4,fibroblast,170,0.79
HPAP-066,Head of pancreas,ROI4,fibroblast,180,-0.68
HPAP-066,Head of pancreas,ROI4,fibroblast,190,-3.15
HPAP-066,Head of pancreas,ROI4,fibroblast,200,-1.82
HPAP-066,Head of pancreas,ROI4,endothelial,10,-0.94
HPAP-066,Head of pancreas,ROI4,endothelial,20,4.49
HPAP-066,Head of pancreas,ROI4,endothelial,30,4.98
HPAP-066,Head of pancreas,ROI4,endothelial,40,4.92
HPAP-066,Head of pancreas,ROI4,endothelial,50,4.5
HPAP-066,Head of pancreas,ROI4,endothelial,60,3.88
HPAP-066,Head of pancreas,ROI4,endothelial,70,3.75
HPAP-066,Head of pancreas,ROI4,endothelial,80,3.68
HPAP-066,Head of pancreas,ROI4,endothelial,90,3.08
HPAP-066,Head of pancreas,ROI4,endothelial,100,2.79
HPAP-066,Head of pancreas,ROI4,endothelial,110,1.7
HPAP-066,Head of pancreas,ROI4,endothelial,120,1.24
HPAP-066,Head of pancreas,ROI4,endothelial,130,0.1
HPAP-066,Head of pancreas,ROI4,endothelial,140,-1.01
HPAP-066,Head of pancreas,ROI4,endothelial,150,-1.95
HPAP-066,Head of pancreas,ROI4,endothelial,160,-2.61
HPAP-066,Head of pancreas,ROI4,endothelial,170,-3.9
HPAP-066,Head of pancreas,ROI4,endothelial,180,-5.7
HPAP-066,Head of pancreas,ROI4,endothelial,190,-7.59
HPAP-066,Head of pancreas,ROI4,endothelial,200,-9.65
HPAP-066,Head of pancreas,ROI5,fibroblast,10,5.61
HPAP-066,Head of pancreas,ROI5,fibroblast,20,13.73
HPAP-066,Head of pancreas,ROI5,fibroblast,30,14.77
HPAP-066,Head of pancreas,ROI5,fibroblast,40,14.83
HPAP-066,Head of pancreas,ROI5,fibroblast,50,13.1
HPAP-066,Head of pancreas,ROI5,fibroblast,60,12.12
HPAP-066,Head of pancreas,ROI5,fibroblast,70,12.46
HPAP-066,Head of pancreas,ROI5,fibroblast,80,12.66
HPAP-066,Head of pancreas,ROI5,fibroblast,90,12.25
HPAP-066,Head of pancreas,ROI5,fibroblast,100,9.54
HPAP-066,Head of pancreas,ROI5,fibroblast,110,9.59
HPAP-066,Head of pancreas,ROI5,fibroblast,120,9.17
HPAP-066,Head of pancreas,ROI5,fibroblast,130,6.71
HPAP-066,Head of pancreas,ROI5,fibroblast,140,6.01
HPAP-066,Head of pancreas,ROI5,fibroblast,150,4.92
HPAP-066,Head of pancreas,ROI5,fibroblast,160,2.76
HPAP-066,Head of pancreas,ROI5,fibroblast,170,0.48
HPAP-066,Head of pancreas,ROI5,fibroblast,180,-1.37
HPAP-066,Head of pancreas,ROI5,fibroblast,190,-3.0
HPAP-066,Head of pancreas,ROI5,fibroblast,200,-5.06
HPAP-066,Head of pancreas,ROI5,endothelial,10,-3.02
HPAP-066,Head of pancreas,ROI5,endothelial,20,2.49
HPAP-066,Head of pancreas,ROI5,endothelial,30,3.62
HPAP-066,Head of pancreas,ROI5,endothelial,40,4.26
HPAP-066,Head of pancreas,ROI5,endothelial,50,4.24
HPAP-066,Head of pancreas,ROI5,endothelial,60,3.96
HPAP-066,Head of pancreas,ROI5,endothelial,70,3.88
HPAP-066,Head of pancreas,ROI5,endothelial,80,3.68
HPAP-066,Head of pancreas,ROI5,endothelial,90,3.66
HPAP-066,Head of pancreas,ROI5,endothelial,100,2.54
HPAP-066,Head of pancreas,ROI5,endothelial,110,1.52
HPAP-066,Head of pancreas,ROI5,endothelial,120,0.99
HPAP-066,Head of pancreas,ROI5,endothelial,130,0.01
HPAP-066,Head of pancreas,ROI5,endothelial,140,-1.1
HPAP-066,Head of pancreas,ROI5,endothelial,150,-2.79
HPAP-066,Head of pancreas,ROI5,endothelial,160,-4.17
HPAP-066,Head of pancreas,ROI5,endothelial,170,-5.54
HPAP-066,Head of pancreas,ROI5,endothelial,180,-7.67
HPAP-066,Head of pancreas,ROI5,endothelial,190,-9.31
HPAP-066,Head of pancreas,ROI5,endothelial,200,-11.11
HPAP-066,Tail of pancreas,ROI3,endothelial,10,2.96
HPAP-066,Tail of pancreas,ROI3,endothelial,20,9.92
HPAP-066,Tail of pancreas,ROI3,endothelial,30,10.28
HPAP-066,Tail of pancreas,ROI3,endothelial,40,11.82
HPAP-066,Tail of pancreas,ROI3,endothelial,50,13.03
HPAP-066,Tail of pancreas,ROI3,endothelial,60,15.17
HPAP-066,Tail of pancreas,ROI3,endothelial,70,16.26
HPAP-066,Tail of pancreas,ROI3,endothelial,80,16.52
HPAP-066,Tail of pancreas,ROI3,endothelial,90,17.62
HPAP-066,Tail of pancreas,ROI3,endothelial,100,18.51
HPAP-066,Tail of pancreas,ROI3,endothelial,110,21.27
HPAP-066,Tail of pancreas,ROI3,endothelial,120,21.33
HPAP-066,Tail of pancreas,ROI3,endothelial,130,20.72
HPAP-066,Tail of pancreas,ROI3,endothelial,140,20.69
HPAP-066,Tail of pancreas,ROI3,endothelial,150,21.31
HPAP-066,Tail of pancreas,ROI3,endothelial,160,19.6
HPAP-066,Tail of pancreas,ROI3,endothelial,170,19.08
HPAP-066,Tail of pancreas,ROI3,endothelial,180,18.68
HPAP-066,Tail of pancreas,ROI3,endothelial,190,16.89
HPAP-066,Tail of pancreas,ROI3,endothelial,200,14.72
HPAP-066,Tail of pancreas,ROI5,fibroblast,10,7.03
HPAP-066,Tail of pancreas,ROI5,fibroblast,20,13.35
HPAP-066,Tail of pancreas,ROI5,fibroblast,30,13.98
HPAP-066,Tail of pancreas,ROI5,fibroblast,40,16.91
HPAP-066,Tail of pancreas,ROI5,fibroblast,50,15.6
HPAP-066,Tail of pancreas,ROI5,fibroblast,60,13.26
HPAP-066,Tail of pancreas,ROI5,fibroblast,70,12.86
HPAP-066,Tail of pancreas,ROI5,fibroblast,80,13.03
HPAP-066,Tail of pancreas,ROI5,fibroblast,90,10.04
HPAP-066,Tail of pancreas,ROI5,fibroblast,100,7.94
HPAP-066,Tail of pancreas,ROI5,fibroblast,110,5.72
HPAP-066,Tail of pancreas,ROI5,fibroblast,120,4.96
HPAP-066,Tail of pancreas,ROI5,fibroblast,130,3.38
HPAP-066,Tail of pancreas,ROI5,fibroblast,140,2.16
HPAP-066,Tail of pancreas,ROI5,fibroblast,150,-0.22
HPAP-066,Tail of pancreas,ROI5,fibroblast,160,0.68
HPAP-066,Tail of pancreas,ROI5,fibroblast,170,0.6
HPAP-066,Tail of pancreas,ROI5,fibroblast,180,-0.02
HPAP-066,Tail of pancreas,ROI5,fibroblast,190,-2.14
HPAP-066,Tail of pancreas,ROI5,fibroblast,200,-3.7
HPAP-067,Body of pancreas,ROI2,endothelial,10,0.31
HPAP-067,Body of pancreas,ROI2,endothelial,20,11.69
HPAP-067,Body of pancreas,ROI2,endothelial,30,14.55
HPAP-067,Body of pancreas,ROI2,endothelial,40,14.89
HPAP-067,Body of pancreas,ROI2,endothelial,50,15.22
HPAP-067,Body of pancreas,ROI2,endothelial,60,14.84
HPAP-067,Body of pancreas,ROI2,endothelial,70,14.13
HPAP-067,Body of pancreas,ROI2,endothelial,80,13.57
HPAP-067,Body of pancreas,ROI2,endothelial,90,13.35
HPAP-067,Body of pancreas,ROI2,endothelial,100,14.21
HPAP-067,Body of pancreas,ROI2,endothelial,110,12.93
HPAP-067,Body of pancreas,ROI2,endothelial,120,11.03
HPAP-067,Body of pancreas,ROI2,endothelial,130,9.38
HPAP-067,Body of pancreas,ROI2,endothelial,140,8.05
HPAP-067,Body of pancreas,ROI2,endothelial,150,6.32
HPAP-067,Body of pancreas,ROI2,endothelial,160,5.0
HPAP-067,Body of pancreas,ROI2,endothelial,170,3.07
HPAP-067,Body of pancreas,ROI2,endothelial,180,1.01
HPAP-067,Body of pancreas,ROI2,endothelial,190,-0.72
HPAP-067,Body of pancreas,ROI2,endothelial,200,-4.04
HPAP-067,Body of pancreas,ROI3,fibroblast,10,0.81
HPAP-067,Body of pancreas,ROI3,fibroblast,20,6.18
HPAP-067,Body of pancreas,ROI3,fibroblast,30,9.03
HPAP-067,Body of pancreas,ROI3,fibroblast,40,10.26
HPAP-067,Body of pancreas,ROI3,fibroblast,50,10.9
HPAP-067,Body of pancreas,ROI3,fibroblast,60,11.95
HPAP-067,Body of pancreas,ROI3,fibroblast,70,12.47
HPAP-067,Body of pancreas,ROI3,fibroblast,80,12.76
HPAP-067,Body of pancreas,ROI3,fibroblast,90,12.7
HPAP-067,Body of pancreas,ROI3,fibroblast,100,12.83
HPAP-067,Body of pancreas,ROI3,fibroblast,110,12.69
HPAP-067,Body of pancreas,ROI3,fibroblast,120,12.74
HPAP-067,Body of pancreas,ROI3,fibroblast,130,12.05
HPAP-067,Body of pancreas,ROI3,fibroblast,140,11.5
HPAP-067,Body of pancreas,ROI3,fibroblast,150,10.67
HPAP-067,Body of pancreas,ROI3,fibroblast,160,9.82
HPAP-067,Body of pancreas,ROI3,fibroblast,170,9.41
HPAP-067,Body of pancreas,ROI3,fibroblast,180,8.23
HPAP-067,Body of pancreas,ROI3,fibroblast,190,6.94
HPAP-067,Body of pancreas,ROI3,fibroblast,200,5.57
HPAP-067,Body of pancreas,ROI3,endothelial,10,2.69
HPAP-067,Body of pancreas,ROI3,endothelial,20,8.39
HPAP-067,Body of pancreas,ROI3,endothelial,30,9.07
HPAP-067,Body of pancreas,ROI3,endothelial,40,8.78
HPAP-067,Body of pancreas,ROI3,endothelial,50,7.77
HPAP-067,Body of pancreas,ROI3,endothelial,60,6.18
HPAP-067,Body of pancreas,ROI3,endothelial,70,5.86
HPAP-067,Body of pancreas,ROI3,endothelial,80,6.21
HPAP-067,Body of pancreas,ROI3,endothelial,90,5.94
HPAP-067,Body of pancreas,ROI3,endothelial,100,5.81
HPAP-067,Body of pancreas,ROI3,endothelial,110,4.54
HPAP-067,Body of pancreas,ROI3,endothelial,120,3.89
HPAP-067,Body of pancreas,ROI3,endothelial,130,2.54
HPAP-067,Body of pancreas,ROI3,endothelial,140,1.33
HPAP-067,Body of pancreas,ROI3,endothelial,150,0.14
HPAP-067,Body of pancreas,ROI3,endothelial,160,-1.68
HPAP-067,Body of pancreas,ROI3,endothelial,170,-3.68
HPAP-067,Body of pancreas,ROI3,endothelial,180,-3.77
HPAP-067,Body of pancreas,ROI3,endothelial,190,-5.39
HPAP-067,Body of pancreas,ROI3,endothelial,200,-6.34
HPAP-067,Head of pancreas,ROI1,endothelial,10,1.69
HPAP-067,Head of pancreas,ROI1,endothelial,20,10.66
HPAP-067,Head of pancreas,ROI1,endothelial,30,13.56
HPAP-067,Head of pancreas,ROI1,endothelial,40,15.93
HPAP-067,Head of pancreas,ROI1,endothelial,50,17.68
HPAP-067,Head of pancreas,ROI1,endothelial,60,19.31
HPAP-067,Head of pancreas,ROI1,endothelial,70,18.09
HPAP-067,Head of pancreas,ROI1,endothelial,80,16.96
HPAP-067,Head of pancreas,ROI1,endothelial,90,15.98
HPAP-067,Head of pancreas,ROI1,endothelial,100,14.58
HPAP-067,Head of pancreas,ROI1,endothelial,110,14.93
HPAP-067,Head of pancreas,ROI1,endothelial,120,12.75
HPAP-067,Head of pancreas,ROI1,endothelial,130,9.9
HPAP-067,Head of pancreas,ROI1,endothelial,140,6.82
HPAP-067,Head of pancreas,ROI1,endothelial,150,3.59
HPAP-067,Head of pancreas,ROI1,endothelial,160,0.23
HPAP-067,Head of pancreas,ROI1,endothelial,170,-3.28
HPAP-067,Head of pancreas,ROI1,endothelial,180,-6.16
HPAP-067,Head of pancreas,ROI1,endothelial,190,-9.83
HPAP-067,Head of pancreas,ROI1,endothelial,200,-12.62
HPAP-067,Head of pancreas,ROI2,fibroblast,10,-2.53
HPAP-067,Head of pancreas,ROI2,fibroblast,20,3.2
HPAP-067,Head of pancreas,ROI2,fibroblast,30,4.39
HPAP-067,Head of pancreas,ROI2,fibroblast,40,3.92
HPAP-067,Head of pancreas,ROI2,fibroblast,50,5.15
HPAP-067,Head of pancreas,ROI2,fibroblast,60,5.46
HPAP-067,Head of pancreas,ROI2,fibroblast,70,5.27
HPAP-067,Head of pancreas,ROI2,fibroblast,80,4.4
HPAP-067,Head of pancreas,ROI2,fibroblast,90,4.51
HPAP-067,Head of pancreas,ROI2,fibroblast,100,4.16
HPAP-067,Head of pancreas,ROI2,fibroblast,110,3.99
HPAP-067,Head of pancreas,ROI2,fibroblast,120,3.24
HPAP-067,Head of pancreas,ROI2,fibroblast,130,2.58
HPAP-067,Head of pancreas,ROI2,fibroblast,140,1.51
HPAP-067,Head of pancreas,ROI2,fibroblast,150,0.1
HPAP-067,Head of pancreas,ROI2,fibroblast,160,-1.07
HPAP-067,Head of pancreas,ROI2,fibroblast,170,-2.86
HPAP-067,Head of pancreas,ROI2,fibroblast,180,-4.35
HPAP-067,Head of pancreas,ROI2,fibroblast,190,-6.1
HPAP-067,Head of pancreas,ROI2,fibroblast,200,-7.96
HPAP-067,Head of pancreas,ROI3,endothelial,10,2.18
HPAP-067,Head of pancreas,ROI3,endothelial,20,8.18
HPAP-067,Head of pancreas,ROI3,endothelial,30,9.52
HPAP-067,Head of pancreas,ROI3,endothelial,40,11.5
HPAP-067,Head of pancreas,ROI3,endothelial,50,12.59
HPAP-067,Head of pancreas,ROI3,endothelial,60,12.29
HPAP-067,Head of pancreas,ROI3,endothelial,70,13.02
HPAP-067,Head of pancreas,ROI3,endothelial,80,13.41
HPAP-067,Head of pancreas,ROI3,endothelial,90,13.47
HPAP-067,Head of pancreas,ROI3,endothelial,100,12.79
HPAP-067,Head of pancreas,ROI3,endothelial,110,12.93
HPAP-067,Head of pancreas,ROI3,endothelial,120,12.3
HPAP-067,Head of pancreas,ROI3,endothelial,130,10.92
HPAP-067,Head of pancreas,ROI3,endothelial,140,10.21
HPAP-067,Head of pancreas,ROI3,endothelial,150,9.07
HPAP-067,Head of pancreas,ROI3,endothelial,160,7.75
HPAP-067,Head of pancreas,ROI3,endothelial,170,5.85
HPAP-067,Head of pancreas,ROI3,endothelial,180,4.49
HPAP-067,Head of pancreas,ROI3,endothelial,190,2.79
HPAP-067,Head of pancreas,ROI3,endothelial,200,1.04
HPAP-074,Body of pancreas,ROI1,endothelial,10,6.34
HPAP-074,Body of pancreas,ROI1,endothelial,20,30.53
HPAP-074,Body of pancreas,ROI1,endothelial,30,45.15
HPAP-074,Body of pancreas,ROI1,endothelial,40,57.22
HPAP-074,Body of pancreas,ROI1,endothelial,50,67.0
HPAP-074,Body of pancreas,ROI1,endothelial,60,74.28
HPAP-074,Body of pancreas,ROI1,endothelial,70,79.81
HPAP-074,Body of pancreas,ROI1,endothelial,80,82.84
HPAP-074,Body of pancreas,ROI1,endothelial,90,84.48
HPAP-074,Body of pancreas,ROI1,endothelial,100,84.5
HPAP-074,Body of pancreas,ROI1,endothelial,110,83.24
HPAP-074,Body of pancreas,ROI1,endothelial,120,80.74
HPAP-074,Body of pancreas,ROI1,endothelial,130,77.12
HPAP-074,Body of pancreas,ROI1,endothelial,140,73.09
HPAP-074,Body of pancreas,ROI1,endothelial,150,68.31
HPAP-074,Body of pancreas,ROI1,endothelial,160,63.69
HPAP-074,Body of pancreas,ROI1,endothelial,170,59.51
HPAP-074,Body of pancreas,ROI1,endothelial,180,55.74
HPAP-074,Body of pancreas,ROI1,endothelial,190,52.0
HPAP-074,Body of pancreas,ROI1,endothelial,200,48.04
HPAP-074,Body of pancreas,ROI2,endothelial,10,18.79
HPAP-074,Body of pancreas,ROI2,endothelial,20,51.45
HPAP-074,Body of pancreas,ROI2,endothelial,30,74.65
HPAP-074,Body of pancreas,ROI2,endothelial,40,93.58
HPAP-074,Body of pancreas,ROI2,endothelial,50,110.3
HPAP-074,Body of pancreas,ROI2,endothelial,60,122.81
HPAP-074,Body of pancreas,ROI2,endothelial,70,136.78
HPAP-074,Body of pancreas,ROI2,endothelial,80,151.37
HPAP-074,Body of pancreas,ROI2,endothelial,90,159.78
HPAP-074,Body of pancreas,ROI2,endothelial,100,166.76
HPAP-074,Body of pancreas,ROI2,endothelial,110,170.16
HPAP-074,Body of pancreas,ROI2,endothelial,120,173.91
HPAP-074,Body of pancreas,ROI2,endothelial,130,176.41
HPAP-074,Body of pancreas,ROI2,endothelial,140,176.78
HPAP-074,Body of pancreas,ROI2,endothelial,150,176.14
HPAP-074,Body of pancreas,ROI2,endothelial,160,175.11
HPAP-074,Body of pancreas,ROI2,endothelial,170,172.52
HPAP-074,Body of pancreas,ROI2,endothelial,180,168.7
HPAP-074,Body of pancreas,ROI2,endothelial,190,165.09
HPAP-074,Body of pancreas,ROI2,endothelial,200,160.88
HPAP-074,Body of pancreas,ROI3,endothelial,10,23.39
HPAP-074,Body of pancreas,ROI3,endothelial,20,78.92
HPAP-074,Body of pancreas,ROI3,endothelial,30,98.35
HPAP-074,Body of pancreas,ROI3,endothelial,40,113.41
HPAP-074,Body of pancreas,ROI3,endothelial,50,123.5
HPAP-074,Body of pancreas,ROI3,endothelial,60,129.21
HPAP-074,Body of pancreas,ROI3,endothelial,70,134.62
HPAP-074,Body of pancreas,ROI3,endothelial,80,136.96
HPAP-074,Body of pancreas,ROI3,endothelial,90,137.28
HPAP-074,Body of pancreas,ROI3,endothelial,100,136.88
HPAP-074,Body of pancreas,ROI3,endothelial,110,131.03
HPAP-074,Body of pancreas,ROI3,endothelial,120,126.37
HPAP-074,Body of pancreas,ROI3,endothelial,130,122.82
HPAP-074,Body of pancreas,ROI3,endothelial,140,115.74
HPAP-074,Body of pancreas,ROI3,endothelial,150,110.54
HPAP-074,Body of pancreas,ROI3,endothelial,160,104.32
HPAP-074,Body of pancreas,ROI3,endothelial,170,98.73
HPAP-074,Body of pancreas,ROI3,endothelial,180,92.62
HPAP-074,Body of pancreas,ROI3,endothelial,190,87.35
HPAP-074,Body of pancreas,ROI3,endothelial,200,81.56
HPAP-074,Head of pancreas,ROI4,endothelial,10,9.89
HPAP-074,Head of pancreas,ROI4,endothelial,20,43.88
HPAP-074,Head of pancreas,ROI4,endothelial,30,62.97
HPAP-074,Head of pancreas,ROI4,endothelial,40,79.21
HPAP-074,Head of pancreas,ROI4,endothelial,50,91.63
HPAP-074,Head of pancreas,ROI4,endothelial,60,99.25
HPAP-074,Head of pancreas,ROI4,endothelial,70,105.36
HPAP-074,Head of pancreas,ROI4,endothelial,80,108.88
HPAP-074,Head of pancreas,ROI4,endothelial,90,108.99
HPAP-074,Head of pancreas,ROI4,endothelial,100,107.26
HPAP-074,Head of pancreas,ROI4,endothelial,110,103.12
HPAP-074,Head of pancreas,ROI4,endothelial,120,97.97
HPAP-074,Head of pancreas,ROI4,endothelial,130,91.29
HPAP-074,Head of pancreas,ROI4,endothelial,140,83.98
HPAP-074,Head of pancreas,ROI4,endothelial,150,76.46
HPAP-074,Head of pancreas,ROI4,endothelial,160,68.89
HPAP-074,Head of pancreas,ROI4,endothelial,170,61.72
HPAP-074,Head of pancreas,ROI4,endothelial,180,55.48
HPAP-074,Head of pancreas,ROI4,endothelial,190,49.65
HPAP-074,Head of pancreas,ROI4,endothelial,200,44.3
HPAP-075,Body of pancreas,ROI1,fibroblast,10,-1.0
HPAP-075,Body of pancreas,ROI1,fibroblast,20,2.9
HPAP-075,Body of pancreas,ROI1,fibroblast,30,3.77
HPAP-075,Body of pancreas,ROI1,fibroblast,40,4.63
HPAP-075,Body of pancreas,ROI1,fibroblast,50,5.19
HPAP-075,Body of pancreas,ROI1,fibroblast,60,5.3
HPAP-075,Body of pancreas,ROI1,fibroblast,70,5.77
HPAP-075,Body of pancreas,ROI1,fibroblast,80,5.61
HPAP-075,Body of pancreas,ROI1,fibroblast,90,5.48
HPAP-075,Body of pancreas,ROI1,fibroblast,100,5.03
HPAP-075,Body of pancreas,ROI1,fibroblast,110,5.13
HPAP-075,Body of pancreas,ROI1,fibroblast,120,4.48
HPAP-075,Body of pancreas,ROI1,fibroblast,130,3.4
HPAP-075,Body of pancreas,ROI1,fibroblast,140,2.49
HPAP-075,Body of pancreas,ROI1,fibroblast,150,1.22
HPAP-075,Body of pancreas,ROI1,fibroblast,160,-0.65
HPAP-075,Body of pancreas,ROI1,fibroblast,170,-2.4
HPAP-075,Body of pancreas,ROI1,fibroblast,180,-4.32
HPAP-075,Body of pancreas,ROI1,fibroblast,190,-6.19
HPAP-075,Body of pancreas,ROI1,fibroblast,200,-8.54
HPAP-075,Body of pancreas,ROI1,endothelial,10,-0.19
HPAP-075,Body of pancreas,ROI1,endothelial,20,5.56
HPAP-075,Body of pancreas,ROI1,endothelial,30,4.49
HPAP-075,Body of pancreas,ROI1,endothelial,40,3.03
HPAP-075,Body of pancreas,ROI1,endothelial,50,3.37
HPAP-075,Body of pancreas,ROI1,endothelial,60,3.57
HPAP-075,Body of pancreas,ROI1,endothelial,70,2.33
HPAP-075,Body of pancreas,ROI1,endothelial,80,1.48
HPAP-075,Body of pancreas,ROI1,endothelial,90,0.21
HPAP-075,Body of pancreas,ROI1,endothelial,100,-1.07
HPAP-075,Body of pancreas,ROI1,endothelial,110,-2.08
HPAP-075,Body of pancreas,ROI1,endothelial,120,-3.33
HPAP-075,Body of pancreas,ROI1,endothelial,130,-4.94
HPAP-075,Body of pancreas,ROI1,endothelial,140,-6.68
HPAP-075,Body of pancreas,ROI1,endothelial,150,-8.43
HPAP-075,Body of pancreas,ROI1,endothelial,160,-9.19
HPAP-075,Body of pancreas,ROI1,endothelial,170,-11.06
HPAP-075,Body of pancreas,ROI1,endothelial,180,-13.27
HPAP-075,Body of pancreas,ROI1,endothelial,190,-14.61
HPAP-075,Body of pancreas,ROI1,endothelial,200,-16.59
HPAP-075,Body of pancreas,ROI3,endothelial,10,-1.57
HPAP-075,Body of pancreas,ROI3,endothelial,20,1.78
HPAP-075,Body of pancreas,ROI3,endothelial,30,0.52
HPAP-075,Body of pancreas,ROI3,endothelial,40,0.05
HPAP-075,Body of pancreas,ROI3,endothelial,50,-0.38
HPAP-075,Body of pancreas,ROI3,endothelial,60,-1.12
HPAP-075,Body of pancreas,ROI3,endothelial,70,-2.15
HPAP-075,Body of pancreas,ROI3,endothelial,80,-3.33
HPAP-075,Body of pancreas,ROI3,endothelial,90,-4.21
HPAP-075,Body of pancreas,ROI3,endothelial,100,-5.28
HPAP-075,Body of pancreas,ROI3,endothelial,110,-6.57
HPAP-075,Body of pancreas,ROI3,endothelial,120,-7.69
HPAP-075,Body of pancreas,ROI3,endothelial,130,-8.63
HPAP-075,Body of pancreas,ROI3,endothelial,140,-9.85
HPAP-075,Body of pancreas,ROI3,endothelial,150,-11.6
HPAP-075,Body of pancreas,ROI3,endothelial,160,-12.68
HPAP-075,Body of pancreas,ROI3,endothelial,170,-14.61
HPAP-075,Body of pancreas,ROI3,endothelial,180,-16.84
HPAP-075,Body of pancreas,ROI3,endothelial,190,-18.79
HPAP-075,Body of pancreas,ROI3,endothelial,200,-20.66
HPAP-075,Body of pancreas,ROI4,endothelial,10,-1.88
HPAP-075,Body of pancreas,ROI4,endothelial,20,2.41
HPAP-075,Body of pancreas,ROI4,endothelial,30,2.64
HPAP-075,Body of pancreas,ROI4,endothelial,40,2.29
HPAP-075,Body of pancreas,ROI4,endothelial,50,2.12
HPAP-075,Body of pancreas,ROI4,endothelial,60,2.58
HPAP-075,Body of pancreas,ROI4,endothelial,70,1.81
HPAP-075,Body of pancreas,ROI4,endothelial,80,1.59
HPAP-075,Body of pancreas,ROI4,endothelial,90,0.98
HPAP-075,Body of pancreas,ROI4,endothelial,100,0.26
HPAP-075,Body of pancreas,ROI4,endothelial,110,-1.06
HPAP-075,Body of pancreas,ROI4,endothelial,120,-2.5
HPAP-075,Body of pancreas,ROI4,endothelial,130,-4.18
HPAP-075,Body of pancreas,ROI4,endothelial,140,-5.43
HPAP-075,Body of pancreas,ROI4,endothelial,150,-7.2
HPAP-075,Body of pancreas,ROI4,endothelial,160,-9.14
HPAP-075,Body of pancreas,ROI4,endothelial,170,-11.17
HPAP-075,Body of pancreas,ROI4,endothelial,180,-13.32
HPAP-075,Body of pancreas,ROI4,endothelial,190,-16.08
HPAP-075,Body of pancreas,ROI4,endothelial,200,-18.59
HPAP-075,Head of pancreas,ROI2,endothelial,10,-2.04
HPAP-075,Head of pancreas,ROI2,endothelial,20,2.64
HPAP-075,Head of pancreas,ROI2,endothelial,30,3.19
HPAP-075,Head of pancreas,ROI2,endothelial,40,2.15
HPAP-075,Head of pancreas,ROI2,endothelial,50,2.37
HPAP-075,Head of pancreas,ROI2,endothelial,60,1.65
HPAP-075,Head of pancreas,ROI2,endothelial,70,1.61
HPAP-075,Head of pancreas,ROI2,endothelial,80,1.48
HPAP-075,Head of pancreas,ROI2,endothelial,90,0.8
HPAP-075,Head of pancreas,ROI2,endothelial,100,0.47
HPAP-075,Head of pancreas,ROI2,endothelial,110,0.35
HPAP-075,Head of pancreas,ROI2,endothelial,120,-0.53
HPAP-075,Head of pancreas,ROI2,endothelial,130,-1.75
HPAP-075,Head of pancreas,ROI2,endothelial,140,-2.62
HPAP-075,Head of pancreas,ROI2,endothelial,150,-3.5
HPAP-075,Head of pancreas,ROI2,endothelial,160,-4.16
HPAP-075,Head of pancreas,ROI2,endothelial,170,-4.91
HPAP-075,Head of pancreas,ROI2,endothelial,180,-5.7
HPAP-075,Head of pancreas,ROI2,endothelial,190,-6.23
HPAP-075,Head of pancreas,ROI2,endothelial,200,-7.35
HPAP-075,Tail of pancreas,ROI1,endothelial,10,5.45
HPAP-075,Tail of pancreas,ROI1,endothelial,20,41.21
HPAP-075,Tail of pancreas,ROI1,endothelial,30,62.34
HPAP-075,Tail of pancreas,ROI1,endothelial,40,82.37
HPAP-075,Tail of pancreas,ROI1,endothelial,50,100.53
HPAP-075,Tail of pancreas,ROI1,endothelial,60,116.93
HPAP-075,Tail of pancreas,ROI1,endothelial,70,132.35
HPAP-075,Tail of pancreas,ROI1,endothelial,80,146.15
HPAP-075,Tail of pancreas,ROI1,endothelial,90,159.08
HPAP-075,Tail of pancreas,ROI1,endothelial,100,170.28
HPAP-075,Tail of pancreas,ROI1,endothelial,110,180.29
HPAP-075,Tail of pancreas,ROI1,endothelial,120,189.0
HPAP-075,Tail of pancreas,ROI1,endothelial,130,196.39
HPAP-075,Tail of pancreas,ROI1,endothelial,140,202.72
HPAP-075,Tail of pancreas,ROI1,endothelial,150,207.36
HPAP-075,Tail of pancreas,ROI1,endothelial,160,211.15
HPAP-075,Tail of pancreas,ROI1,endothelial,170,213.9
HPAP-075,Tail of pancreas,ROI1,endothelial,180,215.63
HPAP-075,Tail of pancreas,ROI1,endothelial,190,216.34
HPAP-075,Tail of pancreas,ROI1,endothelial,200,216.05
HPAP-075,Tail of pancreas,ROI2,endothelial,10,-1.07
HPAP-075,Tail of pancreas,ROI2,endothelial,20,6.41
HPAP-075,Tail of pancreas,ROI2,endothelial,30,10.24
HPAP-075,Tail of pancreas,ROI2,endothelial,40,12.86
HPAP-075,Tail of pancreas,ROI2,endothelial,50,14.03
HPAP-075,Tail of pancreas,ROI2,endothelial,60,15.46
HPAP-075,Tail of pancreas,ROI2,endothelial,70,16.81
HPAP-075,Tail of pancreas,ROI2,endothelial,80,17.57
HPAP-075,Tail of pancreas,ROI2,endothelial,90,17.87
HPAP-075,Tail of pancreas,ROI2,endothelial,100,17.13
HPAP-075,Tail of pancreas,ROI2,endothelial,110,16.98
HPAP-075,Tail of pancreas,ROI2,endothelial,120,16.22
HPAP-075,Tail of pancreas,ROI2,endothelial,130,15.05
HPAP-075,Tail of pancreas,ROI2,endothelial,140,13.89
HPAP-075,Tail of pancreas,ROI2,endothelial,150,12.62
HPAP-075,Tail of pancreas,ROI2,endothelial,160,12.16
HPAP-075,Tail of pancreas,ROI2,endothelial,170,11.14
HPAP-075,Tail of pancreas,ROI2,endothelial,180,8.99
HPAP-075,Tail of pancreas,ROI2,endothelial,190,7.1
HPAP-075,Tail of pancreas,ROI2,endothelial,200,4.97
HPAP-080,Head of pancreas,ROI1,endothelial,10,6.63
HPAP-080,Head of pancreas,ROI1,endothelial,20,27.2
HPAP-080,Head of pancreas,ROI1,endothelial,30,41.95
HPAP-080,Head of pancreas,ROI1,endothelial,40,55.85
HPAP-080,Head of pancreas,ROI1,endothelial,50,68.27
HPAP-080,Head of pancreas,ROI1,endothelial,60,80.25
HPAP-080,Head of pancreas,ROI1,endothelial,70,91.53
HPAP-080,Head of pancreas,ROI1,endothelial,80,102.13
HPAP-080,Head of pancreas,ROI1,endothelial,90,112.35
HPAP-080,Head of pancreas,ROI1,endothelial,100,121.86
HPAP-080,Head of pancreas,ROI1,endothelial,110,130.52
HPAP-080,Head of pancreas,ROI1,endothelial,120,138.33
HPAP-080,Head of pancreas,ROI1,endothelial,130,145.15
HPAP-080,Head of pancreas,ROI1,endothelial,140,151.69
HPAP-080,Head of pancreas,ROI1,endothelial,150,157.94
HPAP-080,Head of pancreas,ROI1,endothelial,160,163.65
HPAP-080,Head of pancreas,ROI1,endothelial,170,168.69
HPAP-080,Head of pancreas,ROI1,endothelial,180,173.4
HPAP-080,Head of pancreas,ROI1,endothelial,190,177.8
HPAP-080,Head of pancreas,ROI1,endothelial,200,181.12
HPAP-080,Head of pancreas,ROI3,endothelial,10,0.45
HPAP-080,Head of pancreas,ROI3,endothelial,20,5.24
HPAP-080,Head of pancreas,ROI3,endothelial,30,4.57
HPAP-080,Head of pancreas,ROI3,endothelial,40,3.59
HPAP-080,Head of pancreas,ROI3,endothelial,50,3.28
HPAP-080,Head of pancreas,ROI3,endothelial,60,1.71
HPAP-080,Head of pancreas,ROI3,endothelial,70,0.54
HPAP-080,Head of pancreas,ROI3,endothelial,80,-0.13
HPAP-080,Head of pancreas,ROI3,endothelial,90,-1.16
HPAP-080,Head of pancreas,ROI3,endothelial,100,-1.83
HPAP-080,Head of pancreas,ROI3,endothelial,110,-2.7
HPAP-080,Head of pancreas,ROI3,endothelial,120,-3.79
HPAP-080,Head of pancreas,ROI3,endothelial,130,-4.97
HPAP-080,Head of pancreas,ROI3,endothelial,140,-6.7
HPAP-080,Head of pancreas,ROI3,endothelial,150,-8.67
HPAP-080,Head of pancreas,ROI3,endothelial,160,-10.24
HPAP-080,Head of pancreas,ROI3,endothelial,170,-12.31
HPAP-080,Head of pancreas,ROI3,endothelial,180,-13.77
HPAP-080,Head of pancreas,ROI3,endothelial,190,-16.07
HPAP-080,Head of pancreas,ROI3,endothelial,200,-18.6
HPAP-080,Tail of pancreas,ROI1,endothelial,10,-0.98
HPAP-080,Tail of pancreas,ROI1,endothelial,20,7.33
HPAP-080,Tail of pancreas,ROI1,endothelial,30,11.01
HPAP-080,Tail of pancreas,ROI1,endothelial,40,15.26
HPAP-080,Tail of pancreas,ROI1,endothelial,50,16.75
HPAP-080,Tail of pancreas,ROI1,endothelial,60,18.21
HPAP-080,Tail of pancreas,ROI1,endothelial,70,19.77
HPAP-080,Tail of pancreas,ROI1,endothelial,80,21.46
HPAP-080,Tail of pancreas,ROI1,endothelial,90,22.14
HPAP-080,Tail of pancreas,ROI1,endothelial,100,22.18
HPAP-080,Tail of pancreas,ROI1,endothelial,110,22.13
HPAP-080,Tail of pancreas,ROI1,endothelial,120,21.2
HPAP-080,Tail of pancreas,ROI1,endothelial,130,20.06
HPAP-080,Tail of pancreas,ROI1,endothelial,140,18.92
HPAP-080,Tail of pancreas,ROI1,endothelial,150,17.49
HPAP-080,Tail of pancreas,ROI1,endothelial,160,15.95
HPAP-080,Tail of pancreas,ROI1,endothelial,170,14.56
HPAP-080,Tail of pancreas,ROI1,endothelial,180,13.01
HPAP-080,Tail of pancreas,ROI1,endothelial,190,11.6
HPAP-080,Tail of pancreas,ROI1,endothelial,200,9.52
HPAP-080,Tail of pancreas,ROI2,endothelial,10,-0.31
HPAP-080,Tail of pancreas,ROI2,endothelial,20,7.01
HPAP-080,Tail of pancreas,ROI2,endothelial,30,3.36
HPAP-080,Tail of pancreas,ROI2,endothelial,40,3.59
HPAP-080,Tail of pancreas,ROI2,endothelial,50,4.56
HPAP-080,Tail of pancreas,ROI2,endothelial,60,4.06
HPAP-080,Tail of pancreas,ROI2,endothelial,70,5.69
HPAP-080,Tail of pancreas,ROI2,endothelial,80,5.68
HPAP-080,Tail of pancreas,ROI2,endothelial,90,5.41
HPAP-080,Tail of pancreas,ROI2,endothelial,100,5.31
HPAP-080,Tail of pancreas,ROI2,endothelial,110,5.01
HPAP-080,Tail of pancreas,ROI2,endothelial,120,4.08
HPAP-080,Tail of pancreas,ROI2,endothelial,130,3.29
HPAP-080,Tail of pancreas,ROI2,endothelial,140,1.97
HPAP-080,Tail of pancreas,ROI2,endothelial,150,0.64
HPAP-080,Tail of pancreas,ROI2,endothelial,160,-0.8
HPAP-080,Tail of pancreas,ROI2,endothelial,170,-2.77
HPAP-080,Tail of pancreas,ROI2,endothelial,180,-4.13
HPAP-080,Tail of pancreas,ROI2,endothelial,190,-5.44
HPAP-080,Tail of pancreas,ROI2,endothelial,200,-7.78
HPAP-080,Tail of pancreas,ROI3,endothelial,10,-1.88
HPAP-080,Tail of pancreas,ROI3,endothelial,20,4.11
HPAP-080,Tail of pancreas,ROI3,endothelial,30,4.47
HPAP-080,Tail of pancreas,ROI3,endothelial,40,5.85
HPAP-080,Tail of pancreas,ROI3,endothelial,50,7.32
HPAP-080,Tail of pancreas,ROI3,endothelial,60,8.27
HPAP-080,Tail of pancreas,ROI3,endothelial,70,8.33
HPAP-080,Tail of pancreas,ROI3,endothelial,80,8.67
HPAP-080,Tail of pancreas,ROI3,endothelial,90,9.11
HPAP-080,Tail of pancreas,ROI3,endothelial,100,9.23
HPAP-080,Tail of pancreas,ROI3,endothelial,110,9.18
HPAP-080,Tail of pancreas,ROI3,endothelial,120,8.83
HPAP-080,Tail of pancreas,ROI3,endothelial,130,8.31
HPAP-080,Tail of pancreas,ROI3,endothelial,140,7.73
HPAP-080,Tail of pancreas,ROI3,endothelial,150,6.94
HPAP-080,Tail of pancreas,ROI3,endothelial,160,5.58
HPAP-080,Tail of pancreas,ROI3,endothelial,170,4.58
HPAP-080,Tail of pancreas,ROI3,endothelial,180,3.27
HPAP-080,Tail of pancreas,ROI3,endothelial,190,2.11
HPAP-080,Tail of pancreas,ROI3,endothelial,200,0.27
HPAP-082,Head of pancreas,ROI2,endothelial,10,-10.0
HPAP-082,Head of pancreas,ROI2,endothelial,20,-20.0
HPAP-082,Head of pancreas,ROI2,endothelial,30,5.38
HPAP-082,Head of pancreas,ROI2,endothelial,40,21.28
HPAP-082,Head of pancreas,ROI2,endothelial,50,20.76
HPAP-082,Head of pancreas,ROI2,endothelial,60,10.76
HPAP-082,Head of pancreas,ROI2,endothelial,70,9.11
HPAP-082,Head of pancreas,ROI2,endothelial,80,6.66
HPAP-082,Head of pancreas,ROI2,endothelial,90,10.07
HPAP-082,Head of pancreas,ROI2,endothelial,100,11.88
HPAP-082,Head of pancreas,ROI2,endothelial,110,7.34
HPAP-082,Head of pancreas,ROI2,endothelial,120,2.56
HPAP-082,Head of pancreas,ROI2,endothelial,130,2.38
HPAP-082,Head of pancreas,ROI2,endothelial,140,1.52
HPAP-082,Head of pancreas,ROI2,endothelial,150,8.22
HPAP-082,Head of pancreas,ROI2,endothelial,160,16.9
HPAP-082,Head of pancreas,ROI2,endothelial,170,6.9
HPAP-082,Head of pancreas,ROI2,endothelial,180,-3.1
HPAP-082,Head of pancreas,ROI2,endothelial,190,-2.79
HPAP-082,Head of pancreas,ROI2,endothelial,200,-9.47
HPAP-082,Tail of pancreas,ROI3,endothelial,10,-2.03
HPAP-082,Tail of pancreas,ROI3,endothelial,20,12.19
HPAP-082,Tail of pancreas,ROI3,endothelial,30,18.2
HPAP-082,Tail of pancreas,ROI3,endothelial,40,24.16
HPAP-082,Tail of pancreas,ROI3,endothelial,50,29.05
HPAP-082,Tail of pancreas,ROI3,endothelial,60,33.75
HPAP-082,Tail of pancreas,ROI3,endothelial,70,37.4
HPAP-082,Tail of pancreas,ROI3,endothelial,80,41.02
HPAP-082,Tail of pancreas,ROI3,endothelial,90,43.78
HPAP-082,Tail of pancreas,ROI3,endothelial,100,46.1
HPAP-082,Tail of pancreas,ROI3,endothelial,110,47.92
HPAP-082,Tail of pancreas,ROI3,endothelial,120,49.2
HPAP-082,Tail of pancreas,ROI3,endothelial,130,50.01
HPAP-082,Tail of pancreas,ROI3,endothelial,140,50.91
HPAP-082,Tail of pancreas,ROI3,endothelial,150,50.94
HPAP-082,Tail of pancreas,ROI3,endothelial,160,50.65
HPAP-082,Tail of pancreas,ROI3,endothelial,170,50.42
HPAP-082,Tail of pancreas,ROI3,endothelial,180,49.43
HPAP-082,Tail of pancreas,ROI3,endothelial,190,48.21
HPAP-082,Tail of pancreas,ROI3,endothelial,200,46.67
HPAP-095,Body of pancreas,ROI3,endothelial,10,-0.58
HPAP-095,Body of pancreas,ROI3,endothelial,20,1.06
HPAP-095,Body of pancreas,ROI3,endothelial,30,1.23
HPAP-095,Body of pancreas,ROI3,endothelial,40,6.13
HPAP-095,Body of pancreas,ROI3,endothelial,50,13.87
HPAP-095,Body of pancreas,ROI3,endothelial,60,16.5
HPAP-095,Body of pancreas,ROI3,endothelial,70,14.75
HPAP-095,Body of pancreas,ROI3,endothelial,80,15.11
HPAP-095,Body of pancreas,ROI3,endothelial,90,14.44
HPAP-095,Body of pancreas,ROI3,endothelial,100,11.42
HPAP-095,Body of pancreas,ROI3,endothelial,110,13.86
HPAP-095,Body of pancreas,ROI3,endothelial,120,12.51
HPAP-095,Body of pancreas,ROI3,endothelial,130,12.19
HPAP-095,Body of pancreas,ROI3,endothelial,140,12.14
HPAP-095,Body of pancreas,ROI3,endothelial,150,14.73
HPAP-095,Body of pancreas,ROI3,endothelial,160,15.92
HPAP-095,Body of pancreas,ROI3,endothelial,170,15.02
HPAP-095,Body of pancreas,ROI3,endothelial,180,15.28
HPAP-095,Body of pancreas,ROI3,endothelial,190,13.5
HPAP-095,Body of pancreas,ROI3,endothelial,200,12.04
HPAP-095,Tail of pancreas,ROI1,endothelial,10,1.53
HPAP-095,Tail of pancreas,ROI1,endothelial,20,9.02
HPAP-095,Tail of pancreas,ROI1,endothelial,30,13.66
HPAP-095,Tail of pancreas,ROI1,endothelial,40,11.14
HPAP-095,Tail of pancreas,ROI1,endothelial,50,11.75
HPAP-095,Tail of pancreas,ROI1,endothelial,60,11.4
HPAP-095,Tail of pancreas,ROI1,endothelial,70,7.65
HPAP-095,Tail of pancreas,ROI1,endothelial,80,3.96
HPAP-095,Tail of pancreas,ROI1,endothelial,90,3.69
HPAP-095,Tail of pancreas,ROI1,endothelial,100,3.79
HPAP-095,Tail of pancreas,ROI1,endothelial,110,1.81
HPAP-095,Tail of pancreas,ROI1,endothelial,120,-0.15
HPAP-095,Tail of pancreas,ROI1,endothelial,130,-1.24
HPAP-095,Tail of pancreas,ROI1,endothelial,140,-2.09
HPAP-095,Tail of pancreas,ROI1,endothelial,150,-2.76
HPAP-095,Tail of pancreas,ROI1,endothelial,160,-7.3
HPAP-095,Tail of pancreas,ROI1,endothelial,170,-9.24
HPAP-095,Tail of pancreas,ROI1,endothelial,180,-13.94
HPAP-095,Tail of pancreas,ROI1,endothelial,190,-15.74
HPAP-095,Tail of pancreas,ROI1,endothelial,200,-20.48
HPAP-099,Body of pancreas,ROI3,endothelial,10,-3.33
HPAP-099,Body of pancreas,ROI3,endothelial,20,3.74
HPAP-099,Body of pancreas,ROI3,endothelial,30,5.5
HPAP-099,Body of pancreas,ROI3,endothelial,40,7.48
HPAP-099,Body of pancreas,ROI3,endothelial,50,7.63
HPAP-099,Body of pancreas,ROI3,endothelial,60,8.13
HPAP-099,Body of pancreas,ROI3,endothelial,70,6.53
HPAP-099,Body of pancreas,ROI3,endothelial,80,6.62
HPAP-099,Body of pancreas,ROI3,endothelial,90,5.5
HPAP-099,Body of pancreas,ROI3,endothelial,100,5.32
HPAP-099,Body of pancreas,ROI3,endothelial,110,4.37
HPAP-099,Body of pancreas,ROI3,endothelial,120,4.25
HPAP-099,Body of pancreas,ROI3,endothelial,130,4.01
HPAP-099,Body of pancreas,ROI3,endothelial,140,1.8
HPAP-099,Body of pancreas,ROI3,endothelial,150,1.46
HPAP-099,Body of pancreas,ROI3,endothelial,160,0.59
HPAP-099,Body of pancreas,ROI3,endothelial,170,-0.74
HPAP-099,Body of pancreas,ROI3,endothelial,180,-1.73
HPAP-099,Body of pancreas,ROI3,endothelial,190,-3.48
HPAP-099,Body of pancreas,ROI3,endothelial,200,-4.78
HPAP-099,Head of pancreas,ROI1,endothelial,10,2.22
HPAP-099,Head of pancreas,ROI1,endothelial,20,4.24
HPAP-099,Head of pancreas,ROI1,endothelial,30,6.9
HPAP-099,Head of pancreas,ROI1,endothelial,40,7.02
HPAP-099,Head of pancreas,ROI1,endothelial,50,7.87
HPAP-099,Head of pancreas,ROI1,endothelial,60,7.54
HPAP-099,Head of pancreas,ROI1,endothelial,70,5.68
HPAP-099,Head of pancreas,ROI1,endothelial,80,3.64
HPAP-099,Head of pancreas,ROI1,endothelial,90,2.48
HPAP-099,Head of pancreas,ROI1,endothelial,100,0.46
HPAP-099,Head of pancreas,ROI1,endothelial,110,-1.25
HPAP-099,Head of pancreas,ROI1,endothelial,120,-2.67
HPAP-099,Head of pancreas,ROI1,endothelial,130,-4.56
HPAP-099,Head of pancreas,ROI1,endothelial,140,-6.7
HPAP-099,Head of pancreas,ROI1,endothelial,150,-8.23
HPAP-099,Head of pancreas,ROI1,endothelial,160,-10.16
HPAP-099,Head of pancreas,ROI1,endothelial,170,-12.37
HPAP-099,Head of pancreas,ROI1,endothelial,180,-15.53
HPAP-099,Head of pancreas,ROI1,endothelial,190,-18.59
HPAP-099,Head of pancreas,ROI1,endothelial,200,-20.56
HPAP-105,Tail of pancreas,ROI2,endothelial,10,6.79
HPAP-105,Tail of pancreas,ROI2,endothelial,20,21.8
HPAP-105,Tail of pancreas,ROI2,endothelial,30,29.42
HPAP-105,Tail of pancreas,ROI2,endothelial,40,36.5
HPAP-105,Tail of pancreas,ROI2,endothelial,50,43.02
HPAP-105,Tail of pancreas,ROI2,endothelial,60,48.58
HPAP-105,Tail of pancreas,ROI2,endothelial,70,52.77
HPAP-105,Tail of pancreas,ROI2,endothelial,80,56.71
HPAP-105,Tail of pancreas,ROI2,endothelial,90,59.55
HPAP-105,Tail of pancreas,ROI2,endothelial,100,61.47
HPAP-105,Tail of pancreas,ROI2,endothelial,110,62.61
HPAP-105,Tail of pancreas,ROI2,endothelial,120,62.76
HPAP-105,Tail of pancreas,ROI2,endothelial,130,61.54
HPAP-105,Tail of pancreas,ROI2,endothelial,140,59.85
HPAP-105,Tail of pancreas,ROI2,endothelial,150,57.45
HPAP-105,Tail of pancreas,ROI2,endothelial,160,54.75
HPAP-105,Tail of pancreas,ROI2,endothelial,170,51.59
HPAP-105,Tail of pancreas,ROI2,endothelial,180,48.38
HPAP-105,Tail of pancreas,ROI2,endothelial,190,44.55
HPAP-105,Tail of pancreas,ROI2,endothelial,200,40.1
HPAP-105,Tail of pancreas,ROI3,endothelial,10,4.27
HPAP-105,Tail of pancreas,ROI3,endothelial,20,19.36
HPAP-105,Tail of pancreas,ROI3,endothelial,30,29.04
HPAP-105,Tail of pancreas,ROI3,endothelial,40,37.43
HPAP-105,Tail of pancreas,ROI3,endothelial,50,44.73
HPAP-105,Tail of pancreas,ROI3,endothelial,60,51.42
HPAP-105,Tail of pancreas,ROI3,endothelial,70,57.3
HPAP-105,Tail of pancreas,ROI3,endothelial,80,62.0
HPAP-105,Tail of pancreas,ROI3,endothelial,90,65.99
HPAP-105,Tail of pancreas,ROI3,endothelial,100,68.38
HPAP-105,Tail of pancreas,ROI3,endothelial,110,70.38
HPAP-105,Tail of pancreas,ROI3,endothelial,120,70.87
HPAP-105,Tail of pancreas,ROI3,endothelial,130,71.12
HPAP-105,Tail of pancreas,ROI3,endothelial,140,70.63
HPAP-105,Tail of pancreas,ROI3,endothelial,150,70.12
HPAP-105,Tail of pancreas,ROI3,endothelial,160,68.86
HPAP-105,Tail of pancreas,ROI3,endothelial,170,67.16
HPAP-105,Tail of pancreas,ROI3,endothelial,180,64.84
HPAP-105,Tail of pancreas,ROI3,endothelial,190,62.26
HPAP-105,Tail of pancreas,ROI3,endothelial,200,59.18
HPAP-118,Body of pancreas,ROI1,endothelial,10,22.38
HPAP-118,Body of pancreas,ROI1,endothelial,20,63.56
HPAP-118,Body of pancreas,ROI1,endothelial,30,94.03
HPAP-118,Body of pancreas,ROI1,endothelial,40,121.06
HPAP-118,Body of pancreas,ROI1,endothelial,50,146.79
HPAP-118,Body of pancreas,ROI1,endothelial,60,170.11
HPAP-118,Body of pancreas,ROI1,endothelial,70,190.88
HPAP-118,Body of pancreas,ROI1,endothelial,80,209.13
HPAP-118,Body of pancreas,ROI1,endothelial,90,224.88
HPAP-118,Body of pancreas,ROI1,endothelial,100,239.56
HPAP-118,Body of pancreas,ROI1,endothelial,110,251.14
HPAP-118,Body of pancreas,ROI1,endothelial,120,259.22
HPAP-118,Body of pancreas,ROI1,endothelial,130,265.58
HPAP-118,Body of pancreas,ROI1,endothelial,140,269.84
HPAP-118,Body of pancreas,ROI1,endothelial,150,271.79
HPAP-118,Body of pancreas,ROI1,endothelial,160,271.41
HPAP-118,Body of pancreas,ROI1,endothelial,170,269.0
HPAP-118,Body of pancreas,ROI1,endothelial,180,264.47
HPAP-118,Body of pancreas,ROI1,endothelial,190,258.65
HPAP-118,Body of pancreas,ROI1,endothelial,200,251.78
HPAP-118,Body of pancreas,ROI3,endothelial,10,1.48
HPAP-118,Body of pancreas,ROI3,endothelial,20,6.45
HPAP-118,Body of pancreas,ROI3,endothelial,30,7.68
HPAP-118,Body of pancreas,ROI3,endothelial,40,9.34
HPAP-118,Body of pancreas,ROI3,endothelial,50,10.88
HPAP-118,Body of pancreas,ROI3,endothelial,60,11.09
HPAP-118,Body of pancreas,ROI3,endothelial,70,11.27
HPAP-118,Body of pancreas,ROI3,endothelial,80,10.32
HPAP-118,Body of pancreas,ROI3,endothelial,90,10.42
HPAP-118,Body of pancreas,ROI3,endothelial,100,10.11
HPAP-118,Body of pancreas,ROI3,endothelial,110,9.81
HPAP-118,Body of pancreas,ROI3,endothelial,120,8.68
HPAP-118,Body of pancreas,ROI3,endothelial,130,7.42
HPAP-118,Body of pancreas,ROI3,endothelial,140,5.79
HPAP-118,Body of pancreas,ROI3,endothelial,150,4.28
HPAP-118,Body of pancreas,ROI3,endothelial,160,2.44
HPAP-118,Body of pancreas,ROI3,endothelial,170,0.25
HPAP-118,Body of pancreas,ROI3,endothelial,180,-1.94
HPAP-118,Body of pancreas,ROI3,endothelial,190,-4.6
HPAP-118,Body of pancreas,ROI3,endothelial,200,-6.8
HPAP-118,Head of pancreas,ROI4,endothelial,10,4.58
HPAP-118,Head of pancreas,ROI4,endothelial,20,52.91
HPAP-118,Head of pancreas,ROI4,endothelial,30,81.38
HPAP-118,Head of pancreas,ROI4,endothelial,40,107.28
HPAP-118,Head of pancreas,ROI4,endothelial,50,132.72
HPAP-118,Head of pancreas,ROI4,endothelial,60,147.26
HPAP-118,Head of pancreas,ROI4,endothelial,70,158.1
HPAP-118,Head of pancreas,ROI4,endothelial,80,167.19
HPAP-118,Head of pancreas,ROI4,endothelial,90,175.84
HPAP-118,Head of pancreas,ROI4,endothelial,100,180.38
HPAP-118,Head of pancreas,ROI4,endothelial,110,182.26
HPAP-118,Head of pancreas,ROI4,endothelial,120,180.98
HPAP-118,Head of pancreas,ROI4,endothelial,130,179.58
HPAP-118,Head of pancreas,ROI4,endothelial,140,175.81
HPAP-118,Head of pancreas,ROI4,endothelial,150,170.93
HPAP-118,Head of pancreas,ROI4,endothelial,160,165.86
HPAP-118,Head of pancreas,ROI4,endothelial,170,160.18
HPAP-118,Head of pancreas,ROI4,endothelial,180,154.24
HPAP-118,Head of pancreas,ROI4,endothelial,190,148.35
HPAP-118,Head of pancreas,ROI4,endothelial,200,143.44
HPAP-136,Body of pancreas,ROI2,endothelial,10,-0.92
HPAP-136,Body of pancreas,ROI2,endothelial,20,2.23
HPAP-136,Body of pancreas,ROI2,endothelial,30,0.1
HPAP-136,Body of pancreas,ROI2,endothelial,40,2.08
HPAP-136,Body of pancreas,ROI2,endothelial,50,4.83
HPAP-136,Body of pancreas,ROI2,endothelial,60,4.82
HPAP-136,Body of pancreas,ROI2,endothelial,70,3.17
HPAP-136,Body of pancreas,ROI2,endothelial,80,2.31
HPAP-136,Body of pancreas,ROI2,endothelial,90,-0.5
HPAP-136,Body of pancreas,ROI2,endothelial,100,-2.04
HPAP-136,Body of pancreas,ROI2,endothelial,110,-2.42
HPAP-136,Body of pancreas,ROI2,endothelial,120,-3.95
HPAP-136,Body of pancreas,ROI2,endothelial,130,-4.24
HPAP-136,Body of pancreas,ROI2,endothelial,140,-4.54
HPAP-136,Body of pancreas,ROI2,endothelial,150,-5.07
HPAP-136,Body of pancreas,ROI2,endothelial,160,-7.25
HPAP-136,Body of pancreas,ROI2,endothelial,170,-9.81
HPAP-136,Body of pancreas,ROI2,endothelial,180,-12.77
HPAP-136,Body of pancreas,ROI2,endothelial,190,-15.3
HPAP-136,Body of pancreas,ROI2,endothelial,200,-17.35
HPAP-139,Tail of pancreas,ROI1,endothelial,10,1.93
HPAP-139,Tail of pancreas,ROI1,endothelial,20,8.36
HPAP-139,Tail of pancreas,ROI1,endothelial,30,8.4
HPAP-139,Tail of pancreas,ROI1,endothelial,40,8.4
HPAP-139,Tail of pancreas,ROI1,endothelial,50,8.34
HPAP-139,Tail of pancreas,ROI1,endothelial,60,8.72
HPAP-139,Tail of pancreas,ROI1,endothelial,70,8.88
HPAP-139,Tail of pancreas,ROI1,endothelial,80,8.07
HPAP-139,Tail of pancreas,ROI1,endothelial,90,7.64
HPAP-139,Tail of pancreas,ROI1,endothelial,100,7.16
HPAP-139,Tail of pancreas,ROI1,endothelial,110,6.72
HPAP-139,Tail of pancreas,ROI1,endothelial,120,6.05
HPAP-139,Tail of pancreas,ROI1,endothelial,130,5.09
HPAP-139,Tail of pancreas,ROI1,endothelial,140,4.16
HPAP-139,Tail of pancreas,ROI1,endothelial,150,3.5
HPAP-139,Tail of pancreas,ROI1,endothelial,160,2.09
HPAP-139,Tail of pancreas,ROI1,endothelial,170,0.79
HPAP-139,Tail of pancreas,ROI1,endothelial,180,-0.67
HPAP-139,Tail of pancreas,ROI1,endothelial,190,-2.1
HPAP-139,Tail of pancreas,ROI1,endothelial,200,-3.61
HPAP-146,Body of pancreas,ROI4,endothelial,10,-4.36
HPAP-146,Body of pancreas,ROI4,endothelial,20,2.21
HPAP-146,Body of pancreas,ROI4,endothelial,30,0.9
HPAP-146,Body of pancreas,ROI4,endothelial,40,0.29
HPAP-146,Body of pancreas,ROI4,endothelial,50,-0.49
HPAP-146,Body of pancreas,ROI4,endothelial,60,-0.96
HPAP-146,Body of pancreas,ROI4,endothelial,70,-1.95
HPAP-146,Body of pancreas,ROI4,endothelial,80,-3.37
HPAP-146,Body of pancreas,ROI4,endothelial,90,-5.94
HPAP-146,Body of pancreas,ROI4,endothelial,100,-5.09
HPAP-146,Body of pancreas,ROI4,endothelial,110,-5.97
HPAP-146,Body of pancreas,ROI4,endothelial,120,-7.66
HPAP-146,Body of pancreas,ROI4,endothelial,130,-7.43
HPAP-146,Body of pancreas,ROI4,endothelial,140,-8.29
HPAP-146,Body of pancreas,ROI4,endothelial,150,-8.73
HPAP-146,Body of pancreas,ROI4,endothelial,160,-11.0
HPAP-146,Body of pancreas,ROI4,endothelial,170,-13.35
HPAP-146,Body of pancreas,ROI4,endothelial,180,-14.36
HPAP-146,Body of pancreas,ROI4,endothelial,190,-16.39
HPAP-146,Body of pancreas,ROI4,endothelial,200,-17.23
HPAP-146,Head of pancreas,ROI3,endothelial,10,23.6
HPAP-146,Head of pancreas,ROI3,endothelial,20,67.68
HPAP-146,Head of pancreas,ROI3,endothelial,30,99.72
HPAP-146,Head of pancreas,ROI3,endothelial,40,123.13
HPAP-146,Head of pancreas,ROI3,endothelial,50,144.0
HPAP-146,Head of pancreas,ROI3,endothelial,60,151.88
HPAP-146,Head of pancreas,ROI3,endothelial,70,159.89
HPAP-146,Head of pancreas,ROI3,endothelial,80,161.3
HPAP-146,Head of pancreas,ROI3,endothelial,90,160.05
HPAP-146,Head of pancreas,ROI3,endothelial,100,156.63
HPAP-146,Head of pancreas,ROI3,endothelial,110,153.66
HPAP-146,Head of pancreas,ROI3,endothelial,120,149.41
HPAP-146,Head of pancreas,ROI3,endothelial,130,145.43
HPAP-146,Head of pancreas,ROI3,endothelial,140,140.07
HPAP-146,Head of pancreas,ROI3,endothelial,150,133.98
HPAP-146,Head of pancreas,ROI3,endothelial,160,128.3
HPAP-146,Head of pancreas,ROI3,endothelial,170,121.36
HPAP-146,Head of pancreas,ROI3,endothelial,180,113.02
HPAP-146,Head of pancreas,ROI3,endothelial,190,104.76
HPAP-146,Head of pancreas,ROI3,endothelial,200,96.12
HPAP-146,Head of pancreas,ROI5,endothelial,10,1.49
HPAP-146,Head of pancreas,ROI5,endothelial,20,7.79
HPAP-146,Head of pancreas,ROI5,endothelial,30,6.2
HPAP-146,Head of pancreas,ROI5,endothelial,40,5.08
HPAP-146,Head of pancreas,ROI5,endothelial,50,5.21
HPAP-146,Head of pancreas,ROI5,endothelial,60,4.3
HPAP-146,Head of pancreas,ROI5,endothelial,70,5.29
HPAP-146,Head of pancreas,ROI5,endothelial,80,4.57
HPAP-146,Head of pancreas,ROI5,endothelial,90,3.64
HPAP-146,Head of pancreas,ROI5,endothelial,100,3.53
HPAP-146,Head of pancreas,ROI5,endothelial,110,3.59
HPAP-146,Head of pancreas,ROI5,endothelial,120,3.74
HPAP-146,Head of pancreas,ROI5,endothelial,130,2.27
HPAP-146,Head of pancreas,ROI5,endothelial,140,-0.08
HPAP-146,Head of pancreas,ROI5,endothelial,150,-1.04
HPAP-146,Head of pancreas,ROI5,endothelial,160,-2.71
HPAP-146,Head of pancreas,ROI5,endothelial,170,-4.9
HPAP-146,Head of pancreas,ROI5,endothelial,180,-7.79
HPAP-146,Head of pancreas,ROI5,endothelial,190,-10.57
HPAP-146,Head of pancreas,ROI5,endothelial,200,-12.43
HPAP-146,Tail of pancreas,ROI1,endothelial,10,4.03
HPAP-146,Tail of pancreas,ROI1,endothelial,20,32.58
HPAP-146,Tail of pancreas,ROI1,endothelial,30,49.42
HPAP-146,Tail of pancreas,ROI1,endothelial,40,63.43
HPAP-146,Tail of pancreas,ROI1,endothelial,50,75.3
HPAP-146,Tail of pancreas,ROI1,endothelial,60,85.58
HPAP-146,Tail of pancreas,ROI1,endothelial,70,94.67
HPAP-146,Tail of pancreas,ROI1,endothelial,80,101.93
HPAP-146,Tail of pancreas,ROI1,endothelial,90,108.08
HPAP-146,Tail of pancreas,ROI1,endothelial,100,113.14
HPAP-146,Tail of pancreas,ROI1,endothelial,110,116.87
HPAP-146,Tail of pancreas,ROI1,endothelial,120,118.81
HPAP-146,Tail of pancreas,ROI1,endothelial,130,119.11
HPAP-146,Tail of pancreas,ROI1,endothelial,140,118.18
HPAP-146,Tail of pancreas,ROI1,endothelial,150,116.21
HPAP-146,Tail of pancreas,ROI1,endothelial,160,113.51
HPAP-146,Tail of pancreas,ROI1,endothelial,170,110.4
HPAP-146,Tail of pancreas,ROI1,endothelial,180,106.28
HPAP-146,Tail of pancreas,ROI1,endothelial,190,101.65
HPAP-146,Tail of pancreas,ROI1,endothelial,200,96.69
HPAP-146,Tail of pancreas,ROI2,endothelial,10,-0.28
HPAP-146,Tail of pancreas,ROI2,endothelial,20,6.94
HPAP-146,Tail of pancreas,ROI2,endothelial,30,7.76
HPAP-146,Tail of pancreas,ROI2,endothelial,40,7.39
HPAP-146,Tail of pancreas,ROI2,endothelial,50,8.46
HPAP-146,Tail of pancreas,ROI2,endothelial,60,8.98
HPAP-146,Tail of pancreas,ROI2,endothelial,70,8.44
HPAP-146,Tail of pancreas,ROI2,endothelial,80,9.01
HPAP-146,Tail of pancreas,ROI2,endothelial,90,8.36
HPAP-146,Tail of pancreas,ROI2,endothelial,100,7.33
HPAP-146,Tail of pancreas,ROI2,endothelial,110,6.6
HPAP-146,Tail of pancreas,ROI2,endothelial,120,4.69
HPAP-146,Tail of pancreas,ROI2,endothelial,130,3.23
HPAP-146,Tail of pancreas,ROI2,endothelial,140,1.8
HPAP-146,Tail of pancreas,ROI2,endothelial,150,0.2
HPAP-146,Tail of pancreas,ROI2,endothelial,160,-1.21
HPAP-146,Tail of pancreas,ROI2,endothelial,170,-2.28
HPAP-146,Tail of pancreas,ROI2,endothelial,180,-4.51
HPAP-146,Tail of pancreas,ROI2,endothelial,190,-6.23
HPAP-146,Tail of pancreas,ROI2,endothelial,200,-8.07
HPAP-146,Tail of pancreas,ROI3,endothelial,10,4.62
HPAP-146,Tail of pancreas,ROI3,endothelial,20,33.99
HPAP-146,Tail of pancreas,ROI3,endothelial,30,50.35
HPAP-146,Tail of pancreas,ROI3,endothelial,40,64.68
HPAP-146,Tail of pancreas,ROI3,endothelial,50,76.51
HPAP-146,Tail of pancreas,ROI3,endothelial,60,86.39
HPAP-146,Tail of pancreas,ROI3,endothelial,70,94.49
HPAP-146,Tail of pancreas,ROI3,endothelial,80,101.85
HPAP-146,Tail of pancreas,ROI3,endothelial,90,107.65
HPAP-146,Tail of pancreas,ROI3,endothelial,100,111.78
HPAP-146,Tail of pancreas,ROI3,endothelial,110,115.03
HPAP-146,Tail of pancreas,ROI3,endothelial,120,117.84
HPAP-146,Tail of pancreas,ROI3,endothelial,130,119.36
HPAP-146,Tail of pancreas,ROI3,endothelial,140,120.46
HPAP-146,Tail of pancreas,ROI3,endothelial,150,120.77
HPAP-146,Tail of pancreas,ROI3,endothelial,160,120.52
HPAP-146,Tail of pancreas,ROI3,endothelial,170,119.86
HPAP-146,Tail of pancreas,ROI3,endothelial,180,118.55
HPAP-146,Tail of pancreas,ROI3,endothelial,190,116.93
HPAP-146,Tail of pancreas,ROI3,endothelial,200,114.93
